Date,Close,High,Low,Open,Volume,Daily_Return,MA_7,MA_30,Volatility_7,Lag_1,Lag_2,Lag_3,RSI,MACD,MACD_Signal,Target
2020-02-03,9293.521484375,9540.3720703125,9248.6337890625,9344.68359375,30934096509,-0.005441113304621492,9366.500558035714,8638.565364583334,70.26191066044615,9344.365234375,9392.875,9350.529296875,65.84180561743406,366.35960161723597,342.0775975622028,9180.962890625
2020-02-04,9180.962890625,9331.265625,9112.8115234375,9292.841796875,29893183716,-0.012111511652417528,9341.125279017857,8697.553548177084,99.56131249051184,9293.521484375,9344.365234375,9392.875,61.95022873536741,344.4614089238239,342.5543598345271,9613.423828125
2020-02-05,9613.423828125,9701.2998046875,9163.7041015625,9183.416015625,35222060874,0.047104093835473426,9383.5244140625,8759.027034505209,141.67886134486128,9180.962890625,9293.521484375,9344.365234375,69.42701043687215,357.8775275096268,345.618993369547,9729.8017578125
2020-02-06,9729.8017578125,9824.619140625,9539.818359375,9617.8212890625,37628823716,0.012105773319493585,9415.06849888393,8811.230680338542,190.4546249851039,9613.423828125,9180.962890625,9293.521484375,71.0742461931835,373.5940646387062,351.21400762337885,9795.943359375
2020-02-07,9795.943359375,9834.716796875,9726.0029296875,9726.0029296875,34522718159,0.006797836503646293,9478.69907924107,8868.433365885418,234.5904873502373,9729.8017578125,9613.423828125,9180.962890625,71.99766942032673,386.92636177743043,358.3564784541892,9865.119140625
2020-02-08,9865.119140625,9876.7490234375,9678.91015625,9793.0703125,35172043762,0.007061676319697785,9546.162527901786,8934.6349609375,270.8910154340458,9795.943359375,9729.8017578125,9613.423828125,72.96959434882368,398.4807724356615,366.3813372504836,10116.673828125
2020-02-09,10116.673828125,10129.435546875,9850.392578125,9863.89453125,35807884663,0.02549940694219166,9656.49232700893,8999.638948567708,326.5588250907262,9865.119140625,9795.943359375,9729.8017578125,76.20407239104546,423.05932255324296,377.7169343110355,9856.611328125
2020-02-10,9856.611328125,10165.765625,9784.5634765625,10115.5595703125,39386548075,-0.025706324471686526,9736.93373325893,9060.274739583334,289.49612564960046,10116.673828125,9865.119140625,9795.943359375,67.24538958689644,416.7491060065822,385.52336865014485,10208.236328125
2020-02-11,10208.236328125,10210.052734375,9729.3349609375,9855.8916015625,37648059389,0.03567402510806805,9883.687081473214,9127.466145833334,210.2041793829884,9856.611328125,10116.673828125,9865.119140625,72.03280943642199,435.1057841423153,395.439851748579,10326.0546875
2020-02-12,10326.0546875,10393.611328125,10202.3876953125,10202.3876953125,43444303830,0.011541499979814906,9985.491489955357,9200.19482421875,229.20612696405024,10208.236328125,9856.611328125,10116.673828125,73.43392629967404,453.9279420148432,407.13746980183186,10214.3798828125
2020-02-13,10214.3798828125,10457.626953125,10116.1611328125,10323.9609375,49356071373,-0.010814856987217514,10054.71693638393,9246.41533203125,211.6129375597311,10326.0546875,10208.236328125,9856.611328125,69.86128822593238,454.5931474724948,416.6286053359645,10312.1162109375
2020-02-14,10312.1162109375,10321.99609375,10125.5341796875,10211.55078125,43338264162,0.009568503349817403,10128.45591517857,9296.585514322916,195.75017049073838,10214.3798828125,10326.0546875,10208.236328125,71.18267931289975,457.73040131427297,424.8489645316262,9889.4248046875
2020-02-15,9889.4248046875,10341.5556640625,9874.427734375,10313.8564453125,43865054831,-0.0409897830477971,10131.928152901786,9335.44013671875,190.44421553724914,10312.1162109375,10214.3798828125,10326.0546875,59.11193740136407,421.25309027789626,424.12978968088026,9934.43359375
2020-02-16,9934.43359375,10053.96875,9722.38671875,9889.1796875,43374780305,0.004551203932625647,10105.893833705357,9368.9533203125,204.79294479530714,9889.4248046875,10312.1162109375,10214.3798828125,59.891858669928105,391.4638401287084,417.5965997704459,9690.142578125
2020-02-17,9690.142578125,9938.8154296875,9507.6376953125,9936.560546875,45998298413,-0.024590331529186438,10082.112583705357,9393.864453125,244.4004246432783,9934.43359375,9889.4248046875,10312.1162109375,53.884134408289206,344.17595525964316,402.91247086828537,10141.99609375
2020-02-18,10141.99609375,10161.935546875,9632.3828125,9691.23046875,47271023953,0.0466302236506857,10072.649693080357,9441.722819010416,239.94493019957014,9690.142578125,9934.43359375,9889.4248046875,61.56402387260953,339.2501041983014,390.17999753428865,9633.38671875
2020-02-19,9633.38671875,10191.67578125,9611.2236328125,10143.798828125,46992019710,-0.05014884351152826,9973.69712611607,9474.247623697916,260.012183377961,10141.99609375,9690.142578125,9934.43359375,51.223446679837856,290.9518934898624,370.33437672540344,9608.4755859375
2020-02-20,9608.4755859375,9643.216796875,9507.900390625,9629.3251953125,44925260237,-0.0025859164113087862,9887.139369419643,9503.000325520834,267.2860142116923,9633.38671875,10141.99609375,9690.142578125,50.77361537957439,247.8085110467564,345.829203589674,9686.44140625
2020-02-21,9686.44140625,9723.0146484375,9589.7431640625,9611.7822265625,40930547513,0.008114275736580634,9797.757254464286,9536.519173177083,196.8083245341946,9608.4755859375,9633.38671875,10141.99609375,52.1887774549676,217.40218270689365,320.143799413118,9663.181640625
2020-02-22,9663.181640625,9698.2314453125,9600.728515625,9687.70703125,35838025154,-0.002401270461409255,9765.436802455357,9578.408040364584,197.81998314360078,9686.44140625,9608.4755859375,9633.38671875,51.71116207492158,189.24656315763605,293.9643521620216,9924.515625
2020-02-23,9924.515625,9937.404296875,9657.791015625,9663.318359375,41185185761,0.02704430011708836,9764.019949776786,9627.7107421875,196.43853084333307,9663.181640625,9686.44140625,9608.4755859375,56.525244952203856,185.8778165303538,272.3470450356881,9650.1748046875
2020-02-24,9650.1748046875,9951.74609375,9537.04296875,9921.5830078125,45080496648,-0.027642741538078885,9758.310267857143,9670.45498046875,199.50072102801312,9924.515625,9663.181640625,9686.44140625,50.79981429078218,159.2354816090592,249.72473235036233,9341.705078125
2020-02-25,9341.705078125,9652.7373046875,9305.021484375,9651.3125,42515259129,-0.031965195740564556,9643.982979910714,9695.284147135417,170.12407035286304,9650.1748046875,9924.515625,9663.181640625,45.24985614171664,111.93993638529355,222.16777315734856,8820.5224609375
2020-02-26,8820.5224609375,9354.7783203125,8704.4267578125,9338.2900390625,50420050762,-0.05579095174048332,9527.85951450893,9692.307584635417,355.2547271370147,9341.705078125,9650.1748046875,9924.515625,37.74634479591618,32.033531931369,184.14092491215268,8784.494140625
2020-02-27,8784.494140625,8932.892578125,8577.19921875,8825.09375,45470195695,-0.0040846016176541156,9410.147879464286,9673.171061197916,448.39276902101574,8820.5224609375,9341.705078125,9650.1748046875,37.286053737870226,-33.810309439866614,140.55067804174882,8672.455078125
2020-02-28,8672.455078125,8890.4560546875,8492.9326171875,8788.728515625,44605450443,-0.012754184897438958,9265.292689732143,9651.698567708334,504.5307764183426,8784.494140625,8820.5224609375,9341.705078125,35.82309889255835,-93.94965100491208,93.65061223241665,8599.5087890625
2020-02-29,8599.5087890625,8775.6318359375,8599.5087890625,8671.212890625,35792392544,-0.008411261679117432,9113.339425223214,9621.382421875,524.5048218881625,8672.455078125,8784.494140625,8820.5224609375,34.863964010987445,-145.81579465197137,45.75733085553905,8562.4541015625
2020-03-01,8562.4541015625,8726.796875,8471.212890625,8599.7587890625,35349164300,-0.0043089307085921735,8918.759207589286,9595.113248697917,414.54180211063493,8599.5087890625,8672.455078125,8784.494140625,34.3606916663157,-187.7458732113264,-0.9433099578340318,8869.669921875
2020-03-02,8869.669921875,8921.30859375,8532.630859375,8563.2646484375,42857674409,0.03587941221856461,8807.258510044643,9577.673079427082,261.8789725571747,8562.4541015625,8599.5087890625,8672.455078125,41.85488113615159,-193.95027532593303,-39.544703031453835,8787.7861328125
2020-03-03,8787.7861328125,8901.5986328125,8704.990234375,8865.3876953125,42386715821,-0.009231886844013548,8728.127232142857,9559.120442708334,117.18738765414867,8869.669921875,8562.4541015625,8599.5087890625,40.52674843113444,-203.13305473893524,-72.26237337295012,8755.24609375
2020-03-04,8755.24609375,8843.3662109375,8712.431640625,8788.5419921875,34746706368,-0.0037028710724991143,8718.802036830357,9541.1779296875,111.04589323695673,8787.7861328125,8869.669921875,8562.4541015625,39.98376834334827,-210.60842001919082,-99.93158270219827,9078.7626953125
2020-03-05,9078.7626953125,9142.0546875,8757.25390625,8760.28515625,39698054597,0.03695117168590434,8760.840401785714,9537.771256510418,176.480781147152,8755.24609375,8787.7861328125,8869.669921875,47.51309732436925,-188.25749958683627,-117.59676607912587,9122.5458984375
2020-03-06,9122.5458984375,9167.6953125,9032.0791015625,9078.30859375,40826885651,0.004822595830994203,8825.139090401786,9521.408658854167,216.39140773574024,9078.7626953125,8755.24609375,8787.7861328125,48.45556182925582,-165.1080329066499,-127.0990194446307,8909.9541015625
2020-03-07,8909.9541015625,9163.220703125,8890.744140625,9121.6005859375,36216930370,-0.02330399860322019,8869.48842075893,9494.080403645834,192.98875596131538,9122.5458984375,9078.7626953125,8755.24609375,44.29639714296639,-162.0483031169697,-134.0888761790985,8108.1162109375
2020-03-08,8108.1162109375,8914.34375,8105.2529296875,8908.2060546875,39973102121,-0.08999349283790192,8804.5830078125,9437.819498697916,336.50075281755926,8909.9541015625,9122.5458984375,9078.7626953125,32.845038541098646,-221.7686507889648,-151.62483110107178,7923.64453125
2020-03-09,7923.64453125,8177.79345703125,7690.09814453125,8111.146484375,46936995808,-0.022751484424786028,8669.4365234375,9373.103678385416,469.6383053858811,8108.1162109375,8909.9541015625,9122.5458984375,30.86795816957246,-280.74650844678035,-177.4491665702135,7909.7294921875
2020-03-10,7909.7294921875,8136.9453125,7814.76318359375,7922.14697265625,42213940994,-0.0017561412564156553,8543.99986049107,9299.5388671875,544.1152567437431,7923.64453125,8108.1162109375,8909.9541015625,30.717753508130585,-324.8648728794342,-206.93230783205763,7911.43017578125
2020-03-11,7911.43017578125,7950.814453125,7642.8125,7910.08984375,38682762605,0.00021501160000858555,8423.45472935268,9234.699495442708,581.6886352375941,7909.7294921875,7923.64453125,8108.1162109375,30.76209835717664,-355.5927121581717,-236.66438869728046,4970.7880859375
2020-03-12,4970.7880859375,7929.1162109375,4860.35400390625,7913.6162109375,53980357243,-0.37169538560117077,7836.601213727678,9060.117887369792,1360.812814024455,7911.43017578125,7909.7294921875,7923.64453125,14.034712582297487,-610.1960268836574,-311.3707163345559,5563.70703125
2020-03-13,5563.70703125,5838.11474609375,4106.98095703125,5017.8310546875,74156772075,0.11928067241286833,7328.195661272322,8901.372965494791,1461.3880320386231,4970.7880859375,7911.43017578125,7909.7294921875,23.112980288540413,-755.4193800837265,-400.18044908439003,5200.3662109375
2020-03-14,5200.3662109375,5625.2265625,5125.0693359375,5573.07763671875,36154506008,-0.06530552710121185,6798.254534040178,8734.239176432291,1464.7960665267124,5563.70703125,4970.7880859375,7911.43017578125,21.607134205671343,-889.5740455493506,-498.0591683773822,5392.31494140625
2020-03-15,5392.31494140625,5836.64501953125,5169.283203125,5201.06689453125,33997889639,0.036910617960911996,6410.282924107143,8570.24580078125,1418.9808451729216,5200.3662109375,5563.70703125,4970.7880859375,24.40901947863793,-969.2312317821825,-592.2935810583423,5014.47998046875
2020-03-16,5014.47998046875,5385.2294921875,4575.35791015625,5385.2294921875,45368026430,-0.07006915676163483,5994.68798828125,8407.747639973959,1324.764650954567,5392.31494140625,5200.3662109375,5563.70703125,22.689892979600614,-1050.7360186572532,-683.9820685781244,5225.62939453125
2020-03-17,5225.62939453125,5371.3486328125,4981.9091796875,5002.578125,38622642935,0.04210793838741411,5611.2451171875,8250.7875,1034.800817685989,5014.47998046875,5392.31494140625,5200.3662109375,25.833565683513285,-1085.775017865988,-764.3406584356972,5238.4384765625
2020-03-18,5238.4384765625,5331.833984375,5069.3359375,5227.11376953125,37878801016,0.0024512036855608432,5229.38916015625,8102.39736328125,205.06587469069297,5225.62939453125,5014.47998046875,5392.31494140625,26.03006863376578,-1099.831913632549,-831.4389094750675,6191.19287109375
2020-03-19,6191.19287109375,6329.73583984375,5236.96875,5245.41650390625,51000731797,0.18187755736638023,5403.732700892857,7970.703922526041,386.81051545211125,5238.4384765625,5225.62939453125,5014.47998046875,38.98034557581046,-1022.3082544712925,-869.6127784743124,6198.7783203125
2020-03-20,6198.7783203125,6844.26171875,5865.78173828125,6191.65380859375,54442976103,0.001225199953657663,5494.457170758928,7856.216975911459,491.02333511143786,6191.19287109375,5238.4384765625,5225.62939453125,39.07180473036829,-949.3150012936412,-885.5532230381782,6185.06640625
2020-03-21,6185.06640625,6378.13525390625,5932.8232421875,6206.521484375,42494390880,-0.00221203491300348,5635.128627232143,7742.103336588541,532.0645177946874,6198.7783203125,6191.19287109375,5238.4384765625,38.9581318088075,-882.4019784011089,-884.9229741107645,5830.2548828125
2020-03-22,5830.2548828125,6359.697265625,5823.7138671875,6185.55810546875,40099664740,-0.05736583896317804,5697.691476004465,7613.563785807291,524.4477898773553,6185.06640625,6198.7783203125,6191.19287109375,36.03653119402327,-848.2254355156365,-877.583466391739,6416.31494140625
2020-03-23,6416.31494140625,6443.9345703125,5785.00439453125,5831.37451171875,46491916000,0.10052048673231173,5897.95361328125,7505.334895833334,486.34353048209175,5830.2548828125,6185.06640625,6198.7783203125,43.56490349210462,-765.0313253270542,-855.0730381788021,6734.8037109375
2020-03-24,6734.8037109375,6789.02294921875,6411.06640625,6436.642578125,48221910672,0.04963733427047878,6113.549944196428,7399.011165364584,472.95277483620094,6416.31494140625,5830.2548828125,6185.06640625,47.201752491949165,-665.7259374351925,-817.2036180300802,6681.06298828125
2020-03-25,6681.06298828125,6892.51123046875,6536.92626953125,6738.716796875,44590107888,-0.007979552925792555,6319.63916015625,7300.040771484375,316.50370804279765,6734.8037109375,6416.31494140625,5830.2548828125,46.655401182322606,-584.6229596983612,-770.6874863637364,6716.4404296875
2020-03-26,6716.4404296875,6735.4638671875,6590.962890625,6675.1708984375,35319797642,0.005295181540467819,6394.674525669643,7212.531949869792,342.19590856034176,6681.06298828125,6734.8037109375,6416.31494140625,47.08957409410173,-511.596238684695,-718.8692368279281,6469.79833984375
2020-03-27,6469.79833984375,6793.83642578125,6466.70166015625,6719.38916015625,34585598367,-0.03672214358569481,6433.391671316965,7134.174479166667,331.50248405952976,6716.4404296875,6681.06298828125,6734.8037109375,44.37774123394402,-468.2265671238056,-668.7407028871037,6242.19384765625
2020-03-28,6242.19384765625,6467.5009765625,6117.837890625,6467.25390625,34885225901,-0.035179534234601295,6441.552734375,7049.431136067708,325.00982843502527,6469.79833984375,6716.4404296875,6681.06298828125,41.97541765619712,-447.0680481309564,-624.4061719358742,5922.04296875
2020-03-29,5922.04296875,6250.46728515625,5920.0859375,6245.62451171875,28373690931,-0.051288198783903005,6454.665318080357,6957.750732421875,296.8698047323639,6242.19384765625,6469.79833984375,6716.4404296875,38.794211651600214,-450.93516976576666,-589.7119715018528,6429.841796875
2020-03-30,6429.841796875,6517.19580078125,5903.234375,5925.53857421875,37101651525,0.08574723804008189,6456.597726004465,6885.428499348958,296.6224879602247,5922.04296875,6242.19384765625,6469.79833984375,45.8094439134826,-408.3179349595257,-553.4331641933874,6438.64453125
2020-03-31,6438.64453125,6504.51513671875,6374.162109375,6430.6064453125,32786468812,0.0013690436954885143,6414.289271763393,6814.634847005208,270.27859461110745,6429.841796875,5922.04296875,6242.19384765625,45.92514980403841,-369.5729552613657,-516.661122406983,6606.7763671875
2020-04-01,6606.7763671875,6612.57373046875,6202.37353515625,6437.3193359375,40346426266,0.026112924097839496,6403.676897321428,6739.205061848958,259.2932126861777,6438.64453125,6429.841796875,5922.04296875,48.200129762736964,-321.5933180981465,-477.6475615452158,6793.62451171875
2020-04-02,6793.62451171875,7088.24755859375,6595.91845703125,6606.7763671875,47660646124,0.028281287899985408,6414.703194754465,6672.7330078125,275.9181282618701,6606.7763671875,6438.64453125,6429.841796875,50.68326342865854,-265.43228807207106,-435.2045068505869,6733.38720703125
2020-04-03,6733.38720703125,7003.220703125,6673.3359375,6797.396484375,38976504903,-0.008866740365705117,6452.358747209822,6605.337711588541,301.49165861169786,6793.62451171875,6606.7763671875,6438.64453125,49.8535484563427,-223.21186676663183,-392.8059788337959,6867.52734375
2020-04-04,6867.52734375,6878.95361328125,6696.48486328125,6738.3828125,33185988584,0.01992164308903499,6541.692103794643,6531.629866536458,320.8623431817229,6733.38720703125,6793.62451171875,6606.7763671875,51.74789116994405,-176.88882644131263,-349.6225483552993,6791.12939453125
2020-04-05,6791.12939453125,6883.4140625,6715.92919921875,6862.53759765625,29510409856,-0.011124520572645125,6665.847307477678,6453.915983072917,177.04433007479676,6867.52734375,6733.38720703125,6793.62451171875,50.576044355512956,-144.67444234700088,-308.63292715363957,7271.78125
2020-04-06,7271.78125,7271.78125,6782.8896484375,6788.0498046875,46896904615,0.0707764242948763,6786.124372209822,6399.310221354167,257.63653481586203,6791.12939453125,6867.52734375,6733.38720703125,57.15047050034821,-79.44394277877109,-262.79513027866585,7176.41455078125
2020-04-07,7176.41455078125,7427.939453125,7136.71435546875,7273.64404296875,44243482668,-0.013114627068677276,6891.520089285715,6368.253499348958,242.2415763247535,7271.78125,6791.12939453125,6867.52734375,55.5709722242403,-35.039681883462436,-217.24404059962518,7334.0986328125
2020-04-08,7334.0986328125,7356.2236328125,7153.3056640625,7179.283203125,37563249549,0.02197254365887824,6995.423270089285,6348.601969401042,255.37931619783808,7176.41455078125,7271.78125,6791.12939453125,57.65488002327228,12.728080995793789,-171.2496162805414,7302.08935546875
2020-04-09,7302.08935546875,7341.4482421875,7179.09423828125,7337.96630859375,34815139178,-0.004364445986660415,7068.061104910715,6328.347298177084,260.6719312850631,7334.0986328125,7176.41455078125,7271.78125,57.069699351115,47.45447046071331,-127.50879893229046,6865.4931640625
2020-04-10,6865.4931640625,7303.8154296875,6802.47509765625,7303.8154296875,43622840992,-0.05979058460566089,7086.933384486607,6293.482731119791,236.02017807178552,7302.08935546875,7334.0986328125,7176.41455078125,49.66521265873014,39.292777758819284,-94.14848359406852,6859.0830078125
2020-04-11,6859.0830078125,6926.06982421875,6789.9208984375,6867.4404296875,31222085946,-0.0009336774645052337,7085.72705078125,6356.425895182291,237.34635152521383,6865.4931640625,7302.08935546875,7334.0986328125,49.56353512501872,31.939156735867073,-68.9309555280814,6971.091796875
2020-04-12,6971.091796875,7119.947265625,6811.078125,6858.06787109375,35759567632,0.016329994685138294,7111.435965401785,6403.338720703125,208.05711068012724,6859.0830078125,6865.4931640625,7302.08935546875,51.43451287539822,34.74896780565268,-48.19497086133458,6845.03759765625
2020-04-13,6845.03759765625,6965.61669921875,6668.259765625,6965.61669921875,38619308647,-0.018082418492216368,7050.472586495535,6458.161100260417,215.62634072947978,6971.091796875,6859.0830078125,6865.4931640625,49.22157418428147,26.498781466174478,-33.25622039583277,6842.427734375
2020-04-14,6842.427734375,6958.55712890625,6793.8212890625,6843.28173828125,34110434052,-0.0003812781513637953,7002.760184151785,6506.498193359375,220.0205602749227,6845.03759765625,6971.091796875,6859.0830078125,49.17440059205828,19.524785622596028,-22.70001919214701,6642.10986328125
2020-04-15,6642.10986328125,6928.66455078125,6633.40283203125,6845.5615234375,32288311031,-0.029275847531044064,6903.904645647322,6560.752522786458,200.96883904154112,6842.427734375,6845.03759765625,6971.091796875,45.56479698962923,-2.1414491070318036,-18.588305175123967,7116.80419921875
2020-04-16,7116.80419921875,7134.45068359375,6555.50439453125,6640.4541015625,46783242377,0.07146740203164859,6877.435337611607,6623.791682942709,143.87589124794445,6642.10986328125,6842.427734375,6845.03759765625,54.15313481877231,18.775339075391457,-11.115576325020882,7096.1845703125
2020-04-17,7096.1845703125,7167.18310546875,7050.33203125,7116.552734375,32513423567,-0.002897315751431484,6910.391252790178,6685.716552734375,165.4829283117003,7116.80419921875,6642.10986328125,6842.427734375,53.756390377871924,33.304301424364894,-2.2316007751437263,7257.6650390625
2020-04-18,7257.6650390625,7269.95654296875,7089.2470703125,7092.29150390625,32447188386,0.02275595669052466,6967.33154296875,6721.265625,207.99790362948912,7096.1845703125,7116.80419921875,6642.10986328125,56.44745791322599,57.18948822000766,9.65261702388655,7189.4248046875
2020-04-19,7189.4248046875,7280.52197265625,7167.0546875,7260.92236328125,31311210215,-0.009402505352301915,6998.52197265625,6754.287174479166,224.38068267580763,7257.6650390625,7096.1845703125,7116.80419921875,54.9910923242887,69.80755617847262,21.683604854803768,6881.95849609375
2020-04-20,6881.95849609375,7240.29052734375,6835.5029296875,7186.87353515625,37747113936,-0.04276646838190479,7003.79638671875,6777.516910807291,220.57311680470252,7189.4248046875,7257.6650390625,7096.1845703125,48.87274083072331,54.37075225607714,28.221034335058444,6880.3232421875
2020-04-21,6880.3232421875,6934.5517578125,6834.4423828125,6879.7841796875,32589741511,-0.00023761461322069355,7009.210030691965,6812.519189453125,216.37761044655292,6881.95849609375,7189.4248046875,7257.6650390625,48.84161618276288,41.52633289123969,30.882094046294696,7117.20751953125
2020-04-22,7117.20751953125,7145.86572265625,6867.78173828125,6879.4404296875,33249153866,0.034429236680519004,7077.081124441965,6835.882275390625,144.6669444679886,6880.3232421875,6881.95849609375,7189.4248046875,53.4649346050606,49.88655827223556,34.68298689148287,7429.724609375
2020-04-23,7429.724609375,7491.78515625,7081.5947265625,7121.30615234375,43500782316,0.043910071328696176,7121.784040178572,6859.046305338542,197.63695631078053,7117.20751953125,6880.3232421875,6881.95849609375,58.76007063078713,80.79822283722206,43.90603408063071,7550.90087890625
2020-04-24,7550.90087890625,7574.19580078125,7434.181640625,7434.181640625,34636526286,0.016309658285092787,7186.743512834822,6888.040901692709,254.39798079862257,7429.724609375,7117.20751953125,6880.3232421875,60.630680374755855,113.76246902211369,57.87732106892731,7569.93603515625
2020-04-25,7569.93603515625,7641.36376953125,7521.67236328125,7550.48291015625,32941541447,0.002520911948821203,7231.353655133928,6916.490755208333,293.3104693311236,7550.90087890625,7429.724609375,7117.20751953125,60.93047713678053,139.8111932379452,74.2640955027309,7679.8671875
2020-04-26,7679.8671875,7700.59423828125,7561.40771484375,7570.13916015625,33070154491,0.014522071498782596,7301.416852678572,6956.826383463542,336.95464264000805,7569.93603515625,7550.90087890625,7429.724609375,62.69716523282723,167.3958845542611,92.89045331303694,7795.60107421875
2020-04-27,7795.60107421875,7795.60107421875,7679.4189453125,7679.4189453125,36162144725,0.015069777105927384,7431.937220982143,7008.606624348959,324.1024409287019,7679.8671875,7569.93603515625,7550.90087890625,64.51634080635009,196.3325096308845,113.57886457660646,7807.05859375
2020-04-28,7807.05859375,7814.52734375,7730.806640625,7796.97021484375,33187959921,0.001469741643032707,7564.327985491072,7071.440478515625,239.44422256217288,7795.60107421875,7679.8671875,7569.93603515625,64.69987785291076,217.68023727881246,134.39913911704767,8801.0380859375
2020-04-29,8801.0380859375,8871.75390625,7786.04931640625,7806.71240234375,60201052203,0.1273180520232342,7804.875209263393,7150.480354817709,459.79988540749804,7807.05859375,7795.60107421875,7679.8671875,76.20073815037414,311.21678980107754,169.76266925385366,8658.5537109375
2020-04-30,8658.5537109375,9440.650390625,8533.255859375,8797.669921875,66964629541,-0.01618949646720247,7980.422223772322,7224.477327473958,522.9415740512856,8801.0380859375,7807.05859375,7795.60107421875,72.55171751912653,369.58750856010556,209.72763711510407,8864.7666015625
2020-05-01,8864.7666015625,9048.0234375,8667.763671875,8672.7822265625,44068389997,0.023816089558295506,8168.117327008928,7299.743668619792,576.1622412723605,8658.5537109375,8801.0380859375,7807.05859375,74.45807367064366,427.55776087347385,253.29366186677805,8988.5966796875
2020-05-02,8988.5966796875,9007.1875,8811.3662109375,8869.0576171875,40134388683,0.013968791699848548,8370.783133370536,7372.909407552083,580.1765645588462,8864.7666015625,8658.5537109375,8801.0380859375,75.55595877619753,477.98177947798195,298.2312853890188,8897.46875
2020-05-03,8897.46875,9167.78125,8830.9716796875,8983.6142578125,47101785174,-0.010138170944239966,8544.72621372768,7445.045458984375,517.6660127368291,8988.5966796875,8864.7666015625,8658.5537109375,73.06690656532832,504.77122667763433,339.53927364674195,8912.654296875
2020-05-04,8912.654296875,8956.90625,8645.0244140625,8895.7451171875,45718796276,0.0017067266322232655,8704.305245535714,7513.216357421875,409.02178679375385,8897.46875,8988.5966796875,8864.7666015625,73.22519718636639,521.2191138163644,375.8752416806664,9003.0703125
2020-05-05,9003.0703125,9062.4150390625,8856.8271484375,8912.83203125,43148462663,0.010144678859214995,8875.1640625,7586.947721354167,118.07680846816892,8912.654296875,8897.46875,8988.5966796875,74.19756214068765,535.3784897291407,407.7758912903613,9268.76171875
2020-05-06,9268.76171875,9411.4677734375,8966.7060546875,9007.44140625,49371886931,0.029511199738283755,8941.981724330357,7653.513736979166,183.4053122026848,9003.0703125,8912.654296875,8897.46875,76.85727271586633,561.5655945499302,438.53383194227507,9951.5185546875
2020-05-07,9951.5185546875,9992.6640625,9138.322265625,9261.8955078125,61112700562,0.07366214135771076,9126.690987723214,7746.017203776041,387.69310037166844,9268.76171875,9003.0703125,8912.654296875,81.99379395076144,630.1478818826017,476.85664193034046,9842.666015625
2020-05-08,9842.666015625,9996.7431640625,9767.1728515625,9936.162109375,51780748042,-0.010938284289408906,9266.390904017857,7829.636116536459,448.93188619933517,9951.5185546875,9268.76171875,9003.0703125,78.98390587317965,668.0158773105322,515.0884890063788,9593.896484375
2020-05-09,9593.896484375,9913.86328125,9580.64453125,9840.90625,46566121841,-0.025274608612654736,9352.8623046875,7906.0296875,444.78237803003685,9842.666015625,9951.5185546875,9268.76171875,72.43925274382835,670.2269552548023,546.1161822560636,8756.4306640625
2020-05-10,8756.4306640625,9595.5810546875,8395.107421875,9591.1689453125,63325279337,-0.0872915214038874,9332.71400669643,7969.0609375,471.25610831416657,9593.896484375,9842.666015625,9951.5185546875,55.70528242740295,597.5149770351582,556.3959412118825,8601.7958984375
2020-05-11,8601.7958984375,9033.470703125,8374.3232421875,8755.53515625,57119858802,-0.017659566044374797,9288.3056640625,8027.1513671875,528.5956760823253,8756.4306640625,9593.896484375,9842.666015625,53.25880516186476,521.4020785848952,549.3971686864851,8804.4775390625
2020-05-12,8804.4775390625,8949.8984375,8569.6435546875,8610.3857421875,42142717533,0.023562712138033515,9259.935267857143,8088.264225260416,551.29795720821,8601.7958984375,8756.4306640625,9593.896484375,55.987250502244024,471.99589781377836,533.9169145119438,9269.9873046875
2020-05-13,9269.9873046875,9317.87890625,8805.3876953125,8805.3876953125,45558144023,0.05287193516704303,9260.1103515625,8169.095882161459,551.3014221459106,8804.4775390625,8601.7958984375,8756.4306640625,61.54017557730815,465.0431631533447,520.142164240224,9733.7216796875
2020-05-14,9733.7216796875,9793.2685546875,9255.03515625,9271.3291015625,56426907637,0.05002535168149658,9228.996512276786,8265.472347005209,510.40595578009044,9269.9873046875,8804.4775390625,8601.7958984375,66.12523326250482,491.28928228658515,514.3715878494963,9328.197265625
2020-05-15,9328.197265625,9755.828125,9261.3984375,9734.291015625,48158802327,-0.04166180495059313,9155.5009765625,8355.00859375,439.41719203023615,9733.7216796875,9269.9873046875,8804.4775390625,59.45061741879891,473.9042168699034,506.2781136535778,9377.013671875
2020-05-16,9377.013671875,9564.205078125,9260.6943359375,9333.240234375,36164766408,0.005233209039209763,9124.51771763393,8430.348909505208,410.016733091063,9328.197265625,9733.7216796875,9269.9873046875,59.97437540504816,458.77700751928387,496.77789242671906,9670.7392578125
2020-05-17,9670.7392578125,9823.001953125,9349.5458984375,9374.9296875,40084250663,0.03132400103227817,9255.133231026786,8516.167399088541,418.753971934199,9377.013671875,9328.197265625,9733.7216796875,63.065649642490364,465.12807818809597,490.44792957899443,9726.5751953125
2020-05-18,9726.5751953125,9906.0302734375,9570.359375,9675.6953125,41827139896,0.005773698991511145,9415.815987723214,8598.464404296876,333.3678027598931,9670.7392578125,9377.013671875,9328.197265625,63.640525058429695,469.2575322370176,486.20985011059906,9729.0380859375
2020-05-19,9729.0380859375,9836.0478515625,9539.6240234375,9727.0634765625,39254288955,0.00025321252090737545,9547.896065848214,8683.118180338543,211.76319566837034,9726.5751953125,9670.7392578125,9377.013671875,63.66738814353841,467.34166520569124,482.4362131296175,9522.9814453125
2020-05-20,9522.9814453125,9804.7939453125,9447.201171875,9725.3291015625,36546239703,-0.02117954918100662,9584.0380859375,8771.152278645834,174.7882746409203,9729.0380859375,9726.5751953125,9670.7392578125,59.69370706847078,444.07723206626906,474.7644169169478,9081.76171875
2020-05-21,9081.76171875,9555.2421875,8869.9306640625,9522.740234375,39326160532,-0.04633209978369557,9490.900948660714,8844.533561197917,242.37035439180323,9522.9814453125,9729.0380859375,9726.5751953125,52.18334495160301,385.5923876635461,456.9300110662675,9182.5771484375
2020-05-22,9182.5771484375,9232.9365234375,9008.638671875,9080.3349609375,29810773699,0.01110086707949609,9470.098074776786,8913.379215494791,263.95141361809164,9081.76171875,9522.9814453125,9729.0380859375,53.619253654827865,343.41896962892133,434.22780277879826,9209.287109375
2020-05-23,9209.287109375,9302.501953125,9118.1083984375,9185.0625,27727866812,0.0029087652089092586,9446.137137276786,8972.697965494792,280.8798261519833,9182.5771484375,9081.76171875,9522.9814453125,54.01326717282152,308.5942205355095,409.10108633014056,8790.3681640625
2020-05-24,8790.3681640625,9288.404296875,8787.2509765625,9212.283203125,32518803300,-0.045488748514099786,9320.369838169643,9014.013541666667,351.71622070533135,9209.287109375,9182.5771484375,9081.76171875,47.235545148896996,244.37509417773072,376.15588789965864,8906.9345703125
2020-05-25,8906.9345703125,8951.005859375,8719.66796875,8786.107421875,31288157264,0.013260696716498988,9203.2783203125,9058.580159505209,329.6914626084439,8790.3681640625,9209.287109375,9182.5771484375,49.1476954820549,200.57480714040867,341.03967174780865,8835.052734375
2020-05-26,8835.052734375,8991.9677734375,8757.2939453125,8909.5859375,29584186947,-0.008070322664891605,9075.566127232143,9097.086344401041,257.2847593169115,8906.9345703125,8790.3681640625,9209.287109375,47.99268464416323,158.23842659888396,304.4794227180237,9181.017578125
2020-05-27,9181.017578125,9203.3203125,8834.1572265625,8837.380859375,32740536902,0.039158209254817056,9026.714146205357,9143.26689453125,178.6087966998158,8835.052734375,8906.9345703125,8790.3681640625,53.639788797854735,150.86394588573603,273.7563273515662,9525.7509765625
2020-05-28,9525.7509765625,9546.3193359375,9148.45703125,9184.9453125,34367073114,0.037548495632866885,9090.141183035714,9200.556640625,261.16827696385934,9181.017578125,8835.052734375,8906.9345703125,58.47790898966588,170.8670717449695,253.17847623024687,9439.1240234375
2020-05-29,9439.1240234375,9573.6669921875,9379.3388671875,9528.35546875,32896642044,-0.009093976247976698,9126.790736607143,9221.826171875,292.43104603475064,9525.7509765625,9181.017578125,8835.052734375,56.87177277129107,177.6814211375895,238.07906521171543,9700.4140625
2020-05-30,9700.4140625,9704.0302734375,9366.7294921875,9438.9140625,32722975141,0.02768159825145977,9196.951729910714,9256.554850260416,365.3481476001109,9439.1240234375,9525.7509765625,9181.017578125,60.404356346040515,201.839089206449,230.83107001066216,9461.05859375
2020-05-31,9461.05859375,9700.34375,9432.296875,9700.10546875,27773290299,-0.024674768232348376,9292.7646484375,9276.43125,326.86823179527715,9700.4140625,9439.1240234375,9525.7509765625,55.88832337831764,199.37199301588043,224.53925461170581,10167.2685546875
2020-06-01,10167.2685546875,10199.5654296875,9450.8994140625,9463.60546875,35198901068,0.07464386293982206,9472.81236049107,9315.7203125,414.3326015598889,9461.05859375,9700.4140625,9439.1240234375,64.35578229144303,251.50287473035678,229.93197863543602,9529.8037109375
2020-06-02,9529.8037109375,10182.3408203125,9460.5712890625,10162.9736328125,39137252109,-0.06269774820259899,9572.0625,9336.79814453125,304.84574521838607,10167.2685546875,9461.05859375,9700.4140625,54.23554639730277,238.62813213081063,231.67120933451096,9656.7177734375
2020-06-03,9656.7177734375,9682.859375,9471.8466796875,9533.7607421875,25007459262,0.013317594606312655,9640.01967075893,9361.600260416666,251.49841459412968,9529.8037109375,10167.2685546875,9461.05859375,55.72823125127901,235.94587289035917,232.52614204568061,9800.63671875
2020-06-04,9800.63671875,9887.6103515625,9525.2470703125,9655.8544921875,25921805072,0.014903505382374727,9679.2890625,9388.185807291668,252.14236091216986,9656.7177734375,9529.8037109375,10167.2685546875,57.42411633433337,242.63625946034153,234.5481655286128,9665.533203125
2020-06-05,9665.533203125,9869.2373046875,9663.216796875,9800.2158203125,23509628646,-0.013785177382049874,9711.633231026786,9401.4115234375,229.72504652794768,9800.63671875,9656.7177734375,9529.8037109375,55.283217128514664,234.33544131619237,234.50562068612874,9653.6796875
2020-06-06,9653.6796875,9773.431640625,9591.0244140625,9664.904296875,20438419222,-0.0012263695520872142,9704.95689174107,9391.483561197916,230.78211619573088,9665.533203125,9800.63671875,9656.7177734375,55.08915837059983,224.2158823634727,232.44767302159755,9758.8525390625
2020-06-07,9758.8525390625,9768.498046875,9458.150390625,9653.0029296875,25015250846,0.010894586827723485,9747.49888392857,9388.689778645834,204.25144808828387,9653.6796875,9665.533203125,9800.63671875,56.54664444589742,222.12214333867996,230.38256708501405,9771.4892578125
2020-06-08,9771.4892578125,9782.306640625,9675.8857421875,9760.0634765625,21486346312,0.0012948980117710729,9690.958984375,9394.609537760416,93.36627169049443,9758.8525390625,9653.6796875,9665.533203125,56.728351594767545,218.9585003752236,228.097753743056,9795.7001953125
2020-06-09,9795.7001953125,9836.369140625,9664.7197265625,9774.3603515625,23717842783,0.0024777121338637187,9728.94419642857,9429.25185546875,67.3339054079926,9771.4892578125,9758.8525390625,9653.6796875,57.09850613444878,215.91596599786862,225.66139619401855,9870.0947265625
2020-06-10,9870.0947265625,9908.896484375,9728.291015625,9794.119140625,25706567601,0.007594610876882513,9759.42661830357,9471.528483072916,76.81763966303649,9795.7001953125,9771.4892578125,9758.8525390625,58.27948834235074,217.00623966520834,223.93036488825652,9321.78125
2020-06-11,9321.78125,9938.2978515625,9263.0693359375,9870.078125,30247143440,-0.05555301055894357,9691.01869419643,9488.771940104167,179.1104808186945,9870.0947265625,9795.7001953125,9771.4892578125,47.82903461023814,171.6473307082524,213.47375805225573,9480.84375
2020-06-12,9480.84375,9540.4658203125,9285.8515625,9320.6904296875,22610564515,0.01706353064227928,9664.634486607143,9495.80048828125,196.2712825303462,9321.78125,9870.0947265625,9795.7001953125,50.59661165575891,146.842375477494,200.1474815373034,9475.27734375
2020-06-13,9475.27734375,9493.2119140625,9396.009765625,9480.7353515625,17564322315,-0.0005871213994007585,9639.1484375,9487.185677083333,209.09481386464478,9480.84375,9321.78125,9870.0947265625,50.495659250288185,125.29083255621481,185.1761517410857,9386.7880859375
2020-06-14,9386.7880859375,9482.2705078125,9347.59375,9477.5537109375,18991732746,-0.009338962291258746,9585.996372767857,9489.138704427083,220.5691608556436,9475.27734375,9480.84375,9321.78125,48.82778762070893,99.91893269203683,168.12470793127594,9450.7021484375
2020-06-15,9450.7021484375,9504.8603515625,8990.17578125,9386.03515625,26699704768,0.006808938469139436,9540.169642857143,9491.594986979168,208.6068154999484,9386.7880859375,9475.27734375,9480.84375,50.10957598164438,84.00054396435371,151.2998751378915,9538.0244140625
2020-06-16,9538.0244140625,9579.4306640625,9400.4453125,9454.2666015625,21565537209,0.009239764861221245,9503.358816964286,9487.171158854168,176.22159406375155,9450.7021484375,9386.7880859375,9475.27734375,51.882926519314815,77.53747946728618,136.54739600377044,9480.2548828125
2020-06-17,9480.2548828125,9540.4228515625,9327.33984375,9533.7841796875,20177709879,-0.006056760681470541,9447.667410714286,9478.960481770833,71.47509654879752,9538.0244140625,9450.7021484375,9386.7880859375,50.60148385249168,66.9818112918947,122.6342790613953,9411.8408203125
2020-06-18,9411.8408203125,9482.7822265625,9328.3955078125,9481.5673828125,17770083003,-0.007216479234543938,9460.53306361607,9468.387239583333,49.8826631677941,9480.2548828125,9538.0244140625,9450.7021484375,49.056229071125955,52.49084336197848,108.60559192151194,9288.0185546875
2020-06-19,9288.0185546875,9440.8759765625,9274.2958984375,9410.2939453125,19632223107,-0.013156009327927487,9432.986607142857,9460.555143229167,80.58821405571099,9411.8408203125,9480.2548828125,9538.0244140625,46.300355926111926,30.66177500963022,93.0168285391356,9332.3408203125
2020-06-20,9332.3408203125,9394.9716796875,9247.3798828125,9290.9599609375,17130541557,0.004771982890003024,9412.567103794643,9468.907779947916,86.01272837313802,9288.0185546875,9411.8408203125,9480.2548828125,47.43861148623039,16.745485951410956,77.76256002159067,9303.6298828125
2020-06-21,9303.6298828125,9401.107421875,9300.4306640625,9330.9267578125,15324301169,-0.0030764990320015784,9400.68736049107,9472.94287109375,95.39741339965633,9332.3408203125,9288.0185546875,9411.8408203125,46.747360800208384,3.361247533131973,62.882297523898934,9648.7177734375
2020-06-22,9648.7177734375,9655.0732421875,9296.8720703125,9300.9150390625,21104009514,0.03709174751916078,9428.975306919643,9487.590559895832,134.17659398537583,9303.6298828125,9332.3408203125,9288.0185546875,55.197647676011265,20.365094776267142,54.37885697437258,9629.658203125
2020-06-23,9629.658203125,9670.541015625,9547.2470703125,9644.076171875,17006433272,-0.0019753474772544743,9442.065848214286,9515.56689453125,150.11247527665518,9648.7177734375,9303.6298828125,9332.3408203125,54.681541407501946,31.934694901645344,49.89002455982714,9313.6103515625
2020-06-24,9313.6103515625,9680.3671875,9278.2333984375,9632.1494140625,18961716076,-0.03282025643027875,9418.259486607143,9529.12275390625,156.13975774277253,9629.658203125,9648.7177734375,9303.6298828125,46.85763959025841,15.423473850711162,42.99671441800395,9264.8134765625
2020-06-25,9264.8134765625,9340.1611328125,9095.32421875,9314.126953125,18616048626,-0.005239308190707503,9397.255580357143,9543.448111979167,166.68036970258277,9313.6103515625,9629.658203125,9648.7177734375,45.76877032599813,-1.5810622872086242,34.081159076961434,9162.91796875
2020-06-26,9162.91796875,9310.5166015625,9101.73828125,9260.9951171875,18341465837,-0.010998117562784016,9379.384068080357,9542.844791666666,185.93893515717878,9264.8134765625,9313.6103515625,9629.658203125,43.49581691256564,-23.01410333430067,22.662106594709016,9045.390625
2020-06-27,9045.390625,9207.810546875,8998.216796875,9167.82421875,17273093144,-0.012826410118569775,9338.391183035714,9526.832779947918,225.4681655779276,9162.91796875,9264.8134765625,9313.6103515625,40.96860843966899,-48.919503618095405,8.34578455214813,9143.58203125
2020-06-28,9143.58203125,9197.546875,8975.525390625,9048.4609375,14560870760,0.010855408054862181,9315.52720424107,9516.981380208334,237.3809487850218,9045.390625,9162.91796875,9264.8134765625,43.90129504206783,-60.8253374886699,-5.488439856015477,9190.8544921875
2020-06-29,9190.8544921875,9237.5732421875,9041.8759765625,9140.029296875,16460547078,0.005170015512075743,9250.1181640625,9499.996061197917,188.27162162075055,9143.58203125,9045.390625,9162.91796875,45.309968155512585,-65.68908124423797,-17.528568133659974,9137.9931640625
2020-06-30,9137.9931640625,9217.8359375,9084.837890625,9185.5810546875,15735797744,-0.005751513982724221,9179.880301339286,9489.227213541666,88.19022423167847,9190.8544921875,9143.58203125,9045.390625,43.98004186771527,-72.9679712593479,-28.61644875879756,9228.3251953125
2020-07-01,9228.3251953125,9309.7548828125,9104.7353515625,9145.9853515625,15971550355,0.00988532488788163,9167.696707589286,9457.9291015625,70.81571815037412,9137.9931640625,9190.8544921875,9143.58203125,46.85094004883389,-70.63328748190543,-37.019816503419136,9123.41015625
2020-07-02,9123.41015625,9274.962890625,9036.623046875,9231.1396484375,16338916796,-0.011368806022981404,9147.49623325893,9444.382649739584,57.39107551767032,9228.3251953125,9137.9931640625,9190.8544921875,44.028714801135585,-76.36847239650888,-44.88954768203708,9087.3037109375
2020-07-03,9087.3037109375,9202.3447265625,9058.794921875,9124.8427734375,13078970999,-0.00395756024273064,9136.69419642857,9425.402180989584,61.006741587191115,9123.41015625,9228.3251953125,9137.9931640625,43.067209317502915,-82.87184114488446,-52.48600637460656,9132.48828125
2020-07-04,9132.48828125,9183.2958984375,9053.6298828125,9084.2333984375,12290528515,0.004972274697731871,9149.13671875,9403.13056640625,46.41940712920329,9087.3037109375,9123.41015625,9228.3251953125,44.69489696819178,-83.41819747671616,-58.67244459502848,9073.9423828125
2020-07-05,9073.9423828125,9162.18359375,8977.015625,9126.0908203125,12903406143,-0.00641072801130238,9139.188197544643,9383.410872395832,54.55744714519584,9132.48828125,9087.3037109375,9123.41015625,42.98027346547315,-87.56594778326325,-64.45114523267544,9375.474609375
2020-07-06,9375.474609375,9375.474609375,9058.6640625,9072.849609375,17889263252,0.0332305643833104,9165.5625,9374.137369791666,105.00136970336916,9073.9423828125,9132.48828125,9087.3037109375,52.98431607781395,-65.76385433430914,-64.71368705300219,9252.27734375
2020-07-07,9252.27734375,9360.6171875,9201.8154296875,9349.1611328125,13839652595,-0.01314037643510968,9181.88881138393,9357.251529947916,108.8158096480925,9375.474609375,9073.9423828125,9132.48828125,49.18719474468497,-57.760698555675845,-63.32308935353692,9428.3330078125
2020-07-08,9428.3330078125,9450.3359375,9249.5,9253.0205078125,19702359883,0.019028359994139876,9210.461356026786,9345.81298828125,143.70627139273057,9252.27734375,9375.474609375,9073.9423828125,54.23470305828655,-36.787851754830626,-58.01604183379567,9277.9677734375
2020-07-09,9277.9677734375,9431.37890625,9234.9990234375,9427.994140625,18000702524,-0.015948231171979632,9232.541015625,9328.555240885416,139.92592091225063,9428.3330078125,9252.27734375,9375.474609375,49.694317644434896,-31.93184686949826,-52.79920284093619,9278.8076171875
2020-07-10,9278.8076171875,9287.4716796875,9118.001953125,9273.357421875,16860035605,9.052022711308894e-05,9259.898716517857,9308.845670572917,124.68840979223776,9277.9677734375,9428.3330078125,9252.27734375,49.719636822407054,-27.696392863957954,-47.77864084554055,9240.3466796875
2020-07-11,9240.3466796875,9293.5322265625,9199.4853515625,9277.51171875,13249910444,-0.004145030168397623,9275.307059151786,9306.131184895834,112.37596213092156,9278.8076171875,9277.9677734375,9428.3330078125,48.51538288387048,-27.130497784244653,-43.649012233281375,9276.5
2020-07-12,9276.5,9319.4189453125,9197.4501953125,9241.0546875,14452361907,0.003912550206798482,9304.243861607143,9299.3197265625,69.95529723254555,9240.3466796875,9278.8076171875,9277.9677734375,49.747524411657345,-23.49392767937934,-39.617995322500974,9243.6142578125
2020-07-13,9243.6142578125,9306.4052734375,9224.29296875,9277.205078125,17519821266,-0.003545059255915528,9285.406668526786,9291.597623697917,65.16736426574096,9276.5,9240.3466796875,9278.8076171875,48.60797085275708,-23.000390048879126,-36.29447426777661,9243.2138671875
2020-07-14,9243.2138671875,9283.841796875,9171.6611328125,9238.703125,18085038362,-4.331537576462985e-05,9284.111886160714,9286.81181640625,66.01976634201415,9243.6142578125,9276.5,9240.3466796875,48.593375947647594,-22.38354255291597,-33.51228792480448,9192.8369140625
2020-07-15,9192.8369140625,9275.3251953125,9171.93359375,9241.8974609375,15844731575,-0.005450155524782674,9250.46958705357,9278.21630859375,30.984985244612307,9243.2138671875,9243.6142578125,9276.5,46.69367802117513,-25.66384869507783,-31.94260007885915,9132.2275390625
2020-07-16,9132.2275390625,9214.3125,9088.947265625,9191.98046875,15713967523,-0.006593108913667822,9229.64955357143,9264.68974609375,51.560855570524595,9192.8369140625,9243.2138671875,9243.6142578125,44.4425557019627,-32.776359505087385,-32.1093519641048,9151.392578125
2020-07-17,9151.392578125,9182.25390625,9089.2021484375,9131.8125,13944570749,0.002098616025556055,9211.44740513393,9253.727669270833,53.75801102524462,9132.2275390625,9192.8369140625,9243.2138671875,45.33991404805033,-36.44648469307322,-32.97677850989849,9159.0400390625
2020-07-18,9159.0400390625,9230.9833984375,9100.82421875,9151.18359375,12252601475,0.0008356608977502233,9199.83217075893,9245.3009765625,55.23662848457867,9151.392578125,9132.2275390625,9192.8369140625,45.716689168188154,-38.2965404813167,-34.04073090418213,9185.8173828125
2020-07-19,9185.8173828125,9201.3984375,9097.6328125,9158.005859375,12939002784,0.002923597193133398,9186.877511160714,9241.894270833332,43.68486877925753,9159.0400390625,9151.392578125,9132.2275390625,47.09189906758826,-37.17350217602325,-34.66728515855036,9164.2314453125
2020-07-20,9164.2314453125,9214.2705078125,9137.509765625,9187.220703125,13755604146,-0.0023499201650132306,9175.537109375,9236.290625,36.156510365142545,9185.8173828125,9159.0400390625,9151.392578125,46.078480365832235,-37.59195433368768,-35.25221899357783,9374.8876953125
2020-07-21,9374.8876953125,9407.2626953125,9149.3896484375,9162.5146484375,18069581956,0.02298678850016933,9194.34765625,9238.665885416667,82.1861862887815,9164.2314453125,9185.8173828125,9159.0400390625,56.02435620067609,-20.686915946289446,-32.339158384120154,9525.36328125
2020-07-22,9525.36328125,9530.5185546875,9319.6533203125,9375.080078125,16532254884,0.016050921443329758,9241.85142299107,9234.554069010417,149.61072932236584,9374.8876953125,9164.2314453125,9185.8173828125,61.48878209813511,4.797271023997382,-24.911872502496646,9581.072265625
2020-07-23,9581.072265625,9610.2470703125,9483.00390625,9527.1416015625,18146399002,0.00584848921034431,9305.972098214286,9232.934537760417,186.4463189867916,9525.36328125,9374.8876953125,9164.2314453125,63.30665501717303,29.152866167109096,-14.098924768575497,9536.892578125
2020-07-24,9536.892578125,9623.3369140625,9481.4541015625,9585.5146484375,16552768325,-0.004611142289210002,9361.043526785714,9240.377278645834,190.07576712073936,9581.072265625,9525.36328125,9374.8876953125,60.85339727838541,44.378353203255756,-2.4034691742092473,9677.11328125
2020-07-25,9677.11328125,9704.556640625,9530.2119140625,9539.4853515625,16610070933,0.014702976045533722,9435.053989955357,9254.12060546875,198.96591982209128,9536.892578125,9581.072265625,9525.36328125,65.43208644930061,66.98711448424547,11.474647557481696,9905.1669921875
2020-07-26,9905.1669921875,10023.8076171875,9652.84765625,9680.234375,20507998997,0.023566295475673238,9537.81821986607,9278.862239583334,231.83635154549268,9677.11328125,9536.892578125,9581.072265625,71.30959701331255,102.12946434346122,29.6056109146776,10990.873046875
2020-07-27,10990.873046875,11298.2216796875,9903.9697265625,9905.2177734375,35359749590,0.1096100707382146,9798.767020089286,9343.711653645832,550.3983226104878,9905.1669921875,9677.11328125,9536.892578125,84.67168730566267,215.107805896625,66.70604991106708,10912.8232421875
2020-07-28,10912.8232421875,11204.3271484375,10632.6318359375,11017.4638671875,28766551142,-0.007101328925793737,10018.472098214286,9402.686360677084,650.7924932649144,10990.873046875,9905.1669921875,9677.11328125,81.72498117191765,294.946034307688,112.35404679039128,11100.4677734375
2020-07-29,11100.4677734375,11304.3974609375,10856.1416015625,10912.953125,24617249715,0.017194865809297744,10243.487025669643,9466.34013671875,720.4537376461034,10912.8232421875,10990.873046875,9905.1669921875,83.23553780764826,369.10493901085647,163.70422523448434,11111.2138671875
2020-07-30,11111.2138671875,11169.3564453125,10895.455078125,11099.8330078125,22857247901,0.0009680757576464583,10462.078683035714,9532.11416015625,718.0995633156417,11100.4677734375,10912.8232421875,10990.873046875,83.32056540384627,423.8575591314493,215.73489201387736,11323.466796875
2020-07-31,11323.466796875,11415.8642578125,10987.0537109375,11110.2109375,23160469766,0.0191025870102548,10717.30357142857,9601.952213541666,648.5938438091068,11111.2138671875,11100.4677734375,10912.8232421875,84.94478582167075,478.85648314252467,268.35921023960685,11759.5927734375
2020-08-01,11759.5927734375,11794.775390625,11239.6826171875,11322.5703125,26075670303,0.03851523428168302,11014.80064174107,9689.824967447918,564.045393902158,11323.466796875,11111.2138671875,11100.4677734375,87.61376861776526,551.2804304765014,324.9434542869858,11053.6142578125
2020-08-02,11053.6142578125,12034.14453125,11018.1298828125,11758.7646484375,27410067336,-0.060034265575901635,11178.864536830357,9755.36865234375,285.9732409280464,11759.5927734375,11323.466796875,11111.2138671875,66.92948323308508,545.4230668224736,369.03937679408335,11246.3486328125
2020-08-03,11246.3486328125,11453.0791015625,11012.4150390625,11043.7685546875,20271713443,0.017436321777176023,11215.361049107143,9825.8306640625,274.03573435401034,11053.6142578125,11759.5927734375,11323.466796875,69.0759164292312,549.9931386967,405.2301291746067,11205.892578125
2020-08-04,11205.892578125,11385.3818359375,11094.1455078125,11246.203125,21250197042,-0.00359726129861071,11257.228097098214,9896.895670572916,240.43851660117443,11246.3486328125,11053.6142578125,11759.5927734375,68.0770981957347,544.0786876407892,432.99984086784326,11747.0224609375
2020-08-05,11747.0224609375,11786.6171875,11158.28515625,11203.8232421875,24411254471,0.04828976175167332,11349.593052455357,9975.947265625,289.387228041102,11205.892578125,11246.3486328125,11053.6142578125,73.5800370163889,576.4115877200238,461.6821902382794,11779.7734375
2020-08-06,11779.7734375,11902.3359375,11598.7138671875,11749.87109375,23400740340,0.002788023660583505,11445.1015625,10060.197135416667,307.3671002214995,11747.0224609375,11205.892578125,11246.3486328125,73.87358530879385,597.7874524341532,488.9032426774542,11601.47265625
2020-08-07,11601.47265625,11898.0380859375,11408.59375,11778.89453125,23132312867,-0.01513618086086388,11484.816685267857,10132.635123697917,306.9916045833893,11779.7734375,11747.0224609375,11205.892578125,69.3556219982733,593.4991080228974,509.8224157465429,11754.0458984375
2020-08-08,11754.0458984375,11800.064453125,11558.431640625,11604.5537109375,17572057837,0.013151196120374076,11484.02427455357,10215.171061197916,306.17019964366676,11601.47265625,11779.7734375,11747.0224609375,70.99056495982934,595.5468562737897,526.9673038519923,11675.7392578125
2020-08-09,11675.7392578125,11806.056640625,11548.7841796875,11737.3251953125,17489608833,-0.006662100973708895,11572.89927455357,10295.068782552084,244.48982249403352,11754.0458984375,11601.47265625,11779.7734375,68.95710458340814,584.1176750954437,538.3973781006825,11878.111328125
2020-08-10,11878.111328125,12045.140625,11662.2568359375,11662.2568359375,26114112569,0.017332698670629254,11663.151088169643,10382.994270833333,219.14720578332833,11675.7392578125,11754.0458984375,11601.47265625,71.24914617180258,584.6502176718604,547.6479460149181,11410.525390625
2020-08-11,11410.525390625,11932.7109375,11195.708984375,11881.6474609375,27039782640,-0.03936534391564839,11692.384347098214,10454.128450520833,151.05479186618643,11878.111328125,11675.7392578125,11754.0458984375,60.190891281314244,541.1044686343321,546.3392505388009,11584.9345703125
2020-08-12,11584.9345703125,11748.396484375,11249.60546875,11404.5966796875,25064548486,0.015284938573538076,11669.228934151786,10532.1724609375,153.6837770015473,11410.525390625,11878.111328125,11675.7392578125,62.52712621456991,514.7339790941405,540.0181962498689,11784.1376953125
2020-08-13,11784.1376953125,11796.396484375,11216.8720703125,11588.4052734375,27522199497,0.017195015111304723,11669.85239955357,10616.869921875,154.21491231827758,11584.9345703125,11410.525390625,11878.111328125,65.04998486342046,504.0982724276764,532.8342114854304,11768.87109375
2020-08-14,11768.87109375,12150.994140625,11685.455078125,11772.6591796875,24237958589,-0.0012955213149429268,11693.76646205357,10702.737727864584,154.82203272216134,11784.1376953125,11584.9345703125,11410.525390625,64.69052738999537,488.80289559936136,524.0279483082167,11865.6982421875
2020-08-15,11865.6982421875,11963.203125,11768.697265625,11768.697265625,23354924400,0.008227394765919493,11709.716796875,10793.85341796875,167.31467618441852,11768.87109375,11784.1376953125,11584.9345703125,65.97475223616168,478.97303789584475,515.0169662257423,11892.8037109375
2020-08-16,11892.8037109375,11934.9013671875,11737.1884765625,11866.685546875,20583375490,0.0022843551383793237,11740.726004464286,10885.2337890625,179.62950456108305,11865.6982421875,11768.87109375,11784.1376953125,66.34378050172663,467.9754598472682,505.60866495004746,12254.40234375
2020-08-17,12254.40234375,12359.056640625,11806.6962890625,11895.658203125,28227687027,0.03040482644811049,11794.481863839286,10988.412532552084,264.0585039083082,11892.8037109375,11865.6982421875,11768.87109375,70.88099587232409,482.8715450780419,501.06124097564634,11991.2333984375
2020-08-18,11991.2333984375,12335.70703125,11954.525390625,12251.8955078125,26043227672,-0.021475461465219614,11877.440150669643,11081.926399739583,208.7564020912791,12254.40234375,11892.8037109375,11865.6982421875,64.1073225795409,468.0459233954243,494.458177459602,11758.283203125
2020-08-19,11758.283203125,12028.923828125,11687.3330078125,11990.884765625,24502851117,-0.019426708460436926,11902.20424107143,11168.394791666668,175.98364264833904,11991.2333984375,12254.40234375,11892.8037109375,58.75488582590686,432.51362959185826,482.06926788605324,11878.3720703125
2020-08-20,11878.3720703125,11900.4111328125,11710.0634765625,11761.5,20175242945,0.01021312934149976,11915.666294642857,11251.844270833333,168.90881653019582,11758.283203125,11991.2333984375,12254.40234375,60.58198856554709,409.3257463066784,467.5205635701783,11592.4892578125
2020-08-21,11592.4892578125,11899.259765625,11564.9794921875,11878.0263671875,23762425999,-0.024067507803910648,11890.46888950893,11320.748470052084,203.9735813615243,11878.3720703125,11758.283203125,11991.2333984375,54.40343569721185,363.68845388886984,446.7541416339167,11681.8251953125
2020-08-22,11681.8251953125,11689.4072265625,11448.8056640625,11585.4775390625,20224191306,0.007706363621583279,11864.20131138393,11390.773567708333,218.98250991651332,11592.4892578125,11878.3720703125,11758.283203125,55.916448673456706,330.914656223762,423.5862445518858,11664.84765625
2020-08-23,11664.84765625,11713.4296875,11559.9208984375,11679.6962890625,18482062658,-0.0014533293195752028,11831.636160714286,11461.705403645834,230.65862119305643,11681.8251953125,11592.4892578125,11878.3720703125,55.53927276580245,300.1117386267524,398.89134336685913,11774.595703125
2020-08-24,11774.595703125,11807.6318359375,11623.25,11663.689453125,20681511755,0.00940844236539995,11763.092354910714,11531.621484375,135.92583288275802,11664.84765625,11681.8251953125,11592.4892578125,57.53342515177891,281.31315178577097,375.3757050506415,11366.134765625
2020-08-25,11366.134765625,11778.2998046875,11189.8505859375,11773.5888671875,26301509932,-0.034690018052305094,11673.792550223214,11580.32041015625,163.58524709290188,11774.595703125,11664.84765625,11681.8251953125,48.766594417820144,230.79528785866933,346.4596216122471,11488.36328125
2020-08-26,11488.36328125,11530.052734375,11296.9931640625,11366.89453125,22466660958,0.010753745063331488,11635.23256138393,11596.90341796875,171.94865153481163,11366.134765625,11774.595703125,11664.84765625,51.164671803479074,198.33604200713853,316.8349056912254,11323.3974609375
2020-08-27,11323.3974609375,11570.7861328125,11185.94140625,11485.6083984375,23240415076,-0.01435938403704018,11555.950474330357,11610.589225260417,169.0772980834749,11488.36328125,11366.134765625,11774.595703125,47.90554069667206,157.48510255998917,284.96494506497817,11542.5
2020-08-28,11542.5,11545.615234375,11316.4228515625,11325.2958984375,19807127588,0.01934954061432026,11548.809151785714,11625.3236328125,168.33084462391264,11323.3974609375,11488.36328125,11366.134765625,52.25557267934117,141.16294397179263,256.2045448463411,11506.865234375
2020-08-29,11506.865234375,11585.640625,11466.29296875,11541.0546875,17485597759,-0.0030872658111327222,11523.814871651786,11638.51201171875,157.95815142369202,11542.5,11323.3974609375,11488.36328125,51.50232307229238,123.9235740995955,229.74835069699196,11711.505859375
2020-08-30,11711.505859375,11715.2646484375,11492.3818359375,11508.7138671875,19760127945,0.017784220187846422,11530.48032924107,11651.446647135417,165.69617168883147,11506.865234375,11542.5,11323.3974609375,55.47189055014456,125.32931908178398,208.86454437395037,11680.8203125
2020-08-31,11680.8203125,11768.876953125,11598.318359375,11713.306640625,22285928250,-0.0026201196706430174,11517.08384486607,11648.8208984375,145.1923219495118,11711.505859375,11506.865234375,11542.5,54.748256089882815,122.55458199139684,191.60255189743967,11970.478515625
2020-09-01,11970.478515625,12067.0810546875,11601.12890625,11679.31640625,27311555343,0.024797762089964426,11603.418666294643,11679.383040364582,206.99841196238668,11680.8203125,11711.505859375,11506.865234375,60.046562511357045,142.09064654888425,181.70017082772858,11414.0341796875
2020-09-02,11414.0341796875,11964.8232421875,11290.7939453125,11964.8232421875,28037405299,-0.04648471948812871,11592.800223214286,11684.97255859375,215.61135488621778,11970.478515625,11680.8203125,11711.505859375,48.33783882079797,111.38869145162971,167.6378749525088,10245.296875
2020-09-03,10245.296875,11443.0224609375,10182.46484375,11407.19140625,31927261555,-0.10239476124641311,11438.785853794643,11652.952701822916,556.1885144066781,11414.0341796875,11970.478515625,11680.8203125,33.543167019981,-7.16753917173628,132.67679212765978,10511.8134765625
2020-09-04,10511.8134765625,10663.919921875,10207.9404296875,10230.365234375,29965130374,0.02601355576262887,11291.544921875,11611.779069010418,652.2826459375543,10245.296875,11414.0341796875,11970.478515625,38.18912265081841,-78.71120988680377,90.39919172476706,10169.5673828125
2020-09-05,10169.5673828125,10581.5712890625,9946.67578125,10512.5302734375,44916565292,-0.03255823502891142,11100.502371651786,11558.105533854166,764.833954786144,10511.8134765625,10245.296875,11414.0341796875,34.8225011345381,-161.16863220046798,40.08562693972005,10280.3515625
2020-09-06,10280.3515625,10353.927734375,10056.8857421875,10167.216796875,37071460174,0.010893696409813414,10896.0517578125,11514.0681640625,765.56597621307,10169.5673828125,10511.8134765625,10245.296875,36.76576081951906,-215.09786176230773,-10.951070800685507,10369.5634765625
2020-09-07,10369.5634765625,10399.1533203125,9916.4931640625,10280.998046875,33703098409,0.00867790498409815,10708.72935267857,11467.91875,699.0765367279844,10280.3515625,10169.5673828125,10511.8134765625,38.35954238345916,-247.78222953640397,-58.3173025478292,10131.5166015625
2020-09-08,10131.5166015625,10414.775390625,9945.1103515625,10369.306640625,33430927462,-0.022956306264775628,10446.0205078125,11416.444661458334,445.40245375773,10369.5634765625,10280.3515625,10169.5673828125,35.76890595211245,-289.5554053760916,-104.56492311348168,10242.34765625
2020-09-09,10242.34765625,10350.54296875,10017.2509765625,10134.1513671875,24128292755,0.010939236349907233,10278.63671875,11361.919205729168,128.19965322409368,10131.5166015625,10369.5634765625,10280.3515625,37.87268113537068,-310.14267661016675,-145.68047381281872,10363.138671875
2020-09-10,10363.138671875,10503.912109375,10238.1357421875,10242.330078125,54406443211,0.011793293850096198,10295.471261160714,11327.006315104167,130.80273231988656,10242.34765625,10131.5166015625,10369.5634765625,40.172597310251284,-313.10216505868266,-179.1648120619915,10400.9150390625
2020-09-11,10400.9150390625,10434.9228515625,10140.8369140625,10369.0283203125,45201121775,0.0036452631180188266,10279.628627232143,11287.538997395834,104.25420973016801,10363.138671875,10242.34765625,10131.5166015625,40.90934442808316,-308.83923737166515,-205.09969712392623,10442.1708984375
2020-09-12,10442.1708984375,10578.837890625,10292.38671875,10409.861328125,36750077324,0.003966560559340859,10318.571986607143,11242.806770833333,107.16347108374416,10400.9150390625,10363.138671875,10242.34765625,41.752955595104424,-298.68873558842824,-223.81750481682664,10323.755859375
2020-09-13,10323.755859375,10577.21484375,10224.330078125,10452.3994140625,36506852789,-0.011340078630605377,10324.77260044643,11194.636263020833,105.83083643434259,10442.1708984375,10400.9150390625,10363.138671875,39.98829064567242,-296.7784169588158,-238.4096872452245,10680.837890625
2020-09-14,10680.837890625,10800.0107421875,10266.0087890625,10328.734375,35453581940,0.0345883839286778,10369.24037388393,11155.14091796875,172.3057281924796,10323.755859375,10442.1708984375,10400.9150390625,47.23098034942505,-263.4144620699881,-243.41064221017723,10796.951171875
2020-09-15,10796.951171875,10938.6318359375,10656.4599609375,10677.7548828125,32509451925,0.010871177190313608,10464.302455357143,11118.6125,200.54173433516848,10680.837890625,10323.755859375,10442.1708984375,49.37073552226831,-225.01013922751736,-239.73054161364527,10974.9052734375
2020-09-16,10974.9052734375,11100.1240234375,10704.884765625,10797.76171875,30769986455,0.01648188444401355,10568.953543526786,11075.96259765625,250.36316171388398,10796.951171875,10680.837890625,10323.755859375,52.54660836041267,-178.16129540318798,-227.41669237155384,10948.990234375
2020-09-17,10948.990234375,11037.4208984375,10774.6279296875,10973.251953125,38151810523,-0.0023612995663134795,10652.64662388393,11041.221158854167,267.43431578626127,10974.9052734375,10796.951171875,10680.837890625,52.03471065868796,-141.49332919363405,-210.23201973596989,10944.5859375
2020-09-18,10944.5859375,11034.908203125,10829.6572265625,10951.8203125,26341903912,-0.00040225598714782596,10730.313895089286,11014.097916666668,261.0111799913665,10948.990234375,10974.9052734375,10796.951171875,51.9420986330099,-111.50374596884467,-190.48636498254484,11094.3466796875
2020-09-19,11094.3466796875,11134.0927734375,10909.6181640625,10933.7529296875,22764204008,0.013683545731443925,10823.481863839286,10987.963736979167,257.38835942947395,10944.5859375,10948.990234375,10974.9052734375,54.88261907028202,-74.79020992342157,-167.3471339707202,10938.271484375
2020-09-20,10938.271484375,11095.8701171875,10814.4775390625,11095.8701171875,24699523788,-0.014067993350005525,10911.269810267857,10966.156477864582,133.5390817305689,11094.3466796875,10944.5859375,10948.990234375,51.3559040613532,-57.624176352381255,-145.4025424470524,10462.259765625
2020-09-21,10462.259765625,10988.3046875,10380.2607421875,10934.92578125,28884999244,-0.04351800185522625,10880.044363839286,10925.504296875,203.58539124238962,10938.271484375,11094.3466796875,10944.5859375,42.40578035248394,-81.49076378131213,-132.62018671390436,10538.4599609375
2020-09-22,10538.4599609375,10568.0771484375,10382.7265625,10459.6240234375,23621787804,0.0072833400259153525,10843.11704799107,10887.958040364583,241.14729535029565,10462.259765625,10938.271484375,11094.3466796875,44.08568560006889,-93.18233933424926,-124.73261723797334,10246.1865234375
2020-09-23,10246.1865234375,10537.828125,10197.865234375,10535.4921875,23788661867,-0.027733979972724532,10739.014369419643,10837.011067708334,319.37659309604635,10538.4599609375,10462.259765625,10938.271484375,39.34527052638556,-124.59575862120255,-124.7052455146192,10760.06640625
2020-09-24,10760.06640625,10771.056640625,10231.490234375,10248.7861328125,47144380902,0.050153282066164984,10712.02525111607,10816.8087890625,306.393778806824,10246.1865234375,10538.4599609375,10462.259765625,49.605535139846346,-106.79425021857242,-121.12304645540985,10692.716796875
2020-09-25,10692.716796875,10777.6962890625,10578.9140625,10761.109375,39348590957,-0.006259218747560857,10676.0439453125,10790.287239583333,288.81616100086075,10760.06640625,10246.1865234375,10538.4599609375,48.448797046810185,-97.00278939493182,-116.29899504331425,10750.7236328125
2020-09-26,10750.7236328125,10772.9990234375,10667.28125,10695.5751953125,46852525493,0.005424892199001441,10626.95493861607,10771.198111979167,228.84507613304953,10692.716796875,10760.06640625,10246.1865234375,49.540185432894006,-83.59864611763624,-109.75892525817866,10775.26953125
2020-09-27,10775.26953125,10803.9765625,10622.921875,10746.892578125,53745972818,0.0022831856976197606,10603.6689453125,10745.623763020832,198.11780062966093,10750.7236328125,10692.716796875,10760.06640625,50.022356050601445,-70.18605596955422,-101.84435140045379,10709.65234375
2020-09-28,10709.65234375,10945.34765625,10703.8935546875,10776.61328125,47762394731,-0.006089609852421796,10639.0107421875,10719.05,190.61156136586658,10775.26953125,10750.7236328125,10692.716796875,48.68312082275425,-64.11219481684566,-94.29792008373218,10844.640625
2020-09-29,10844.640625,10860.0009765625,10649.4951171875,10709.650390625,46582396602,0.012604356977915954,10682.75083705357,10690.1544921875,198.6527211665502,10709.65234375,10775.26953125,10750.7236328125,51.55649021788838,-47.85455244857803,-85.00924655670134,10784.4912109375
2020-09-30,10784.4912109375,10847.2568359375,10669.3212890625,10843.87109375,44171073700,-0.00554646448346463,10759.65150669643,10660.27685546875,50.23964997155561,10844.640625,10709.65234375,10775.26953125,50.20746661098173,-39.36997618841269,-75.88139248304361,10619.4521484375
2020-10-01,10619.4521484375,10933.6240234375,10472.3564453125,10795.2548828125,40023134100,-0.015303370300178809,10739.563755580357,10615.242643229167,73.00136788199323,10784.4912109375,10844.640625,10709.65234375,46.60416229906309,-45.439364717476565,-69.79298692993021,10575.974609375
2020-10-02,10575.974609375,10657.837890625,10416.689453125,10619.8212890625,48661453918,-0.00409414143543152,10722.886300223214,10587.30732421875,95.38955819146904,10619.4521484375,10784.4912109375,10844.640625,45.67419762983841,-53.14504984674204,-66.46339951329259,10549.3291015625
2020-10-03,10549.3291015625,10598.9404296875,10511.1298828125,10575.1005859375,44660271563,-0.0025194375739971964,10694.115652901786,10597.441731770834,114.12561789682397,10575.974609375,10619.4521484375,10784.4912109375,45.080488013813124,-60.70219352170352,-65.31115831497478,10669.5830078125
2020-10-04,10669.5830078125,10686.0,10534.3916015625,10550.4404296875,71251776995,0.011399199427022166,10679.017578125,10602.700716145833,108.44981606896424,10549.3291015625,10575.974609375,10619.4521484375,48.343990049064566,-56.33836549186708,-63.51659975035324,10793.33984375
2020-10-05,10793.33984375,10793.5078125,10634.6005859375,10676.529296875,47537578009,0.01159903211277169,10690.972935267857,10623.493131510417,116.68958339271686,10669.5830078125,10549.3291015625,10575.974609375,51.53577193873056,-42.40503906331469,-59.29428761294553,10604.40625
2020-10-06,10604.40625,10797.578125,10528.890625,10796.306640625,42623695307,-0.017504646058134066,10656.653738839286,10634.294954427083,97.75320511397035,10793.33984375,10669.5830078125,10549.3291015625,46.78321742696488,-46.07699262711685,-56.6508286157798,10668.96875
2020-10-07,10668.96875,10680.5078125,10562.5068359375,10603.35546875,37799458436,0.0060882710901424275,10640.15053013393,10644.275130208332,80.86705510150787,10604.40625,10793.33984375,10669.5830078125,48.52995906056319,-43.278500489044745,-53.97636299043279,10915.685546875
2020-10-08,10915.685546875,10945.7373046875,10562.6064453125,10669.37109375,63314794397,0.023124708925124526,10682.46958705357,10670.414095052083,130.50650558523824,10668.96875,10604.40625,10793.33984375,54.6550438679891,-20.911635382417444,-47.363417468829724,11064.4580078125
2020-10-09,11064.4580078125,11102.671875,10846.8505859375,10927.9130859375,22799117613,0.013629236597062944,10752.2529296875,10697.8177734375,183.79229987471047,10915.685546875,10668.96875,10604.40625,57.90791281289401,8.718459637815613,-36.14704204750066,11296.361328125
2020-10-10,11296.361328125,11442.2109375,11056.9404296875,11059.142578125,22877978588,0.02095930231275278,10858.97181919643,10728.9251953125,250.94191776272444,11064.4580078125,10915.685546875,10668.96875,62.43194228759292,50.332976050245634,-18.8510384279514,11384.181640625
2020-10-11,11384.181640625,11428.8134765625,11288.6279296875,11296.08203125,19968627060,0.0077742124166433335,10961.057338169643,10761.700748697916,301.3464614310279,11296.361328125,11064.4580078125,10915.685546875,64.0095009855581,89.36895570613524,2.792960398865926,11555.36328125
2020-10-12,11555.36328125,11698.4677734375,11240.6865234375,11392.6357421875,26163972642,0.01503679807902314,11069.91782924107,10798.807161458333,362.16347352497706,11384.181640625,11296.361328125,11064.4580078125,66.92500387805771,132.58976630455436,28.752321580003613,11425.8994140625
2020-10-13,11425.8994140625,11548.984375,11321.224609375,11548.7197265625,24241420251,-0.011203790312466544,11187.273995535714,10835.545279947917,316.38290600865736,11555.36328125,11384.181640625,11296.361328125,62.78270253829119,154.61362832192754,53.9245829283884,11429.5068359375
2020-10-14,11429.5068359375,11539.9775390625,11307.8310546875,11429.0478515625,24103426719,0.0003157232305546209,11295.922293526786,10860.500911458334,226.56644062750127,11425.8994140625,11555.36328125,11384.181640625,62.85169875621008,170.39458374639798,77.21858309199033,11495.349609375
2020-10-15,11495.349609375,11569.9140625,11303.603515625,11426.6025390625,24487233058,0.005760771167350187,11378.7314453125,10883.780859375,160.82282879901365,11429.5068359375,11425.8994140625,11555.36328125,64.15778297411687,186.06917651846015,98.98870177728429,11322.123046875
2020-10-16,11322.123046875,11540.0615234375,11223.0126953125,11502.828125,25635480772,-0.01506927308750361,11415.540736607143,10895.35478515625,91.41128974202283,11495.349609375,11429.5068359375,11425.8994140625,58.345696024568376,182.4107507527715,115.67311157238174,11358.1015625
2020-10-17,11358.1015625,11386.26171875,11285.345703125,11322.123046875,19130430174,0.0031777181254826203,11424.360770089286,10908.991829427083,80.2985260713374,11322.123046875,11495.349609375,11429.5068359375,59.172959951211695,180.3357887838938,128.60564701468417,11483.359375
2020-10-18,11483.359375,11483.359375,11347.578125,11355.982421875,18283314340,0.011028058853915557,11438.529017857143,10926.950944010418,80.77583999212459,11358.1015625,11322.123046875,11495.349609375,62.00231596095115,186.64707383638233,140.21393237902382,11742.037109375
2020-10-19,11742.037109375,11799.0927734375,11408.2900390625,11495.0380859375,23860769928,0.02252631185070797,11465.196707589286,10948.540625,137.01409583403807,11483.359375,11358.1015625,11322.123046875,67.07668621208995,210.10004151897192,154.19115420701343,11916.3349609375
2020-10-20,11916.3349609375,11999.91796875,11681.48046875,11745.974609375,30915821592,0.014843919324981414,11535.25892857143,10981.142740885416,216.1240451824728,11742.037109375,11483.359375,11358.1015625,69.98524286574128,239.98467340041316,171.3498580456934,12823.689453125
2020-10-21,12823.689453125,13184.56640625,11900.9287109375,11913.0771484375,43414712626,0.07614375520341321,11734.42787388393,11059.857063802083,524.634705851432,11916.3349609375,11742.037109375,11483.359375,79.92688922855147,333.04524563700943,203.6889355639566,12965.8916015625
2020-10-22,12965.8916015625,13161.59375,12717.09375,12801.6357421875,34729759598,0.011089019970212055,11944.505301339286,11140.771451822917,683.3576741412592,12823.689453125,11916.3349609375,11742.037109375,80.9896312791121,413.50432409503264,245.65201327017184,12931.5390625
2020-10-23,12931.5390625,13015.9619140625,12752.6474609375,12971.548828125,28974975003,-0.0026494544392426933,12174.421875,11230.283203125,709.3084453581497,12965.8916015625,12823.689453125,11916.3349609375,79.88926074097125,469.08939015151736,290.33948864644094,13108.0625
2020-10-24,13108.0625,13145.06640625,12885.7470703125,12931.57421875,24542317940,0.0136506131750318,12424.416294642857,11308.549739583334,681.4856710428946,12931.5390625,12965.8916015625,12823.689453125,81.29557419004472,521.3748370316498,336.5465583234827,13031.173828125
2020-10-25,13031.173828125,13329.18359375,12910.0615234375,13108.0634765625,24406920575,-0.0058657541398662305,12645.532645089286,11386.498307291668,566.6944818281901,13108.0625,12931.5390625,12965.8916015625,78.71361934007327,550.2640556396545,379.2900577867171,13075.248046875
2020-10-26,13075.248046875,13225.2978515625,12822.3828125,13031.201171875,29461458313,0.003382214014740148,12835.99135044643,11463.982454427083,416.5903921037873,13031.173828125,13108.0625,12931.5390625,79.12293478790505,570.1431354676988,417.4606733229135,13654.21875
2020-10-27,13654.21875,13759.6689453125,13060.837890625,13075.2421875,33749878156,0.04427990207523247,13084.260463169643,11559.947428385416,268.80930819949447,13075.248046875,13031.173828125,13108.0625,83.58756892250672,625.4062525569898,459.0497891697288,13271.28515625
2020-10-28,13271.28515625,13837.6953125,12932.2509765625,13654.21484375,35867318895,-0.02804507535445777,13148.202706473214,11645.335188802082,249.0017992717506,13654.21875,13075.248046875,13031.173828125,72.53825982305871,631.0290205465244,493.44563544508793,13437.8828125
2020-10-29,13437.8828125,13612.0478515625,12980.0595703125,13271.298828125,56499499598,0.012553242153156674,13215.63002232143,11731.776595052082,255.23306363657818,13271.28515625,13654.21875,13075.248046875,74.1398610258027,641.532950717281,523.0630984995265,13546.5224609375
2020-10-30,13546.5224609375,13651.5166015625,13136.1982421875,13437.8740234375,30581485201,0.00808458072996765,13303.484793526786,11823.844303385416,246.85232000668597,13437.8828125,13271.28515625,13654.21875,75.15734704939169,651.1180195216657,548.6740827039544,13780.9951171875
2020-10-31,13780.9951171875,14028.2138671875,13457.5302734375,13546.5322265625,30306464719,0.01730869726353168,13399.61802455357,11929.229069010416,285.99284868619054,13546.5224609375,13437.8828125,13271.28515625,77.23886450506606,669.9119118809813,572.9216485393597,13737.109375
2020-11-01,13737.109375,13862.033203125,13628.3779296875,13780.9951171875,24453857900,-0.003184511845067406,13500.46595982143,12034.600227864583,257.4582815420755,13780.9951171875,13546.5224609375,13437.8828125,75.95606010241882,673.5012907129985,593.0375769740875,13550.4892578125
2020-11-02,13550.4892578125,13808.3232421875,13243.16015625,13737.0322265625,30771455468,-0.013585108198026608,13568.35756138393,12134.638899739582,176.6049123136803,13737.109375,13780.9951171875,13546.5224609375,70.58733645464511,653.7511788460524,605.1802973484805,13950.30078125
2020-11-03,13950.30078125,13984.9814453125,13325.44140625,13550.451171875,29869951617,0.02950532012761009,13610.654994419643,12243.996158854166,228.44428201830846,13550.4892578125,13737.109375,13780.9951171875,74.71131501966221,662.7210853345314,616.6884549456908,14133.70703125
2020-11-04,14133.70703125,14218.7666015625,13580.4716796875,13950.48828125,35116364962,0.013147117963686394,13733.858119419643,12355.341731770834,246.73846343375791,13950.30078125,13550.4892578125,13737.109375,76.34951036603402,676.8271108131466,628.7161861191819,15579.8486328125
2020-11-05,15579.8486328125,15706.404296875,14102.0888671875,14133.7333984375,40856321439,0.10231863433740651,14039.853236607143,12521.189811197917,710.6250449496375,14133.70703125,13950.30078125,13550.4892578125,84.74234422390482,795.5274339103416,662.0784356774138,15565.880859375
2020-11-06,15565.880859375,15903.4375,15226.83984375,15579.7294921875,39837841971,-0.0008965281862933772,14328.3330078125,12684.42021484375,869.1728567554821,15579.8486328125,14133.70703125,13950.30078125,84.43069224752026,878.3461845081729,705.3319854435657,14833.75390625
2020-11-07,14833.75390625,15737.095703125,14423.203125,15565.880859375,35024953706,-0.0470340843373509,14478.727120535714,12815.022493489583,849.5402210994149,15565.880859375,15579.8486328125,14133.70703125,69.91649676321282,874.8197371830192,739.2295357914566,15479.5673828125
2020-11-08,15479.5673828125,15637.3203125,14744.1103515625,14833.75390625,26632075029,0.04353675277640923,14727.649693080357,12962.192805989584,851.2988844347375,14833.75390625,15565.880859375,15579.8486328125,74.13961294917007,913.6052795778924,774.1046845487438,15332.3154296875
2020-11-09,15332.3154296875,15785.13671875,14865.529296875,15479.595703125,34149115566,-0.009512665921690977,14982.1962890625,13096.724609375,692.1722954851356,15479.5673828125,14833.75390625,15565.880859375,71.66916554065105,921.8347620644399,803.650700051883,15290.90234375
2020-11-10,15290.90234375,15450.3291015625,15124.9599609375,15332.3505859375,25574938143,-0.0027010327388199418,15173.71079799107,13226.9486328125,524.1439622643495,15332.3154296875,15479.5673828125,14833.75390625,70.95309165568624,914.4735148544496,825.8152630123964,15701.33984375
2020-11-11,15701.33984375,15916.2607421875,15290.0068359375,15290.9091796875,29772374934,0.02684194109497806,15397.65834263393,13365.1478515625,286.9606288038365,15290.90234375,15332.3154296875,15479.5673828125,73.7521581261526,931.0262583240619,846.8574620747296,16276.34375
2020-11-12,16276.34375,16305.00390625,15534.771484375,15701.298828125,34175758344,0.03662132734990031,15497.157645089286,13526.829329427082,440.3923212810705,15701.33984375,15290.90234375,15332.3154296875,77.08384041643211,979.2542036113773,873.3368103820592,16317.80859375
2020-11-13,16317.80859375,16463.177734375,15992.15234375,16276.4404296875,31599492172,0.002547552717421464,15604.575892857143,13689.772721354168,540.3157594625173,16276.34375,15701.33984375,15290.90234375,77.30752995396878,1009.1877755901969,900.5070034236868,16068.138671875
2020-11-14,16068.138671875,16317.80859375,15749.193359375,16317.80859375,27481710135,-0.015300456580341737,15780.916573660714,13842.1990234375,438.69092853079485,16317.80859375,16276.34375,15701.33984375,72.70557440765486,1001.2226000326882,920.6501227454871,15955.587890625
2020-11-15,15955.587890625,16123.1103515625,15793.5341796875,16068.1396484375,23653867583,-0.007004593596581565,15848.919503348214,13996.6478515625,420.7188946065722,16068.138671875,16317.80859375,16276.34375,70.66344892693861,974.5937238120478,931.4388429587993,16716.111328125
2020-11-16,16716.111328125,16816.181640625,15880.7060546875,15955.5771484375,31526766675,0.04766502135260464,16046.60463169643,14175.248177083333,460.7263019625237,15955.587890625,16068.138671875,16317.80859375,75.64202042317316,1003.2926992937446,945.8096142257884,17645.40625
2020-11-17,17645.40625,17782.919921875,16564.544921875,16685.69140625,39006849170,0.05559276937282975,16382.962332589286,14380.649739583334,641.1886745144478,16716.111328125,15955.587890625,16068.138671875,80.08857544507849,1088.4759051991332,974.3428724204575,17804.005859375
2020-11-18,17804.005859375,18393.94921875,17352.90625,17645.19140625,49064800278,0.008988152900985202,16683.343191964286,14582.715364583333,751.652885416497,17645.40625,16716.111328125,15955.587890625,80.73495220349989,1155.4624210557868,1010.5667821475234,17817.08984375
2020-11-19,17817.08984375,18119.546875,17382.5546875,17803.861328125,36985055355,0.0007348899162549216,16903.449776785714,14779.407194010417,833.7162711651875,17804.005859375,17645.40625,16716.111328125,80.79035419086169,1195.8208077761756,1047.617587273254,18621.314453125
2020-11-20,18621.314453125,18773.2265625,17765.794921875,17817.083984375,36992873940,0.045137820846602006,17232.522042410714,14972.661360677082,1001.7119083312123,17817.08984375,17804.005859375,17645.40625,83.86233188317631,1277.967708572478,1093.6876115330988,18642.232421875
2020-11-21,18642.232421875,18936.62109375,18444.359375,18621.31640625,39650210707,0.0011233347035009,17600.24972098214,15161.872721354166,975.1486796921358,18621.314453125,17817.08984375,17804.005859375,83.9342975335816,1329.4327513351382,1140.8366394935067,18370.001953125
2020-11-22,18370.001953125,18688.96875,17671.384765625,18642.232421875,41280434226,-0.014602889964538845,17945.166015625,15343.154817708333,678.2729164965007,18642.232421875,18621.314453125,17817.08984375,78.99691783809021,1332.887744581265,1179.2468605110585,18364.12109375
2020-11-23,18364.12109375,18711.42578125,18000.796875,18370.017578125,42741112308,-0.000320133845930215,18180.59598214286,15518.356770833334,415.78879738693263,18370.001953125,18642.232421875,18621.314453125,78.88895804747125,1319.9359158116367,1207.3846715711743,19107.46484375
2020-11-24,19107.46484375,19348.271484375,18128.65625,18365.015625,51469565009,0.040478046632625775,18389.461495535714,15720.8998046875,466.2914257962465,18364.12109375,18370.001953125,18642.232421875,82.20026220520923,1354.0445438033894,1236.7166460176174,18732.12109375
2020-11-25,18732.12109375,19390.96484375,18581.146484375,19104.41015625,43710357371,-0.01964382784787766,18522.049386160714,15909.462239583334,399.2005802809536,19107.46484375,18364.12109375,18370.001953125,75.74015434472494,1335.3951692236697,1256.452350658828,17150.623046875
2020-11-26,17150.623046875,18866.28515625,16351.03515625,18729.83984375,61396835737,-0.08442706722639481,18426.83984375,16026.009049479168,615.9754958151315,18732.12109375,19107.46484375,18364.12109375,55.830550080681896,1179.4062689421407,1241.0431343154905,17108.40234375
2020-11-27,17108.40234375,17445.0234375,16526.423828125,17153.9140625,38886494645,-0.0024617591448197196,18210.709542410714,16153.912955729167,779.9600188774417,17150.623046875,18732.12109375,19107.46484375,55.41177580565627,1040.3841825014279,1200.9113439526782,17717.4140625
2020-11-28,17717.4140625,17853.939453125,16910.65234375,17112.93359375,32601040734,0.03559722915754793,18078.592633928572,16296.563997395833,772.9780159373698,17108.40234375,17150.623046875,18732.12109375,60.06492967081922,968.1896458170922,1154.367004325561,18177.484375
2020-11-29,18177.484375,18283.62890625,17559.1171875,17719.634765625,31133957704,0.02596712538731971,18051.09012276786,16450.92939453125,764.2573243604356,17717.4140625,17108.40234375,17150.623046875,63.19010946105256,937.294240057945,1110.9524514720379,19625.8359375
2020-11-30,19625.8359375,19749.263671875,18178.322265625,18178.322265625,47728480399,0.07967832801396635,18231.335100446428,16645.757421875,971.1637156358141,18177.484375,17717.4140625,17108.40234375,70.90842112571397,1017.9450383656476,1092.35096885076,18802.998046875
2020-12-01,18802.998046875,19845.974609375,18321.921875,19633.76953125,49633658712,-0.04192625951044282,18187.83984375,16814.620377604166,931.388400108315,19625.8359375,18177.484375,17717.4140625,62.84608357035005,1003.892982649566,1074.6593716105212,19201.091796875
2020-12-02,19201.091796875,19308.330078125,18347.71875,18801.744140625,37387697139,0.021171823185194727,18254.83565848214,17002.973795572918,991.9613969477053,18802.998046875,19625.8359375,18177.484375,64.92400409654007,1013.1999277990762,1062.3674828482322,19445.3984375
2020-12-03,19445.3984375,19566.19140625,18925.78515625,19205.92578125,31930317405,0.012723580680175761,18582.660714285714,17186.143717447918,944.2628383090517,19201.091796875,18802.998046875,19625.8359375,66.17428032682771,1028.434104843007,1055.5808072471873,18699.765625
2020-12-04,18699.765625,19511.404296875,18697.193359375,19446.966796875,33872388058,-0.038344949058079725,18809.99832589286,17338.345670572915,686.5727609327471,19445.3984375,19201.091796875,18802.998046875,59.23450872048756,969.168986659839,1038.2984431297177,19154.23046875
2020-12-05,19154.23046875,19160.44921875,18590.193359375,18698.384765625,27242455064,0.024303237423597412,19015.2578125,17457.491731770835,492.9719623527626,18699.765625,19445.3984375,19201.091796875,61.859920953575624,947.9451467110957,1020.2277838459934,19345.12109375
2020-12-06,19345.12109375,19390.5,18897.89453125,19154.1796875,25293775714,0.009965977245154134,19182.063058035714,17583.46640625,334.24184262408016,19154.23046875,18699.765625,19445.3984375,62.939574016632925,935.7417305494164,1003.3305731866781,19191.630859375
2020-12-07,19191.630859375,19411.828125,18931.142578125,19343.12890625,26896357742,-0.007934312410408761,19120.033761160714,17728.728971354165,272.80316308748996,19345.12109375,19154.23046875,18699.765625,61.43369493012059,903.2726908652039,983.3189967223833,18321.14453125
2020-12-08,18321.14453125,19283.478515625,18269.9453125,19191.529296875,31692288756,-0.0453576006387062,19051.19754464286,17823.448209635415,398.1358183975386,19191.630859375,19345.12109375,19154.23046875,53.60109643668783,798.0997738734077,946.2751521525882,18553.916015625
2020-12-09,18553.916015625,18626.29296875,17935.546875,18320.884765625,34420373071,0.012705073309037251,18958.74386160714,17930.834895833334,431.2886943120768,18321.14453125,19191.630859375,19345.12109375,55.24433182149395,725.1728516348412,902.0546920490389,18264.9921875
2020-12-10,18264.9921875,18553.298828125,17957.064453125,18553.298828125,25547132265,-0.015572121156616547,18790.114397321428,18029.971223958335,439.9748217342481,18553.916015625,18321.14453125,19191.630859375,52.747264397561686,636.7242413509484,848.9886019094208,18058.904296875
2020-12-11,18058.904296875,18268.453125,17619.533203125,18263.9296875,27919640985,-0.011283218109780502,18698.56277901786,18108.556705729166,521.1046729780518,18264.9921875,18553.916015625,18321.14453125,50.97726597053569,543.7307207498816,787.937025677513,18803.65625
2020-12-12,18803.65625,18919.55078125,18046.041015625,18051.3203125,21752580802,0.041240151721379625,18648.48074776786,18192.800455729168,485.6532724752887,18058.904296875,18264.9921875,18553.916015625,56.63976830079119,524.0866000638634,735.1669405547832,19142.3828125
2020-12-13,19142.3828125,19381.53515625,18734.33203125,18806.765625,25450468637,0.018013866983980886,18619.518136160714,18286.9529296875,441.1942607277347,18803.65625,18058.904296875,18264.9921875,58.961563754076856,529.744332716542,694.082418987135,19246.64453125
2020-12-14,19246.64453125,19305.099609375,19012.708984375,19144.4921875,22473997681,0.005446642655266398,18627.37723214286,18392.903125,453.4049778841898,19142.3828125,18803.65625,18058.904296875,59.67728261592734,536.4572309319847,662.557381376105,19417.076171875
2020-12-15,19417.076171875,19525.0078125,19079.841796875,19246.919921875,26741982541,0.008855135259981495,18783.938895089286,18508.286067708334,515.0601117033234,19246.64453125,19142.3828125,18803.65625,60.87838079460138,549.1988378351707,639.8856726679182,21310.59765625
2020-12-16,21310.59765625,21458.908203125,19298.31640625,19418.818359375,44409011479,0.09751836309514528,19177.750558035714,18661.435611979166,1067.4894301718507,19417.076171875,19246.64453125,19142.3828125,71.15768167094956,703.9730489734502,652.7031479290247,22805.162109375
2020-12-17,22805.162109375,23642.66015625,21234.67578125,21308.3515625,71378606374,0.07013245133867341,19826.346261160714,18833.427473958334,1644.0526207207631,21310.59765625,19417.076171875,19246.64453125,76.42339407883875,936.4369251974786,709.4499033827154,23137.9609375
2020-12-18,23137.9609375,23238.6015625,22399.8125,22806.796875,40387896275,0.014593135822884129,20551.92578125,19011.2259765625,1842.7848176880468,22805.162109375,21310.59765625,19417.076171875,77.41229089630161,1134.4431515459546,794.4485530153634,23869.83203125
2020-12-19,23869.83203125,24085.85546875,22826.47265625,23132.865234375,38487546580,0.03163075154837203,21275.665178571428,19212.984049479168,2027.3381492758347,23137.9609375,22805.162109375,21310.59765625,79.45331847779325,1335.030987057773,902.5650398238454,23477.294921875
2020-12-20,23477.294921875,24209.66015625,23147.7109375,23861.765625,37844228422,-0.01644490454985592,21894.938337053572,19374.850065104165,1926.6717843882757,23869.83203125,23137.9609375,22805.162109375,75.51215576348028,1445.6591686960055,1011.1838655982774,22803.08203125
2020-12-21,22803.08203125,24059.982421875,22159.3671875,23474.455078125,45852713981,-0.028717656479103182,22403.000837053572,19513.545052083333,1542.5496938864335,23477.294921875,23869.83203125,23137.9609375,69.16606327329677,1462.075557124008,1101.3622039034235,23783.029296875
2020-12-22,23783.029296875,23789.90234375,22430.60546875,22794.0390625,44171632681,0.042974334095805755,23026.708426339286,19693.979296875,870.0969001517273,22803.08203125,23477.294921875,23869.83203125,72.75062753608496,1536.4480016445377,1188.3793634516464,23241.345703125
2020-12-23,23241.345703125,24024.490234375,22802.646484375,23781.974609375,51146161904,-0.022776055438033516,23302.52957589286,19856.553450520834,430.2912838035822,23783.029296875,22803.08203125,23477.294921875,68.04181963758542,1533.996405096299,1257.502771780577,23735.94921875
2020-12-24,23735.94921875,23768.337890625,22777.59765625,23240.203125,41080759713,0.021281190940612982,23435.499162946428,20010.836263020832,393.1953174525424,23241.345703125,23783.029296875,22803.08203125,69.95411689817455,1554.0497491599672,1316.812167256455,24664.791015625
2020-12-25,24664.791015625,24710.1015625,23463.673828125,23733.5703125,42068395846,0.03913227940938091,23653.617745535714,20208.591927083333,579.8296872019683,23735.94921875,23241.345703125,23783.029296875,73.19763090240906,1626.1467318761206,1378.6790801803882,26437.037109375
2020-12-26,26437.037109375,26718.0703125,24522.689453125,24677.015625,48332647295,0.07185327832809496,24020.361328125,20518.1390625,1209.433996202351,24664.791015625,23735.94921875,23241.345703125,78.06354292076918,1805.477141974232,1464.0386925391572,26272.294921875
2020-12-27,26272.294921875,28288.83984375,25922.76953125,26439.373046875,66479895605,-0.0062314920850786715,24419.647042410714,20823.6021484375,1439.7143098924057,26437.037109375,24664.791015625,23735.94921875,76.670120802371,1912.2611105186297,1553.6831761350518,27084.80859375
2020-12-28,27084.80859375,27389.111328125,26207.640625,26280.822265625,49056742893,0.03092663485588698,25031.322265625,21135.8486328125,1544.2064506417832,26272.294921875,26437.037109375,24664.791015625,78.69043773256116,2038.9475199777044,1650.7360449035823,27362.4375
2020-12-29,27362.4375,27370.720703125,25987.298828125,27081.810546875,45265946774,0.010250355112868093,25542.66629464286,21442.013736979166,1650.9086014091904,27084.80859375,26272.294921875,26437.037109375,79.34851514490644,2137.1144199672635,1748.0117199163187,28840.953125
2020-12-30,28840.953125,28937.740234375,27360.08984375,27360.08984375,51287442704,0.054034499850387885,26342.610212053572,21749.184309895834,1705.6886641758233,27362.4375,27084.80859375,26272.294921875,82.45580532929489,2307.6154949452102,1859.9324749220973,29001.720703125
2020-12-31,29001.720703125,29244.876953125,28201.9921875,28841.57421875,46754964848,0.005574281038085438,27094.86328125,22089.141731770833,1514.9937966591892,28840.953125,27362.4375,27084.80859375,82.75956903487199,2427.7261098359595,1973.49120190487,29374.15234375
2021-01-01,29374.15234375,29600.626953125,28803.5859375,28994.009765625,40730301359,0.012841708408869223,27767.62918526786,22428.24375,1284.0591177008682,29001.720703125,28840.953125,27362.4375,83.47343680884146,2523.873120072749,2083.567585538446,32127.267578125
2021-01-02,32127.267578125,33155.1171875,29091.181640625,29376.455078125,67865420765,0.09372577639540935,28580.51925223214,22850.972721354166,1936.6331060100583,29374.15234375,29001.720703125,28840.953125,87.5705933610295,2790.0616155067255,2224.866391532102,32782.0234375
2021-01-03,32782.0234375,34608.55859375,32052.31640625,32129.408203125,78665235202,0.020380066800975483,29510.48046875,23320.381315104165,2189.9097977520996,32127.267578125,29374.15234375,29001.720703125,88.31268003274072,3019.0495181985098,2383.7030168653837,31971.9140625
2021-01-04,31971.9140625,33440.21875,28722.755859375,32810.94921875,81163475344,-0.024712000360334718,30208.63839285714,23747.637434895834,2063.04909523354,32782.0234375,32127.267578125,29374.15234375,81.80490505548616,3099.4267622653097,2526.847765945369,33992.4296875
2021-01-05,33992.4296875,34437.58984375,30221.1875,31977.041015625,67547324782,0.06319658000613337,31155.780133928572,24235.8810546875,2060.489590332798,31971.9140625,32782.0234375,32127.267578125,84.81122645829888,3288.2600174485233,2679.1302162459997,36824.36328125
2021-01-06,36824.36328125,36879.69921875,33514.03515625,34013.61328125,75289433811,0.08331071417326141,32296.26729910714,24823.638802083333,2681.515060262593,33992.4296875,31971.9140625,32782.0234375,87.84309094381925,3624.6424839174433,2868.2326697802887,39371.04296875
2021-01-07,39371.04296875,40180.3671875,36491.19140625,36833.875,84762141031,0.0691574669750421,33777.59905133928,25525.302083333332,3341.1860491938382,36824.36328125,33992.4296875,31971.9140625,89.81247990632723,4050.037468513692,3104.5936295269694,40797.609375
2021-01-08,40797.609375,41946.73828125,36838.63671875,39381.765625,88107519480,0.0362338992996023,35409.521484375,26266.758528645834,3610.843658056761,39371.04296875,36824.36328125,33992.4296875,90.71943369894221,4450.970033370999,3373.8689102957755,40254.546875
2021-01-09,40254.546875,41436.3515625,38980.875,40788.640625,61984162837,-0.013311135341493308,36570.56138392857,26999.743684895835,3685.4248133648493,40797.609375,39371.04296875,36824.36328125,87.52501824619438,4671.046458448709,3633.3044199263622,38356.44140625
2021-01-10,38356.44140625,41420.19140625,35984.62890625,40254.21875,79980747690,-0.047152573214749416,37366.90680803572,27676.328255208333,3313.893022084313,40254.546875,40797.609375,39371.04296875,77.28206907294567,4638.823888470284,3834.4083136351464,35566.65625
2021-01-11,35566.65625,38346.53125,30549.599609375,38346.53125,123320567399,-0.07273315912449108,37880.44140625,28235.094921875,2522.573178102655,38356.44140625,40254.546875,40797.609375,65.2038911341549,4338.167231282401,3935.1600971645976,33922.9609375
2021-01-12,33922.9609375,36568.52734375,32697.9765625,35516.359375,74773277909,-0.046214502171538774,37870.517299107145,28727.780859375,2540.4914141880736,35566.65625,38356.44140625,40254.546875,59.32130099665154,3922.0512244396705,3932.5383226196127,37316.359375
2021-01-13,37316.359375,37599.9609375,32584.66796875,33915.12109375,69364315979,0.10003249550509552,37940.802455357145,29330.1046875,2513.385913690546,33922.9609375,35566.65625,38356.44140625,66.11753465733915,3822.037120366993,3910.438082169089,39187.328125
2021-01-14,39187.328125,39966.40625,36868.5625,37325.109375,63615990033,0.050138030111625875,37914.55747767857,29989.1130859375,2496.867011335848,37316.359375,33922.9609375,35566.65625,69.17537887186302,3849.3735816164153,3898.2251820585543,36825.3671875
2021-01-15,36825.3671875,39577.7109375,34659.58984375,39156.70703125,67760757881,-0.06027358971670127,37347.09430803572,30506.2720703125,2161.261797231971,39187.328125,37316.359375,33922.9609375,61.61540148501253,3638.5049954828683,3846.281144743417,36178.140625
2021-01-16,36178.140625,37864.3671875,35633.5546875,36821.6484375,57706187875,-0.017575563040677422,36764.75055803572,30952.038020833334,1759.0536242931657,36825.3671875,39187.328125,37316.359375,59.690354159067425,3380.1995113841294,3753.06481807156,35791.27734375
2021-01-17,35791.27734375,36722.3515625,34069.3203125,36163.6484375,52359854336,-0.010693288117263444,36398.298549107145,31373.815234375,1635.0218519203245,36178.140625,36825.3671875,39187.328125,58.51357591768084,3108.441739168491,3624.140202290946,36630.07421875
2021-01-18,36630.07421875,37299.28515625,34883.84375,35792.23828125,49511702429,0.023435790428599335,36550.21540178572,31799.156640625,1593.7544077858838,35791.27734375,36178.140625,36825.3671875,60.33929871823841,2927.0148394078715,3484.715129714331,36069.8046875
2021-01-19,36069.8046875,37755.890625,36069.8046875,36642.234375,57244195486,-0.015295342507474663,36856.90736607143,32218.906966145834,1148.2034794706326,36630.07421875,35791.27734375,36178.140625,58.487818217084914,2706.8210967674167,3329.1363231249484,35547.75
2021-01-20,35547.75,36378.328125,33570.4765625,36050.11328125,66834573161,-0.014473454791977813,36604.24888392857,32643.729231770834,1222.4408698753982,36069.8046875,36630.07421875,35791.27734375,56.74071967230574,2461.812279493359,3155.6715143986307,30825.69921875
2021-01-21,30825.69921875,35552.6796875,30250.75,35549.3984375,75643067688,-0.1328368400602007,35409.73046875,32878.48489583333,2069.5163782844984,35547.75,36069.8046875,36630.07421875,43.95193402998014,1865.1111520194536,2897.5594419227955,33005.76171875
2021-01-22,33005.76171875,33811.8515625,28953.373046875,30817.625,77207272511,0.07072224005462169,34864.072544642855,33203.9654296875,2136.516973972814,30825.69921875,35547.75,36069.8046875,49.599862223217166,1550.263560385829,2628.1002656154023,32067.642578125
2021-01-23,32067.642578125,33360.9765625,31493.16015625,32985.7578125,48354737975,-0.02842289017956734,34276.85853794643,33481.68854166667,2275.512114178771,33005.76171875,30825.69921875,35547.75,47.38696538111205,1211.0855607325866,2344.6973246388393,32289.37890625
2021-01-24,32289.37890625,32944.0078125,31106.685546875,32064.376953125,48643830599,0.006914643868341619,33776.58733258928,33735.841471354164,2272.019817450117,32067.642578125,33005.76171875,30825.69921875,47.97775563398107,949.2346349204163,2065.604786695155,32366.392578125
2021-01-25,32366.392578125,34802.7421875,32087.787109375,32285.798828125,59897054838,0.0023851084933719235,33167.489955357145,33933.486653645836,1924.478666924558,32289.37890625,32067.642578125,33005.76171875,48.195338389816676,739.4068277251718,1800.3651949011585,32569.849609375
2021-01-26,32569.849609375,32794.55078125,31030.265625,32358.61328125,60255421470,0.006286058316783416,32667.49637276786,34143.40514322917,1437.9091844877473,32366.392578125,32289.37890625,32067.642578125,48.804533556228506,582.8157239799039,1556.8553007169078,30432.546875
2021-01-27,30432.546875,32564.029296875,29367.138671875,32564.029296875,62576762015,-0.06562212475675022,31936.753069196428,34254.996419270836,945.7567347009214,32569.849609375,32366.392578125,32289.37890625,43.07416568243317,282.9915274318482,1302.0825460598958,33466.09765625
2021-01-28,33466.09765625,33858.3125,30023.20703125,30441.041015625,76517157706,0.09968113394222766,32313.95284598214,34458.4517578125,955.2688376839892,30432.546875,32569.849609375,32366.392578125,51.73609618856,286.85421037929336,1099.0368789237755,34316.38671875
2021-01-29,34316.38671875,38406.26171875,32064.814453125,34318.671875,117894572511,0.02540747568580648,32501.184988839286,34640.9662109375,1208.3723270468902,33466.09765625,30432.546875,32569.849609375,53.85555380132926,354.44086200046877,950.1176755391141,34269.5234375
2021-01-30,34269.5234375,34834.70703125,32940.1875,34295.93359375,65141828798,-0.0013656239986477026,32815.73939732143,34816.55963541667,1354.4637684640638,34316.38671875,33466.09765625,30432.546875,53.715545732483356,399.6157733190412,840.0172950950996,33114.359375
2021-01-31,33114.359375,34288.33203125,32270.17578125,34270.87890625,52754542671,-0.03370820328466961,32933.59375,34941.233203125,1336.80736494842,34269.5234375,34316.38671875,33466.09765625,50.24788937442427,338.30535670745303,739.6749074175704,33537.17578125
2021-02-01,33537.17578125,34638.21484375,32384.228515625,33114.578125,61400400660,0.012768370405776608,33100.84849330357,34988.230143229164,1327.2213229683227,33114.359375,34269.5234375,34316.38671875,51.482492540015514,320.14374240541656,655.7686744151396,35510.2890625
2021-02-02,35510.2890625,35896.8828125,33489.21875,33533.19921875,63088585433,0.05883361479570781,33520.91127232143,35079.17233072917,1573.6037999018592,33537.17578125,33114.359375,34269.5234375,56.86220090206187,459.6655457453453,616.5480486811807,37472.08984375
2021-02-03,37472.08984375,37480.1875,35443.984375,35510.8203125,61166818159,0.055245981743407446,34526.560267857145,35262.5115234375,1519.4232267274479,35510.2890625,33537.17578125,33114.359375,61.440264903953555,720.2360745501865,637.2856538549819,36926.06640625
2021-02-04,36926.06640625,38592.17578125,36317.5,37475.10546875,68838074392,-0.014571470120209207,35020.841517857145,35360.2994140625,1672.0612394272755,37472.08984375,35510.2890625,33537.17578125,59.546097978463315,872.6215300291951,684.3528290898246,38144.30859375
2021-02-05,38144.30859375,38225.90625,36658.76171875,36931.546875,58598066402,0.032991388091470286,35567.6875,35404.297591145834,1997.5501263327317,36926.06640625,37472.08984375,35510.2890625,62.33605797203738,1079.2491522132696,763.3320937145136,39266.01171875
2021-02-06,39266.01171875,40846.546875,38138.38671875,38138.38671875,71326033653,0.029406828078771152,36281.47154017857,35400.796549479164,2322.6133824136614,38144.30859375,36926.06640625,37472.08984375,64.74687451326864,1318.3183459220163,874.3293441560141,38903.44140625
2021-02-07,38903.44140625,39621.8359375,37446.15234375,39250.19140625,65500641143,-0.009233693380855112,37108.48325892857,35337.6576171875,2017.5763255334277,39266.01171875,38144.30859375,36926.06640625,63.33568336033224,1461.6767109824577,991.7988175213029,46196.46484375
2021-02-08,46196.46484375,46203.9296875,38076.32421875,38886.828125,101467222687,0.18746473766529936,38916.953125,35535.72154947917,3448.838325355106,38903.44140625,39266.01171875,38144.30859375,75.09447672928351,2139.1168813462573,1221.262430286294,46481.10546875
2021-02-09,46481.10546875,48003.72265625,45166.9609375,46184.9921875,91809846886,0.006161523959955284,40484.212611607145,35806.543684895834,4078.068156264641,46196.46484375,38903.44140625,39266.01171875,75.42574021502944,2668.20382386665,1510.6507090023651,44918.18359375
2021-02-10,44918.18359375,47145.56640625,43881.15234375,46469.76171875,87301089896,-0.03362488605290981,41547.94029017857,36118.26126302083,4132.199543535436,46481.10546875,46196.46484375,38903.44140625,69.9260061573042,2927.646221010924,1794.049811404077,47909.33203125
2021-02-11,47909.33203125,48463.46875,44187.76171875,44898.7109375,81388911810,0.0665910372634968,43116.978236607145,36584.4736328125,4169.789454090535,44918.18359375,46481.10546875,46196.46484375,73.85511629097934,3336.159698448624,2102.4717888129862,47504.8515625
2021-02-12,47504.8515625,48745.734375,46424.9765625,47877.03515625,76555041196,-0.008442623839676311,44454.19866071428,36924.0900390625,3793.233982088189,47909.33203125,44918.18359375,46481.10546875,72.4761847906238,3585.9349530827385,2399.1644216669365,47105.515625
2021-02-13,47105.515625,48047.74609375,46392.28125,47491.203125,70250456155,-0.008406213773231364,45574.12779017857,37188.029622395836,3100.114335859071,47504.8515625,47909.33203125,44918.18359375,71.06544756855394,3708.906602547271,2661.1128578430034,48717.2890625
2021-02-14,48717.2890625,49487.640625,47114.5078125,47114.5078125,71248675228,0.03421623595697554,46976.10602678572,37584.427018229166,1244.1100227367326,47105.515625,47504.8515625,47909.33203125,73.32252187129608,3891.559689278205,2907.202224130044,47945.05859375
2021-02-15,47945.05859375,48875.5703125,46347.4765625,48696.53515625,77069903166,-0.01585126109458379,47225.90513392857,37976.6576171875,1237.0051224145932,48717.2890625,47105.515625,47504.8515625,70.48553886900305,3928.7132703861644,3111.5044333812684,49199.87109375
2021-02-16,49199.87109375,50341.1015625,47201.3046875,47944.45703125,77049582886,0.026171883752032166,47614.30022321428,38423.6107421875,1382.4464961855583,47945.05859375,48717.2890625,47105.515625,72.35716261118017,4013.1495431016665,3291.8334553253485,52149.0078125
2021-02-17,52149.0078125,52533.9140625,49072.37890625,49207.27734375,80820545404,0.05994196027730325,48647.275111607145,38940.908528645836,1697.6561336734273,49199.87109375,47945.05859375,48717.2890625,76.18030624345518,4268.828189681037,3487.2324021964864,51679.796875
2021-02-18,51679.796875,52474.10546875,51015.765625,52140.97265625,52054723579,-0.008997504596578998,49185.91294642857,39461.2416015625,1996.3688422187272,52149.0078125,49199.87109375,47945.05859375,74.41684010647815,4383.068670594432,3666.399655876076,55888.1328125
2021-02-19,55888.1328125,56113.65234375,50937.27734375,51675.98046875,63495496918,0.08143096900475189,50383.52455357143,40139.25436197917,3054.144728910038,51679.796875,52149.0078125,49199.87109375,79.09171311469416,4758.331530477073,3884.7860307962756,56099.51953125
2021-02-20,56099.51953125,57505.2265625,54626.55859375,55887.3359375,68145460026,0.0037823185014820293,51668.38225446428,40981.7150390625,3325.107542597194,55888.1328125,51679.796875,52149.0078125,79.2963642839548,5014.977651476547,4110.824354932331,57539.9453125
2021-02-21,57539.9453125,58330.5703125,55672.609375,56068.56640625,51897585191,0.025676258785917394,52928.76171875,41799.521158854164,3673.881870218023,56099.51953125,55888.1328125,51679.796875,80.6838073768816,5273.808690063306,4343.421221958526,54207.3203125
2021-02-22,54207.3203125,57533.390625,48967.56640625,57532.73828125,92052420332,-0.05791845963531039,53823.37053571428,42537.510416666664,2948.999510277046,57539.9453125,56099.51953125,55888.1328125,69.13933690991541,5150.645729525138,4504.866123471849,48824.42578125
2021-02-23,48824.42578125,54204.9296875,45290.58984375,54204.9296875,106102492824,-0.09930198541853996,53769.73549107143,43088.67864583333,3048.8290979743515,54207.3203125,57539.9453125,56099.51953125,55.36077478253338,4566.049023140251,4517.10270340553,49705.33203125
2021-02-24,49705.33203125,51290.13671875,47213.5,48835.0859375,63695521388,0.018042326886684945,53420.638950892855,43666.643294270834,3386.534406722674,48824.42578125,54207.3203125,57539.9453125,56.87539019338956,4126.268637532259,4438.935890230876,47093.8515625
2021-02-25,47093.8515625,51948.96875,47093.8515625,49709.08203125,54506565949,-0.052539242009451814,52765.50390625,44150.776692708336,4139.343461733849,49705.33203125,48824.42578125,54207.3203125,51.31654122867492,3526.3651226680886,4256.421736718318,46339.76171875
2021-02-26,46339.76171875,48370.78515625,44454.84375,47180.46484375,350967941479,-0.016012490351298148,51401.450892857145,44681.0171875,4496.662702787461,47093.8515625,49705.33203125,48824.42578125,49.80285547982221,2956.0134340546356,3996.340076185582,46188.453125
2021-02-27,46188.453125,48253.26953125,45269.02734375,46344.7734375,45910946382,-0.003265200081699504,49985.584263392855,45105.095703125,4328.021129520557,46339.76171875,47093.8515625,49705.33203125,49.48742880200484,2463.3997339694033,3689.7520077423464,45137.76953125
2021-02-28,45137.76953125,46716.4296875,43241.6171875,46194.015625,53443887451,-0.022747754528746222,48213.84486607143,45465.80846354167,3078.151901120393,46188.453125,46339.76171875,47093.8515625,47.24955821013827,1965.5606824471251,3344.9137426833026,49631.2421875
2021-03-01,49631.2421875,49784.015625,45115.09375,45159.50390625,53891300112,0.09955017057586457,47560.119419642855,45977.86575520833,1823.270106288869,45137.76953125,46188.453125,46339.76171875,56.34231574788223,1911.5699487621823,3058.2449838990788,48378.98828125
2021-03-02,48378.98828125,50127.51171875,47228.84375,49612.10546875,47530897720,-0.025231161886280384,47496.48549107143,46486.68671875,1779.0266056363153,49631.2421875,45137.76953125,46188.453125,53.570950076064,1747.5903449633042,2796.114056111924,50538.2421875
2021-03-03,50538.2421875,52535.13671875,48274.3203125,48415.81640625,53220811975,0.04463205996986197,47615.47265625,47053.388932291666,1969.0856221962415,48378.98828125,49631.2421875,45137.76953125,57.456794031796996,1771.4489117737103,2591.1810272442817,48561.16796875
2021-03-04,48561.16796875,51735.08984375,47656.9296875,50522.3046875,52343816680,-0.039120359814156846,47825.08928571428,47488.418229166666,1982.3582868410144,50538.2421875,48378.98828125,49631.2421875,53.07651383747712,1612.2387468186425,2395.392571159154,48927.3046875
2021-03-05,48927.3046875,49396.4296875,46542.515625,48527.03125,48625928883,0.007539701660092213,48194.73828125,47870.25872395833,1898.712915630349,48561.16796875,50538.2421875,48378.98828125,53.779266231505304,1498.3358344969383,2215.9812238267114,48912.3828125
2021-03-06,48912.3828125,49147.21875,47257.52734375,48899.23046875,34363564661,-0.0003049805235605385,48583.87109375,48269.80260416667,1686.244720307213,48927.3046875,48561.16796875,50538.2421875,53.74393926432111,1390.8302597776856,2050.951031016906,51206.69140625
2021-03-07,51206.69140625,51384.3671875,48918.6796875,48918.6796875,43137459378,0.046906498146797926,49450.85993303572,48705.21536458333,1064.769961154298,48912.3828125,48927.3046875,48561.16796875,58.281602090542016,1473.7740960685478,1935.5156440272347,52246.5234375
2021-03-08,52246.5234375,52314.0703125,49506.0546875,51174.1171875,48597428048,0.020306565464276005,49824.47154017857,49137.899088541664,1506.01613883472,51206.69140625,48912.3828125,48927.3046875,60.18783270848667,1604.9130005435145,1869.3951153304906,54824.1171875
2021-03-09,54824.1171875,54824.1171875,51981.83203125,52272.96875,50912227385,0.049335220420617,50745.20424107143,49668.58828125,2257.62786511516,52246.5234375,51206.69140625,48912.3828125,64.51610936902914,1894.9875638724188,1874.5136050388764,56008.55078125
2021-03-10,56008.55078125,57258.25390625,53290.890625,54824.01171875,57295577614,0.021604243798385436,51526.67689732143,49995.6578125,2999.066198757888,54824.1171875,52246.5234375,51206.69140625,66.32767165260883,2195.143390895093,1938.63956221012,57805.12109375
2021-03-11,57805.12109375,58091.0625,54484.59375,55963.1796875,56772343595,0.032076714848716215,52847.24162946428,50373.125,3473.321374586723,56008.55078125,54824.1171875,52246.5234375,68.91962110815113,2548.608483822878,2060.6333465326716,57332.08984375
2021-03-12,57332.08984375,57996.62109375,55376.6484375,57821.21875,55689944702,-0.008183206626845796,54047.92522321428,50786.921875,3342.659581258316,57805.12109375,56008.55078125,54824.1171875,67.44748011410269,2758.7611665005097,2200.258910526239,61243.0859375
2021-03-13,61243.0859375,61683.86328125,56217.97265625,57343.37109375,60669829814,0.06821652767950437,55809.45424107143,51231.38033854167,3433.0717281552593,57332.08984375,57805.12109375,56008.55078125,72.6493190560654,3203.960122897508,2400.999153000493,59302.31640625
2021-03-14,59302.31640625,61597.91796875,59302.31640625,61221.1328125,43901225564,-0.031689610370558396,56965.97209821428,51624.629166666666,2954.313638789997,61243.0859375,57332.08984375,57805.12109375,66.93339549439848,3361.4311361242435,2593.0855496252434,55907.19921875
2021-03-15,55907.19921875,60540.9921875,55393.1640625,59267.4296875,66419369890,-0.05725100456855314,57488.92578125,51918.01861979167,2209.8738623509066,59302.31640625,61243.0859375,57332.08984375,58.29294565854092,3175.6633949358,2709.6011186873548,56804.90234375
2021-03-16,56804.90234375,56833.1796875,53555.02734375,55840.78515625,59749798599,0.01605702194966918,57771.89508928572,52187.605729166666,1919.524105158367,55907.19921875,59302.31640625,61243.0859375,59.77167305233608,3065.5406174242235,2780.789018434729,58870.89453125
2021-03-17,58870.89453125,58969.81640625,54528.62890625,56825.828125,60258313191,0.036369962842253134,58180.80133928572,52551.80026041667,1781.1711090102333,56804.90234375,55907.19921875,59302.31640625,63.02114423906237,3109.1356458134396,2846.4583439104713,57858.921875
2021-03-18,57858.921875,60116.25,54253.578125,58893.078125,55746041000,-0.017189693893861602,58188.48716517857,52840.435286458334,1779.3950449821405,58870.89453125,56804.90234375,55907.19921875,60.44559326217023,3027.1323861233614,2882.5931523530494,58346.65234375
2021-03-19,58346.65234375,59498.375,56643.703125,57850.44140625,49063873786,0.008429650137686817,58333.42466517857,53047.0234375,1738.8709007025539,57858.921875,58870.89453125,56804.90234375,61.267189921628486,2967.2948566810155,2899.5334932186424,58313.64453125
2021-03-20,58313.64453125,60031.28515625,58213.296875,58332.26171875,50361731222,-0.0005657190459794625,57914.93303571428,53268.151692708336,1186.7566362703408,58346.65234375,57858.921875,58870.89453125,61.1745802535081,2883.965173566008,2896.4198292881156,57523.421875
2021-03-21,57523.421875,58767.8984375,56005.6171875,58309.9140625,51943414539,-0.013551247955811196,57660.80524553572,53322.661328125,1018.7189437661202,58313.64453125,58346.65234375,57858.921875,58.8799474548354,2722.7749800449383,2861.69085943948,54529.14453125
2021-03-22,54529.14453125,58471.48046875,54288.15625,57517.890625,56521454974,-0.05205318540083803,57463.94029017857,53270.31549479167,1454.1666442797377,57523.421875,58313.64453125,58346.65234375,51.063958955441336,2326.597861060691,2754.672259763722,54738.9453125
2021-03-23,54738.9453125,55985.44140625,53470.6953125,54511.66015625,56435023914,0.0038474981233158623,57168.80357142857,53176.948828125,1782.7474400614485,54529.14453125,57523.421875,58313.64453125,51.549266025939886,2006.4249912888554,2605.0228060687487,52774.265625
2021-03-24,52774.265625,57262.3828125,52514.33203125,54710.48828125,70567223787,-0.035891807492523076,56297.85658482143,53129.180338541664,2242.5484076160815,54738.9453125,54529.14453125,57523.421875,46.86240871613613,1575.98547447288,2399.215339749575,51704.16015625
2021-03-25,51704.16015625,53392.38671875,50856.5703125,52726.74609375,67999812841,-0.020277031922222966,55418.60491071428,53225.171484375,2690.3431520823037,52774.265625,54738.9453125,54529.14453125,44.4897321103594,1135.4220495518384,2146.4566817100276,55137.3125
2021-03-26,55137.3125,55137.3125,51579.85546875,51683.01171875,56652197978,0.06639992475218648,54960.12779017857,53406.2375,2361.5648913228556,51704.16015625,52774.265625,54738.9453125,52.75441746467055,1051.181695060397,1927.4016843801016,55973.51171875
2021-03-27,55973.51171875,56568.21484375,54242.91015625,55137.56640625,47266542233,0.015165759461888806,54625.82310267857,53702.226171875,1934.7905787199857,55137.3125,51704.16015625,52774.265625,54.53015132186507,1039.9074895322265,1749.9028454105269,55950.74609375
2021-03-28,55950.74609375,56610.3125,55071.11328125,55974.94140625,47686580918,-0.0004067213991215679,54401.15513392857,54022.59231770833,1605.5372888152338,55973.51171875,55137.3125,51704.16015625,54.4701266829586,1017.4075636679117,1603.4037890620039,57750.19921875
2021-03-29,57750.19921875,58342.09765625,55139.33984375,55947.8984375,57625587027,0.03216137854506651,54861.30580357143,54407.98385416667,2048.741257435005,55950.74609375,55973.51171875,55137.3125,58.37077521834468,1131.731146666898,1509.0692605829827,58917.69140625
2021-03-30,58917.69140625,59447.22265625,57251.55078125,57750.1328125,54414116432,0.020216245195582738,55458.26953125,54867.31458333333,2553.715484746148,57750.19921875,55950.74609375,55973.51171875,60.72196793255119,1301.5369642966762,1467.5628013257215,58918.83203125
2021-03-31,58918.83203125,59930.02734375,57726.41796875,58930.27734375,65520826225,1.9359634988669328e-05,56336.064732142855,55176.90091145833,2533.3351405759067,58917.69140625,57750.19921875,55950.74609375,60.724301860279546,1419.834370253935,1458.0171151113643,59095.80859375
2021-04-01,59095.80859375,59586.0703125,58505.27734375,58926.5625,61669163792,0.0030037350775407035,57392.01450892857,55534.128255208336,1676.4624596008023,58918.83203125,58917.69140625,57750.19921875,61.11042729240575,1510.4548628671328,1468.504664662518,59384.3125
2021-04-02,59384.3125,60267.1875,58869.28125,59098.87890625,58727860620,0.004881969011259368,57998.728794642855,55828.997265625,1481.6664511868944,59095.80859375,58918.83203125,58917.69140625,61.77024898442819,1587.255220109757,1492.254775751966,57603.890625
2021-04-03,57603.890625,60110.26953125,57603.890625,59397.41015625,59641344484,-0.029981350293480258,58231.64006696428,56130.42135416667,1214.2674187711377,59384.3125,59095.80859375,58918.83203125,55.51092036633599,1487.3101057544409,1491.265841752461,58758.5546875
2021-04-04,58758.5546875,58913.74609375,57168.67578125,57604.83984375,50749662970,0.0200448971410081,58632.755580357145,56458.1296875,682.5904458302897,57603.890625,59384.3125,59095.80859375,58.45142548737892,1484.1660797694567,1489.8458893558602,59057.87890625
2021-04-05,59057.87890625,59891.296875,57694.82421875,58760.875,60706272115,0.005094138552963257,58819.56696428572,56796.312890625,570.542572042982,58758.5546875,57603.890625,59384.3125,59.204182909849116,1488.6669534448083,1489.61010217365,58192.359375
2021-04-06,58192.359375,59479.578125,57646.80859375,59171.93359375,66058027988,-0.014655445594718208,58715.94810267857,57029.16848958333,613.9646886781609,59057.87890625,58758.5546875,57603.890625,56.04237729593913,1406.184120316444,1472.9249058022087,56048.9375
2021-04-07,56048.9375,58731.14453125,55604.0234375,58186.5078125,75645303584,-0.036833390122360865,58305.963169642855,57155.915625,1165.9678370903828,58192.359375,59057.87890625,58758.5546875,49.05546008533758,1154.5507069501618,1409.2500660317994,58323.953125
2021-04-08,58323.953125,58338.73828125,55879.0859375,56099.9140625,53053855641,0.04058980823677527,58195.69810267857,57272.576822916664,1114.16973066178,56048.9375,58192.359375,59057.87890625,55.40979274459169,1125.727476170876,1352.5455480596147,58245.00390625
2021-04-09,58245.00390625,58937.046875,57807.86328125,58326.5625,46655208546,-0.0013536328475677317,58032.939732142855,57347.125260416666,987.6267850110561,58323.953125,56048.9375,58192.359375,55.1527015340115,1084.018426330469,1298.8401237137857,59793.234375
2021-04-10,59793.234375,61276.6640625,58038.70703125,58253.77734375,58238470525,0.026581343719059625,58345.703125,57413.395703125,1160.6210631079164,58245.00390625,58323.953125,56048.9375,59.15502172262979,1162.492473947459,1271.5705937605205,60204.96484375
2021-04-11,60204.96484375,60790.5546875,59289.796875,59846.23046875,46280252580,0.006885903949730876,58552.33314732143,57509.158203125,1358.294486728186,59793.234375,58245.00390625,58323.953125,60.17294676171891,1243.571808203531,1265.9708366491227,59893.453125
2021-04-12,59893.453125,61253.03515625,59589.875,60175.9453125,51828688519,-0.005174186540237491,58671.700892857145,57464.17044270833,1444.1300233182521,60204.96484375,59793.234375,58245.00390625,58.97539565414098,1268.0738069574,1266.3914307107782,63503.45703125
2021-04-13,63503.45703125,63742.28515625,59869.95703125,59890.01953125,69983454362,0.06027376479221824,59430.42912946428,57604.20846354167,2294.9033558618366,59893.453125,60204.96484375,59793.234375,67.13763849588305,1560.7970656596299,1325.2725577005485,63109.6953125
2021-04-14,63109.6953125,64863.09765625,61554.796875,63523.75390625,77451779687,-0.00620063437737306,60439.10881696428,57844.291666666664,2104.7549143998876,63503.45703125,59893.453125,60204.96484375,65.60440390827517,1740.9405977265124,1408.4061657057414,63314.01171875
2021-04-15,63314.01171875,63821.671875,62208.96484375,63075.1953125,60954381579,0.003237480473297971,61151.974330357145,58061.261979166666,2113.997079400999,63109.6953125,63503.45703125,59893.453125,66.03780768928746,1878.53765841735,1502.4324642480633,61572.7890625
2021-04-16,61572.7890625,63594.72265625,60222.53125,63258.50390625,84293007468,-0.027501379378466195,61627.37220982143,58151.32513020833,1681.1944115150436,63314.01171875,63109.6953125,63503.45703125,59.192509664665714,1826.0328341475833,1567.1525382279674,60683.8203125
2021-04-17,60683.8203125,62572.17578125,60361.3515625,61529.921875,66138759198,-0.014437688523377457,61754.59877232143,58245.48841145833,1547.6546930884874,61572.7890625,63314.01171875,63109.6953125,56.00088736570749,1693.1721987892379,1592.3564703402214,56216.18359375
2021-04-18,56216.18359375,61057.45703125,52829.53515625,60701.88671875,97468872758,-0.0736215468265391,61184.77287946428,58174.47278645833,2593.9409153734464,60683.8203125,61572.7890625,63314.01171875,43.35025051349394,1213.3910260151679,1516.563381475211,55724.265625
2021-04-19,55724.265625,57520.0546875,54368.59375,56191.5859375,65344865159,-0.008750468945115109,60589.17466517857,58088.16015625,3317.5706215154823,56216.18359375,60683.8203125,61572.7890625,42.219339499925965,784.424958374344,1370.1356968550376,56473.03125
2021-04-20,56473.03125,57062.1484375,53448.046875,55681.79296875,67849323955,0.013436976092944253,59584.828125,58053.147135416664,3352.26938227917,55724.265625,56216.18359375,60683.8203125,44.58891929118862,499.13170784806425,1195.934899053643,53906.08984375
2021-04-21,53906.08984375,56757.97265625,53695.46875,56471.12890625,54926612466,-0.045454287638402646,58270.02734375,58032.378645833334,3539.037820862922,56473.03125,55724.265625,56216.18359375,38.72562126317772,65.15298961125518,969.7785171651655,51762.2734375
2021-04-22,51762.2734375,55410.23046875,50583.8125,53857.10546875,74798630778,-0.0397694659817468,56619.779017857145,57933.15625,3487.945382654187,53906.08984375,56473.03125,55724.265625,34.62996589739639,-446.6180042593114,686.4992128802701,51093.65234375
2021-04-23,51093.65234375,52120.79296875,47714.6640625,51739.80859375,86668667320,-0.012917150838772984,55122.759486607145,57877.13580729167,3248.4066127772517,51762.2734375,53906.08984375,56473.03125,33.442025233921896,-895.8258160039477,370.0342071034266,50050.8671875
2021-04-24,50050.8671875,51167.5625,48805.28515625,51143.2265625,49014494781,-0.02040928977310741,53603.76618303572,57822.026041666664,2644.4968810093283,51093.65234375,51762.2734375,53906.08984375,31.6201998639103,-1320.7455577155124,31.878254139638784,49004.25390625
2021-04-25,49004.25390625,50506.01953125,47159.484375,50052.83203125,46117114240,-0.02091099195802515,52573.490513392855,57617.59075520833,2853.672934141241,50050.8671875,51093.65234375,51762.2734375,29.861843586940765,-1722.0991720027523,-318.91723108883946,54021.75390625
2021-04-26,54021.75390625,54288.00390625,48852.796875,49077.79296875,58284039825,0.10238907033660749,52330.27455357143,57552.53216145833,2601.8166832582506,49004.25390625,50050.8671875,51093.65234375,45.50668923892957,-1616.6685373616638,-578.4674923434044,55033.1171875
2021-04-27,55033.1171875,55416.96484375,53319.1875,54030.3046875,49448222757,0.018721407731506323,52124.572544642855,57521.94453125,2253.2728922733413,54021.75390625,49004.25390625,50050.8671875,48.02337779073956,-1434.964062858111,-749.7668064463458,54824.703125
2021-04-28,54824.703125,56227.20703125,53887.91796875,55036.63671875,48000572955,-0.003787066282106566,52255.803013392855,57424.427994791666,2396.5177367306146,55033.1171875,54021.75390625,49004.25390625,47.53616915280324,-1292.875763741562,-858.3885979053891,53555.109375
2021-04-29,53555.109375,55115.84375,52418.02734375,54858.08984375,46088929780,-0.02315733013830157,52511.92243303572,57245.67526041667,2430.542773881002,54824.703125,55033.1171875,54021.75390625,44.56979868710607,-1268.0975292343937,-940.3303841711901,57750.17578125
2021-04-30,57750.17578125,57900.71875,53129.6015625,53568.6640625,52395931985,0.07833176806484676,53462.85435267857,57206.720052083336,3015.0493787370724,53555.109375,54824.703125,55033.1171875,54.641799887331715,-899.5839566377836,-932.1810986645089,57828.05078125
2021-05-01,57828.05078125,58448.33984375,57052.2734375,57714.6640625,42836427360,0.0013484807439372304,54573.880580357145,57164.46145833333,2980.9328806006993,57750.17578125,53555.109375,54824.703125,54.80597007133944,-594.3985768924322,-864.6245943100937,56631.078125
2021-05-02,56631.078125,57902.59375,56141.90625,57825.86328125,38177405335,-0.020698824187899145,55663.42689732143,57072.68697916667,1742.4746407989126,57828.05078125,57750.17578125,53555.109375,51.708068325462825,-444.0044476544208,-780.5005649789592,57200.29296875
2021-05-03,57200.29296875,58973.30859375,56590.87109375,56620.2734375,51713139031,0.010051280367532334,56117.50390625,57059.233723958336,1655.338477200155,56631.078125,57828.05078125,57750.17578125,53.066687222487715,-275.706957751092,-679.5418435333858,53333.5390625
2021-05-04,53333.5390625,57214.1796875,53191.42578125,57214.1796875,68564706967,-0.06760024652955021,55874.70703125,56878.39986979167,1940.9098503220182,57200.29296875,56631.078125,57828.05078125,44.00896102314254,-449.1669914279555,-633.4668731122997,57424.0078125
2021-05-05,57424.0078125,57911.36328125,52969.0546875,53252.1640625,69241316747,0.07669599321369813,56246.03627232143,56823.9375,1955.1390893906998,53333.5390625,57200.29296875,56631.078125,53.12400802436383,-253.64481563144363,-557.5024616161285,56396.515625
2021-05-06,56396.515625,58363.31640625,55382.5078125,57441.30859375,69523285106,-0.01789307689659958,56651.951450892855,56764.07604166667,1557.9687468342017,57424.0078125,53333.5390625,57200.29296875,50.88319859869601,-179.5325752993449,-481.9084843527718,57356.40234375
2021-05-07,57356.40234375,58606.6328125,55321.84765625,56413.953125,68434023376,0.017020319573156195,56595.69810267857,56807.658203125,1518.3106293418366,56396.515625,57424.0078125,53333.5390625,52.8826951840862,-42.84931456566119,-394.0966503953497,58803.77734375
2021-05-08,58803.77734375,59464.61328125,56975.2109375,57352.765625,65382980634,0.02523475916996243,56735.087611607145,56823.65234375,1685.84883501395,57356.40234375,56396.515625,57424.0078125,55.80426783632546,180.18713546290383,-279.239893223699,58232.31640625
2021-05-09,58232.31640625,59210.8828125,56482.00390625,58877.390625,65906690347,-0.009718099130935132,56963.8359375,56823.22942708333,1775.627273252997,58803.77734375,57356.40234375,56396.515625,54.37078653649904,307.29075075066066,-161.93376442882712,55859.796875
2021-05-10,55859.796875,59519.35546875,54071.45703125,58250.87109375,71776546298,-0.04074231762821234,56772.33649553572,56692.11484375,1817.6633054148197,58232.31640625,58803.77734375,57356.40234375,48.76958027434723,214.11064911571157,-86.72488171991938,56704.57421875
2021-05-11,56704.57421875,56872.54296875,54608.65234375,55847.2421875,61308396325,0.01512317249631967,57253.91294642857,56575.43515625,1031.1201146834844,55859.796875,58232.31640625,58803.77734375,50.71644218008588,206.05593424085237,-28.16871852776503,49150.53515625
2021-05-12,49150.53515625,57939.36328125,49150.53515625,56714.53125,75215403907,-0.1332174549686006,56071.98828125,56217.337890625,3220.673586203738,56704.57421875,55859.796875,58232.31640625,37.128898567189516,-405.2043622763813,-103.57584727748828,49716.19140625
2021-05-13,49716.19140625,51330.84375,46980.01953125,49735.43359375,96721152926,0.011508648851976444,55117.65625,55757.762369791664,4003.165802036203,49150.53515625,56704.57421875,55859.796875,38.458490475039255,-834.3707129690738,-249.73482041580542,49880.53515625
2021-05-14,49880.53515625,51438.1171875,48868.578125,49682.98046875,55737497453,0.00330563837155351,54049.67522321428,55316.790364583336,4293.083344071283,49716.19140625,49150.53515625,56704.57421875,38.86302586461734,-1147.993614930936,-429.38657931883154,46760.1875
2021-05-15,46760.1875,50639.6640625,46664.140625,49855.49609375,59161047474,-0.06255641898138342,52329.162388392855,54764.99622395833,4479.53459237614,49880.53515625,49716.19140625,49150.53515625,34.258441328984475,-1629.54363759415,-669.4179909738953,46456.05859375
2021-05-16,46456.05859375,49720.04296875,43963.3515625,46716.63671875,64047871555,-0.0065040138312105755,50646.83984375,54261.105208333334,4087.216611998465,46760.1875,49880.53515625,49716.19140625,33.837624494604626,-2012.517116389041,-938.0378160569245,43537.51171875
2021-05-17,43537.51171875,46623.55859375,42207.2890625,46415.8984375,74903638450,-0.06282381595309616,48886.513392857145,53689.56158854167,4121.25423230282,46456.05859375,46760.1875,49880.53515625,30.02594912454994,-2522.4514488763307,-1254.9205426208057,42909.40234375
2021-05-18,42909.40234375,45812.45703125,42367.83203125,43488.05859375,56187365084,-0.014426855146374762,46915.77455357143,53246.002213541666,2867.214649881119,43537.51171875,46456.05859375,46760.1875,29.26198475332633,-2943.3323552538204,-1592.6029051474088,37002.44140625
2021-05-19,37002.44140625,43546.1171875,30681.49609375,42944.9765625,126358098747,-0.13766122609163733,45180.33258928572,52621.94140625,4500.430100735337,42909.40234375,43537.51171875,46456.05859375,23.266537087216832,-3710.750663182007,-2016.2324567543285,40782.73828125
2021-05-20,40782.73828125,42462.984375,35050.6171875,36753.66796875,88281943359,0.10216344466291027,43904.125,52098.931640625,4260.029467104862,37002.44140625,42909.40234375,43537.51171875,32.76129064891238,-3968.154422519685,-2406.6168499074,37304.69140625
2021-05-21,37304.69140625,42172.171875,33616.453125,40596.94921875,82051616861,-0.08528232829817228,42107.575892857145,51545.55169270833,3960.8296880318712,40782.73828125,37002.44140625,42909.40234375,29.183385831013595,-4402.053934279749,-2805.70426678187,37536.6328125
2021-05-22,37536.6328125,38831.0546875,35383.68359375,37371.03125,57377273240,0.006217486259949112,40789.92522321428,51071.363671875,3679.2737909366624,37304.69140625,40782.73828125,37002.44140625,29.734494816197312,-4673.3353890429935,-3179.2304912340946,34770.58203125
2021-05-23,34770.58203125,38289.21875,31227.33984375,37531.44921875,78469274361,-0.0736893688644572,39120.57142857143,50527.261328125,3312.666705746537,37536.6328125,37304.69140625,40782.73828125,27.032666403784432,-5053.27407958066,-3554.039208903408,38705.98046875
2021-05-24,38705.98046875,39835.140625,34551.08203125,34700.36328125,67359584098,0.11318183957815453,38430.35267857143,50149.0984375,2682.3582564965627,34770.58203125,37536.6328125,37304.69140625,35.94990201717037,-4979.424755733184,-3839.1163182693635,38402.22265625
2021-05-25,38402.22265625,39776.3515625,36581.4296875,38795.78125,56211915803,-0.007847826326095597,37786.46986607143,49795.69739583333,1835.1695997264526,38705.98046875,34770.58203125,37536.6328125,35.588381100796425,-4889.051410060849,-4049.103336627661,39294.19921875
2021-05-26,39294.19921875,40782.078125,37905.8359375,38392.625,51346735160,0.023227211885217036,38113.86383928572,49304.77890625,1875.958609964525,38402.22265625,38705.98046875,34770.58203125,37.57362781214513,-4691.375571171571,-4177.557783536443,38436.96875
2021-05-27,38436.96875,40379.6171875,37247.90234375,39316.890625,43210968721,-0.021815700174415475,37778.75390625,48751.573958333334,1489.4484193610797,39294.19921875,38402.22265625,38705.98046875,36.41211238023687,-4551.421426287714,-4252.330512086697,35697.60546875
2021-05-28,35697.60546875,38856.96875,34779.0390625,38507.08203125,55200191952,-0.07126897282320166,37549.170200892855,48114.00403645833,1685.6364962167436,38436.96875,39294.19921875,38402.22265625,32.91090092413711,-4608.4273987287015,-4323.549889415099,34616.06640625
2021-05-29,34616.06640625,37234.5,33693.9296875,35684.15625,45231013335,-0.03029724398312339,37131.94642857143,47482.70260416667,2017.9458753468814,35697.60546875,38436.96875,39294.19921875,31.61823199243554,-4686.849126866466,-4396.209736905372,35678.12890625
2021-05-30,35678.12890625,36400.66796875,33520.73828125,34607.40625,31646080921,0.03068120125307594,37261.595982142855,46746.96770833333,1864.2475630961526,34616.06640625,35697.60546875,38436.96875,34.34535993405305,-4610.156331226637,-4438.999055769626,37332.85546875
2021-05-31,37332.85546875,37468.25,34241.9453125,35658.59375,39009847639,0.04637929771620186,37065.435267857145,46063.79453125,1756.0368279896747,35678.12890625,34616.06640625,35697.60546875,38.46312418192415,-4365.531009642989,-4424.305446544298,36684.92578125
2021-06-01,36684.92578125,37896.734375,35787.0859375,37293.79296875,34639423297,-0.017355481635803582,36820.107142857145,45398.92278645833,1655.2178996915577,37332.85546875,35678.12890625,34616.06640625,37.47208630856423,-4175.810051739638,-4374.606367583367,37575.1796875
2021-06-02,37575.1796875,38231.33984375,35966.30859375,36699.921875,33070867190,0.02426756732611457,36574.532924107145,44744.75234375,1320.6900874183748,36684.92578125,37332.85546875,35678.12890625,39.76844875017825,-3908.5632910405548,-4281.397752274805,39208.765625
2021-06-03,39208.765625,39478.953125,37243.97265625,37599.41015625,35460750427,0.043475133082156336,36684.78962053572,44273.9265625,1519.3613123701891,37575.1796875,36684.92578125,37332.85546875,43.84390450328259,-3524.325346292957,-4129.983271078435,36894.40625
2021-06-04,36894.40625,39242.484375,35717.72265625,39242.484375,41831090187,-0.05902658087058821,36855.76116071428,43589.60651041667,1455.7667220470346,39208.765625,37575.1796875,36684.92578125,39.741231108659726,-3367.7422303648564,-3977.5350629357195,35551.95703125
2021-06-05,35551.95703125,37917.71484375,34900.4140625,36880.15625,35959473399,-0.03638625350557034,36989.45982142857,42894.787890625,1243.2541833037144,36894.40625,39208.765625,37575.1796875,37.54651139077884,-3313.774288266024,-3844.7829080017805,35862.37890625
2021-06-06,35862.37890625,36436.421875,35304.578125,35538.609375,28913440585,0.008731498936251025,37015.78125,42178.32044270833,1212.4327254776877,35551.95703125,36894.40625,39208.765625,38.39374214627904,-3208.96490441919,-3717.6193072852625,33560.70703125
2021-06-07,33560.70703125,36790.5703125,33480.640625,35835.265625,33683936663,-0.06418068028941804,36476.90290178572,41336.884765625,1761.8281868801064,35862.37890625,35551.95703125,36894.40625,34.64129249280188,-3273.8890420956595,-3628.873254247342,33472.6328125
2021-06-08,33472.6328125,34017.38671875,31114.443359375,33589.51953125,49902050442,-0.0026243254847995168,36018.00390625,40511.56197916667,2086.962649193872,33560.70703125,35862.37890625,35551.95703125,34.502331488052164,-3294.472118499216,-3561.993027097717,37345.12109375
2021-06-09,37345.12109375,37537.37109375,32475.865234375,33416.9765625,53972919008,0.11569117681725527,35985.138392857145,39894.40611979167,2059.9903404560805,33472.6328125,33560.70703125,35862.37890625,44.95733750980065,-2964.1381745162507,-3442.422056581424,36702.59765625
2021-06-10,36702.59765625,38334.32421875,35847.59375,37389.515625,43576032854,-0.01720501684509279,35627.11439732143,39227.673567708334,1564.558947956999,37345.12109375,33472.6328125,33560.70703125,43.71061748991578,-2722.8056074410924,-3298.498766753358,37334.3984375
2021-06-11,37334.3984375,37608.6953125,36044.44921875,36697.03125,38699736985,0.01721406171757467,35689.970424107145,38833.80234375,1631.369680312316,36702.59765625,37345.12109375,33472.6328125,45.31645241666649,-2452.2981993202047,-3129.2586532667274,35552.515625
2021-06-12,35552.515625,37408.92578125,34728.19140625,37340.14453125,37924228550,-0.047727642256857994,35690.05022321428,38361.67981770833,1631.361817810926,37334.3984375,36702.59765625,37345.12109375,41.702976749835145,-2354.5602754440624,-2974.3189777021944,39097.859375
2021-06-13,39097.859375,39322.78125,34864.109375,35555.7890625,40669112838,0.09972131894675185,36152.26171875,38002.25729166667,2083.9081096755176,35552.515625,37334.3984375,36702.59765625,50.209960378374305,-1968.332938783904,-2773.1217699185363,40218.4765625
2021-06-14,40218.4765625,40978.36328125,38757.28515625,39016.96875,43148914673,0.028661855288592664,37103.37165178572,37784.20026041667,2218.92296627679,39097.859375,35552.515625,37334.3984375,52.56610331425355,-1553.9080653175843,-2529.279028998346,40406.26953125
2021-06-15,40406.26953125,41295.26953125,39609.46875,40427.16796875,46420149185,0.004669320789865594,38093.89118303572,37582.540625,1843.9397166656206,40218.4765625,39097.859375,35552.515625,52.96776601232802,-1196.5272231822382,-2262.7286678351247,38347.0625
2021-06-16,38347.0625,40516.77734375,38176.03515625,40168.69140625,39211635100,-0.05096256237308472,38237.025669642855,37409.525651041666,1814.7868916446632,40406.26953125,40218.4765625,39097.859375,48.15273563606196,-1067.1595775840833,-2023.6148497849165,38053.50390625
2021-06-17,38053.50390625,39513.671875,37439.67578125,38341.421875,37096670047,-0.007655308506355651,38430.01227678572,37247.662369791666,1692.0999216018672,38347.0625,40406.26953125,40218.4765625,47.48995681970163,-977.0595769435458,-1814.3037952166424,35787.24609375
2021-06-18,35787.24609375,38187.26171875,35255.85546875,38099.4765625,36200887275,-0.0595545108824469,38208.990513392855,37207.155859375,1941.696077411878,38053.50390625,38347.0625,40406.26953125,42.61360401959019,-1076.1179252799484,-1666.6666212293035,35615.87109375
2021-06-19,35615.87109375,36457.796875,34933.0625,35854.52734375,31207279719,-0.004788717174578294,38218.041294642855,37034.926953125,1927.3443740718496,35787.24609375,38053.50390625,38347.0625,42.2602191701406,-1155.135230383632,-1564.3603430601693,35698.296875
2021-06-20,35698.296875,36059.484375,33432.07421875,35563.140625,36664034054,0.002314299179515533,37732.38950892857,36981.38046875,2090.1342263366782,35615.87109375,35787.24609375,38053.50390625,42.50717178055844,-1197.3041651613457,-1490.9491074804048,31676.693359375
2021-06-21,31676.693359375,35721.640625,31295.935546875,35641.14453125,52809038594,-0.11265533282181261,36512.134765625,36786.049153645836,2777.2781055235437,35698.296875,35615.87109375,35787.24609375,34.70740676346426,-1537.5096889240958,-1500.261223769143,32505.66015625
2021-06-22,32505.66015625,33292.453125,28893.62109375,31622.376953125,58964353058,0.02616961270137308,35383.476283482145,36710.5517578125,2524.879716278544,31676.693359375,35698.296875,35615.87109375,37.26285239433188,-1720.4025948117269,-1544.28949797766,33723.02734375
2021-06-23,33723.02734375,34753.41015625,31772.6328125,32515.71484375,46317108925,0.0374509295196066,34722.89983258928,36544.4533203125,2204.912098642958,32505.66015625,31676.693359375,35698.296875,40.91976103061824,-1746.9771175748392,-1584.8270218970958,34662.4375
2021-06-24,34662.4375,35228.8515625,32385.21484375,33682.80078125,33123368116,0.027856637741157764,34238.46177455357,36419.79381510417,1655.1835119866882,33723.02734375,32505.66015625,31676.693359375,43.64940610610792,-1672.9503395536376,-1602.4516854284043,31637.779296875
2021-06-25,31637.779296875,35487.24609375,31350.884765625,34659.10546875,40230904226,-0.0872604012088013,33645.68080357143,36164.579817708334,1748.470106289184,34662.4375,33723.02734375,32505.66015625,37.622226076079144,-1837.170465973737,-1649.395441537471,32186.27734375
2021-06-26,32186.27734375,32637.587890625,30184.501953125,31594.6640625,38585385521,0.017336806155961115,33155.73883928572,35956.2234375,1576.4302001658336,31637.779296875,34662.4375,33723.02734375,39.260147346246,-1901.1417126664164,-1699.74469576326,34649.64453125
2021-06-27,34649.64453125,34656.12890625,32071.7578125,32287.5234375,35511640894,0.07653470332064805,33005.931361607145,35921.29140625,1324.1884272324728,32186.27734375,31637.779296875,34662.4375,46.104808039749265,-1733.088278876734,-1706.4134123859549,34434.3359375
2021-06-28,34434.3359375,35219.890625,33902.07421875,34679.12109375,33892523752,-0.006213875976586625,33399.88030133928,35915.233723958336,1272.0027214946913,34649.64453125,32186.27734375,31637.779296875,45.62090430369319,-1598.8478037124369,-1684.9002906512512,35867.77734375
2021-06-29,35867.77734375,36542.109375,34252.484375,34475.55859375,37901460044,0.04162825758718758,33880.18275669643,35921.555338541664,1493.5415709335907,34434.3359375,34649.64453125,32186.27734375,49.42663352726499,-1361.1045522593558,-1620.1411429728723,35040.8359375
2021-06-30,35040.8359375,36074.7578125,34086.15234375,35908.38671875,34059036099,-0.02305527321430456,34068.441127232145,35845.1546875,1552.3277160656926,35867.77734375,34434.3359375,34649.64453125,47.36713040169118,-1225.294144898573,-1541.1717433580127,33572.1171875
2021-07-01,33572.1171875,35035.984375,32883.78125,35035.984375,37838957079,-0.04191448950075438,33912.68108258928,35741.39440104167,1537.4223801618007,35040.8359375,35867.77734375,34434.3359375,43.87070235256379,-1222.0892628364381,-1477.3552472536978,33897.046875
2021-07-02,33897.046875,33939.58984375,32770.6796875,33549.6015625,38728974942,0.00967855812266083,34235.43359375,35618.78997395833,1174.584143410714,33572.1171875,35040.8359375,35867.77734375,44.84076809420763,-1179.7310552340641,-1417.8304088497712,34668.546875
2021-07-03,34668.546875,34909.26171875,33402.6953125,33854.421875,24383958643,0.022760094790705843,34590.04352678572,35467.44934895833,751.2429483794594,33897.046875,33572.1171875,35040.8359375,47.175197074529834,-1071.5560372523396,-1348.5755345302848,35287.78125
2021-07-04,35287.78125,35937.56640625,34396.4765625,34665.56640625,24924307911,0.017861561294527206,34681.20591517857,35413.895182291664,797.0055821845341,34668.546875,33897.046875,33572.1171875,49.03943152763837,-925.1944515144787,-1263.8993179271238,33746.00390625
2021-07-05,33746.00390625,35284.34375,33213.66015625,35284.34375,26721554282,-0.043691535402215154,34582.872767857145,35353.69674479167,871.5197018991122,35287.78125,34668.546875,33897.046875,44.80013983625239,-922.9709522011763,-1195.7136447819344,34235.1953125
2021-07-06,34235.1953125,35038.53515625,33599.91796875,33723.5078125,26501259870,0.014496276584600176,34349.646763392855,35299.457291666666,664.1308611629817,33746.00390625,35287.78125,34668.546875,46.38388413600408,-871.6868909619661,-1130.9082940179408,33855.328125
2021-07-07,33855.328125,34997.6640625,33839.2890625,34225.6796875,24796027477,-0.011095808977648836,34180.28850446428,35309.277994791664,607.2138156205707,34235.1953125,33746.00390625,35287.78125,45.29707106249833,-851.8761127436519,-1075.101857763083,32877.37109375
2021-07-08,32877.37109375,33907.90625,32133.18359375,33889.60546875,29910396946,-0.028886355129662422,34081.0390625,35289.4359375,760.5940631655151,33855.328125,34235.1953125,33746.00390625,42.53397258708926,-904.6605241795114,-1041.0135910463687,33798.01171875
2021-07-09,33798.01171875,34042.29296875,32318.880859375,32861.671875,27436021028,0.02800225791699673,34066.89118303572,35171.198958333334,765.4922368789427,32877.37109375,33855.328125,34235.1953125,45.88079519274331,-862.2648932625452,-1005.263851489604,33520.51953125
2021-07-10,33520.51953125,34209.0703125,33116.01171875,33811.2421875,22971873468,-0.008210311003178261,33902.88727678572,35065.1296875,737.5772987374295,33798.01171875,32877.37109375,33855.328125,45.02953122173829,-841.3586914812986,-972.482819487943,34240.1875
2021-07-11,34240.1875,34584.703125,33346.73828125,33509.078125,20108729370,0.021469475378479208,33753.23102678572,34961.98932291667,466.0441325782318,33520.51953125,33798.01171875,32877.37109375,47.73777235429831,-757.9816448124475,-929.5825845528439,33155.84765625
2021-07-12,33155.84765625,34592.15625,32697.30859375,34254.015625,24321499537,-0.031668630428790756,33668.92299107143,34882.100390625,518.0480265675127,34240.1875,33520.51953125,33798.01171875,44.204008914936736,-770.5198249030946,-897.7700326228941,32702.025390625
2021-07-13,32702.025390625,33327.1015625,32261.419921875,33125.46875,19120856669,-0.013687548281983153,33449.898716517855,34668.905924479164,561.05076193543,33155.84765625,34240.1875,33520.51953125,42.77679639258813,-807.7646786433033,-879.768961826976,32822.34765625
2021-07-14,32822.34765625,33061.3984375,31639.125,32723.845703125,21376531210,0.003679352094793975,33302.330078125,34422.36829427083,572.3751030474216,32702.025390625,33155.84765625,34240.1875,43.29950389457432,-818.1414667529534,-867.4434628121714,31780.73046875
2021-07-15,31780.73046875,33159.640625,31175.708984375,32827.875,21300524237,-0.031734999531688124,33145.66713169643,34134.850325520834,809.1715756350932,32822.34765625,32702.025390625,33155.84765625,39.90150911937791,-900.0398488416686,-873.9627400180709,31421.5390625
2021-07-16,31421.5390625,32218.40625,31100.673828125,31841.55078125,23699476918,-0.011302175908234458,32806.17103794643,33903.99954427083,972.0093267665635,31780.73046875,32822.34765625,32702.025390625,38.77156845102661,-982.6018290525899,-895.6905578249748,31533.068359375
2021-07-17,31533.068359375,31935.9453125,31223.990234375,31397.30859375,18895018942,0.003549453661488622,32522.249441964286,33686.651692708336,1017.7613619747788,31421.5390625,31780.73046875,32822.34765625,39.34591508924249,-1027.1924755747896,-921.9909413749378,31796.810546875
2021-07-18,31796.810546875,32398.99609375,31215.4921875,31533.884765625,18787986667,0.008363987433579023,32173.19559151786,33553.63717447917,699.6557993343504,31533.068359375,31421.5390625,31780.73046875,40.76106839178763,-1029.383007316399,-943.4693545632301,30817.83203125
2021-07-19,30817.83203125,31885.859375,30563.734375,31800.01171875,20434789545,-0.030788575922789052,31839.193359375,33393.7025390625,710.3534669324808,31796.810546875,31533.068359375,31421.5390625,37.28377340370619,-1097.4635276502377,-974.2681891806317,29807.34765625
2021-07-20,29807.34765625,31006.1875,29360.955078125,30838.28515625,23148267245,-0.03278895069501786,31425.66796875,33197.337565104164,932.2470518603341,30817.83203125,31796.810546875,31533.068359375,34.05445386368305,-1218.9046999613565,-1023.1954913367767,32110.693359375
2021-07-21,32110.693359375,32752.326171875,29526.18359375,29796.28515625,28203024559,0.07727442675168827,31324.003069196428,33211.80423177083,781.0999475025491,29807.34765625,30817.83203125,31796.810546875,45.61733042112532,-1116.4175885602563,-1041.8399107814728,32313.10546875
2021-07-22,32313.10546875,32576.400390625,31745.298828125,32138.873046875,19555230518,0.006303573302191001,31400.056640625,33205.3857421875,855.3690613940925,32110.693359375,29807.34765625,30817.83203125,46.5050086946724,-1007.2518761612737,-1034.922303857433,33581.55078125
2021-07-23,33581.55078125,33581.55078125,32057.892578125,32305.958984375,22552046192,0.03925482537500802,31708.629743303572,33200.66985677083,1188.968114262391,32313.10546875,32110.693359375,29807.34765625,51.81316177820629,-809.0580095961268,-989.7494450051719,34292.4453125
2021-07-24,34292.4453125,34490.390625,33424.859375,33593.73046875,21664706865,0.021169199000986128,32102.82645089286,33188.33678385417,1529.673976515431,33581.55078125,32313.10546875,32110.693359375,54.53596587680153,-587.8483451551001,-909.3692250351576,35350.1875
2021-07-25,35350.1875,35364.92578125,33881.8359375,34290.29296875,20856685287,0.030844758309330533,32610.451729910714,33312.083723958334,1944.536745561424,34292.4453125,33581.55078125,32313.10546875,58.31058473064665,-323.4585093946953,-792.1870819070651,37337.53515625
2021-07-26,37337.53515625,40499.67578125,35287.3125,35384.03125,51022126212,0.05621887171744144,33541.837890625,33483.792317708336,2440.8608454800606,35350.1875,34292.4453125,33581.55078125,64.3067067253948,45.90551694914757,-624.5685621358226,39406.94140625
2021-07-27,39406.94140625,39406.94140625,36441.7265625,37276.03515625,35097370560,0.055424286615063156,34913.20842633928,33642.368880208334,2678.159564475912,37337.53515625,35350.1875,34292.4453125,69.26403916130234,499.8509875382151,-399.68465220101507,39995.90625
2021-07-28,39995.90625,40816.0703125,38862.4375,39503.1875,38702404695,0.014945713184850051,36039.66741071428,33827.754557291664,2947.6710998824096,39406.94140625,37337.53515625,35350.1875,70.51900487488966,896.7929137115498,-140.38913901850208,40008.421875
2021-07-29,40008.421875,40593.0703125,39352.05859375,39995.453125,27167146027,0.00031292265067750513,37138.998325892855,33965.776041666664,2754.8937771872775,39995.90625,39406.94140625,37337.53515625,70.54652620653678,1198.5658354859625,127.40185588239083,42235.546875
2021-07-30,42235.546875,42235.546875,38397.35546875,40027.484375,33072782960,0.055666404612466414,38375.283482142855,34205.59973958333,2833.0550503264926,40008.421875,39995.90625,39406.94140625,75.01608393834795,1599.0011350472778,421.72171171536826,41626.1953125
2021-07-31,41626.1953125,42231.44921875,41110.83203125,42196.3046875,25802845343,-0.014427457617713135,39422.96205357143,34474.069010416664,2393.4860557748316,42235.546875,40008.421875,39995.90625,71.80543115376146,1845.9010184922154,706.5575730707378,39974.89453125
2021-08-01,39974.89453125,42541.6796875,39540.94140625,41460.84375,26688438115,-0.039669750474507826,40083.634486607145,34676.66393229167,1582.9494329897416,41626.1953125,42235.546875,40008.421875,63.832406436570125,1886.5774914220965,942.5615567410096,39201.9453125
2021-08-02,39201.9453125,40419.1796875,38746.34765625,39907.26171875,25595265436,-0.019335866368471732,40349.978794642855,34827.77721354167,1138.281795734533,39974.89453125,41626.1953125,42235.546875,60.44892456009167,1835.287297590272,1121.1067049108622,38152.98046875
2021-08-03,38152.98046875,39750.03125,37782.05078125,39178.40234375,26189830450,-0.02675797936526192,40170.841517857145,34923.283854166664,1383.6523924944472,39201.9453125,39974.89453125,41626.1953125,56.102803170202726,1690.5096106412311,1234.987286056936,39747.50390625
2021-08-04,39747.50390625,39952.296875,37589.1640625,38213.33203125,25372562724,0.041792893187100555,40135.35546875,35123.33385416667,1392.04652863006,38152.98046875,39201.9453125,39974.89453125,60.725339857928134,1685.01318299579,1324.9924654447068,40869.5546875
2021-08-05,40869.5546875,41341.93359375,37458.00390625,39744.515625,35185031017,0.02822946527400849,40258.37444196428,35344.479166666664,1416.7899108208146,39747.50390625,38152.98046875,39201.9453125,63.62788153333944,1751.012760034304,1410.1965243626262,42816.5
2021-08-06,42816.5,43271.66015625,39932.1796875,40865.8671875,38226483046,0.04763803587748594,40341.36774553572,35643.184895833336,1561.5346207111538,40869.5546875,39747.50390625,38152.98046875,68.04135312379846,1938.0791457763407,1515.773048645369,44555.80078125
2021-08-07,44555.80078125,44689.859375,42618.56640625,42832.796875,40030862141,0.04062220829002827,40759.8828125,36032.46588541667,2217.9165199511285,42816.5,40869.5546875,39747.50390625,71.38217957233245,2201.3023975454344,1652.8789184253822,43798.1171875
2021-08-08,43798.1171875,45282.3515625,43331.91015625,44574.4375,36302664750,-0.017005273846830926,41306.05747767857,36365.802734375,2450.899028873008,44555.80078125,42816.5,40869.5546875,68.0451461368903,2322.0033776631535,1786.7038102729364,46365.40234375
2021-08-09,46365.40234375,46456.83203125,42848.6875,43791.92578125,38734079049,0.058616336068955555,42329.408482142855,36793.965494791664,2883.296372216126,43798.1171875,44555.80078125,42816.5,72.70181572960533,2594.905771955804,1948.34420260951,45585.03125
2021-08-10,45585.03125,46637.98828125,44705.5546875,46280.84765625,33546019517,-0.016830892309838696,43391.13002232143,37172.126953125,2420.2667922356145,46365.40234375,43798.1171875,44555.80078125,69.39159316527663,2716.894788245423,2102.0543197366924,45593.63671875
2021-08-11,45593.63671875,46735.6328125,45351.7109375,45599.703125,34319709073,0.00018877838873909702,44226.29185267857,37586.719921875,1907.8218630804718,45585.03125,46365.40234375,43798.1171875,69.4081347051712,2782.1949405293635,2238.082443895227,44428.2890625
2021-08-12,44428.2890625,46228.91015625,43861.4453125,45576.87890625,33723620826,-0.02555943636254754,44734.68247767857,37977.595377604164,1211.238818390509,45593.63671875,45585.03125,46365.40234375,64.33747048904405,2708.687897056341,2332.20353452745,47793.3203125
2021-08-13,47793.3203125,47831.9765625,44282.41796875,44439.69140625,31744259539,0.07574073458615982,45445.65680803572,38476.62779947917,1350.3114917798587,44428.2890625,45593.63671875,45585.03125,70.93947990721227,2888.664211747775,2443.495669971515,47096.9453125
2021-08-14,47096.9453125,48098.68359375,46177.6328125,47810.6875,31211354442,-0.01457055076832292,45808.677455357145,38987.168294270836,1411.4099801790237,47793.3203125,44428.2890625,45593.63671875,68.12866264213808,2941.20076358012,2543.036688693236,47047.00390625
2021-08-15,47047.00390625,47357.10546875,45579.58984375,47096.66796875,30988958446,-0.0010603958689597848,46272.80412946428,39508.01712239583,1150.0488115629687,47096.9453125,47793.3203125,44428.2890625,67.92081276816268,2944.859992425052,2623.4013494395995,46004.484375
2021-08-16,46004.484375,47998.09765625,45700.3203125,47019.9609375,32776876610,-0.02215910567498447,46221.244419642855,39990.39765625,1153.2913660095594,47047.00390625,47096.9453125,47793.3203125,63.561461240713555,2831.003300367098,2664.9217396250997,44695.359375
2021-08-17,44695.359375,47139.5703125,44512.41796875,45936.45703125,33451362600,-0.028456465011732934,46094.1484375,40420.349283854164,1277.4303699858374,46004.484375,47047.00390625,47096.9453125,58.48517169594399,2605.105569548279,2652.9585056097358,44801.1875
2021-08-18,44801.1875,45952.0625,44364.02734375,44686.75,32194123075,0.002367765389513554,45980.94140625,40886.4611328125,1361.524591698382,44695.359375,46004.484375,47047.00390625,58.771821290098735,2406.874484780841,2603.741701443957,46717.578125
2021-08-19,46717.578125,46970.76171875,43998.31640625,44741.8828125,37204312299,0.04277544261522093,46307.982700892855,41450.135481770834,1190.637614812842,44801.1875,44695.359375,46004.484375,63.66450146516374,2377.0109270880566,2558.3955465727768,49339.17578125
2021-08-20,49339.17578125,49342.15234375,46650.70703125,46723.12109375,34706867452,0.056115872471717454,46528.81919642857,42024.418229166666,1588.8271326395666,46717.578125,44801.1875,44695.359375,69.071732823532,2535.6554065784585,2553.8475185739135,48905.4921875
2021-08-21,48905.4921875,49717.01953125,48312.19921875,49327.07421875,40585205312,-0.008789842693618932,46787.18303571428,42577.497786458334,1825.9597500603522,49339.17578125,46717.578125,44801.1875,67.28782681862349,2596.4573142951194,2562.369477718155,49321.65234375
2021-08-22,49321.65234375,49471.609375,48199.94140625,48869.10546875,25370975378,0.00850947690403503,47112.1328125,43102.16783854167,2066.464587147989,48905.4921875,49339.17578125,46717.578125,68.13820868936611,2647.702840619626,2579.4361502984493,49546.1484375
2021-08-23,49546.1484375,50482.078125,49074.60546875,49291.67578125,34305053719,0.004551674225862445,47618.08482142857,43610.624609375,2180.492692561942,49321.65234375,48905.4921875,49339.17578125,68.61223017751493,2675.587738060538,2598.666467850867,47706.1171875
2021-08-24,47706.1171875,49878.76953125,47687.1171875,49562.34765625,35361168834,-0.037137725293038826,48048.193080357145,44022.488932291664,1765.3028142210812,49546.1484375,49321.65234375,48905.4921875,60.647973827722325,2520.160731918113,2582.965320664316,48960.7890625
2021-08-25,48960.7890625,49202.87890625,47163.61328125,47727.2578125,32646349931,0.02630002081428562,48642.421875,44409.93072916667,1042.0968701337335,47706.1171875,49546.1484375,49321.65234375,63.738806118776054,2469.755440986948,2560.3233447288426,46942.21875
2021-08-26,46942.21875,49347.58203125,46405.78125,49002.640625,32666549568,-0.04122830434622349,48674.513392857145,44661.106640625,974.1879923105367,48960.7890625,47706.1171875,49546.1484375,56.10396042258962,2241.0932030381737,2496.477316390709,49058.66796875
2021-08-27,49058.66796875,49112.78515625,46394.28125,46894.5546875,34511076995,0.04508626296557394,48634.44084821428,44963.19869791667,947.6999746727556,46942.21875,48960.7890625,47706.1171875,61.33367398131544,2205.2359092402694,2438.229034960621,48902.40234375
2021-08-28,48902.40234375,49283.50390625,48499.23828125,49072.5859375,28568103401,-0.003185280633781984,48633.99944196428,45259.664713541664,947.5533953867072,49058.66796875,46942.21875,48960.7890625,60.75810541101564,2139.5460604329055,2378.492440055078,48829.83203125
2021-08-29,48829.83203125,49644.11328125,47925.85546875,48911.25,25889650240,-0.0014839825657210204,48563.73939732143,45479.47421875,905.3611797907674,48902.40234375,49058.66796875,46942.21875,60.474281467104866,2057.9082786273284,2314.375607769528,47054.984375
2021-08-30,47054.984375,48925.60546875,46950.2734375,48834.8515625,31847007016,-0.0363476092875793,48207.85881696428,45660.433854166666,943.6392741280048,48829.83203125,48902.40234375,49058.66796875,53.84893359775234,1828.9118185531406,2217.2828499262505,47166.6875
2021-08-31,47166.6875,48189.55078125,46750.09375,47024.33984375,34730363427,0.0023738850726162664,48130.79743303572,45900.16028645833,1011.0600318759296,47054.984375,48829.83203125,48902.40234375,54.18910334443868,1637.567128255083,2101.339705592017,48847.02734375
2021-09-01,48847.02734375,49111.08984375,46562.4375,47099.7734375,39139399125,0.03562556399047523,48114.54575892857,46221.66302083333,996.3018861422607,47166.6875,47054.984375,48829.83203125,59.075752247248595,1603.0356675143776,2001.678897976489,49327.72265625
2021-09-02,49327.72265625,50343.421875,48652.3203125,48807.84765625,39508070319,0.009840830417728652,48455.33203125,46594.15442708333,934.5413558260944,48847.02734375,47166.6875,47054.984375,60.37783327443519,1596.0589563356043,1920.554909648312,50025.375
2021-09-03,50025.375,50982.2734375,48386.0859375,49288.25,43206179619,0.014143210068944922,48593.43303571428,46936.75013020833,1096.0324457408224,49327.72265625,48847.02734375,47166.6875,62.254867179272956,1628.05734444243,1862.0553966071357,49944.625
2021-09-04,49944.625,50545.58203125,49548.78125,50009.32421875,37471327794,-0.0016141808032423821,48742.321986607145,47239.25247395833,1209.8763701205212,50025.375,49327.72265625,48847.02734375,61.88940841245869,1628.1323511421651,1815.2707875141418,51753.41015625
2021-09-05,51753.41015625,51868.6796875,49538.59765625,49937.859375,30322676319,0.03621581213694158,49159.97600446428,47537.14947916667,1664.3694898709832,49944.625,50025.375,49327.72265625,66.61680569741247,1753.9274560221093,1803.0021212157353,52633.53515625
2021-09-06,52633.53515625,52700.94140625,51053.6796875,51769.00390625,38884105426,0.017006125728580734,49956.911830357145,47806.40729166667,1817.0319773181104,51753.41015625,49944.625,50025.375,68.65430015966614,1902.706498808133,1822.9429967342148,46811.12890625
2021-09-07,46811.12890625,52853.765625,43285.20703125,52660.48046875,65210059683,-0.1106216071695616,49906.11774553572,47906.841015625,1910.5919396047814,52633.53515625,51753.41015625,49944.625,47.848657521508315,1533.12255513556,1764.978908414484,46091.390625
2021-09-08,46091.390625,47334.0546875,44561.39453125,46827.76171875,49007762488,-0.015375366885328479,49512.455357142855,47897.707291666666,2389.136850791041,46811.12890625,52633.53515625,51753.41015625,45.993147506240994,1168.6759836099081,1645.7183234535692,46391.421875
2021-09-09,46391.421875,47261.94921875,45669.73828125,45774.7421875,38672657013,0.006509485739778498,49092.98381696428,47924.58697916667,2668.422710316135,46091.390625,46811.12890625,52633.53515625,46.91725708850301,893.7567924304385,1495.3260172489431,44883.91015625
2021-09-10,44883.91015625,47031.7421875,44344.484375,46396.6640625,39154666597,-0.032495484247323514,48358.48883928572,47900.929427083334,3049.411042126442,46391.421875,46091.390625,46811.12890625,42.94140897360061,547.9216560513087,1305.8451450094162,45201.45703125
2021-09-11,45201.45703125,45969.29296875,44818.265625,44869.83984375,34499835245,0.0070748487352050304,47680.89341517857,47926.70169270833,3163.0818102045973,44883.91015625,46391.421875,46091.390625,44.017578476710945,296.0554548306027,1103.8872069736535,46063.26953125
2021-09-12,46063.26953125,46364.87890625,44790.4609375,45206.62890625,27881980161,0.019066033632592516,46868.01618303572,47869.03333333333,2627.941142481394,45201.45703125,44883.91015625,46391.421875,46.94238402970309,164.099109659619,915.9295875108467,44963.07421875
2021-09-13,44963.07421875,46598.6796875,43591.3203125,46057.21484375,40969943253,-0.023884438158555232,45772.236049107145,47797.904296875,754.8624635757072,46063.26953125,45201.45703125,44883.91015625,43.796610158328924,-28.92043481519795,726.9595830456377,47092.4921875
2021-09-14,47092.4921875,47218.125,44752.33203125,44960.05078125,38652152880,0.0473592610325122,45812.43080357143,47799.420572916664,823.7488095924602,44963.07421875,46063.26953125,45201.45703125,50.68499285058625,-9.948895972782339,579.5778872419537,48176.34765625
2021-09-15,48176.34765625,48450.46875,46773.328125,47098.0,30484496466,0.023015462091804384,46110.28180803572,47871.816015625,1222.064534998976,47092.4921875,44963.07421875,46063.26953125,53.789485946762014,91.48962793192914,481.9602353799488,47783.359375
2021-09-16,47783.359375,48486.828125,47079.55859375,48158.90625,31764293754,-0.008157286726135138,46309.13002232143,47974.749348958336,1378.6475793186903,48176.34765625,47092.4921875,44963.07421875,52.498993446361744,138.57214555890823,413.28261741574073,47267.51953125
2021-09-17,47267.51953125,48160.921875,46832.5234375,47771.00390625,28727713711,-0.010795386730801604,46649.64564732143,48056.96041666667,1256.9551461013116,47783.359375,48176.34765625,47092.4921875,50.776947832779044,132.73137102952023,357.17236813849667,48278.36328125
2021-09-18,48278.36328125,48791.78125,47087.28515625,47273.52734375,28575630451,0.021385589090024082,47089.20368303572,48108.986588541666,1202.9553491220022,47267.51953125,47783.359375,48176.34765625,53.963697426963435,207.27976567424776,327.1938476456469,47260.21875
2021-09-19,47260.21875,48328.3671875,46919.8046875,48268.85546875,26967722648,-0.021089044077959085,47260.19642857143,48039.68802083333,1114.648305373723,48278.36328125,47267.51953125,47783.359375,50.42277639797222,182.1049582372143,298.17606976396036,42843.80078125
2021-09-20,42843.80078125,47328.19921875,42598.9140625,47261.40625,43909845642,-0.09344895316951951,46957.443080357145,47837.631640625,1872.6455442268075,47260.21875,48278.36328125,47267.51953125,38.593167520142764,-192.00101043267205,200.14065372463386,40693.67578125
2021-09-21,40693.67578125,43607.609375,39787.609375,43012.234375,48701090088,-0.050185206746199196,46043.326450892855,47550.032421875,3011.31438733036,42843.80078125,47260.21875,48278.36328125,34.36598802781913,-654.4358746562866,29.225348048449774,43574.5078125
2021-09-22,43574.5078125,43978.62109375,40625.6328125,40677.953125,38139709246,0.07079311406361999,45385.92075892857,47350.977734375,2970.075653807502,40693.67578125,42843.80078125,47260.21875,43.323407417948275,-779.4744709180304,-132.51461574484625,44895.09765625
2021-09-23,44895.09765625,44942.17578125,43109.33984375,43560.296875,34244064430,0.0303064775724482,44973.31194196428,47257.277083333334,2775.7752516332025,43574.5078125,40693.67578125,42843.80078125,46.900877417625075,-763.2100847736001,-258.653709550597,42839.75
2021-09-24,42839.75,45080.4921875,40936.55859375,44894.30078125,42839345714,-0.04578111561282838,44340.7734375,47053.242447916666,2668.2557619016784,44895.09765625,43574.5078125,40693.67578125,42.413632636958006,-905.7291384664422,-388.06879533376605,42716.59375
2021-09-25,42716.59375,42996.2578125,41759.921875,42840.890625,31604717236,-0.002874812528084303,43546.23493303572,46912.38828125,2058.795711885918,42839.75,44895.09765625,43574.5078125,42.15338482037507,-1016.8920963344353,-513.8334555339,43208.5390625
2021-09-26,43208.5390625,43919.30078125,40848.4609375,42721.62890625,30661222077,0.011516492054097771,42967.423549107145,46717.383984375,1252.134383151834,42716.59375,42839.75,44895.09765625,43.64099784779061,-1053.153567212954,-621.6974778697108,42235.73046875
2021-09-27,42235.73046875,44313.24609375,42190.6328125,43234.18359375,30980029059,-0.02251426719942695,42880.556361607145,46495.16158854167,1282.8557919791608,43208.5390625,42716.59375,42839.75,41.375070292386276,-1147.1647662093746,-726.7909355376437,41034.54296875
2021-09-28,41034.54296875,42775.14453125,40931.6640625,42200.8984375,30214940550,-0.02844007873591181,42929.251674107145,46235.318619791666,1189.0496231399345,42235.73046875,43208.5390625,42716.59375,38.702906825769475,-1303.5683863209924,-842.1464256943135,41564.36328125
2021-09-29,41564.36328125,42545.2578125,40829.66796875,41064.984375,30602359905,0.012911568502261384,42642.088169642855,46052.29791666667,1248.4896695931127,41034.54296875,42235.73046875,43208.5390625,40.5274058837516,-1368.9864867067736,-947.5144378968057,43790.89453125
2021-09-30,43790.89453125,44092.6015625,41444.58203125,41551.26953125,31141681925,0.05356827518164842,42484.34486607143,45939.771484375,950.6035268414272,41564.36328125,41034.54296875,42235.73046875,47.58768656724051,-1227.023970066497,-1003.4163443307441,48116.94140625
2021-10-01,48116.94140625,48436.01171875,43320.0234375,43816.7421875,42850641582,0.09878873042688929,43238.22935267857,45915.435286458334,2346.7467067069933,43790.89453125,41564.36328125,41034.54296875,58.01642184764874,-756.7188405612469,-954.0768435768448,47711.48828125
2021-10-02,47711.48828125,48282.0625,47465.49609375,48137.46875,30614346492,-0.008426411013467638,43951.78571428572,45861.560807291666,2864.062487806811,48116.94140625,43790.89453125,41564.36328125,56.874207047275135,-411.9664232501673,-845.6547595115094,48199.953125
2021-10-03,48199.953125,49130.69140625,47157.2890625,47680.02734375,26638115879,0.010237887379882071,44664.84486607143,45800.71341145833,3244.2888509610157,47711.48828125,48116.94140625,43790.89453125,57.948338288088756,-98.20062245657755,-696.1639321005231,49112.90234375
2021-10-04,49112.90234375,49456.77734375,47045.00390625,48208.90625,33383173002,0.018940873580984396,45647.29799107143,45772.98932291667,3422.488871677112,48199.953125,47711.48828125,48116.94140625,59.95584665202706,221.57423746668064,-512.6162981870823,51514.8125
2021-10-05,51514.8125,51839.984375,49072.83984375,49174.9609375,35873904236,0.048905889117254686,47144.47935267857,45765.03606770833,3360.057883188208,49112.90234375,48199.953125,47711.48828125,64.72688431224233,661.1904024354226,-277.8549580625813,55361.44921875
2021-10-06,55361.44921875,55568.46484375,50488.19140625,51486.6640625,49034730168,0.0746704982911468,49115.49162946428,45855.966536458334,3580.656515987028,51514.8125,49112.90234375,48199.953125,70.7395129086305,1304.9382995341657,38.703693456768065,53805.984375
2021-10-07,53805.984375,55338.625,53525.46875,55338.625,36807860413,-0.02809653406297008,50546.21875,46089.12838541667,3061.7841693049613,55361.44921875,51514.8125,49112.90234375,65.85131566536168,1670.345430243622,365.0320408141389,53967.84765625
2021-10-08,53967.84765625,55922.98046875,53688.0546875,53802.14453125,34800873924,0.0030082765538104184,51382.0625,46351.676953125,3086.6067219188876,53805.984375,55361.44921875,51514.8125,66.11372741709773,1950.5099632895653,682.1276253092242,54968.22265625
2021-10-09,54968.22265625,55397.9453125,53735.14453125,53929.78125,32491211414,0.01853649985027972,52418.73883928572,46637.5703125,2858.536661727713,53967.84765625,53805.984375,55361.44921875,67.7625327791726,2227.58605085218,991.2193104178154,54771.578125
2021-10-10,54771.578125,56401.3046875,54264.2578125,54952.8203125,39527792364,-0.003577422040362044,53357.54241071428,46967.15924479167,2258.1565438759544,54968.22265625,53967.84765625,53805.984375,67.07167528704238,2403.596116382978,1273.694671610848,57484.7890625
2021-10-11,57484.7890625,57793.0390625,54519.765625,54734.125,42637331698,0.04953684064585273,54553.52622767857,47376.60364583333,1807.4005483665237,54771.578125,54968.22265625,53967.84765625,71.40373577551634,2730.5428109853674,1565.064299485752,56041.05859375
2021-10-12,56041.05859375,57627.87890625,54477.97265625,57526.83203125,41083758949,-0.025114999851183484,55200.1328125,47709.196614583336,1268.3618927577866,57484.7890625,54771.578125,54968.22265625,66.39800858945692,2840.4109495799858,1820.133629504599,57401.09765625
2021-10-13,57401.09765625,57688.66015625,54370.97265625,56038.2578125,41684252783,0.02426861834211813,55491.51116071428,48123.79739583333,1520.7654439920605,56041.05859375,57484.7890625,54771.578125,68.62912781869305,3002.6137645805647,2056.629656519792,57321.5234375
2021-10-14,57321.5234375,58478.734375,56957.07421875,57372.83203125,36615791366,-0.001386283921372633,55993.73102678572,48464.76510416667,1450.2146993078202,57401.09765625,56041.05859375,57484.7890625,68.34319846186449,3089.1301205402124,2263.1297493238762,61593.94921875
2021-10-15,61593.94921875,62757.12890625,56868.14453125,57345.90234375,51780081801,0.07453440740995654,57083.174107142855,48912.01848958333,2293.7877275283945,57321.5234375,57401.09765625,56041.05859375,74.48884086731748,3462.530118493887,2503.0098231578786,60892.1796875
2021-10-16,60892.1796875,62274.4765625,60206.12109375,61609.52734375,34250964237,-0.01139348166745524,57929.45368303572,49348.979166666664,2469.5125315637956,61593.94921875,57321.5234375,57401.09765625,72.01579221528758,3659.6393267226304,2734.335723870829,61553.6171875
2021-10-17,61553.6171875,61645.5234375,59164.46875,60887.65234375,29032367511,0.01086243756414218,58898.31640625,49825.182421875,2351.6827696111604,60892.1796875,61593.94921875,57321.5234375,72.92809550651091,3825.12857161156,2952.4942934189753,62026.078125
2021-10-18,62026.078125,62614.66015625,60012.7578125,61548.8046875,38055562075,0.007675599893030238,59547.071986607145,50283.43958333333,2517.3106777456514,61553.6171875,60892.1796875,61593.94921875,73.5903882828671,3948.883370209878,3151.772108777156,64261.9921875
2021-10-19,64261.9921875,64434.53515625,61622.93359375,62043.1640625,40471196346,0.036047967727284025,60721.49107142857,50850.165364583336,2526.6789656285437,62026.078125,61553.6171875,60892.1796875,76.51816003487417,4179.204253069409,3357.258537635607,65992.8359375
2021-10-20,65992.8359375,66930.390625,63610.67578125,64284.5859375,40788955582,0.026934175102288238,61948.88225446428,51621.79986979167,2724.006853400538,64261.9921875,62026.078125,61553.6171875,78.50473703393105,4450.101833622386,3575.827196832963,62210.171875
2021-10-21,62210.171875,66600.546875,62117.41015625,66002.234375,45908121370,-0.057319313661295834,62647.26060267857,52339.01640625,1814.8910182303823,65992.8359375,64261.9921875,62026.078125,65.46905036578734,4309.879137233722,3722.637584913115,60692.265625
2021-10-22,60692.265625,63715.0234375,60122.796875,62237.890625,38434082775,-0.024399647264276236,62518.44866071428,52909.60833333333,1930.4304064468147,62210.171875,65992.8359375,64261.9921875,61.08566912751494,4029.8160800946353,3784.0732839494194,61393.6171875
2021-10-23,61393.6171875,61743.87890625,59826.5234375,60694.62890625,26882546034,0.011555863919028075,62590.08258928572,53459.558984375,1868.3301125444634,60692.265625,62210.171875,65992.8359375,62.3403268175063,3820.4178997994095,3791.3422071194173,60930.8359375
2021-10-24,60930.8359375,61505.8046875,59643.34375,61368.34375,27316183882,-0.007537937512081094,62501.11383928572,54062.59518229167,1939.3888775277362,61393.6171875,60692.265625,62210.171875,60.94404956286387,3575.90494771854,3748.254755239242,63039.82421875
2021-10-25,63039.82421875,63729.32421875,60691.80078125,60893.92578125,31064911614,0.0346128236844363,62645.93470982143,54740.03619791667,1935.8509610748436,60930.8359375,61393.6171875,60692.265625,64.81199491748325,3511.8222988920024,3700.9682639697944,60363.79296875
2021-10-26,60363.79296875,63229.02734375,59991.16015625,63032.76171875,34878965587,-0.04244985266320056,62089.049107142855,55311.87799479167,1954.089378493689,63039.82421875,60930.8359375,61393.6171875,57.08646988085216,3208.1217501089195,3602.3989611976194,58482.38671875
2021-10-27,58482.38671875,61435.18359375,58208.1875,60352.0,43657076893,-0.03116779376295975,61016.12779017857,55853.433203125,1450.3524109133966,60363.79296875,63039.82421875,60930.8359375,52.36088390102637,2783.5362432263355,3438.626417603363,60622.13671875
2021-10-28,60622.13671875,62128.6328125,58206.91796875,58470.73046875,45257083247,0.03658793903693369,60789.265625,56506.35299479167,1353.4126796728547,58482.38671875,60363.79296875,63039.82421875,56.74630068423525,2589.854877512327,3268.872109585156,62227.96484375
2021-10-29,62227.96484375,62927.609375,60329.96484375,60624.87109375,36856881767,0.02648913766352501,61008.65122767857,57195.13971354167,1455.6723207501639,60622.13671875,58482.38671875,60363.79296875,59.741498390587765,2536.6964513544954,3122.4369779390245,61888.83203125
2021-10-30,61888.83203125,62330.14453125,60918.38671875,62239.36328125,32157938616,-0.005449845794435637,61079.396205357145,57798.404296875,1489.1483542658566,62227.96484375,60622.13671875,58482.38671875,58.815207682624425,2439.086560332209,2985.7668944176617,61318.95703125
2021-10-31,61318.95703125,62406.171875,60074.328125,61850.48828125,32241199927,-0.009208042570786446,61134.842075892855,58238.471484375,1489.9203809978524,61888.83203125,62227.96484375,60622.13671875,57.20997702061889,2289.3556022910125,2846.484635992332,61004.40625
2021-11-01,61004.40625,62419.00390625,59695.18359375,61320.44921875,36150572843,-0.005129747739996526,60844.068080357145,58681.56875,1232.5709158090222,61318.95703125,61888.83203125,62227.96484375,56.29665019821619,2120.8631300816414,2701.360334810194,63226.40234375
2021-11-02,63226.40234375,64242.79296875,60673.0546875,60963.25390625,37746665647,0.03642353446805324,61253.01227678572,59182.450390625,1493.8535874346326,61004.40625,61318.95703125,61888.83203125,61.02954762410162,2141.9372276517097,2589.4757133784974,62970.046875
2021-11-03,62970.046875,63516.9375,61184.23828125,63254.3359375,36124731509,-0.004054563588107407,61894.10658482143,59644.355208333334,981.8706372872932,63226.40234375,61004.40625,61318.95703125,60.21927370897176,2113.5887227974745,2494.298315262293,61452.23046875
2021-11-04,61452.23046875,63123.2890625,60799.6640625,62941.8046875,32615846901,-0.024103783966732184,62012.69140625,59975.60247395833,842.944277799511,62970.046875,63226.40234375,61004.40625,55.51928403443319,1946.2125031362011,2384.6811528370745,61125.67578125
2021-11-05,61125.67578125,62541.46875,60844.609375,61460.078125,30605102446,-0.005313959884109654,61855.22154017857,60167.743359375,897.2371563032452,61452.23046875,62970.046875,63226.40234375,54.533133517832276,1766.8482818558841,2261.1145786408365,61527.48046875
2021-11-06,61527.48046875,61590.68359375,60163.78125,61068.875,29094934221,0.006573419146120196,61803.599888392855,60425.1265625,905.3395374265466,61125.67578125,61452.23046875,62970.046875,55.5786593589853,1638.238530489747,2136.539369010619,63326.98828125
2021-11-07,63326.98828125,63326.98828125,61432.48828125,61554.921875,24726754302,0.029247220896912562,62090.46149553572,60737.097916666666,1035.0237109289276,61527.48046875,61125.67578125,61452.23046875,60.01348659209203,1662.3570005819274,2041.7028953248807,67566.828125
2021-11-08,67566.828125,67673.7421875,63344.06640625,63344.06640625,41125608330,0.06695154718111462,63027.95033482143,61157.051432291664,2201.761517912728,63326.98828125,61527.48046875,61125.67578125,68.09546761989377,2000.5298407472292,2033.4682844093504,66971.828125
2021-11-09,66971.828125,68530.3359375,66382.0625,67549.734375,42357991721,-0.008806096371717143,63563.01116071428,61563.72643229167,2664.4974792866115,67566.828125,63326.98828125,61527.48046875,66.07706757427906,2195.2176233183636,2065.818152191153,64995.23046875
2021-11-10,64995.23046875,68789.625,63208.11328125,66953.3359375,48730828378,-0.029513867421399387,63852.32310267857,61814.074479166666,2699.1053025828114,66971.828125,67566.828125,63326.98828125,59.741953309467064,2165.056755337704,2085.6658728204634,64949.9609375
2021-11-11,64949.9609375,65579.015625,64180.48828125,64978.890625,35880633236,-0.0006965054346836919,64351.99888392857,62111.037890625,2496.9197546511396,64995.23046875,66971.828125,67566.828125,59.60101477529084,2113.142189551283,2091.1611361666273,64155.94140625
2021-11-12,64155.94140625,65460.81640625,62333.9140625,64863.98046875,36084893887,-0.01222509636324598,64784.89397321428,62336.19934895833,2070.633567710822,64949.9609375,64995.23046875,66971.828125,57.05840433681051,1985.0464025869805,2069.9381894506982,64469.52734375
2021-11-13,64469.52734375,64915.67578125,63303.734375,64158.12109375,30474228777,0.0048878705639170406,65205.18638392857,62574.466145833336,1526.2881788165214,64155.94140625,64949.9609375,64995.23046875,57.82365755245021,1887.080246531339,2033.3666008668265,65466.83984375
2021-11-14,65466.83984375,65495.1796875,63647.80859375,64455.37109375,25122092191,0.015469517787564335,65510.87946428572,62703.5625,1282.1875989400464,64469.52734375,64155.94140625,64949.9609375,60.24984935302986,1868.3786399745659,2000.3690086883744,63557.87109375
2021-11-15,63557.87109375,66281.5703125,63548.14453125,65521.2890625,30558763548,-0.02915932332393234,64938.17131696428,62792.41888020833,1092.0458384064493,65466.83984375,64469.52734375,64155.94140625,53.86283799834486,1680.1519124446204,1936.3255894396236,60161.24609375
2021-11-16,60161.24609375,63721.1953125,59016.3359375,63721.1953125,46844335592,-0.05344145330150951,63965.23102678572,62746.006510416664,1789.4295923853506,63557.87109375,65466.83984375,64469.52734375,44.76890654797617,1242.5779588249206,1797.5760633166833,60368.01171875
2021-11-17,60368.01171875,60823.609375,58515.41015625,60139.62109375,39178392930,0.003436857419438999,63304.19977678572,62690.737630208336,2161.508011472105,60161.24609375,63557.87109375,65466.83984375,45.373524509294505,902.0830540365569,1618.477461460658,56942.13671875
2021-11-18,56942.13671875,60948.5,56550.79296875,60360.13671875,41388338699,-0.05674983989800575,62160.224888392855,62446.742447916666,3072.4384463956676,60368.01171875,60161.24609375,63557.87109375,37.95890404082986,351.74421918485314,1365.1308130054972,58119.578125
2021-11-19,58119.578125,58351.11328125,55705.1796875,56896.12890625,38702407772,0.020677857806173483,61297.88727678572,62184.300520833334,3260.3125308642925,56942.13671875,60368.01171875,60161.24609375,41.497364263983236,10.485538028289739,1094.2017580100558,59697.1953125
2021-11-20,59697.1953125,59859.87890625,57469.7265625,58115.08203125,30624264863,0.027144333086984274,60616.12555803572,62100.53463541667,2972.853498900487,58119.578125,56942.13671875,60368.01171875,45.94583774583888,-131.15206373857654,849.1309936603294,58730.4765625
2021-11-21,58730.4765625,60004.42578125,58618.9296875,59730.5078125,26123447605,-0.01619370466132397,59653.78794642857,62035.14166666667,2104.38965249963,59697.1953125,58119.578125,56942.13671875,43.75049785542046,-317.744249581694,615.7559450119248,56289.2890625
2021-11-22,56289.2890625,59266.359375,55679.83984375,58706.84765625,35036121783,-0.041565940596482776,58615.41908482143,61864.997395833336,1586.4663630615844,58730.4765625,59697.1953125,58119.578125,38.71932692667741,-655.0522954749467,361.5942969145505,57569.07421875
2021-11-23,57569.07421875,57875.515625,55632.76171875,56304.5546875,37485803899,0.022735855747423095,58245.10881696428,61752.938671875,1463.2499047561344,56289.2890625,58730.4765625,59697.1953125,42.45536688783481,-809.768874004134,127.32166273081361,56280.42578125
2021-11-24,56280.42578125,57803.06640625,55964.22265625,57565.8515625,36635566789,-0.02238438701660228,57661.16796875,61527.625390625,1278.8638188859738,57569.07421875,56289.2890625,58730.4765625,39.82267246067984,-1024.5555972221046,-103.05378925977004,57274.6796875
2021-11-25,57274.6796875,59367.96875,57146.68359375,57165.41796875,34284016248,0.017666069374003168,57708.674107142855,61424.654947916664,1253.6297582291268,56280.42578125,57569.07421875,56289.2890625,42.771360415951385,-1101.8462442906311,-302.81228026594226,53569.765625
2021-11-26,53569.765625,59183.48046875,53569.765625,58960.28515625,41810748221,-0.06468677053655503,57058.700892857145,61260.90091145833,1976.2755577494027,57274.6796875,56280.42578125,57569.07421875,35.74302147529025,-1445.3936423438572,-531.3285526815253,54815.078125
2021-11-27,54815.078125,55329.2578125,53668.35546875,53736.4296875,30560857714,0.02324655494514305,56361.255580357145,61067.332291666666,1736.9115816782912,53569.765625,57274.6796875,56280.42578125,39.35056268787801,-1598.7418186836367,-744.8112058819476,57248.45703125
2021-11-28,57248.45703125,57393.84375,53576.734375,54813.0234375,28116886357,0.044392510044424904,56149.53850446428,60901.34869791667,1469.7687213797255,54815.078125,53569.765625,57274.6796875,45.75877068407833,-1506.5514250759588,-897.1592497207498,57806.56640625
2021-11-29,57806.56640625,58872.87890625,56792.52734375,57291.90625,32370840356,0.009748898117819094,56366.29241071428,60765.273177083334,1599.9299997072699,57248.45703125,54815.078125,53569.765625,47.138344199057755,-1372.6322614223463,-992.2538520610692,57005.42578125
2021-11-30,57005.42578125,59113.40234375,56057.28125,57830.11328125,36708594618,-0.013858989986877734,56285.771205357145,60621.48880208333,1542.4589546016732,57806.56640625,57248.45703125,54815.078125,45.35508121864952,-1315.9759607088708,-1056.9982737906296,57229.828125
2021-12-01,57229.828125,59041.68359375,56553.08203125,56907.96484375,36858195307,0.003936508510805847,56421.400111607145,60495.66953125,1583.1154017884066,57005.42578125,57806.56640625,57248.45703125,45.97162832882097,-1238.6892024067638,-1093.3364595138564,56477.81640625
2021-12-02,56477.81640625,57349.234375,55895.1328125,57217.37109375,32379968686,-0.013140205787574133,56307.5625,60270.71666666667,1539.5838183974918,57229.828125,57005.42578125,57806.56640625,44.172944880642014,-1224.010321444628,-1119.471231900011,53598.24609375
2021-12-03,53598.24609375,57482.16796875,52496.5859375,56509.1640625,39789134215,-0.05098586481791345,56311.631138392855,59958.32330729167,1531.1573937665282,56477.81640625,57229.828125,57005.42578125,38.03605804037828,-1428.2702507883223,-1181.2310356776732,49200.703125
2021-12-04,49200.703125,53904.6796875,42874.6171875,53727.87890625,61385677469,-0.08204639683653359,55509.57756696428,59549.9390625,3106.156643307666,53598.24609375,56477.81640625,57229.828125,30.961744928111045,-1922.8275234132743,-1329.5503332247933,49368.84765625
2021-12-05,49368.84765625,49768.1484375,47857.49609375,49201.51953125,37198201161,0.003417522933012007,54383.91908482143,59158.04479166667,3735.0673236384755,49200.703125,53598.24609375,56477.81640625,31.486458781252296,-2274.97536672726,-1518.6353399252869,50582.625
2021-12-06,50582.625,50929.51953125,47281.03515625,49413.48046875,37707308001,0.02458589579002135,53351.927455357145,58793.21627604167,3628.237461038461,49368.84765625,49200.703125,53598.24609375,35.308712252405996,-2428.1234858709577,-1700.5329691144211,50700.0859375
2021-12-07,50700.0859375,51934.78125,50175.80859375,50581.828125,33676814852,0.002322159783127109,52451.16462053572,58372.31953125,3341.3879368823414,50582.625,49368.84765625,49200.703125,35.68265943591409,-2511.0703023126625,-1862.6404357540696,50504.796875
2021-12-08,50504.796875,51171.375,48765.98828125,50667.6484375,28479699446,-0.00385184874717448,51490.44587053572,57803.58515625,2629.3566692319996,50700.0859375,50582.625,49368.84765625,35.317132783074456,-2563.019553202168,-2002.7162592436894,47672.12109375
2021-12-09,47672.12109375,50797.1640625,47358.3515625,50450.08203125,29603577251,-0.05608726213196957,50232.48939732143,57160.26158854167,1830.7401410905377,50504.796875,50700.0859375,50582.625,30.445364295885668,-2800.4807715976203,-2162.2691617144756,47243.3046875
2021-12-10,47243.3046875,50015.25390625,47023.69921875,47642.14453125,30966005122,-0.00899511908452133,49324.640625,56568.53072916667,1411.1011138610206,47672.12109375,50504.796875,50700.0859375,29.77575240840153,-2988.8191515046274,-2327.5791596725057,49362.5078125
2021-12-11,49362.5078125,49458.2109375,46942.34765625,47264.6328125,25775869261,0.044857216044006165,49347.755580357145,56048.948958333334,1410.0574121345587,47243.3046875,47672.12109375,50504.796875,37.134444234565876,-2933.2638534089274,-2448.7160984197903,50098.3359375
2021-12-12,50098.3359375,50724.8671875,48725.8515625,49354.85546875,21939223599,0.014906619570362878,49451.96819196428,55580.362109375,1438.5453040618856,49362.5078125,47243.3046875,47672.12109375,39.50484929168743,-2797.611574520168,-2518.495193639866,46737.48046875
2021-12-13,46737.48046875,50205.0,45894.84765625,50114.7421875,32166727776,-0.0670851717099511,48902.661830357145,54989.29388020833,1652.9958651208642,50098.3359375,49362.5078125,47243.3046875,33.32427715460737,-2927.5521162082296,-2600.306578153539,46612.6328125
2021-12-14,46612.6328125,48431.3984375,46424.49609375,46709.82421875,34638619079,-0.00267125345649466,48318.739955357145,54360.8203125,1634.0704885655384,46737.48046875,50098.3359375,49362.5078125,33.11700329116675,-3005.954323827551,-2681.4361272883416,48896.72265625
2021-12-15,48896.72265625,49473.95703125,46671.96484375,48379.75390625,36541828520,0.04900151967252708,48089.01506696428,53872.11536458333,1366.6822750605525,46612.6328125,46737.48046875,50098.3359375,40.41851221756883,-2850.918067915889,-2715.332515413851,47665.42578125
2021-12-16,47665.42578125,49425.57421875,47529.87890625,48900.46484375,27268150947,-0.025181582897818466,48088.05859375,53455.58802083333,1367.024965632218,48896.72265625,46612.6328125,46737.48046875,38.00958174432609,-2795.184933592893,-2731.30299904966,46202.14453125
2021-12-17,46202.14453125,48004.89453125,45618.21484375,47653.73046875,32902725329,-0.030699007215741814,47939.32142857143,52983.39244791667,1522.100906578564,47665.42578125,48896.72265625,46612.6328125,35.3157982749935,-2836.39440176043,-2752.321279591814,46848.77734375
2021-12-18,46848.77734375,47313.828125,45598.44140625,46219.25390625,26098292690,0.013995731563123393,47580.217075892855,52646.94713541667,1423.7206177005705,46202.14453125,47665.42578125,48896.72265625,37.42625454701236,-2784.7741948915573,-2758.8118626517626,46707.015625
2021-12-19,46707.015625,48089.6640625,46502.953125,46853.8671875,25154053861,-0.0030259427628138713,47095.74274553572,52266.52838541667,907.4169308931134,46848.77734375,46202.14453125,47665.42578125,37.140161150305964,-2723.904321548245,-2751.8303544310593,46880.27734375
2021-12-20,46880.27734375,47401.71875,45579.80859375,46707.0625,30961902129,0.003709543768351198,47116.142299107145,51839.29778645833,899.5918895742359,46707.015625,46848.77734375,46202.14453125,37.76632108201815,-2631.351157500947,-2727.734515045037,48936.61328125
2021-12-21,48936.61328125,49300.91796875,46698.7734375,46886.078125,27055803928,0.04386356169401262,47448.13950892857,51512.835677083334,1091.2249362637374,46880.27734375,46707.015625,46848.77734375,44.794897360638096,-2364.81289256359,-2655.150190548748,48628.51171875
2021-12-22,48628.51171875,49544.796875,48450.94140625,48937.09765625,24447979559,-0.006295931447672265,47409.82366071428,51257.47643229167,1035.1521513435587,48936.61328125,46880.27734375,46707.015625,43.99319727069655,-2153.615084364086,-2554.843169311816,50784.5390625
2021-12-23,50784.5390625,51332.33984375,48065.8359375,48626.34375,28223878108,0.04433669194360079,47855.41127232143,51031.32526041667,1651.4020921775457,48628.51171875,48936.61328125,46880.27734375,50.64932342476416,-1791.613308816166,-2402.197197212686,50822.1953125
2021-12-24,50822.1953125,51814.02734375,50514.49609375,50806.05078125,24367912228,0.0007414904357732066,48515.41852678572,50849.38424479167,1797.313866700213,50784.5390625,48628.51171875,48936.61328125,50.75939410224571,-1484.5725210356977,-2218.6722619772886,50429.859375
2021-12-25,50429.859375,51176.59765625,50236.70703125,50854.91796875,19030650914,-0.007719775485643066,49027.001674107145,50621.22356770833,1752.9685547928366,50822.1953125,50784.5390625,48628.51171875,49.520124041002624,-1258.3927476061508,-2026.6163591030613,50809.515625
2021-12-26,50809.515625,51196.37890625,49623.10546875,50428.69140625,20964372926,0.0075284019171428795,49613.07310267857,50529.215234375,1518.115894012299,50429.859375,50822.1953125,50784.5390625,50.772611741883956,-1036.5597456587202,-1828.6050364141931,50640.41796875
2021-12-27,50640.41796875,51956.328125,50499.46875,50802.609375,24324345758,-0.003328070621613999,50150.236049107145,50390.059895833336,948.2889681448355,50809.515625,50429.859375,50822.1953125,50.17546874005328,-864.4355857066475,-1635.771146272684,47588.85546875
2021-12-28,47588.85546875,50679.859375,47414.2109375,50679.859375,33430376883,-0.06025942562091624,49957.69921875,50068.07317708333,1305.3613190794335,50640.41796875,50809.515625,50429.859375,40.84056316141385,-963.1588440267296,-1501.2486858234934,46444.7109375
2021-12-29,46444.7109375,48119.7421875,46201.49609375,47623.87109375,30049226299,-0.02404227880624954,49645.72767857143,49689.34466145833,1831.0685678480481,47588.85546875,50640.41796875,50809.515625,37.98694315482248,-1120.8007458413122,-1425.1590978270572,47178.125
2021-12-30,47178.125,47879.96484375,46060.3125,46490.60546875,26686491018,0.01579112126431248,49130.525669642855,49361.76796875,1960.060051888967,46444.7109375,47588.85546875,50640.41796875,40.840471245178065,-1173.0307352021264,-1374.7334253020713,46306.4453125
2021-12-31,46306.4453125,48472.52734375,45819.953125,47169.37109375,36974172400,-0.018476352917798256,48485.41852678572,48997.65520833333,2051.4853783191816,47178.125,46444.7109375,47588.85546875,38.568888742788204,-1270.1194969782373,-1353.8106396373046,47686.8125
2022-01-01,47686.8125,47827.3125,46288.484375,46311.74609375,24582667004,0.029809396471367267,48093.5546875,48704.621744791664,1872.3236026739744,46306.4453125,47178.125,46444.7109375,43.89109776285228,-1221.5971330195898,-1327.3679383137617,47345.21875
2022-01-02,47345.21875,47881.40625,46856.9375,47680.92578125,27951569547,-0.007163274962024402,47598.65513392857,48496.1875,1443.5291200868323,47686.8125,46306.4453125,47178.125,42.90057014005924,-1196.9093449264183,-1301.276219636293,46458.1171875
2022-01-03,46458.1171875,47510.7265625,45835.96484375,47343.54296875,33071628362,-0.0187368774698079,47001.18359375,48404.76796875,584.8586578412302,47345.21875,47686.8125,46306.4453125,40.35361825400256,-1234.693004882749,-1287.9595766855844,45897.57421875
2022-01-04,45897.57421875,47406.546875,45752.46484375,46458.8515625,42494677905,-0.012065555013512697,46759.571986607145,48289.058854166666,647.6007176352114,46458.1171875,47345.21875,47686.8125,38.78665000444641,-1294.9406903342024,-1289.355799415308,43569.00390625
2022-01-05,43569.00390625,46929.046875,42798.22265625,45899.359375,36851084859,-0.050734060615097554,46348.75669642857,48055.271484375,1379.343014719163,45897.57421875,46458.1171875,47345.21875,33.045992401834496,-1513.141030755316,-1334.1128456833096,43160.9296875
2022-01-06,43160.9296875,43748.71875,42645.5390625,43565.51171875,30208048289,-0.009366159015892994,45774.87165178572,47803.96627604167,1759.9480985794085,43569.00390625,45897.57421875,46458.1171875,32.148009744099824,-1699.4048701222273,-1407.1712505710932,41557.90234375
2022-01-07,41557.90234375,43153.5703125,41077.4453125,43153.5703125,84196607520,-0.03714070469186992,45096.50837053572,47505.73645833333,2340.3534724791675,43160.9296875,43569.00390625,45897.57421875,28.83340642850264,-1953.8484654795247,-1516.5066935527796,41733.94140625
2022-01-08,41733.94140625,42228.94140625,40672.27734375,41561.46484375,28066355845,0.004235994902819673,44246.09821428572,47307.797135416666,2323.72995153932,41557.90234375,43160.9296875,43569.00390625,29.690726281715357,-2116.8897791870404,-1636.5833106796317,41911.6015625
2022-01-09,41911.6015625,42663.94921875,41338.16015625,41734.7265625,21294384372,0.004256970472081845,43469.8671875,47130.07369791667,2001.0792754488182,41733.94140625,41557.90234375,43160.9296875,30.59937446650339,-2206.3322799785456,-1750.5331045394146,41821.26171875
2022-01-10,41821.26171875,42199.484375,39796.5703125,41910.23046875,32104232331,-0.0021554853640055605,42807.459263392855,46878.698828125,1567.5182999164329,41911.6015625,41733.94140625,41557.90234375,30.384340559675096,-2258.471522778411,-1852.120788187214,42735.85546875
2022-01-11,42735.85546875,43001.15625,41407.75390625,41819.5078125,26327648900,0.021869109453241498,42355.78515625,46633.2828125,792.7727602198617,41821.26171875,41911.6015625,41733.94140625,35.33853994717035,-2200.6247440856678,-1921.8215793669049,43949.1015625
2022-01-12,43949.1015625,44135.3671875,42528.98828125,42742.1796875,33499938689,0.028389418684672707,42410.08482142857,46540.33684895833,896.0143372814991,42735.85546875,41821.26171875,41911.6015625,41.30570170202491,-2033.4416849920817,-1944.1456004919403,42591.5703125
2022-01-13,42591.5703125,44278.421875,42447.04296875,43946.7421875,47691135082,-0.030888714484173407,42328.747767857145,46406.301432291664,840.6256709798437,43949.1015625,42735.85546875,41821.26171875,37.17213091488988,-1987.5777733376526,-1952.832035061083,43099.69921875
2022-01-14,43099.69921875,43346.6875,41982.6171875,42598.87109375,23577403399,0.011930269358978673,42549.00446428572,46213.06731770833,806.2755420013425,42591.5703125,43949.1015625,42735.85546875,39.608267386555,-1888.4595506216428,-1939.957538173195,43177.3984375
2022-01-15,43177.3984375,43724.671875,42669.03515625,43101.8984375,18371348298,0.001802778677309158,42755.212611607145,46063.46640625,745.3612205526812,43099.69921875,42591.5703125,43949.1015625,39.99143602126509,-1783.0836885863537,-1908.5827682558267,43113.87890625
2022-01-16,43113.87890625,43436.80859375,42691.0234375,43172.0390625,17902097845,-0.0014711291913973579,42926.966517857145,45960.52421875,651.1331370739961,43177.3984375,43099.69921875,42591.5703125,39.769291487250364,-1685.2712955976021,-1863.920473724182,42250.55078125
2022-01-17,42250.55078125,43179.390625,41680.3203125,43118.12109375,21690904261,-0.020024366790964976,42988.29352678572,45807.25,540.4433835545402,43113.87890625,43177.3984375,43099.69921875,36.7789470646489,-1658.3017635340802,-1822.7967316861618,42375.6328125
2022-01-18,42375.6328125,42534.40234375,41392.21484375,42250.07421875,22417209227,0.0029604828561313745,42936.83314732143,45662.87057291667,583.8900136254629,42250.55078125,43113.87890625,43177.3984375,37.51206400986809,-1608.2957087004543,-1779.8965270890205,41744.328125
2022-01-19,41744.328125,42478.3046875,41242.9140625,42374.0390625,23091543258,-0.014897823244158781,42621.865513392855,45491.672265625,539.8323658021084,42375.6328125,42250.55078125,43113.87890625,35.28790332222911,-1601.1495073783663,-1744.14712314689,40680.41796875
2022-01-20,40680.41796875,43413.0234375,40672.82421875,41744.02734375,20382033940,-0.02548634039729203,42348.84375,45216.46575520833,912.4169811919537,41744.328125,42375.6328125,42250.55078125,31.85955080232955,-1662.1742395205729,-1727.7525464216267,36457.31640625
2022-01-21,36457.31640625,41060.52734375,35791.42578125,40699.60546875,43011992031,-0.10381165615712484,41399.931919642855,44810.75924479167,2339.455184441617,40680.41796875,41744.328125,42375.6328125,22.510675014474188,-2027.929077500703,-1787.787852637442,35030.25
2022-01-22,35030.25,36688.8125,34349.25,36471.58984375,39714385405,-0.039143484680769114,40236.05357142857,44285.61627604167,3182.490487791293,36457.31640625,40680.41796875,41744.328125,20.338765758658226,-2405.2188880691683,-1911.2740597237876,36276.8046875
2022-01-23,36276.8046875,36433.3125,34784.96875,35047.359375,26017975951,0.03558509252717301,39259.32868303572,43800.769921875,3201.1796456722973,35030.25,36457.31640625,40680.41796875,26.967367827937906,-2573.966156171875,-2043.8124790134052,36654.328125
2022-01-24,36654.328125,37247.51953125,33184.05859375,36275.734375,41856658597,0.010406744495611076,38459.86830357143,43341.585546875,3023.518003953573,36276.8046875,35030.25,36457.31640625,28.897024123932823,-2646.7267768372767,-2164.3953385781797,36954.00390625
2022-01-25,36954.00390625,37444.5703125,35779.4296875,36654.8046875,26428189594,0.008175727030871549,37685.349888392855,42879.73515625,2502.8394270963854,36654.328125,36276.8046875,35030.25,30.46754241150188,-2649.6650722806953,-2261.449285318683,36852.12109375
2022-01-26,36852.12109375,38825.41015625,36374.90625,36950.515625,31324598034,-0.002757016878562668,36986.463169642855,42420.125260416666,1750.4808180623115,36954.00390625,36654.328125,36276.8046875,30.22312700446126,-2629.8989460921293,-2335.1392174733724,37138.234375
2022-01-27,37138.234375,37148.32421875,35629.28125,36841.87890625,25041426629,0.007763821260712289,36480.43694196428,42071.771223958334,703.6089356149564,36852.12109375,36954.00390625,36654.328125,31.875901857615048,-2561.6184550345206,-2380.435064985602,37784.33203125
2022-01-28,37784.33203125,37952.87890625,36211.109375,37128.4453125,22238830523,0.017397102127314046,36670.01060267857,41783.09192708333,858.1408043457116,37138.234375,36852.12109375,36954.00390625,35.586338427339825,-2427.3895569263113,-2389.825963373744,38138.1796875
2022-01-29,38138.1796875,38576.26171875,37406.47265625,37780.71484375,17194183075,0.00936493083845824,37114.00055803572,41481.760416666664,646.1746287215902,37784.33203125,37138.234375,36852.12109375,37.591148686038515,-2266.334743301064,-2365.1277193592077,37917.6015625
2022-01-30,37917.6015625,38266.33984375,37437.7109375,38151.91796875,14643548444,-0.005783656346668664,37348.400111607145,41202.13229166667,586.7318380307189,38138.1796875,37784.33203125,37138.234375,36.82178631250642,-2131.920996235116,-2318.4863747343898,38483.125
2022-01-31,38483.125,38647.26171875,36733.57421875,37920.28125,20734730465,0.01491453610450133,37609.65680803572,40895.34270833333,631.6123175779848,37917.6015625,38138.1796875,37784.33203125,40.20097395130309,-1957.2027037049847,-2246.2296405285088,38743.2734375
2022-02-01,38743.2734375,39115.1328125,38113.6640625,38481.765625,20288500328,0.00676006528835682,37865.26674107143,40608.61119791667,682.0869431640957,38483.125,37917.6015625,38138.1796875,41.744580443546,-1777.25826635283,-2152.435365693373,36952.984375
2022-02-02,36952.984375,38834.6171875,36832.73046875,38743.71484375,19155189416,-0.046209029430310355,37879.67578125,40291.7734375,657.7483381324621,38743.2734375,38483.125,37917.6015625,35.04101590977908,-1758.837583768065,-2073.7158093083117,37154.6015625
2022-02-03,37154.6015625,37154.6015625,36375.5390625,36944.8046875,18591534769,0.005456046132945147,37882.013950892855,40000.341015625,654.6953811288989,36952.984375,38743.2734375,38483.125,36.28197391394022,-1708.2782695347778,-2000.6283013536051,41500.875
2022-02-04,41500.875,41527.78515625,37093.62890625,37149.265625,29412210792,0.116978066100073,38412.94866071428,39931.40338541667,1510.249875853693,37154.6015625,36952.984375,38743.2734375,55.85860919845999,-1302.4874412091594,-1861.000129324716,41441.1640625
2022-02-05,41441.1640625,41847.1640625,41038.09765625,41501.48046875,19652846215,-0.001438787435204647,38884.80357142857,39874.077864583334,1880.6554379927936,41500.875,37154.6015625,36952.984375,55.605843755187195,-974.4802580057949,-1683.6961550609317,42412.43359375
2022-02-06,42412.43359375,42500.78515625,41244.90625,41441.12109375,16142097334,0.023437312952531153,39526.92243303572,39902.562239583334,2230.2341685720507,41441.1640625,41500.875,37154.6015625,58.866422009304735,-628.9091945073596,-1472.7387629502173,43840.28515625
2022-02-07,43840.28515625,44401.86328125,41748.15625,42406.78125,28641855926,0.033665872045371525,40292.23102678572,39972.773697916666,2685.124791486328,42412.43359375,41441.1640625,41500.875,63.15112775428615,-237.09288969226327,-1225.6095882986265,44118.4453125
2022-02-08,44118.4453125,45293.8671875,42807.8359375,43854.65234375,33079398868,0.0063448528050995545,41060.11272321428,40046.33515625,2926.1043762414192,43840.28515625,42412.43359375,41441.1640625,63.93918292054254,94.77702414796659,-961.5322658093079,44338.796875
2022-02-09,44338.796875,44727.80078125,43232.96875,44096.703125,23245887300,0.004994545046617338,42115.228794642855,40130.25299479167,2498.6962584886983,44118.4453125,43840.28515625,42412.43359375,64.58531557773603,371.2868872803592,-694.9684351913745,43565.11328125
2022-02-10,43565.11328125,45661.171875,43402.80859375,44347.80078125,32142048537,-0.01744935921313273,43031.01618303572,40157.894921875,1230.4859918045538,44338.796875,44118.4453125,43840.28515625,60.48722347037384,521.9761299791862,-451.57952215726243,42407.9375
2022-02-11,42407.9375,43810.83203125,42114.5390625,43571.12890625,26954925781,-0.026561982607033352,43160.59654017857,40106.522786458336,1081.1978063467466,43565.11328125,44338.796875,44118.4453125,54.87842073798808,541.7787378061403,-252.90787016458194,42244.46875
2022-02-12,42244.46875,42992.55078125,41852.57421875,42412.30078125,18152390304,-0.0038546734323026133,43275.35435267857,40094.952734375,894.8546225157845,42407.9375,43565.11328125,44338.796875,54.115034120898855,538.0792426528278,-94.7104476011,42197.515625
2022-02-13,42197.515625,42693.0546875,41950.94140625,42236.56640625,14741589015,-0.001111462077505676,43244.65178571428,40064.87994791667,932.2995160706789,42244.46875,42407.9375,43565.11328125,53.883182243147935,525.3032721748532,29.292296354090638,42586.91796875
2022-02-14,42586.91796875,42775.77734375,41681.95703125,42157.3984375,20827783012,0.009228086961576842,43065.599330357145,40045.197265625,919.103776829224,42197.515625,42244.46875,42407.9375,55.5828427482928,540.3706814479447,131.50797337286144,44575.203125
2022-02-15,44575.203125,44667.21875,42491.03515625,42586.46484375,22721659051,0.04668769779745485,43130.85044642857,40093.90807291667,1017.277863805841,42586.91796875,42197.515625,42244.46875,63.06756352423806,704.6272033832938,246.13181937494795,43961.859375
2022-02-16,43961.859375,44578.27734375,43456.69140625,44578.27734375,19792547657,-0.013759752216496501,43077.002232142855,40150.95169270833,950.4621127755779,44575.203125,42586.91796875,42197.515625,59.72418875957072,776.3605644052004,352.1775683809985,40538.01171875
2022-02-17,40538.01171875,44132.97265625,40249.37109375,43937.0703125,26246662813,-0.07788223029977337,42644.55915178572,40089.69765625,1311.4521641757754,43961.859375,44575.203125,42586.91796875,45.290400254845686,550.5870534319911,391.85946539119703,40030.9765625
2022-02-18,40030.9765625,40929.15234375,39637.6171875,40552.1328125,23310007704,-0.012507647384577658,42304.99330357143,40032.5859375,1647.5805524838108,40538.01171875,43961.859375,44575.203125,43.6095836038197,326.9772297671516,378.883018266388,40122.15625
2022-02-19,40122.15625,40418.87890625,39713.05859375,40026.0234375,13736557863,0.0022777282826873524,42001.80580357143,40013.977213541664,1844.1251684426943,40030.9765625,40538.01171875,43961.859375,44.01197992570895,155.33170504663576,334.1727556224376,38431.37890625
2022-02-20,38431.37890625,40119.890625,38112.8125,40118.1015625,18340576452,-0.04214073972532317,41463.78627232143,40079.779296875,2276.260698461778,40122.15625,40030.9765625,40538.01171875,38.52244504638872,-115.79539393720916,244.17912571050823,37075.28125
2022-02-21,37075.28125,39394.4375,36950.4765625,38423.2109375,29280402798,-0.03528620868790788,40676.40959821428,40147.947005208334,2730.8726913782184,38431.37890625,40122.15625,40030.9765625,34.77588994325197,-435.0760350192868,108.32809356454922,38286.02734375
2022-02-22,38286.02734375,38359.85546875,36488.93359375,37068.76953125,25493150450,0.03265642371222732,39777.95591517857,40214.92109375,2221.4408669870227,37075.28125,38431.37890625,40122.15625,40.353522208848396,-583.6828200121454,-30.07408915078969,37296.5703125
2022-02-23,37296.5703125,39122.39453125,37201.81640625,38285.28125,21849073843,-0.025843815613622922,38825.771763392855,40236.32916666667,1409.1629246241578,38286.02734375,37075.28125,38431.37890625,37.52904681541586,-772.3920264736516,-178.5376766153621,38332.609375
2022-02-24,38332.609375,38968.83984375,34459.21875,37278.56640625,46383802093,0.027778400368163814,38510.71428571428,40282.28268229167,1192.4104344930513,37296.5703125,38286.02734375,37075.28125,42.098946708999044,-828.7919407785521,-308.58852944800014,39214.21875
2022-02-25,39214.21875,39630.32421875,38111.34375,38333.74609375,26545599159,0.022998939789759643,38394.03459821428,40361.019270833334,1050.3553335620911,38332.609375,37296.5703125,38286.02734375,45.7365921941,-793.2071720341992,-405.51225796524,39105.1484375
2022-02-26,39105.1484375,40005.34765625,38702.53515625,39213.08203125,17467554129,-0.002781397053842838,38248.747767857145,40426.58307291667,815.5773586832491,39214.21875,38332.609375,37296.5703125,45.356934120769004,-764.9887351600264,-477.4075534041973,37709.78515625
2022-02-27,37709.78515625,39778.94140625,37268.9765625,39098.69921875,23450127612,-0.03568234201898368,38145.66294642857,40424.09817708333,834.0403436602512,39105.1484375,39214.21875,38332.609375,40.70203400735092,-845.4734838607837,-551.0207394955146,43193.234375
2022-02-28,43193.234375,43760.45703125,37518.21484375,37706.0,35690014104,0.1454118392886461,39019.65625,40592.6,1964.6437360153002,37709.78515625,39105.1484375,39214.21875,58.65801736752417,-461.47016144556983,-533.1106238855257,44354.63671875
2022-03-01,44354.63671875,44793.6015625,42952.5859375,43194.50390625,32479047645,0.026888524570001016,39886.60044642857,40807.16783854167,2763.5004857545905,43193.234375,37709.78515625,39105.1484375,61.32898442009806,-62.70645792715368,-439.0297906938513,43924.1171875
2022-03-02,43924.1171875,45077.578125,43432.8515625,44357.6171875,29183112630,-0.009706302725009275,40833.392857142855,40988.53424479167,2861.81713442893,44354.63671875,43193.234375,37709.78515625,59.787003977604684,216.08641222747247,-308.00655010958656,42451.7890625
2022-03-03,42451.7890625,44021.578125,41914.75,43925.1953125,24967782593,-0.03351981142193561,41421.84709821428,41112.15143229167,2679.5933572583153,43924.1171875,44354.63671875,43193.234375,54.7199533483949,314.6006747448773,-183.4851051386938,39137.60546875
2022-03-04,39137.60546875,42479.61328125,38805.84765625,42458.140625,28516271427,-0.07806935036049167,41410.90234375,41184.97213541667,2690.2484936638493,42451.7890625,43924.1171875,44354.63671875,45.39381640999435,123.81970285972056,-122.02414353901094,39400.5859375
2022-03-05,39400.5859375,39566.3359375,38777.03515625,39148.44921875,16975917450,0.00671938064683042,41453.107700892855,41259.83828125,2650.063636903007,39137.60546875,42451.7890625,43924.1171875,46.177697090754215,-6.085120373492828,-98.83633890590733,38419.984375
2022-03-06,38419.984375,39640.17578125,38211.6484375,39404.19921875,19745229902,-0.024887994408395286,41554.564732142855,41157.141927083336,2491.7310719767697,39400.5859375,39137.60546875,42451.7890625,43.66086500976352,-186.0176835006714,-116.27260782486016,38062.0390625
2022-03-07,38062.0390625,39430.2265625,37260.203125,38429.3046875,28546143503,-0.009316643885282638,40821.536830357145,41044.50442708333,2677.1729626431493,38419.984375,39400.5859375,39137.60546875,42.74503178116624,-353.4246717513015,-163.70302061014843,38737.26953125
2022-03-08,38737.26953125,39304.44140625,37957.38671875,38059.90234375,25776583476,0.017740259990833174,40019.05580357143,40921.99895833333,2249.3360203903567,38062.0390625,38419.984375,39400.5859375,45.08512984313223,-426.6918226257112,-216.300781013261,41982.92578125
2022-03-09,41982.92578125,42465.671875,38706.09375,38742.81640625,32284121034,0.08378639716414904,39741.74274553572,40860.08697916667,1752.4287121796795,38737.26953125,38062.0390625,38419.984375,54.67465624929545,-220.31952689910395,-217.1045301904296,39437.4609375
2022-03-10,39437.4609375,42004.7265625,38832.94140625,41974.0703125,31078064711,-0.060630954045771346,39311.12444196428,40704.05416666667,1282.9815445960837,41982.92578125,38737.26953125,38062.0390625,47.64726067504976,-259.17809155034774,-225.51924246241325,38794.97265625
2022-03-11,38794.97265625,40081.6796875,38347.43359375,39439.96875,26364890465,-0.016291319622939393,39262.17689732143,40519.260026041666,1297.162458316206,39437.4609375,41982.92578125,38737.26953125,46.03878325831033,-337.9218658748214,-247.99976714489492,38904.01171875
2022-03-12,38904.01171875,39308.59765625,38772.53515625,38794.46484375,14616450657,0.002810649293818468,39191.23772321428,40363.889973958336,1301.9012588881033,38794.97265625,39437.4609375,41982.92578125,46.369677356834906,-387.06647193104436,-275.81310810212483,37849.6640625
2022-03-13,37849.6640625,39209.3515625,37728.14453125,38884.7265625,17300745310,-0.027101257933814904,39109.763392857145,40211.947526041666,1374.0574358329611,38904.01171875,38794.97265625,39437.4609375,43.58647100463959,-505.2665720812802,-321.70380089795594,39666.75390625
2022-03-14,39666.75390625,39742.5,37680.734375,37846.31640625,24322159070,0.0480080837903738,39339.00837053572,40126.023697916666,1302.1035777322368,37849.6640625,38904.01171875,38794.97265625,49.2410609462421,-447.16242857128236,-346.7955264326212,39338.78515625
2022-03-15,39338.78515625,39794.62890625,38310.2109375,39664.25,23934000868,-0.008268101563720931,39424.939174107145,40030.732682291666,1275.347276951213,39666.75390625,37849.6640625,38904.01171875,48.30002555804946,-422.7061203674748,-361.9776452195919,41143.9296875
2022-03-16,41143.9296875,41465.453125,39022.34765625,39335.5703125,39616916192,0.04588714481344902,39305.08258928572,39982.633072916666,1005.8278312993586,39338.78515625,39666.75390625,37849.6640625,53.560558459690924,-254.727897824705,-340.52769574061455,40951.37890625
2022-03-17,40951.37890625,41287.53515625,40662.87109375,41140.84375,22009601093,-0.00467993171076464,39521.35658482143,39861.83893229167,1185.7124585003476,41143.9296875,39338.78515625,39666.75390625,52.94175077199267,-135.57832256668917,-299.5378211058295,41801.15625
2022-03-18,41801.15625,42195.74609375,40302.3984375,40944.83984375,34421564942,0.020750884742987363,39950.81138392857,39789.81549479167,1403.229438104955,40951.37890625,41143.9296875,39338.78515625,55.391238756846185,27.106042422543396,-234.20904840015493,42190.65234375
2022-03-19,42190.65234375,42316.5546875,41602.66796875,41794.6484375,19664853187,0.009317830622209256,40420.33147321428,39844.903515625,1537.9787234311761,41801.15625,40951.37890625,41143.9296875,56.508680206847444,185.32731543492991,-150.301775633138,41247.82421875
2022-03-20,41247.82421875,42241.1640625,41004.7578125,42191.40625,20127946682,-0.022346848712323064,40905.782924107145,39885.465104166666,1050.3208122243695,42190.65234375,41801.15625,40951.37890625,53.044809944143694,231.96649867329688,-73.84812077185101,41077.99609375
2022-03-21,41077.99609375,41454.41015625,40668.04296875,41246.1328125,24615543271,-0.004117262624553253,41107.388950892855,39917.326432291666,897.1243308484952,41247.82421875,42190.65234375,41801.15625,52.421480695446014,252.31613370423293,-8.61526987663423,42358.80859375
2022-03-22,42358.80859375,43124.70703125,40948.28125,41074.10546875,32004652376,0.031180014163224357,41538.82087053572,40048.24075520833,572.1523137968961,41077.99609375,41247.82421875,42190.65234375,56.56679192363427,367.55725934152724,66.61923596699808,42892.95703125
2022-03-23,42892.95703125,42893.5078125,41877.5078125,42364.37890625,25242943069,0.012610091153007819,41788.681919642855,40242.16328125,730.8535545724578,42358.80859375,41077.99609375,41247.82421875,58.20232536996516,496.2673355890802,152.54885589141452,43960.93359375
2022-03-24,43960.93359375,44131.85546875,42726.1640625,42886.65234375,31042992291,0.024898646221148013,42218.61830357143,40431.326822916664,994.0292961169756,42892.95703125,42358.80859375,41077.99609375,61.33716721563287,676.6478067449789,257.36864606212737,44348.73046875
2022-03-25,44348.73046875,44999.4921875,43706.28515625,43964.546875,30574413034,0.008821397620525806,42582.55747767857,40666.398828125,1249.3002482826237,43960.93359375,42892.95703125,42358.80859375,62.43878370498875,841.1958148386839,374.13407981743865,44500.828125
2022-03-26,44500.828125,44735.99609375,44166.2734375,44349.859375,16950455995,0.003429583093865096,42912.58258928572,40872.006119791666,1421.7514600244847,44348.73046875,43960.93359375,42892.95703125,62.88545068489334,972.6620636746229,493.83967658887553,46820.4921875
2022-03-27,46820.4921875,46827.546875,44437.29296875,44505.35546875,28160889722,0.052126312256127294,43708.678013392855,41125.548567708334,1834.494699276758,44500.828125,44348.73046875,43960.93359375,68.94993609182977,1249.622644658055,644.9962702027115,47128.00390625
2022-03-28,47128.00390625,48086.8359375,46690.203125,46821.8515625,36362175703,0.0065678873583499,44572.96484375,41392.97708333333,1813.5869124184721,46820.4921875,44500.828125,44348.73046875,69.6577495448008,1476.9046882956973,811.3779538213087,47465.73046875
2022-03-29,47465.73046875,48022.2890625,47100.4375,47100.4375,31397059069,0.0071661546110000085,45302.525111607145,41718.17526041667,1801.5910886440888,47128.00390625,46820.4921875,44500.828125,70.4543456157118,1665.084993130935,982.119361683234,47062.6640625
2022-03-30,47062.6640625,47655.1484375,46746.2109375,47456.8984375,29333883962,-0.008491735032190584,45898.197544642855,41847.15625,1542.8692947618931,47465.73046875,47128.00390625,46820.4921875,68.15459071924742,1761.390931826565,1137.9736757119003,45538.67578125
2022-03-31,45538.67578125,47512.02734375,45390.5390625,47062.1484375,33327427106,-0.03238210822970233,46123.58928571428,41886.62421875,1310.4279319263155,47062.6640625,47465.73046875,47128.00390625,60.1587801631799,1695.1997567239741,1249.4188919143153,46281.64453125
2022-04-01,46281.64453125,46616.2421875,44403.140625,45554.1640625,38162644287,0.016315115388267687,46399.71986607143,41965.20846354167,1052.3346384161773,45538.67578125,47062.6640625,47465.73046875,62.47039251874213,1683.2902205983191,1336.193157651116,45868.94921875
2022-04-02,45868.94921875,47028.28125,45782.51171875,46285.5,29336594194,-0.008917040798352427,46595.165736607145,42079.11380208333,713.3235783809927,46281.64453125,45538.67578125,47062.6640625,60.37491696429957,1621.8550295243913,1393.3255320257713,46453.56640625
2022-04-03,46453.56640625,47313.4765625,45634.10546875,45859.12890625,25414397610,0.012745379989237415,46542.747767857145,42322.979166666664,707.4635469520744,45868.94921875,46281.64453125,45538.67578125,62.3039131123088,1601.8754955830009,1435.0355247372174,46622.67578125
2022-04-04,46622.67578125,46791.08984375,45235.81640625,46445.2734375,32499785455,0.003640395949819908,46470.55803571428,42563.715494791664,662.1193572418857,46453.56640625,45868.94921875,46281.64453125,62.86703395756603,1581.4572297248378,1464.3198657347416,45555.9921875
2022-04-05,45555.9921875,47106.140625,45544.80859375,46624.5078125,29640604055,-0.02287907280900814,46197.73828125,42801.582421875,570.8853430813102,46622.67578125,46453.56640625,45868.94921875,57.07532969767458,1462.3461395399572,1463.925120495785,43206.73828125
2022-04-06,43206.73828125,45544.35546875,43193.953125,45544.35546875,39393395788,-0.05156849392240015,45646.89174107143,42973.07239583333,1156.8219012170348,45555.9921875,46622.67578125,46453.56640625,46.840435522074664,1164.9557015513492,1404.1312367068979,43503.84765625
2022-04-07,43503.84765625,43860.69921875,42899.90625,43207.5,26101973106,0.006876459247305178,45356.20200892857,43131.958333333336,1415.3235837154755,43206.73828125,45555.9921875,46622.67578125,48.10781869299533,942.3826794628185,1311.7815252580822,42287.6640625
2022-04-08,42287.6640625,43903.01953125,42183.2890625,43505.13671875,27215995394,-0.02795577079433975,44785.63337053572,43142.11627604167,1746.4004098171072,43503.84765625,43206.73828125,45555.9921875,43.53263109371736,660.2452081887532,1181.4742618442165,42782.13671875
2022-04-09,42782.13671875,42786.81640625,42183.25390625,42282.078125,16050772496,0.011693070951357853,44344.66015625,43253.60546875,1815.613318099332,42287.6640625,43503.84765625,43206.73828125,45.78998968571169,471.1182820972317,1039.4030658948195,42207.671875
2022-04-10,42207.671875,43376.37890625,42021.20703125,42781.08984375,17654475582,-0.013427680050824398,43738.103794642855,43367.362109375,1699.14534052789,42782.13671875,42287.6640625,43503.84765625,43.60884992898008,271.746790847792,885.8718108854141,39521.90234375
2022-04-11,39521.90234375,42424.58984375,39373.05859375,42201.0390625,33949912166,-0.06363225953812457,42723.70758928572,43387.95846354167,1806.2470681829468,42207.671875,42782.13671875,42287.6640625,35.173258728077954,-101.80219528323505,688.3370096516843,40127.18359375
2022-04-12,40127.18359375,40617.5859375,39388.328125,39533.71484375,30991500854,0.015315083892861292,41948.16350446428,43463.87578125,1532.1548686690119,39521.90234375,42207.671875,42782.13671875,38.08024692890808,-345.02409672169597,481.6647883770083,41166.73046875
2022-04-13,41166.73046875,41430.0546875,39712.74609375,40123.5703125,27691105228,0.025906300465151855,41656.73381696428,43513.875,1444.362577446467,40127.18359375,39521.90234375,42207.671875,42.82251062721187,-448.7238517322112,295.5870603551644,39935.515625
2022-04-14,39935.515625,41451.48046875,39695.74609375,41160.21875,24342001973,-0.029908006531745968,41146.97209821428,43533.766015625,1306.9597666922707,41166.73046875,40127.18359375,39521.90234375,39.01163252304791,-623.0730051395076,111.85504725623,40553.46484375
2022-04-15,40553.46484375,40617.72265625,39866.83203125,39939.40234375,21756855753,0.015473675726454417,40899.22935267857,43514.08385416667,1215.887907283569,39935.515625,41166.73046875,40127.18359375,41.81061590650335,-703.2757032632944,-51.1711028476749,40424.484375
2022-04-16,40424.484375,40633.6796875,40078.42578125,40552.31640625,16833150693,-0.0031805042860567623,40562.421875,43496.520703125,890.3433910533189,40553.46484375,39935.515625,41166.73046875,41.38370375643568,-768.3870773259405,-194.61429774332805,39716.953125
2022-04-17,39716.953125,40570.7265625,39620.89453125,40417.77734375,19087633042,-0.017502542356175654,40206.60491071428,43427.047265625,559.4637289651961,40424.484375,40553.46484375,39935.515625,39.0294629444474,-867.084953559337,-329.10842890652987,40826.21484375
2022-04-18,40826.21484375,40986.3203125,38696.19140625,39721.203125,33705182072,0.027929174608607443,40392.935267857145,43381.566015625,508.2754886417505,39716.953125,40424.484375,40553.46484375,44.37245472377785,-846.0429251403766,-432.4953281532992,41502.75
2022-04-19,41502.75,41672.9609375,40618.6328125,40828.17578125,25303206547,0.016571096753378534,40589.44475446428,43390.06354166667,637.8109402778209,40826.21484375,39716.953125,40424.484375,47.400004024767085,-765.9468741695164,-499.1856373565427,41374.37890625
2022-04-20,41374.37890625,42126.30078125,40961.09765625,41501.74609375,27819532341,-0.003093074404708074,40619.10881696428,43399.94296875,672.9933015666699,41502.75,40826.21484375,39716.953125,46.87864376782716,-704.7052477060861,-540.2895594264514,40527.36328125
2022-04-21,40527.36328125,42893.58203125,40063.828125,41371.515625,35372786395,-0.020471984048854197,40703.658482142855,43338.894791666666,606.712036825349,41374.37890625,41502.75,40826.21484375,43.480346229547244,-716.2612854033214,-575.4839046218254,39740.3203125
2022-04-22,39740.3203125,40777.7578125,39315.41796875,40525.86328125,28011716745,-0.019420038833716236,40587.49497767857,43233.806901041666,709.4130855225507,40527.36328125,41374.37890625,41502.75,40.539600142703854,-779.9366938082458,-616.3744624591095,39486.73046875
2022-04-23,39486.73046875,39935.859375,39352.203125,39738.72265625,16138021249,-0.0063811726165236005,40453.53013392857,43084.666796875,824.5287085630717,39740.3203125,40527.36328125,41374.37890625,39.610018214056446,-841.1660560906384,-661.3327811854153,39469.29296875
2022-04-24,39469.29296875,39845.92578125,39233.5390625,39478.375,17964398167,-0.0004416040475622163,40418.150111607145,42922.018880208336,865.6885922825109,39486.73046875,39740.3203125,40527.36328125,39.54287324437821,-880.9428663564322,-705.2547982196188,40458.30859375
2022-04-25,40458.30859375,40491.75390625,38338.37890625,39472.60546875,35445730570,0.025057850055308917,40365.592075892855,42787.268229166664,847.7676451609673,39469.29296875,39486.73046875,39740.3203125,45.21532895661418,-823.171965666028,-728.8382317089006,38117.4609375
2022-04-26,38117.4609375,40713.890625,37884.984375,40448.421875,34569088416,-0.057858267871623625,39881.97935267857,42497.1671875,1035.700768381748,40458.30859375,39469.29296875,39486.73046875,36.488859375102,-955.2632728525787,-774.1232399376363,39241.12109375
2022-04-27,39241.12109375,39397.91796875,37997.3125,38120.30078125,30981015184,0.029478882606909007,39577.228236607145,42234.27109375,813.3661200087465,38117.4609375,40458.30859375,39469.29296875,42.25051762406313,-958.2307144761871,-810.9447348453465,39773.828125
2022-04-28,39773.828125,40269.46484375,38941.421875,39241.4296875,33903704907,0.013575224570606004,39469.580357142855,41977.874348958336,709.9489561996664,39241.12109375,38117.4609375,40458.30859375,44.806870104208635,-907.1404771929592,-830.1838833148691,38609.82421875
2022-04-29,38609.82421875,39887.26953125,38235.53515625,39768.6171875,30882994649,-0.02926557389929385,39308.08091517857,41696.113020833334,764.5773481961486,39773.828125,39241.12109375,38117.4609375,40.57985479542198,-949.6297427580284,-854.0730552035011,37714.875
2022-04-30,37714.875,38771.2109375,37697.94140625,38605.859375,23895713731,-0.023179313474195662,39054.958705357145,41435.319661458336,963.0995605926385,38609.82421875,39773.828125,39241.12109375,37.63973887818106,-1043.4890224855626,-891.9562486599135,38469.09375
2022-05-01,38469.09375,38627.859375,37585.7890625,37713.265625,27002760110,0.019997911964443782,38912.07310267857,41174.90130208333,965.5754223611046,37714.875,38609.82421875,39773.828125,41.48731820841043,-1044.968284124101,-922.5586557527511,38529.328125
2022-05-02,38529.328125,39074.97265625,38156.5625,38472.1875,32922642426,0.001565786170879102,38636.50446428572,40930.247265625,685.3342712910604,38469.09375,37714.875,38609.82421875,41.79617909982001,-1029.4137579534508,-943.9296761928911,37750.453125
2022-05-03,37750.453125,38629.99609375,37585.62109375,38528.109375,27326943244,-0.020215120218891713,38584.07477678572,40640.14348958333,743.2515353351898,38529.328125,38469.09375,37714.875,38.934287451480834,-1067.6284310909396,-968.6694271725008,39698.37109375
2022-05-04,39698.37109375,39902.94921875,37732.05859375,37748.01171875,36754404490,0.051599856624237495,38649.396205357145,40409.333333333336,826.0967724605347,37750.453125,38529.328125,38469.09375,48.44244746089212,-930.0125287076007,-960.9380474795208,36575.140625
2022-05-05,36575.140625,39789.28125,35856.515625,39695.74609375,43106256317,-0.07867402068901796,38192.44084821428,40109.97161458333,972.2094207352551,39698.37109375,37750.453125,38529.328125,38.17809867477882,-1060.741958493214,-980.8988296822596,36040.921875
2022-05-06,36040.921875,36624.359375,35482.1328125,36573.18359375,37795577489,-0.014606061408683924,37825.454799107145,39871.111067708334,1237.1486463520725,36575.140625,39698.37109375,37750.453125,36.743960274827,-1193.692814211361,-1023.45762658808,35501.953125
2022-05-07,35501.953125,36129.92578125,34940.82421875,36042.50390625,24375896406,-0.014954355270636377,37509.32310267857,39604.38125,1520.4208863680358,36040.921875,36575.140625,39698.37109375,35.30310992923678,-1327.247911264487,-1084.2156835233613,34059.265625
2022-05-08,34059.265625,35502.94140625,33878.96484375,35502.94140625,36763041910,-0.040636848764922684,36879.34765625,39330.101302083334,1918.0602828695924,35501.953125,36040.921875,36575.140625,31.717780479673323,-1531.8459455794437,-1173.7417359345777,30296.953125
2022-05-09,30296.953125,34222.07421875,30296.953125,34060.015625,63355494961,-0.11046369999353145,35703.29408482143,38913.928515625,2972.0223106501758,34059.265625,35501.953125,36040.921875,24.67882949841912,-1974.8141098366978,-1333.9562107150018,31022.90625
2022-05-10,31022.90625,32596.30859375,29944.802734375,30273.654296875,59811038817,0.02396125848050934,34742.21595982143,38541.10299479167,3272.2818669877015,30296.953125,34059.265625,35501.953125,27.999158516152363,-2241.453144683983,-1515.455597508798,28936.35546875
2022-05-11,28936.35546875,32013.40234375,28170.4140625,31016.18359375,70388855818,-0.06725839173272163,33204.78515625,38188.25143229167,3078.031289150157,31022.90625,30296.953125,34059.265625,24.63741713455869,-2591.263241206114,-1730.6171262482612,29047.751953125
2022-05-12,29047.751953125,30032.439453125,26350.490234375,28936.734375,66989173272,0.003849706798608521,32129.443917410714,37818.93704427083,3018.6304098723244,28936.35546875,31022.90625,30296.953125,25.15408875878572,-2826.9145859817872,-1949.8766181949663,29283.103515625
2022-05-13,29283.103515625,30924.802734375,28782.330078125,29030.91015625,42841124537,0.008102229834508146,31164.04129464286,37422.816145833334,2612.4941980872372,29047.751953125,28936.35546875,31022.90625,26.30365778458821,-2960.5516735013953,-2152.0116292562525,30101.265625
2022-05-14,30101.265625,30192.802734375,28702.91015625,29285.642578125,28579868620,0.027939733537411415,30392.514508928572,37095.0078125,1784.0026914566154,29283.103515625,29047.751953125,28936.35546875,30.310840627884744,-2966.2481216819833,-2314.8589277413985,31305.11328125
2022-05-15,31305.11328125,31308.19140625,29527.740234375,30098.5859375,25835372065,0.03999325713567892,29999.06417410714,36786.72942708333,948.6959671904395,30101.265625,29283.103515625,29047.751953125,35.83900759254368,-2840.874322217409,-2420.062006636601,29862.91796875
2022-05-16,29862.91796875,31305.341796875,29251.884765625,31304.375,32613897286,-0.046069001557128786,29937.059151785714,36434.67721354167,940.1267495749303,31305.11328125,30101.265625,29283.103515625,32.51170080074708,-2825.3192698196144,-2501.1134592732037,30425.857421875
2022-05-17,30425.857421875,30694.490234375,29570.302734375,29862.408203125,29101473475,0.018850785235190015,29851.766462053572,36124.9740234375,847.7387332670768,29862.91796875,31305.11328125,30101.265625,35.04660200490606,-2736.0280413974688,-2548.096375698057,28720.271484375
2022-05-18,28720.271484375,30618.716796875,28720.271484375,30424.478515625,31285268319,-0.05605711989808215,29820.897321428572,35721.442578125,889.5316211578164,30425.857421875,29862.91796875,31305.11328125,31.220402154895112,-2770.948856976731,-2592.6668719537915,30314.333984375
2022-05-19,30314.333984375,30430.751953125,28708.955078125,28720.359375,33773447707,0.05550304428240649,30001.83761160714,35348.495377604166,833.0815576099644,28720.271484375,30425.857421875,29862.91796875,38.029974391072514,-2639.5690246587546,-2602.047302494784,29200.740234375
2022-05-20,29200.740234375,30664.9765625,28793.60546875,30311.119140625,30749382605,-0.036734890846488066,29990.071428571428,34942.707421875,845.4149371183956,30314.333984375,28720.271484375,30425.857421875,35.39369052808864,-2595.389238373631,-2600.7156896705537,29432.2265625
2022-05-21,29432.2265625,29588.869140625,29027.39453125,29199.859375,17274840442,0.007927413013061102,29894.49441964286,34572.86953125,868.2588408466402,29200.740234375,30314.333984375,28720.271484375,36.38096176020846,-2512.732214529173,-2583.118994642278,30323.72265625
2022-05-22,30323.72265625,30425.861328125,29275.18359375,29432.47265625,21631532270,0.030289794482822652,29754.295758928572,34258.98294270833,655.7492080776203,29432.2265625,29200.740234375,30314.333984375,40.17271137938125,-2348.220815553839,-2536.13935882459,29098.91015625
2022-05-23,29098.91015625,30590.5859375,28975.560546875,30309.396484375,31483454557,-0.04039123144227663,29645.151785714286,33912.722265625,696.9441391861312,30323.72265625,29432.2265625,29200.740234375,36.917221094019176,-2290.2756076323785,-2486.966608586148,29655.5859375
2022-05-24,29655.5859375,29774.35546875,28786.58984375,29101.125,26616506245,0.019130468401079792,29535.11300223214,33585.59869791667,608.3083980698885,29098.91015625,30323.72265625,29432.2265625,39.323911549214856,-2174.3697487038007,-2424.447236609679,29562.361328125
2022-05-25,29562.361328125,30157.78515625,29384.94921875,29653.134765625,27525063551,-0.003143576713387941,29655.411551339286,33222.40045572917,492.56272504007205,29655.5859375,29098.91015625,30323.72265625,39.05519085555314,-2066.217893610712,-2352.8013680098857,29267.224609375
2022-05-26,29267.224609375,29834.16015625,28261.90625,29564.77734375,36774325352,-0.009983529917456657,29505.82449776786,32927.392578125,411.4171750534899,29562.361328125,29655.5859375,29098.91015625,38.16599316673442,-1981.4805614168617,-2278.537206691281,28627.57421875
2022-05-27,28627.57421875,29346.943359375,28326.61328125,29251.140625,36582005748,-0.02185551924250806,29423.94363839286,32573.607682291666,523.9116290741842,29267.224609375,29562.361328125,29655.5859375,36.24018057509425,-1943.536180614934,-2211.537001476012,28814.900390625
2022-05-28,28814.900390625,28814.900390625,28554.56640625,28622.625,35519577634,0.006543557286537771,29335.75418526786,32208.310091145835,572.0320188878429,28627.57421875,29267.224609375,29562.361328125,37.23895653689998,-1876.7157183485833,-2144.5727448505263,29445.95703125
2022-05-29,29445.95703125,29498.009765625,28841.107421875,29019.8671875,18093886409,0.02190035821988534,29210.35909598214,31902.8478515625,384.9933446364852,28814.900390625,28627.57421875,29267.224609375,40.613854944740616,-1752.6357299322262,-2066.185341866866,31726.390625
2022-05-30,31726.390625,31949.630859375,29303.572265625,29443.365234375,39277993274,0.07744470968730455,29585.713448660714,31703.231705729166,1018.2564191472707,29445.95703125,28814.900390625,28627.57421875,50.89086155607967,-1453.534076487129,-1943.6550887909189,31792.310546875
2022-05-31,31792.310546875,32249.86328125,31286.154296875,31723.865234375,33538210634,0.0020777630413166825,29890.959821428572,31480.672265625,1318.6506969464042,31726.390625,29445.95703125,28814.900390625,51.15400611181017,-1197.372114048816,-1794.3984938424983,29799.080078125
2022-06-01,29799.080078125,31957.28515625,29501.587890625,31792.5546875,41135817341,-0.06269536357891181,29924.776785714286,31189.663997395834,1311.8369926212304,31792.310546875,31726.390625,29445.95703125,43.55442171181958,-1142.0342935310618,-1663.9256537802112,30467.48828125
2022-06-02,30467.48828125,30604.734375,29652.705078125,29794.890625,29083562061,0.02243049790035867,30096.243024553572,30946.898502604166,1289.8225961092087,29799.080078125,31792.310546875,31726.390625,46.4285900798063,-1032.3435029213542,-1537.6092236084398,29704.390625
2022-06-03,29704.390625,30633.03515625,29375.689453125,30467.806640625,26175547452,-0.02504629358369581,30250.07393973214,30613.7658203125,1141.1081284761551,30467.48828125,29799.080078125,31792.310546875,43.69320061868108,-995.5127135927105,-1429.189921605294,29832.9140625
2022-06-04,29832.9140625,29930.564453125,29500.005859375,29706.138671875,16588370958,0.004326748833952898,30395.504464285714,30389.024934895835,981.411869880856,29704.390625,30467.48828125,29799.080078125,44.28854067605689,-945.05922592961,-1332.3637824701575,29906.662109375
2022-06-05,29906.662109375,30117.744140625,29574.44921875,29835.1171875,17264085441,0.00247203631266113,30461.319475446428,30184.549609375,920.6900275128432,29832.9140625,29704.390625,30467.48828125,44.65017809821521,-888.8771993667324,-1243.6664658494724,31370.671875
2022-06-06,31370.671875,31693.291015625,29894.1875,29910.283203125,31947336829,0.048952630028413324,30410.502511160714,30046.840234375,846.0162514885193,29906.662109375,29832.9140625,29704.390625,51.3952376470794,-717.9431835839423,-1138.5218093963665,31155.478515625
2022-06-07,31155.478515625,31489.68359375,29311.68359375,31371.7421875,40770974039,-0.006859698773187373,30319.526506696428,29950.047330729165,693.0753148878161,31370.671875,29906.662109375,29832.9140625,50.422570785666196,-593.0052547745363,-1029.4184984720005,30214.35546875
2022-06-08,30214.35546875,31253.69140625,29944.404296875,31151.48046875,30242059107,-0.03020730515832104,30378.8515625,29947.294075520833,657.9869019882278,31155.478515625,31370.671875,29906.662109375,46.296020604372266,-563.4368612440921,-936.2221710264188,30111.998046875
2022-06-09,30111.998046875,30609.310546875,30020.265625,30215.279296875,21692004719,-0.003387708269364409,30328.067243303572,29916.93046875,663.6994275128507,30214.35546875,31155.478515625,31370.671875,45.85645847321641,-542.0150724881096,-857.380751318757,29083.8046875
2022-06-10,29083.8046875,30245.80859375,28978.146484375,30110.330078125,29867476527,-0.03414563715680452,30239.412109375,29921.845442708334,790.2721297795968,30111.998046875,30214.35546875,31155.478515625,41.585202780040376,-601.0759325013678,-806.1197875552792,28360.810546875
2022-06-11,28360.810546875,29401.916015625,28236.212890625,29084.666015625,27246574439,-0.024858994495164377,30029.11160714286,29898.947395833333,1064.6986502041152,29083.8046875,30111.998046875,30214.35546875,38.84528200772794,-698.1735641570413,-784.5305428756317,26762.6484375
2022-06-12,26762.6484375,28502.685546875,26762.6484375,28373.513671875,34163220274,-0.056351073137826724,29579.966796875,29814.9322265625,1635.2456303500899,28360.810546875,29083.8046875,30111.998046875,33.57864817161045,-893.7795285763568,-806.3803400157768,22487.388671875
2022-06-13,22487.388671875,26795.58984375,22141.2578125,26737.578125,68204556440,-0.15974726027617203,28310.926339285714,29561.136328125,2940.208712288144,26762.6484375,28360.810546875,29083.8046875,24.147050010227275,-1377.8929061789422,-920.6828532484101,22206.79296875
2022-06-14,22206.79296875,23018.951171875,20950.818359375,22487.986328125,50913575242,-0.012477914053041661,27032.54268973214,29257.858984375,3405.830233196691,22487.388671875,26762.6484375,28360.810546875,23.676991636525457,-1763.8652335393272,-1089.3193293065935,22572.83984375
2022-06-15,22572.83984375,22642.671875,20178.376953125,22196.73046875,54912007015,0.01648355417709846,25940.897600446428,29014.856380208334,3440.476502151696,22206.79296875,22487.388671875,26762.6484375,25.70872127690201,-2016.9638563027147,-1274.848234705818,20381.650390625
2022-06-16,20381.650390625,22868.921875,20265.2265625,22576.3046875,31183975654,-0.09707194434960298,24550.84793526786,28680.049479166668,3440.027991049308,22572.83984375,22206.79296875,22487.388671875,21.943102309434764,-2367.0708948275606,-1493.2927667301665,20471.482421875
2022-06-17,20471.482421875,21243.3125,20326.51953125,20385.71875,27132421514,0.004407495444594733,23320.516183035714,28405.08984375,3068.666051278458,20381.650390625,22572.83984375,22206.79296875,22.44464013046762,-2607.230026280613,-1716.080218640256,19017.642578125
2022-06-18,19017.642578125,20736.041015625,17708.623046875,20473.42578125,42009436760,-0.07101780974085614,21985.777901785714,28028.533463541666,2487.962286532922,20471.482421875,20381.650390625,22572.83984375,20.184289097167806,-2881.652694854598,-1949.1947138831245,20553.271484375
2022-06-19,20553.271484375,20683.822265625,18067.15234375,19010.90234375,35329942625,0.0807475952890373,21098.724051339286,27740.284505208332,1345.6887221211973,19017.642578125,20471.482421875,20381.650390625,28.387882965152116,-2941.316551559521,-2147.6190814184038,20599.537109375
2022-06-20,20599.537109375,20913.322265625,19689.169921875,20553.37109375,30818458597,0.002251010260589048,20829.03097098214,27445.8615234375,1202.5616056719184,20553.271484375,19017.642578125,20471.482421875,28.62590284494202,-2950.8517563675377,-2308.265616408231,20710.59765625
2022-06-21,20710.59765625,21620.62890625,20415.0625,20594.294921875,28970212744,0.0053914098304885805,20615.28878348214,27125.4240234375,1038.6629836109328,20599.537109375,20553.271484375,19017.642578125,29.233950653138237,-2915.8348873767536,-2429.779470601936,19987.029296875
2022-06-22,19987.029296875,20835.75,19848.078125,20719.4140625,28574793478,-0.034937106663198714,20245.887276785714,26821.694661458332,588.844387770107,20710.59765625,20599.537109375,20553.271484375,27.585118682804733,-2912.8916837885154,-2526.401913239252,21085.876953125
2022-06-23,21085.876953125,21135.76171875,19950.1171875,19986.607421875,26188097173,0.05497803800296652,20346.491071428572,26536.0376953125,670.4139824083333,19987.029296875,20710.59765625,20599.537109375,33.700734681149626,-2789.73304533575,-2579.0681396585514,21231.65625
2022-06-24,21231.65625,21472.91796875,20777.51171875,21084.6484375,24957784918,0.006913598955313738,20455.087332589286,26258.347526041667,750.785362909403,21085.876953125,19987.029296875,20710.59765625,34.49115010811079,-2649.8202873062546,-2593.2185691880923,21502.337890625
2022-06-25,21502.337890625,21520.9140625,20964.5859375,21233.609375,18372538715,0.012748964915301864,20810.043805803572,25999.51796875,505.0741844828931,21231.65625,21085.876953125,19987.029296875,36.01647544426023,-2488.4118099705374,-2572.2572173445815,21027.294921875
2022-06-26,21027.294921875,21783.724609375,21016.26953125,21496.494140625,18027170497,-0.02209261947079333,20877.76143973214,25746.175325520835,496.6161944860212,21502.337890625,21231.65625,21085.876953125,34.49830998217939,-2371.4893729842006,-2532.1036484725055,20735.478515625
2022-06-27,20735.478515625,21478.08984375,20620.19921875,21028.23828125,20965695707,-0.013877981325425726,20897.181640625,25476.861263020834,486.47739084590575,21027.294921875,21502.337890625,21231.65625,33.56240352247981,-2276.13675677856,-2480.9102701337165,20280.634765625
2022-06-28,20280.634765625,21164.423828125,20228.8125,20731.544921875,21381535161,-0.02193553187871977,20835.758370535714,25171.350520833334,538.3413182967963,20735.478515625,21027.294921875,21502.337890625,32.10061293968482,-2211.7752425800863,-2427.0832646229906,20104.0234375
2022-06-29,20104.0234375,20364.15625,19937.791015625,20281.169921875,23552740328,-0.008708372798288844,20852.471819196428,24783.93828125,508.59411552797076,20280.634765625,20735.478515625,21027.294921875,31.526433085421004,-2150.2327919037307,-2371.7131700791388,19784.7265625
2022-06-30,19784.7265625,20141.16015625,18729.65625,20108.3125,26267239923,-0.01588223750298734,20666.593191964286,24383.685481770834,631.8957949851587,20104.0234375,20280.634765625,20735.478515625,30.465462847853644,-2102.9826705259184,-2317.967070168495,19269.3671875
2022-07-01,19269.3671875,20632.671875,19073.708984375,19820.470703125,30767551159,-0.02604834458398897,20386.266183035714,24032.695052083334,761.4257896396422,19784.7265625,20104.0234375,20280.634765625,28.781831562236462,-2083.1090193549717,-2270.9954600057904,19242.255859375
2022-07-02,19242.255859375,19371.748046875,19027.08203125,19274.8359375,18100418740,-0.0014069651515379311,20063.397321428572,23658.520638020833,684.5982824940194,19269.3671875,19784.7265625,20104.0234375,28.692000748024256,-2045.9620878394999,-2225.9887855725324,19297.076171875
2022-07-03,19297.076171875,19558.26953125,18966.951171875,19242.095703125,16390821947,0.002848954556089245,19816.223214285714,23311.61015625,583.4570957914152,19242.255859375,19269.3671875,19784.7265625,29.17337059250511,-1989.1694289559891,-2178.624914249224,20231.26171875
2022-07-04,20231.26171875,20258.748046875,19063.06640625,19297.314453125,21594638208,0.04841073013105235,19744.192243303572,22991.555078125,471.4234687729011,19297.076171875,19242.255859375,19269.3671875,36.98050838890566,-1847.4832345933391,-2112.396578318047,20190.115234375
2022-07-05,20190.115234375,20635.466796875,19341.232421875,20225.353515625,26715546990,-0.0020338071321012174,19731.260881696428,22667.670182291666,455.21912578443175,20231.26171875,19297.076171875,19242.255859375,36.788160415196124,-1718.7039330958978,-2033.6580492736173,20548.24609375
2022-07-06,20548.24609375,20595.529296875,19823.51171875,20194.619140625,24598943708,0.017737930428710857,19794.721261160714,22306.92265625,539.0839591771129,20190.115234375,20231.26171875,19297.076171875,39.72671197948121,-1569.6532558688887,-1940.8570905926717,21637.587890625
2022-07-07,21637.587890625,21771.81640625,20296.103515625,20547.814453125,25814972520,0.053013857820514154,20059.41573660714,21989.659635416665,880.2731065717846,20548.24609375,20190.115234375,20231.26171875,47.69213725732949,-1348.0888126398204,-1822.3034350021014,21731.1171875
2022-07-08,21731.1171875,22314.94140625,21257.453125,21637.154296875,49899834488,0.004322538045727464,20411.094308035714,21706.885026041666,996.155004728855,21637.587890625,20548.24609375,20190.115234375,48.32359538814133,-1151.6745748875328,-1688.1776629791877,21592.20703125
2022-07-09,21592.20703125,21877.138671875,21445.95703125,21716.828125,29641127858,-0.006392223420980114,20746.801618303572,21422.8919921875,930.4028625079853,21731.1171875,21637.587890625,20548.24609375,47.4082137631197,-995.7454315643736,-1549.691216696225,20860.44921875
2022-07-10,20860.44921875,21591.080078125,20727.123046875,21591.080078125,28688807249,-0.03388990349346599,20970.140625,21148.780143229167,677.734786262059,21592.20703125,21731.1171875,21637.587890625,42.807924177877524,-920.605040139515,-1423.8739813848829,19970.556640625
2022-07-11,19970.556640625,20856.353515625,19924.5390625,20856.353515625,24150249025,-0.04265931997884009,20932.897042410714,20869.105013020835,730.2354820726516,20860.44921875,21592.20703125,21731.1171875,37.98117358199941,-922.2317192993614,-1323.5455289677786,19323.9140625
2022-07-12,19323.9140625,20043.4453125,19308.53125,19970.474609375,25810220018,-0.03237979740682695,20809.15401785714,20621.147200520834,924.6060618880812,19970.556640625,20860.44921875,21592.20703125,34.90162060640253,-964.5804431718971,-1251.7525118086023,20212.07421875
2022-07-13,20212.07421875,20223.052734375,18999.953125,19325.97265625,33042430345,0.04596171114078618,20761.129464285714,20545.303385416668,948.8295469946888,19323.9140625,19970.556640625,20860.44921875,41.872859001324485,-915.9168902296151,-1184.585387492805,20569.919921875
2022-07-14,20569.919921875,20789.89453125,19689.2578125,20211.466796875,31158743333,0.017704551212910147,20608.60546875,20490.740950520834,866.718119018456,20212.07421875,19323.9140625,19970.556640625,44.45382974781427,-838.8062796668019,-1115.4295659276045,20836.328125
2022-07-15,20836.328125,21138.244140625,20397.0,20573.15625,25905575359,0.012951348577769028,20480.778459821428,20432.8572265625,728.5429096223951,20569.919921875,20212.07421875,19323.9140625,46.36325645227376,-747.5810012880575,-1041.859852999695,21190.31640625
2022-07-16,21190.31640625,21514.404296875,20518.8984375,20834.103515625,24302954056,0.01698899533192111,20423.36551339286,20459.812760416666,636.3627804532849,20836.328125,20569.919921875,20212.07421875,48.877939180428925,-639.3503818170939,-961.3579587631748,20779.34375
2022-07-17,20779.34375,21600.640625,20778.1796875,21195.041015625,22927802083,-0.01939436147960416,20411.77901785714,20470.0748046875,627.7584648805379,21190.31640625,20836.328125,20569.919921875,46.17146918859139,-580.0524117122986,-885.0968493529997,22485.689453125
2022-07-18,22485.689453125,22633.033203125,20781.912109375,20781.912109375,39974475562,0.08211740099467768,20771.08370535714,20585.6763671875,963.2594354154521,20779.34375,21190.31640625,20836.328125,56.8539111544104,-390.86485868332966,-786.2504512190658,23389.43359375
2022-07-19,23389.43359375,23666.962890625,21683.40625,22467.849609375,48765202697,0.0401919693193753,21351.872209821428,20680.215104166666,1152.349888554989,22485.689453125,20779.34375,21190.31640625,61.24115703125927,-166.09314228675066,-662.2189894326028,23231.732421875
2022-07-20,23231.732421875,24196.818359375,23009.94921875,23393.19140625,42932549127,-0.006742410894342465,21783.251953125,20767.954947916667,1217.8927956241594,23389.43359375,22485.689453125,20779.34375,60.092877428812436,-0.6772968004079303,-529.9106509061638,23164.62890625
2022-07-21,23164.62890625,23388.322265625,22431.1484375,23233.201171875,33631012204,-0.0028884421706671937,22153.924665178572,20849.755989583333,1181.3704627916345,23231.732421875,23389.43359375,22485.689453125,59.580951958863835,123.57674382194455,-399.2131719605422,22714.978515625
2022-07-22,22714.978515625,23671.927734375,22603.416015625,23163.751953125,31421555646,-0.01941107679491816,22422.303292410714,20940.687630208333,1036.6892968857135,23164.62890625,23231.732421875,23389.43359375,56.130342454754555,183.64894683720922,-282.6407482009919,22465.478515625
2022-07-23,22465.478515625,22977.2109375,22002.91015625,22706.984375,24021799169,-0.010983941711781742,22604.469308035714,20986.674348958335,885.073386896179,22714.978515625,23164.62890625,23231.732421875,54.252795713992825,208.7180637655547,-184.36898580768258,22609.1640625
2022-07-24,22609.1640625,22974.001953125,22306.83984375,22465.509765625,23565495303,0.006395837363315726,22865.872209821428,21032.591276041665,385.3024352898384,22465.478515625,22714.978515625,23164.62890625,55.18254840135323,237.44265126622122,-100.00665839290181,21361.701171875
2022-07-25,21361.701171875,22649.12109375,21361.642578125,22607.15625,35574561406,-0.05517510011323534,22705.30245535714,21027.903385416666,686.5688676804544,22609.1640625,22465.478515625,22714.978515625,46.371062271743085,157.7290615799502,-48.45951439833141,21239.75390625
2022-07-26,21239.75390625,21361.12109375,20776.81640625,21361.12109375,28624673855,-0.005708686992848544,22398.20535714286,21034.9853515625,800.8222442754222,21361.701171875,22609.1640625,22465.478515625,45.604436147647334,83.7499252621601,-22.017626466233107,22930.548828125
2022-07-27,22930.548828125,22986.529296875,21070.806640625,21244.169921875,31758955233,0.0796052030234431,22355.179129464286,21108.154361979166,755.3763974708819,21239.75390625,21361.701171875,22609.1640625,56.373749422057834,159.712875758054,14.328473978624313,23843.88671875
2022-07-28,23843.88671875,24110.470703125,22722.265625,22933.640625,40212386158,0.0398306162434614,22452.215959821428,21226.929427083334,905.417889823502,22930.548828125,21239.75390625,21361.701171875,60.87937906846013,290.2667812305299,69.51613542900543,23804.6328125
2022-07-29,23804.6328125,24294.787109375,23481.173828125,23845.212890625,35887249746,-0.0016462880701044735,22607.880859375,21350.283072916667,1041.5577746241543,23843.88671875,22930.548828125,21239.75390625,60.589749533062104,386.11335531887016,132.83557940697838,23656.20703125
2022-07-30,23656.20703125,24572.580078125,23580.5078125,23796.818359375,28148218301,-0.006235163651508224,22777.984933035714,21479.332421875,1109.4455936248048,23804.6328125,23843.88671875,22930.548828125,59.438286342504114,444.96643958672576,195.26175144292787,23336.896484375
2022-07-31,23336.896484375,24121.642578125,23275.703125,23652.0703125,23553591896,-0.013497960448739299,22881.946707589286,21614.916731770834,1124.9772170429903,23656.20703125,23804.6328125,23843.88671875,56.93163925194653,460.5334968597017,248.31610052628267,23314.19921875
2022-08-01,23314.19921875,23464.787109375,22890.796875,23336.71875,25849159141,-0.0009725914343493569,23160.875,21750.648177083334,905.9554101969032,23336.896484375,23656.20703125,23804.6328125,56.7484391145926,465.6710561905529,291.78709165913676,22978.1171875
2022-08-02,22978.1171875,23415.041015625,22710.083984375,23308.43359375,28389250717,-0.014415336683737068,23409.21261160714,21873.349544270834,373.1676136799864,23314.19921875,23336.896484375,23656.20703125,53.9786266002238,437.57945424246645,320.9455641758027,22846.5078125
2022-08-03,22846.5078125,23578.650390625,22747.8359375,22981.302734375,26288169966,-0.0057275961266136655,23397.20675223214,21960.5244140625,392.0104369578136,22978.1171875,23314.19921875,23336.896484375,52.889957522636664,400.0849503886384,336.7734414183699,22630.95703125
2022-08-04,22630.95703125,23198.009765625,22485.701171875,22848.21484375,25120229769,-0.009434736504108754,23223.931082589286,22041.885807291666,428.0727225384057,22846.5078125,22978.1171875,23314.19921875,51.073128832765455,348.95460783491944,339.20967470167983,23289.314453125
2022-08-05,23289.314453125,23422.828125,22612.177734375,22626.833984375,28881249043,0.029091011085651708,23150.31417410714,22133.254752604167,348.47330749252524,22630.95703125,22846.5078125,22978.1171875,56.04012708601664,357.4370727320311,342.8551543077501,22961.279296875
2022-08-06,22961.279296875,23326.5625,22961.279296875,23291.423828125,15978259885,-0.014085221654344782,23051.03878348214,22177.377799479167,270.62250948028674,23289.314453125,22630.95703125,22846.5078125,53.145096847968944,333.841474956469,341.05241843749394,23175.890625
2022-08-07,23175.890625,23359.009765625,22894.556640625,22963.505859375,15886817043,0.009346662498644243,23028.037946428572,22225.5369140625,248.1898948583989,22961.279296875,23289.314453125,22630.95703125,54.79060348236172,328.670426236793,338.5760199973538,23809.486328125
2022-08-08,23809.486328125,24203.689453125,23176.546875,23179.52734375,28575544847,0.02733856978257987,23098.79324776786,22299.446223958334,379.3236204669676,23175.890625,22961.279296875,23289.314453125,59.331550856961854,371.41674983976554,345.1441659658361,23164.318359375
2022-08-09,23164.318359375,23898.615234375,22982.0,23811.484375,23555719219,-0.02709709734425869,23125.393415178572,22376.241861979168,375.96460397454626,23809.486328125,23175.890625,22961.279296875,53.44488770298938,349.20839903195156,345.9570125790592,23947.642578125
2022-08-10,23947.642578125,24127.4140625,22771.51953125,23162.8984375,32837431722,0.033815983988709775,23282.698381696428,22508.811393229167,460.65150236682473,23164.318359375,23809.486328125,23175.890625,58.79090110505052,390.3165131536698,354.82891269398135,23957.529296875
2022-08-11,23957.529296875,24822.62890625,23900.99609375,23948.345703125,37127036580,0.00041284726535173455,23472.20870535714,22663.265234375,418.81373675696625,23947.642578125,23164.318359375,23809.486328125,58.85512161600041,418.86435775725477,367.6360017066361,24402.818359375
2022-08-12,24402.818359375,24412.56640625,23657.265625,23957.203125,27265804688,0.018586602023192844,23631.280691964286,22802.956705729168,533.5238855583546,23957.529296875,23947.642578125,23164.318359375,61.746632569471004,471.9791542955936,388.5046322244276,24424.068359375
2022-08-13,24424.068359375,24860.05078125,24346.115234375,24402.1875,22987346289,0.0008708010561344626,23840.250558035714,22931.4283203125,513.4552886187354,24402.818359375,23957.529296875,23947.642578125,61.88429473871926,509.9097880017471,412.7856633798915,24319.333984375
2022-08-14,24319.333984375,24974.9140625,24206.259765625,24429.056640625,22994133555,-0.004288162539464846,24003.599609375,23047.528515625,444.06914274299254,24424.068359375,24402.818359375,23957.529296875,60.72438798378282,525.4617042900245,435.3208715619181,24136.97265625
2022-08-15,24136.97265625,25135.58984375,23839.775390625,24318.31640625,35123501685,-0.007498615226969818,24050.383370535714,23145.750390625,437.4112829545486,24319.333984375,24424.068359375,24402.818359375,58.6626544861237,517.1107441037493,451.6788460702844,23883.291015625
2022-08-16,23883.291015625,24228.416015625,23733.5,24126.13671875,27753685646,-0.010510085263709001,24153.09375,23249.215299479165,229.8312712455848,24136.97265625,24319.333984375,24424.068359375,55.8232611463179,484.4382570235757,458.23072826094267,23335.998046875
2022-08-17,23335.998046875,24407.05859375,23243.353515625,23881.31640625,30931623076,-0.02291530796119967,24065.715959821428,23277.558919270832,384.9081137057798,23883.291015625,24136.97265625,24319.333984375,50.18023510522548,409.6607923508054,448.51674107891523,23212.73828125
2022-08-18,23212.73828125,23563.83203125,23177.6015625,23341.0390625,23747613147,-0.005281958173694035,23959.317243303572,23271.669075520833,504.23990552519035,23335.998046875,23883.291015625,24136.97265625,48.97936467727277,336.5732727157156,426.1280474062753,20877.552734375
2022-08-19,20877.552734375,23213.3125,20868.84765625,23213.3125,40509610260,-0.10059931398792521,23455.707868303572,23193.196419270833,1228.1944555840325,23212.73828125,23335.998046875,23883.291015625,32.91056251724831,89.19277042793328,358.74099201060693,21166.060546875
2022-08-20,21166.060546875,21350.806640625,20856.73046875,20872.841796875,27595671000,0.013819043648011897,22990.278180803572,23126.577473958332,1404.7039416532205,20877.552734375,23212.73828125,23335.998046875,35.71657891625847,-82.62543601323705,270.46770640583816,21534.12109375
2022-08-21,21534.12109375,21668.845703125,21103.197265625,21160.392578125,23102307723,0.01738918520335342,22592.390625,23087.215559895834,1359.2253655362279,21166.060546875,20877.552734375,23212.73828125,39.20972337693615,-186.93828420346472,178.98650828397757,21398.908203125
2022-08-22,21398.908203125,21531.462890625,20939.18359375,21531.462890625,31666498758,-0.006279006699941081,22201.23856026786,23051.663216145833,1228.320577167404,21534.12109375,21166.060546875,20877.552734375,38.38452707511516,-277.32073734591177,87.72505915799971,21528.087890625
2022-08-23,21528.087890625,21646.203125,20955.138671875,21401.044921875,31878280659,0.006036741981122917,21864.78097098214,23015.62734375,990.2890182087485,21398.908203125,21534.12109375,21166.060546875,39.690428962885235,-334.66791801482395,3.246463723434985,21395.01953125
2022-08-24,21395.01953125,21783.076171875,21195.005859375,21526.455078125,31962253368,-0.006181150878381003,21587.49832589286,23016.737955729168,752.9974000060851,21528.087890625,21398.908203125,21534.12109375,38.77867228031348,-386.39930569115677,-74.68269015948337,21600.904296875
2022-08-25,21600.904296875,21789.63671875,21362.44140625,21395.458984375,31028679593,0.009623023027591993,21357.236328125,23028.776302083334,254.84021162023487,21395.01953125,21528.087890625,21398.908203125,41.0355974413199,-406.1023283427967,-140.96661779614604,20260.01953125
2022-08-26,20260.01953125,21804.908203125,20199.482421875,21596.0859375,42326789564,-0.06207539958496022,21269.01729910714,22939.758658854167,467.0780395925299,21600.904296875,21395.01953125,21528.087890625,32.605120398286346,-523.8763891784947,-217.5485720726158,20041.73828125
2022-08-27,20041.73828125,20340.775390625,19890.5234375,20262.48046875,30116729776,-0.010773990107132536,21108.399832589286,22813.020377604167,661.3117357955416,20260.01953125,21600.904296875,21395.01953125,31.471623854493117,-627.5921617514396,-299.55729000838056,19616.814453125
2022-08-28,19616.814453125,20139.0546875,19616.814453125,20041.03515625,24366810591,-0.021201944769558057,20834.498883928572,22673.426432291668,830.9066850627789,20041.73828125,20260.01953125,21600.904296875,29.333753491994457,-735.5959680137021,-386.7650256094449,20297.994140625
2022-08-29,20297.994140625,20357.462890625,19600.78515625,19615.154296875,32637854078,0.03472427641744291,20677.225446428572,22561.486002604168,810.2026944621182,19616.814453125,20041.73828125,20260.01953125,36.751129206011676,-757.4923543386831,-460.91049135529255,19796.80859375
2022-08-30,19796.80859375,20542.64453125,19617.640625,20298.611328125,34483360283,-0.024691382971281484,20429.899832589286,22443.483072916668,770.4487499061481,20297.994140625,19616.814453125,20041.73828125,33.929276231464,-805.9958646934247,-529.927566022919,20049.763671875
2022-08-31,20049.763671875,20420.990234375,19799.58203125,19799.58203125,33225232872,0.012777568511970205,20237.72042410714,22334.6685546875,647.5678407214006,19796.80859375,20297.994140625,19616.814453125,36.57622379515259,-814.6332997398058,-586.8687127662964,20127.140625
2022-09-01,20127.140625,20198.390625,19653.96875,20050.498046875,30182031010,0.0038592451457939436,20027.182756696428,22239.636002604166,244.86033611850695,20049.763671875,19796.80859375,20297.994140625,37.40235152149757,-805.9444300853793,-630.6838562301131,19969.771484375
2022-09-02,19969.771484375,20401.568359375,19814.765625,20126.072265625,29123998928,-0.007818752974256604,19985.71875,22143.744791666668,222.4064405805299,20127.140625,20049.763671875,19796.80859375,36.36489461200402,-802.506022855152,-665.0482895551208,19832.087890625
2022-09-03,19832.087890625,20037.009765625,19698.35546875,19969.71875,23613051457,-0.006894600364241943,19955.768694196428,22050.449153645834,227.65945365925072,19969.771484375,20127.140625,20049.763671875,35.438712479627284,-801.6500528986508,-692.3686422238268,19986.712890625
2022-09-04,19986.712890625,19999.689453125,19636.81640625,19832.470703125,25245861652,0.007796708085036963,20008.611328125,21940.362434895833,171.99521266172803,19832.087890625,19969.771484375,20127.140625,37.36798100748936,-779.5090501931445,-709.7967238176903,19812.37109375
2022-09-05,19812.37109375,20031.16015625,19673.046875,19988.7890625,28813460025,-0.008722884940063236,19939.23660714286,21835.398828125,128.17434292725423,19986.712890625,19832.087890625,19969.771484375,36.059560290017856,-767.1864244601347,-721.2746639461792,18837.66796875
2022-09-06,18837.66796875,20155.26953125,18800.171875,19817.724609375,43403978910,-0.04919669232863699,19802.21651785714,21690.79140625,439.75716123135845,19812.37109375,19986.712890625,19832.087890625,29.781208819880575,-826.5431758150662,-742.3283663199567,19290.32421875
2022-09-07,19290.32421875,19427.171875,18644.466796875,18837.68359375,35239757134,0.024029314602578067,19693.725167410714,21540.152669270832,461.641940197629,18837.66796875,19812.37109375,19986.712890625,35.40590253319995,-827.5191271522344,-759.3665184864122,19329.833984375
2022-09-08,19329.833984375,19417.3515625,19076.71484375,19289.94140625,32194477850,0.0020481649337233954,19579.82421875,21412.3365234375,434.4409313837912,19290.32421875,18837.66796875,19812.37109375,35.8886291087027,-815.7015678121024,-770.6335283515504,21381.15234375
2022-09-09,21381.15234375,21439.41015625,19310.962890625,19328.140625,48469528171,0.10612188190716765,19781.450055803572,21326.786848958334,810.4100643032988,19329.833984375,19290.32421875,18837.66796875,54.782723225835376,-633.5091200847892,-743.2086466981982,21680.5390625
2022-09-10,21680.5390625,21760.275390625,21168.72265625,21376.912109375,36913738894,0.014002365912589188,20045.514508928572,21250.887174479165,1084.470028105503,21381.15234375,19329.833984375,19290.32421875,56.78449583206804,-459.66357099547895,-686.4996315576544,21769.255859375
2022-09-11,21769.255859375,21770.552734375,21406.9453125,21678.54296875,34493951963,0.004092001431295067,20300.163504464286,21163.1017578125,1262.9565370977257,21680.5390625,21381.15234375,19329.833984375,57.38652194162404,-311.14433852812,-611.4285729517476,22370.44921875
2022-09-12,22370.44921875,22439.181640625,21603.896484375,21770.1484375,50212088965,0.027616624254801714,20665.60323660714,21094.647786458332,1453.9413907038972,21769.255859375,21680.5390625,21381.15234375,61.31900109175895,-143.27886745935393,-517.798631853269,20296.70703125
2022-09-13,20296.70703125,22673.8203125,20062.669921875,22371.48046875,51091116622,-0.09270006906083372,20874.03738839286,20960.560221354168,1236.5474046074453,22370.44921875,21769.255859375,21680.5390625,45.66492429980015,-175.55425559682408,-449.34975660198,20241.08984375
2022-09-14,20241.08984375,20467.201171875,19793.396484375,20184.5546875,37872380889,-0.0027402074343571003,21009.86104910714,20830.6974609375,1075.3011691264974,20296.70703125,22370.44921875,21769.255859375,45.33068033872232,-203.27732102536174,-400.1352694866564,19701.2109375
2022-09-15,19701.2109375,20318.166015625,19636.734375,20242.2890625,36389011503,-0.026672422800232853,21062.914899553572,20691.294791666667,983.870488173742,20241.08984375,20296.70703125,22370.44921875,42.108687631024225,-265.74838394202015,-373.25789237772915,19772.583984375
2022-09-16,19772.583984375,19870.62890625,19400.076171875,19704.005859375,30123362273,0.003622774615297697,20833.11941964286,20572.514322916668,1080.2811275049742,19701.2109375,20241.08984375,20296.70703125,42.68864431581496,-305.9709009044527,-359.8004940830739,20127.576171875
2022-09-17,20127.576171875,20162.53125,19777.033203125,19777.033203125,24957448100,0.017953757980268437,20611.267578125,20469.6755859375,1035.7917610003396,19772.583984375,19701.2109375,20241.08984375,45.60735841762342,-305.67895592169225,-348.97618645079757,19419.505859375
2022-09-18,19419.505859375,20127.234375,19387.4921875,20127.234375,31254779144,-0.035179114785287124,20275.589006696428,20421.0740234375,977.0521859560001,20127.576171875,19772.583984375,19701.2109375,41.11015751238753,-358.4509446853772,-350.8711380977135,19544.12890625
2022-09-19,19544.12890625,19639.48046875,18390.318359375,19418.572265625,40177002624,0.006417415961943007,19871.828962053572,20367.009635416667,349.5771730339093,19419.505859375,20127.576171875,19772.583984375,42.19062647572133,-385.77016924028067,-357.85094432622697,18890.7890625
2022-09-20,18890.7890625,19602.45703125,18813.455078125,19545.591796875,36791346508,-0.033428956945789956,19670.983537946428,20278.898567708333,453.27896479923527,19544.12890625,19419.505859375,20127.576171875,38.2305141467432,-454.8961569913845,-377.2599868592585,18547.400390625
2022-09-21,18547.400390625,19674.630859375,18290.314453125,18891.283203125,46363793975,-0.018177571658806957,19429.027901785714,20183.848307291668,541.6627332444266,18890.7890625,19544.12890625,19419.505859375,36.301870305771814,-531.2635211397828,-408.0606937153634,19413.55078125
2022-09-22,19413.55078125,19456.91015625,18415.591796875,18534.650390625,41135767926,0.04669928789927913,19387.93359375,20113.363736979165,528.319007288498,18547.400390625,18890.7890625,19544.12890625,43.97878079977867,-515.9465984011767,-429.63787465252614,19297.638671875
2022-09-23,19297.638671875,19464.671875,18617.552734375,19412.400390625,38896078052,-0.005970680514919002,19320.08426339286,20043.451041666667,500.44952613839615,19413.55078125,18547.400390625,18890.7890625,43.22794567623371,-507.3129770786145,-445.1728951377438,18937.01171875
2022-09-24,18937.01171875,19310.197265625,18861.974609375,19296.990234375,26149643168,-0.01868762076318642,19150.00362723214,19954.654622395832,363.98438654472244,19297.638671875,19413.55078125,18547.400390625,40.88899079996072,-523.5353614532032,-460.84538840083576,18802.09765625
2022-09-25,18802.09765625,19134.732421875,18696.46875,18936.310546875,23359966112,-0.007124358610731463,19061.80245535714,19906.0572265625,362.59683450635976,18937.01171875,19297.638671875,19413.55078125,40.01665882523397,-541.0413671717142,-476.8845841550115,19222.671875
2022-09-26,19222.671875,19274.873046875,18721.28515625,18803.900390625,44148798321,0.022368473265013344,19015.880022321428,19878.755013020833,307.4998271864228,18802.09765625,18937.01171875,19297.638671875,44.025645426655714,-515.0411050033508,-484.5158883246794,19110.546875
2022-09-27,19110.546875,20338.455078125,18915.66796875,19221.83984375,58571439619,-0.005832956039052206,19047.273995535714,19861.879427083335,303.79594472986025,19222.671875,18802.09765625,18937.01171875,43.19675042359734,-497.7455593728264,-487.16182253430884,19426.720703125
2022-09-28,19426.720703125,19688.34375,18553.296875,19104.62109375,53071298734,0.016544467837213528,19172.891183035714,19832.836979166666,237.13578903654684,19110.546875,19222.671875,18802.09765625,46.26880170478147,-453.30076030335476,-480.38961008811805,19573.05078125
2022-09-29,19573.05078125,19589.265625,18924.353515625,19427.779296875,41037843771,0.007532412719634118,19195.676897321428,19825.378385416665,269.5603318534658,19426.720703125,19110.546875,19222.671875,47.67913755017517,-401.64046123549633,-464.63978031759376,19431.7890625
2022-09-30,19431.7890625,20109.849609375,19265.662109375,19573.431640625,43975248085,-0.0072171538473359,19214.841238839286,19804.779231770834,282.4766899610817,19573.05078125,19426.720703125,19110.546875,46.41263006100994,-367.8575097722387,-445.2833262085228,19312.095703125
2022-10-01,19312.095703125,19471.154296875,19231.08203125,19431.10546875,18719537670,-0.0061596674907298254,19268.424665178572,19777.611067708334,255.2545741577996,19431.7890625,19573.05078125,19426.720703125,45.31427029560027,-346.74546524521793,-425.57575401586183,19044.107421875
2022-10-02,19044.107421875,19370.30859375,18970.62109375,19311.849609375,20765955327,-0.013876706359042923,19302.997488839286,19746.755598958334,189.48164871863986,19312.095703125,19431.7890625,19573.05078125,42.86817239219859,-347.6311568950405,-409.9868345916976,19623.580078125
2022-10-03,19623.580078125,19653.54296875,19025.2265625,19044.068359375,30484729489,0.030427924155919772,19360.270089285714,19739.805338541668,219.38539460198578,19044.107421875,19312.095703125,19431.7890625,49.247802819894495,-298.1377272686077,-387.61701312707964,20336.84375
2022-10-04,20336.84375,20380.34375,19523.83984375,19623.583984375,35887278685,0.036347275524413414,19535.45535714286,19751.4763671875,401.0995289443973,19623.580078125,19044.107421875,19312.095703125,55.79152402439834,-199.06471624626283,-349.9065537509163,20160.716796875
2022-10-05,20160.716796875,20343.748046875,19801.80078125,20335.900390625,33223790572,-0.008660486125090072,19640.311941964286,19763.087890625,459.61021748237215,20336.84375,19623.580078125,19044.107421875,53.94201067418964,-133.22488089404214,-306.5702191795415,19955.443359375
2022-10-06,19955.443359375,20408.392578125,19900.087890625,20161.0390625,34711412966,-0.01018185214187517,19694.939453125,19800.3470703125,472.81848239300155,20160.716796875,20336.84375,19623.580078125,51.78722775128662,-96.49782107797728,-264.55573955922864,19546.849609375
2022-10-07,19546.849609375,20041.0859375,19395.79296875,19957.55859375,29227315390,-0.02047530303595302,19711.37667410714,19808.897916666665,464.06448938608895,19955.443359375,20160.716796875,20336.84375,47.70251675362461,-99.21774206450573,-231.48814006028408,19416.568359375
2022-10-08,19416.568359375,19601.6953125,19299.4140625,19546.328125,16437423167,-0.006665076603316944,19726.301339285714,19811.7890625,450.56677845556334,19546.849609375,19955.443359375,20160.716796875,46.44460880427838,-110.61085403897232,-207.31268285602175,19446.42578125
2022-10-09,19446.42578125,19542.5390625,19349.259765625,19417.478515625,16837262532,0.0015377290838616275,19783.775390625,19747.298177083332,366.94265039629147,19416.568359375,19546.849609375,19955.443359375,46.79090562731876,-115.89477017664103,-189.02910032014563,19141.484375
2022-10-10,19141.484375,19515.466796875,19102.978515625,19446.416015625,27425022774,-0.01568110303046133,19714.90457589286,19662.663020833334,439.9913519664616,19446.42578125,19416.568359375,19546.849609375,43.68407730346097,-143.03966257593493,-179.8312127713035,19051.41796875
2022-10-11,19051.41796875,19241.9609375,18925.603515625,19139.0,28711532910,-0.00470529894576166,19531.272321428572,19572.068424479166,403.92137152400744,19141.484375,19446.42578125,19416.568359375,42.780566285906595,-169.8617313352006,-177.83731648408292,19157.4453125
2022-10-12,19157.4453125,19203.19921875,19029.7578125,19052.646484375,24950173846,0.005565325579645286,19387.947823660714,19464.968294270835,310.55534921453466,19051.41796875,19141.484375,19446.42578125,44.24258406708335,-180.4824047211223,-178.3663341314908,19382.904296875
2022-10-13,19382.904296875,19453.328125,18319.822265625,19156.966796875,44219840004,0.011768739552548313,19306.15652901786,19434.508203125,186.9996847171404,19157.4453125,19051.41796875,19141.484375,47.324710020884005,-168.7613334953203,-176.4453340042567,19185.65625
2022-10-14,19185.65625,19889.146484375,19115.408203125,19382.533203125,38452356727,-0.010176392755898878,19254.557477678572,19399.327083333334,156.9305664530322,19382.904296875,19157.4453125,19051.41796875,44.98201118278295,-173.38983888399162,-175.8342349802037,19067.634765625
2022-10-15,19067.634765625,19212.541015625,19019.25,19185.4375,16192235532,-0.0061515479500473536,19204.709821428572,19378.207877604167,152.2400893225817,19185.65625,19382.904296875,19157.4453125,43.5915345257632,-184.45502745620252,-177.55839347540348,19268.09375
2022-10-16,19268.09375,19389.603515625,19068.9140625,19068.9140625,17988916650,0.010513049302600663,19179.233816964286,19361.391536458334,115.54941102271856,19067.634765625,19185.65625,19382.904296875,46.61031365791116,-175.03125305459253,-177.0529653912413,19550.7578125
2022-10-17,19550.7578125,19635.802734375,19173.333984375,19268.5625,27472552998,0.014670058500208416,19237.70145089286,19342.1642578125,179.25113095690043,19268.09375,19067.634765625,19185.65625,50.623053784166636,-143.10459572507534,-170.26329145800813,19334.416015625
2022-10-18,19334.416015625,19666.994140625,19144.76953125,19550.466796875,30580012344,-0.011065647631146036,19278.129743303572,19339.3279296875,161.24352763098997,19550.7578125,19268.09375,19067.634765625,47.66992329189033,-133.71804633471038,-162.95424243334858,19139.53515625
2022-10-19,19139.53515625,19348.416015625,19127.6875,19335.02734375,22425387184,-0.010079479991405349,19275.571149553572,19325.841471354168,163.6025438502508,19334.416015625,19550.7578125,19268.09375,45.116720790510946,-140.38611127719196,-158.44061620211727,19053.740234375
2022-10-20,19053.740234375,19315.19921875,18971.458984375,19138.0859375,24493974420,-0.004482602172654282,19228.547712053572,19331.273177083334,174.54936208250183,19139.53515625,19334.416015625,19550.7578125,43.99943321173207,-150.8545763101647,-156.92340822372677,19172.46875
2022-10-21,19172.46875,19237.384765625,18770.970703125,19053.203125,32459287866,0.006231244583192241,19226.66378348214,19352.1087890625,175.1595496399052,19053.740234375,19139.53515625,19334.416015625,45.9926673256369,-147.86600406323123,-155.11192739162766,19208.189453125
2022-10-22,19208.189453125,19248.068359375,19132.244140625,19172.380859375,16104440957,0.0018631248583989013,19246.743024553572,19345.263411458334,161.40737689040046,19172.46875,19053.740234375,19139.53515625,46.60839476959485,-140.98993263400553,-152.28752844010324,19567.0078125
2022-10-23,19567.0078125,19646.65234375,19124.197265625,19207.734375,22128794335,0.018680488353712166,19289.44503348214,19354.2423828125,202.34603111311762,19208.189453125,19172.46875,19053.740234375,52.47031686053334,-105.37228751698422,-142.90448025547943,19345.572265625
2022-10-24,19345.572265625,19589.125,19206.32421875,19567.76953125,30202235805,-0.011316781236911488,19260.1328125,19367.861067708334,170.54566908456704,19567.0078125,19208.189453125,19172.46875,48.902094650846394,-93.93027542368145,-133.10963928911985,20095.857421875
2022-10-25,20095.857421875,20348.412109375,19261.447265625,19344.96484375,47761524910,0.03878330120960949,19368.91015625,19410.986393229166,361.6178937120407,19345.572265625,19567.0078125,19208.189453125,59.060854194665524,-24.043498209000973,-111.29641107309608,20770.44140625
2022-10-26,20770.44140625,20938.134765625,20076.1171875,20092.236328125,58895950537,0.03356831063305088,19601.89676339286,19462.5787109375,621.3295752741919,20095.857421875,19345.572265625,19567.0078125,65.66949477947463,84.79806671798724,-72.07751551487942,20285.8359375
2022-10-27,20285.8359375,20854.044921875,20255.373046875,20772.802734375,49625110402,-0.0233314959115013,19777.91043526786,19501.755013020833,614.6454494838888,20770.44140625,20095.857421875,19345.572265625,58.37885117658728,130.44845122809784,-31.57232216628397,20595.3515625
2022-10-28,20595.3515625,20724.98046875,20086.068359375,20287.95703125,43994715910,0.015257721000682789,19981.17940848214,19540.709375,616.327375853262,20285.8359375,20770.44140625,20095.857421875,61.33166848163039,189.4185350895459,12.625849284882001,20818.4765625
2022-10-29,20818.4765625,20988.39453125,20566.484375,20595.103515625,40369840645,0.01083375534148523,20211.22042410714,19582.223567708334,579.1196733422156,20595.3515625,20285.8359375,20770.44140625,63.35023932453875,251.26069725917478,60.35281887974056,20635.603515625
2022-10-30,20635.603515625,20917.005859375,20547.462890625,20817.982421875,31486345556,-0.008784170461560437,20363.876953125,19622.350716145833,518.6907532049818,20818.4765625,20595.3515625,20285.8359375,60.55988253888134,282.2610006640534,104.73445523660314,20495.7734375
2022-10-31,20495.7734375,20795.3203125,20287.458984375,20633.6953125,45668466815,-0.006776156462742766,20528.19140625,19661.806640625,260.03145778533104,20635.603515625,20818.4765625,20595.3515625,58.440256840333674,292.1778019352387,142.22312457633026,20485.2734375
2022-11-01,20485.2734375,20647.2890625,20359.845703125,20494.8984375,39819303159,-0.0005123007449325812,20583.822265625,19709.8455078125,182.10065193927636,20495.7734375,20635.603515625,20818.4765625,58.27531449700277,295.78010718262885,172.93452109759,20159.50390625
2022-11-02,20159.50390625,20742.810546875,20087.134765625,20482.958984375,55552169483,-0.015902620594443806,20496.545479910714,19727.709635416668,220.17515368564844,20485.2734375,20495.7734375,20635.603515625,53.25335859618676,269.2443996022921,192.1964967985304,20209.98828125
2022-11-03,20209.98828125,20382.095703125,20086.240234375,20162.689453125,43228750179,0.0025042468919260763,20485.710100446428,19723.481119791668,233.72250943779073,20159.50390625,20485.2734375,20495.7734375,53.916137001960266,249.41324665926368,203.63984677067708,21147.23046875
2022-11-04,21147.23046875,21209.560546875,20188.01953125,20208.76953125,64072727950,0.0463751969796804,20564.549944196428,19756.364908854168,343.9561913114768,20209.98828125,20159.50390625,20485.2734375,64.09414408057643,305.7994609157613,224.07176959969394,21282.69140625
2022-11-05,21282.69140625,21446.88671875,21097.634765625,21144.83203125,37846047609,0.006405611254872046,20630.866350446428,19800.606510416666,434.03120877054965,21147.23046875,20209.98828125,20159.50390625,65.28743811657934,357.2978008783648,250.71697585542813,20926.486328125
2022-11-06,20926.486328125,21345.376953125,20920.19140625,21285.056640625,35082693210,-0.01673684363155281,20672.421037946428,19846.594401041668,448.25211046484895,21282.69140625,21147.23046875,20209.98828125,59.67152906545177,365.15851341027883,273.6052833663983,20602.81640625
2022-11-07,20602.81640625,21053.24609375,20489.97265625,20924.62109375,53510852236,-0.015466997985227438,20687.712890625,19886.136002604166,443.01679274395883,20926.486328125,21282.69140625,21147.23046875,55.03870738666784,341.33601791209367,287.1514302755374,18541.271484375
2022-11-08,18541.271484375,20664.607421875,17603.544921875,20600.671875,118992465607,-0.10006131594948431,20409.99832589286,19855.964192708332,931.3014723091545,20602.81640625,20926.486328125,21282.69140625,35.91335232023408,154.32807447576852,260.5867591155836,15880.7802734375
2022-11-09,15880.7802734375,18590.458984375,15682.6923828125,18543.76171875,102905151606,-0.14349022466876316,19798.752092633928,19747.274055989583,1959.57689322014,18541.271484375,20602.81640625,20926.486328125,24.217637605800718,-206.1797621314763,167.23345486617166,17586.771484375
2022-11-10,17586.771484375,18054.3125,15834.0185546875,15883.158203125,83202283721,0.10742489862358795,19424.0068359375,19698.452506510417,2112.674235782084,15880.7802734375,18541.271484375,20602.81640625,38.13129983675217,-350.188827978247,63.748998297287926,17034.29296875
2022-11-11,17034.29296875,17650.943359375,16543.482421875,17583.251953125,55871616488,-0.03141443647663533,18836.4443359375,19627.68076171875,2125.4403229184204,17586.771484375,15880.7802734375,18541.271484375,35.83661231901455,-503.09804801656355,-49.620410965482364,16799.185546875
2022-11-12,16799.185546875,17066.67578125,16651.775390625,17036.875,29717699419,-0.013802006476365758,18195.943498883928,19541.556803385418,1932.1658308083915,17034.29296875,17586.771484375,15880.7802734375,34.87480223693069,-635.9204159110632,-166.88041195459854,16353.365234375
2022-11-13,16353.365234375,16920.765625,16320.634765625,16799.72265625,27209183682,-0.026538209918333333,17542.640485491072,19447.147102864583,1599.5408462964385,16799.185546875,17034.29296875,17586.771484375,33.0627150598483,-768.300581886404,-287.1644459409597,16618.19921875
2022-11-14,16618.19921875,17109.32421875,15872.94140625,16352.0283203125,49630243054,0.016194463988263186,16973.40945870536,19365.499251302084,873.0151555095999,16353.365234375,16799.185546875,17034.29296875,35.21615421352979,-842.1353162259293,-398.1586199979537,16884.61328125
2022-11-15,16884.61328125,17051.962890625,16542.55078125,16617.484375,36599436183,0.016031463998783302,16736.744001116072,19286.04990234375,537.0525158025065,16618.19921875,16353.365234375,16799.185546875,37.39798438338314,-869.1336550534652,-492.353627009056,16669.439453125
2022-11-16,16669.439453125,16960.294921875,16430.111328125,16884.341796875,33925512989,-0.0127437818409466,16849.409598214286,19190.00595703125,390.2037224474836,16884.61328125,16618.19921875,16353.365234375,36.333644909642935,-897.5464064633161,-573.392182899908,16687.517578125
2022-11-17,16687.517578125,16726.439453125,16460.68359375,16670.42578125,27868914022,0.0010845070736082985,16720.944754464286,19101.776009114583,216.23198673312734,16669.439453125,16884.61328125,16618.19921875,36.497165973123785,-908.1365304287174,-640.3410524056699,16697.77734375
2022-11-18,16697.77734375,16947.05859375,16564.611328125,16687.912109375,26862218609,0.0006148167681003791,16672.87109375,19020.38408203125,166.68819197390457,16687.517578125,16669.439453125,16884.61328125,36.5966937627943,-905.266059007834,-693.3260537261027,16711.546875
2022-11-19,16711.546875,16797.876953125,16570.41015625,16696.220703125,16106223492,0.0008246325823211276,16660.35128348214,18942.310970052084,158.72039120426055,16697.77734375,16687.517578125,16669.439453125,36.73999399037514,-891.6022676922403,-732.9812965193303,16291.83203125
2022-11-20,16291.83203125,16746.779296875,16248.6923828125,16712.919921875,21313378652,-0.025115259939095247,16651.56082589286,18846.28974609375,178.96837495822209,16711.546875,16697.77734375,16687.517578125,34.20245833343954,-904.2178344798267,-767.2286041114296,15787.2841796875
2022-11-21,15787.2841796875,16291.2236328125,15599.046875,16291.2236328125,37429485518,-0.030969374751391165,16532.85867745536,18732.2595703125,374.03382187759826,16291.83203125,16711.546875,16697.77734375,31.395279134624587,-944.0461802701902,-802.5921193431817,16189.76953125
2022-11-22,16189.76953125,16253.0478515625,15656.6064453125,15782.30078125,30726828760,0.025494274188105903,16433.595284598214,18619.6849609375,356.93466075104334,15787.2841796875,16291.83203125,16711.546875,35.91393066742572,-932.3852700921816,-828.5507494929817,16610.70703125
2022-11-23,16610.70703125,16638.193359375,16170.5029296875,16195.5888671875,32958875628,0.02600021570334854,16425.204938616072,18528.522786458332,351.10953321976984,16189.76953125,15787.2841796875,16291.83203125,40.3397353763089,-879.0446963619179,-838.6495388667689,16604.46484375
2022-11-24,16604.46484375,16771.474609375,16501.767578125,16611.63671875,26129037414,-0.0003757930043709612,16413.340262276786,18412.143033854165,342.0546313180733,16610.70703125,16189.76953125,15787.2841796875,40.2952940699705,-827.733997469415,-836.4664305872982,16521.841796875
2022-11-25,16521.841796875,16603.31640625,16388.404296875,16602.26953125,18678255976,-0.004975953615638518,16388.206612723214,18270.523046875,323.6393188285508,16604.46484375,16610.70703125,16189.76953125,39.67229107679007,-784.6914536722143,-826.1114352042814,16464.28125
2022-11-26,16464.28125,16666.86328125,16416.228515625,16521.576171875,18000008764,-0.0034839061881034583,16352.88295200893,18143.137890625,294.6632400822484,16521.841796875,16604.46484375,16610.70703125,39.217383875974654,-746.6180347365516,-810.2127551107355,16444.626953125
2022-11-27,16444.626953125,16594.40625,16437.025390625,16463.8828125,20443898509,-0.0011937537130568554,16374.71079799107,18004.780403645833,295.0460735569808,16464.28125,16521.841796875,16604.46484375,39.05271782258388,-709.8478295121822,-790.1397699910249,16217.322265625
2022-11-28,16217.322265625,16482.93359375,16054.5302734375,16440.22265625,27743025156,-0.013822428939733733,16436.14481026786,17851.40859375,171.07272639931256,16444.626953125,16464.28125,16521.841796875,37.11194485164764,-691.0823978747176,-770.3282955677635,16444.982421875
2022-11-29,16444.982421875,16522.2578125,16139.396484375,16217.6396484375,23581685468,0.014038085481754337,16472.60379464286,17711.721223958335,132.70756621381676,16217.322265625,16444.626953125,16464.28125,40.31141509654572,-650.3436295932297,-746.3313623728568,17168.56640625
2022-11-30,17168.56640625,17190.9375,16445.4765625,16445.4765625,29523576583,0.044000289316970864,16552.297991071428,17600.814322916667,296.22657065307317,16444.982421875,16217.322265625,16444.626953125,49.1639614824739,-553.2926684585218,-707.7236235899899,16967.1328125
2022-12-01,16967.1328125,17197.498046875,16888.388671875,17168.001953125,22895392882,-0.011732697360023692,16604.10770089286,17483.54296875,335.92606163016364,17168.56640625,16444.982421875,16217.322265625,47.071014968976996,-487.0190378007501,-663.582706432142,17088.66015625
2022-12-02,17088.66015625,17088.66015625,16877.880859375,16968.68359375,19539705127,0.007162515027905547,16685.08175223214,17381.181510416667,378.41858159777104,16967.1328125,17168.56640625,16444.982421875,48.49558085989937,-419.85068963239974,-614.8363030721936,16908.236328125
2022-12-03,16908.236328125,17116.041015625,16888.140625,17090.09765625,16217776704,-0.010558102652595158,16748.50390625,17271.123111979166,372.400378849818,17088.66015625,16967.1328125,17168.56640625,46.49480703887576,-376.83407619272475,-567.2358576962998,17130.486328125
2022-12-04,17130.486328125,17157.767578125,16903.439453125,16908.169921875,16824520830,0.013144481522908036,16846.483816964286,17137.231640625,369.3375106549674,16908.236328125,17088.66015625,16967.1328125,49.27121239528006,-321.1078511195592,-518.0102563809517,16974.826171875
2022-12-05,16974.826171875,17378.15234375,16922.431640625,17128.89453125,22209086834,-0.00908673304822849,16954.698660714286,16993.6361328125,243.96567934389958,17130.486328125,16908.236328125,17088.66015625,47.415430174077585,-286.20568894121607,-471.6493428930046,17089.50390625
2022-12-06,17089.50390625,17091.86328125,16939.921875,16975.23828125,19889922369,0.006755753090715411,17046.77315848214,16865.73671875,96.72412168934741,16974.826171875,17130.486328125,16908.236328125,48.941205690649184,-246.45100541611828,-426.60967539762737,16848.126953125
2022-12-07,16848.126953125,17109.376953125,16750.55859375,17089.505859375,19675404389,-0.01412428087141393,17000.99609375,16740.580403645832,104.9533836297181,17089.50390625,16974.826171875,17130.486328125,45.92094445976027,-231.7507566880122,-387.6378916557043,17233.474609375
2022-12-08,17233.474609375,17267.916015625,16788.783203125,16847.349609375,20496603770,0.022871839541696026,17039.044921875,16696.987174479167,134.69522484133861,16848.126953125,17089.50390625,16974.826171875,51.108306164231365,-186.85244955985763,-347.480803236535,17133.15234375
2022-12-09,17133.15234375,17280.546875,17100.8359375,17232.1484375,20328426366,-0.005821360340788395,17045.400948660714,16738.73291015625,138.42480714857533,17233.474609375,16848.126953125,17089.50390625,49.76982327144271,-157.54925633768653,-309.49449385676536,17128.724609375
2022-12-10,17128.724609375,17216.826171875,17120.68359375,17134.220703125,12706781969,-0.00025843080632004245,17076.899274553572,16723.464680989582,126.59137080549203,17133.15234375,17233.474609375,16848.126953125,49.70794814709452,-133.14869052871654,-274.2253331911556,17104.193359375
2022-12-11,17104.193359375,17245.634765625,17091.8203125,17129.7109375,14122486832,-0.0014321702613265819,17073.143136160714,16725.794694010416,125.11786822890177,17128.724609375,17133.15234375,17233.474609375,49.34194145810778,-114.47098295155956,-242.27446314323637,17206.4375
2022-12-12,17206.4375,17212.564453125,16899.39453125,17102.5,19617581341,0.005977723618808328,17106.23046875,16739.369759114583,125.40909497900553,17104.193359375,17128.724609375,17133.15234375,50.96260914889435,-90.37671100562511,-211.89491271571413,17781.318359375
2022-12-13,17781.318359375,17930.0859375,17111.763671875,17206.44140625,26634741631,0.033410801008343594,17205.061104910714,16786.968196614584,283.27138527351735,17206.4375,17104.193359375,17128.724609375,58.92044945117461,-24.610056613444613,-174.43794149526022,17815.650390625
2022-12-14,17815.650390625,18318.53125,17739.513671875,17782.06640625,25534481470,0.0019307922256450727,17343.278738839286,16826.883235677084,314.41600709492707,17781.318359375,17206.4375,17104.193359375,59.34476667054983,29.935718484284735,-133.56320949935125,17364.865234375
2022-12-15,17364.865234375,17846.744140625,17322.58984375,17813.64453125,20964448341,-0.02530276169357326,17362.048828125,16842.891634114585,310.6679280959698,17815.650390625,17781.318359375,17206.4375,51.78172826952807,36.369795130831335,-99.57660857331473,16647.484375
2022-12-16,16647.484375,17505.525390625,16584.701171875,17364.546875,24031608960,-0.04131220425223303,17292.66768973214,16842.159798177083,408.9824629170976,17364.865234375,17815.650390625,17781.318359375,42.49931902668131,-16.23069536838011,-82.90742593232781,16795.091796875
2022-12-17,16795.091796875,16800.58984375,16614.029296875,16646.982421875,14463581825,0.008866650272798315,17245.005859375,16845.74560546875,448.7766361430152,16647.484375,17364.865234375,17815.650390625,44.69608182313758,-45.48198965131087,-75.42233867612443,16757.9765625
2022-12-18,16757.9765625,16815.38671875,16697.8203125,16795.609375,10924354698,-0.0022098857704312413,17195.546316964286,16847.75224609375,484.5355966278424,16795.091796875,16647.484375,17364.865234375,44.23842647295133,-70.84211652225349,-74.50629424535023,16439.6796875
2022-12-19,16439.6796875,16807.52734375,16398.13671875,16759.041015625,17221074814,-0.01899375344110854,17086.00948660714,16838.690006510416,562.1203888898305,16757.9765625,16795.091796875,16647.484375,40.41641706556799,-115.29504792800799,-82.66404498188179,16906.3046875
2022-12-20,16906.3046875,17012.984375,16427.8671875,16441.787109375,22722096615,0.028384068842582266,16961.00753348214,16859.172428385416,471.75858195883694,16439.6796875,16757.9765625,16795.091796875,47.56809617230312,-111.585292785192,-88.44829454254383,16817.53515625
2022-12-21,16817.53515625,16916.80078125,16755.912109375,16904.52734375,14882945045,-0.005250676176186131,16818.41964285714,16893.514127604165,283.7803498611713,16906.3046875,16439.6796875,16757.9765625,46.42646035684997,-114.48849232816792,-93.65633409966865,16830.341796875
2022-12-22,16830.341796875,16866.673828125,16592.408203125,16818.380859375,16441573050,0.0007615052090579333,16742.059151785714,16914.866536458332,154.87123839628467,16817.53515625,16906.3046875,16439.6796875,46.625482663489194,-114.43675434385295,-97.81241814850553,16796.953125
2022-12-23,16796.953125,16905.21875,16794.458984375,16829.64453125,15329265213,-0.001983838015767403,16763.41183035714,16921.074739583335,149.88217851052073,16830.341796875,16817.53515625,16906.3046875,46.14418144066867,-115.75558012572583,-101.4010505439496,16847.755859375
2022-12-24,16847.755859375,16864.703125,16793.52734375,16796.9765625,9744636213,0.003024520816182319,16770.93526785714,16929.184440104167,153.02618772617376,16796.953125,16830.341796875,16817.53515625,47.039988179451385,-111.41705649898358,-103.4042517349564,16841.986328125
2022-12-25,16841.986328125,16860.5546875,16755.25390625,16847.505859375,11656379938,-0.000342451024228807,16782.936662946428,16939.855924479165,155.12047764671456,16847.755859375,16796.953125,16830.341796875,46.9444879476878,-107.20846576294207,-104.16509454055354,16919.8046875
2022-12-26,16919.8046875,16920.123046875,16812.369140625,16842.25,11886957804,0.004620497716771643,16851.525948660714,16955.0400390625,45.36931720351543,16841.986328125,16847.755859375,16796.953125,48.4642379329088,-96.48165556931781,-102.6284067463064,16717.173828125
2022-12-27,16717.173828125,16959.845703125,16642.072265625,16919.291015625,15748580239,-0.011975957353969946,16824.507254464286,16964.124934895834,60.95074906858993,16919.8046875,16841.986328125,16847.755859375,44.86080149943664,-103.1422385806436,-102.73117311317384,16552.572265625
2022-12-28,16552.572265625,16768.169921875,16497.556640625,16716.400390625,17005713920,-0.009846255365429935,16786.655412946428,16975.299934895833,119.83367468397503,16717.173828125,16919.8046875,16841.986328125,42.12107047536526,-120.31584292193293,-106.24810707492567,16642.341796875
2022-12-29,16642.341796875,16651.755859375,16508.68359375,16552.322265625,14472237479,0.0054232979508825885,16759.798270089286,16981.878580729168,129.1184432444999,16552.572265625,16717.173828125,16919.8046875,44.125248032678755,-125.23872311328887,-110.04623028259832,16602.5859375
2022-12-30,16602.5859375,16643.427734375,16408.474609375,16641.330078125,15929162910,-0.002388838052975517,16732.03152901786,16963.012565104167,140.21871321969869,16642.341796875,16552.572265625,16717.173828125,43.40836873042935,-130.8398661978208,-114.20495746564282,16547.49609375
2022-12-31,16547.49609375,16628.986328125,16517.51953125,16603.673828125,11239186456,-0.0033181483870876605,16689.137276785714,16949.024674479166,144.7696522830486,16602.5859375,16642.341796875,16552.572265625,42.38086414668838,-138.13180496834684,-118.99032696618363,16625.080078125
2023-01-01,16625.080078125,16630.439453125,16521.234375,16547.9140625,9244361700,0.0046885633896178724,16658.15066964286,16933.572005208334,128.9501304007896,16547.49609375,16602.5859375,16642.341796875,44.377709328821446,-136.08167499547199,-122.4085965720413,16688.470703125
2023-01-02,16688.470703125,16759.34375,16572.228515625,16625.509765625,12097775227,0.0038129515588565255,16625.102957589286,16926.246484375,64.00551701223789,16625.080078125,16547.49609375,16602.5859375,46.023667022359206,-127.8678574954065,-123.50044875671435,16679.857421875
2023-01-03,16679.857421875,16760.447265625,16622.37109375,16688.84765625,13903079207,-0.000516121662866742,16619.772042410714,16911.225520833334,56.128294720735205,16688.470703125,16625.080078125,16547.49609375,45.82523908607061,-120.66244619198915,-122.93284824376931,16863.23828125
2023-01-04,16863.23828125,16964.5859375,16667.763671875,16680.205078125,18421743322,0.010994150293785143,16664.152901785714,16907.505924479166,99.89551834458888,16679.857421875,16688.470703125,16625.080078125,50.6988280508087,-99.01343777116927,-118.14896614924932,16836.736328125
2023-01-05,16836.736328125,16884.021484375,16790.283203125,16863.47265625,13692758566,-0.0015715814888571655,16691.92354910714,16899.080338541666,118.17045618725953,16863.23828125,16679.857421875,16688.470703125,49.99879269671043,-83.03772159080108,-111.12671723755969,16951.96875
2023-01-06,16951.96875,16991.994140625,16716.421875,16836.47265625,14413662913,0.006844106816741524,16741.835379464286,16902.541731770834,144.90773057683433,16836.736328125,16863.23828125,16679.857421875,53.03530504095449,-60.38250606810834,-100.97787500366942,16955.078125
2023-01-07,16955.078125,16975.017578125,16914.19140625,16952.1171875,7714767174,0.00018342264818071996,16800.061383928572,16893.261848958333,135.3774597598154,16951.96875,16836.736328125,16863.23828125,53.11803892747977,-41.69653229884352,-89.12160646270425,17091.14453125
2023-01-08,17091.14453125,17091.14453125,16924.05078125,16954.146484375,9768827914,0.008025112314249405,16866.642020089286,16891.861588541666,148.908480371334,16955.078125,16951.96875,16836.736328125,56.71175983486405,-15.727049989032821,-74.44269516796997,17196.5546875
2023-01-09,17196.5546875,17389.95703125,17093.9921875,17093.9921875,18624736866,0.006167530562816603,16939.225446428572,16894.122591145835,169.93198964792808,17091.14453125,16955.078125,16951.96875,59.31373206445423,13.207423544172343,-56.91267142554151,17446.29296875
2023-01-10,17446.29296875,17484.720703125,17162.990234375,17192.94921875,15808338949,0.014522576515372032,17048.716238839286,16905.525911458335,215.71174875572743,17196.5546875,17091.14453125,16955.078125,64.72379080816177,55.64851300985538,-34.400434538462136,17934.896484375
2023-01-11,17934.896484375,17934.896484375,17337.994140625,17446.359375,18372283782,0.02800615102017323,17201.81026785714,16929.807877604166,379.9206570867458,17446.29296875,17196.5546875,17091.14453125,72.44396370297761,127.24282636747375,-2.0717823572749587,18869.587890625
2023-01-12,18869.587890625,19030.087890625,17995.203125,18117.59375,34971338710,0.052115795988246116,17492.217633928572,16966.083528645835,698.0790766741292,17934.896484375,17446.29296875,17196.5546875,81.0070984751068,256.44745384005,49.632064882190036,19909.57421875
2023-01-13,19909.57421875,19964.322265625,18753.1640625,18868.90625,29225029694,0.05511441660269112,17914.73270089286,17035.880989583333,1097.4210307695566,18869.587890625,17934.896484375,17446.29296875,86.16038338755328,437.7155448004414,127.24876086584032,20976.298828125
2023-01-14,20976.298828125,21075.142578125,19907.828125,19910.537109375,38967784639,0.05357847423830919,18489.192801339286,17156.262109375,1492.6607624195042,19909.57421875,18869.587890625,17934.896484375,89.35177118632876,659.8413336819394,233.76727542906016,20880.798828125
2023-01-15,20880.798828125,20993.748046875,20606.986328125,20977.484375,19298407543,-0.004552757413617381,19030.57198660714,17297.372591145835,1585.4451202617006,20976.298828125,19909.57421875,18869.587890625,87.4084495837036,818.7337171796171,350.76056377917155,21169.6328125
2023-01-16,21169.6328125,21360.875,20715.74609375,20882.224609375,26792494050,0.013832516023570829,19598.15457589286,17443.190625,1529.636621880786,20880.798828125,20976.298828125,19909.57421875,88.24141358187164,956.932640699968,471.99497916333087,21161.51953125
2023-01-17,21161.51953125,21438.66015625,20978.533203125,21175.833984375,24999983362,-0.00038325091993141047,20128.901227678572,17589.975390625,1283.2567110457967,21169.6328125,20880.798828125,20976.298828125,88.0651818205543,1053.6557219828646,588.3271277272377,20688.78125
2023-01-18,20688.78125,21564.501953125,20541.544921875,21161.05078125,30005625418,-0.022339524368838015,20522.313337053572,17731.612109375,846.2548798284109,21161.51953125,21169.6328125,20880.798828125,78.25789631744814,1079.7171253727938,686.6051272563489,21086.79296875
2023-01-19,21086.79296875,21163.01171875,20685.380859375,20686.74609375,21152848261,0.019238045679950355,20839.05691964286,17870.96171875,443.79693241909484,20688.78125,21161.51953125,21169.6328125,80.25191549162322,1119.5813577253284,773.2003733501448,22676.552734375
2023-01-20,22676.552734375,22692.357421875,20919.126953125,21085.373046875,28799154319,0.07539125404137925,21234.33956473214,18066.2623046875,658.337362184117,21086.79296875,20688.78125,21161.51953125,85.83860126005891,1264.8736993308703,871.53503854629,22777.625
2023-01-21,22777.625,23282.34765625,22511.833984375,22677.427734375,32442278429,0.004457126566322689,21491.671875,18264.505078125,861.3994410542921,22676.552734375,21086.79296875,20688.78125,86.10768598294605,1372.354960247394,971.6990228865109,22720.416015625
2023-01-22,22720.416015625,23056.73046875,22387.900390625,22777.986328125,24746386230,-0.002511630794474806,21754.47433035714,18461.953841145834,922.4283488182742,22777.625,22676.552734375,21086.79296875,85.12176876751585,1436.360872921341,1064.631392893477,22934.431640625
2023-01-23,22934.431640625,23126.486328125,22654.3046875,22721.087890625,26518700512,0.009419529327844067,22006.588448660714,18664.843033854166,975.5830141280381,22720.416015625,22777.625,22676.552734375,85.77780971033522,1487.211642134018,1149.147442741585,22636.46875
2023-01-24,22636.46875,23134.01171875,22549.744140625,22929.626953125,26405069715,-0.012991945703908492,22217.295479910714,18857.992447916666,920.3621436193068,22934.431640625,22720.416015625,22777.625,80.45852671330138,1486.3345880811721,1216.5848718095026,23117.859375
2023-01-25,23117.859375,23722.099609375,22406.076171875,22639.267578125,30685366709,0.021266153759075257,22564.306640625,19064.594270833335,672.5748051235792,22636.46875,22934.431640625,22720.416015625,82.36160771496625,1507.1106829049386,1274.6900340285897,23032.77734375
2023-01-26,23032.77734375,23237.078125,22911.373046875,23108.955078125,26357839322,-0.003680359408276712,22842.30440848214,19275.114388020833,186.8957140119293,23117.859375,22636.46875,22934.431640625,80.86270603611439,1499.4260289730737,1319.6372330174866,23078.728515625
2023-01-27,23078.728515625,23417.720703125,22654.59375,23030.716796875,25383335641,0.0019950339114214177,22899.75809151786,19492.6529296875,189.25129176334968,23032.77734375,23117.859375,22636.46875,81.06315297418453,1479.9834331478487,1351.706473043559,23031.08984375
2023-01-28,23031.08984375,23165.896484375,22908.845703125,23079.96484375,14712928379,-0.0020641809553220147,22935.967354910714,19705.611197916667,186.21227600826376,23078.728515625,23032.77734375,23117.859375,80.12615012379725,1444.0844861477708,1370.1820756644015,23774.56640625
2023-01-29,23774.56640625,23919.890625,22985.0703125,23031.44921875,27423687259,0.03228143207915801,23086.56026785714,19944.677213541665,343.04724685494455,23031.08984375,23078.728515625,23032.77734375,83.35902258582709,1458.8103989124065,1387.9077403140027,22840.138671875
2023-01-30,22840.138671875,23789.34765625,22657.58203125,23774.6484375,27205595568,-0.03930367092328346,23073.08984375,20154.431966145832,351.7572076759782,23774.56640625,23031.08984375,23078.728515625,68.31722030950543,1379.1819312546431,1386.1625785021308,23139.283203125
2023-01-31,23139.283203125,23225.021484375,22765.568359375,22840.796875,22837828665,0.013097316769725253,23144.920479910714,20371.5720703125,294.3990767057391,22840.138671875,23774.56640625,23031.08984375,70.17280067885036,1324.9411635740034,1373.9182955165054,23723.76953125
2023-02-01,23723.76953125,23764.5390625,22877.75,23137.8359375,26683255504,0.025259482888651652,23231.479073660714,20606.08203125,365.58448361601364,23139.283203125,22840.138671875,23774.56640625,73.44527516972987,1313.9714810128316,1361.9289326157707,23471.87109375
2023-02-02,23471.87109375,24167.2109375,23468.595703125,23720.82421875,32066936882,-0.01061797692681965,23294.20675223214,20832.482486979166,363.4727642719848,23723.76953125,23139.283203125,22840.138671875,69.8865597829434,1270.3085041513732,1343.6048469228913,23449.322265625
2023-02-03,23449.322265625,23678.103515625,23279.955078125,23469.412109375,27083066007,-0.0009606745041729203,23347.14871651786,21052.018619791666,353.7147375055946,23471.87109375,23723.76953125,23139.283203125,69.5616353547838,1219.8244020402344,1318.84875794636,23331.84765625
2023-02-04,23331.84765625,23556.94921875,23291.794921875,23446.3203125,15639298538,-0.005009723012217249,23390.114118303572,21268.522330729167,326.11435221092125,23449.322265625,23471.87109375,23723.76953125,67.79323824450864,1156.9990038886026,1286.4788071348084,22955.666015625
2023-02-05,22955.666015625,23423.435546875,22841.759765625,23332.248046875,19564262605,-0.01612309690031044,23273.128348214286,21468.645572916666,311.78125977939607,23331.84765625,23449.322265625,23471.87109375,62.328898022325426,1064.5828601713583,1242.0996177421184,22760.109375
2023-02-06,22760.109375,23119.279296875,22692.025390625,22954.021484375,23825006542,-0.008518883333286542,23261.69559151786,21662.146614583333,331.1693361608845,22955.666015625,23331.84765625,23449.322265625,59.637781590550304,964.4450912242683,1186.5687124385486,23264.291015625
2023-02-07,23264.291015625,23310.974609375,22756.2578125,22757.267578125,27187964471,0.022151986720186922,23279.553850446428,21867.9181640625,326.80990825197347,22760.109375,22955.666015625,23331.84765625,63.95840295352385,915.2183650480692,1132.2986429604528,22939.3984375
2023-02-08,22939.3984375,23367.958984375,22731.09765625,23263.416015625,25371367758,-0.013965290320121615,23167.500837053572,22059.3462890625,280.2722741674631,23264.291015625,22760.109375,22955.666015625,59.535715925281835,840.3032216117535,1073.8995586907129,21819.0390625
2023-02-09,21819.0390625,22996.4375,21773.974609375,22946.56640625,32572572185,-0.04883996317743455,22931.381975446428,22205.1044921875,548.7498477791958,22939.3984375,23264.291015625,22760.109375,47.37096827415687,682.6595183882928,995.6515506302288,21651.18359375
2023-02-10,21651.18359375,21941.185546875,21539.392578125,21819.005859375,27078406594,-0.007693073387383564,22674.505022321428,22328.980729166666,672.7436041572018,21819.0390625,22939.3984375,23264.291015625,45.85910025829546,537.9797190008176,904.1171843043467,21870.875
2023-02-11,21870.875,21891.41015625,21618.44921875,21651.841796875,16356226232,0.010146854341645195,22465.79464285714,22429.0236328125,661.3503179770186,21651.18359375,21819.0390625,22939.3984375,48.18976310242213,436.02101719865095,810.4979508832076,21788.203125
2023-02-12,21788.203125,22060.994140625,21682.828125,21870.90234375,17821046406,-0.003779998514005456,22299.014229910714,22491.644596354166,664.423536953428,21870.875,21651.18359375,21819.0390625,47.36348351773207,344.57503553372226,717.3133678133106,21808.1015625
2023-02-13,21808.1015625,21898.4140625,21460.087890625,21787.0,23918742607,0.0009132665684197239,22163.013113839286,22519.371354166666,651.621593659091,21788.203125,21870.875,21651.18359375,47.596388789189554,270.5898821149458,627.9686706736377,22220.8046875
2023-02-14,22220.8046875,22293.140625,21632.39453125,21801.822265625,26792596581,0.018924303145655852,22013.94363839286,22564.038216145833,443.96679631709503,21808.1015625,21788.203125,21870.875,52.30969587237513,242.46284730405387,550.867505999721,24307.841796875
2023-02-15,24307.841796875,24307.841796875,22082.76953125,22220.5859375,32483312909,0.09392266116037784,22209.435546875,22668.645182291668,941.6848083546674,22220.8046875,21808.1015625,21788.203125,67.98934107689234,384.15017807410914,517.5240404145986,23623.474609375
2023-02-16,23623.474609375,25134.1171875,23602.5234375,24307.349609375,39316664596,-0.028154173176657027,22467.212053571428,22750.7103515625,1056.9277516420768,24307.841796875,22220.8046875,21808.1015625,60.91663317518303,436.1875968760178,501.2567517068825,24565.6015625
2023-02-17,24565.6015625,24924.041015625,23460.755859375,23621.283203125,41358451255,0.03988096453648349,22883.557477678572,22879.9376953125,1240.0610960664646,23623.474609375,24307.841796875,22220.8046875,66.13881486428656,547.1422819772124,510.4338577609485,24641.27734375
2023-02-18,24641.27734375,24798.8359375,24468.373046875,24565.296875,19625427158,0.0030805588480080637,23279.329241071428,22998.4205078125,1303.464322357714,24565.6015625,23623.474609375,24307.841796875,66.52571905477055,633.8741655952144,535.1219193278017,24327.642578125
2023-02-19,24327.642578125,25093.0546875,24327.642578125,24640.02734375,25555105670,-0.012728023845912761,23642.106305803572,23053.4568359375,1165.358943680817,24641.27734375,24565.6015625,23623.474609375,63.29766402676726,669.583561307667,562.0142477237748,24829.1484375
2023-02-20,24829.1484375,25020.458984375,23927.91015625,24336.623046875,28987376573,0.020614650916729094,24073.684430803572,23121.840950520833,902.7778135486486,24327.642578125,24641.27734375,24565.6015625,66.12794406080306,729.9365916159113,595.5987165022021,24436.353515625
2023-02-21,24436.353515625,25126.8515625,24200.36328125,24833.048828125,31252098714,-0.01581991113645098,24390.19140625,23179.0388671875,384.52905118055173,24829.1484375,24327.642578125,24641.27734375,62.08937489527961,737.5692957634965,623.992832354461,24188.84375
2023-02-22,24188.84375,24472.33984375,23644.318359375,24437.41796875,30199996781,-0.01012875204423358,24373.19168526786,23220.852604166666,391.34640114391175,24436.353515625,24829.1484375,24327.642578125,59.61858767693329,715.399617757892,642.2741894351473,23947.4921875
2023-02-23,23947.4921875,24572.08984375,23693.919921875,24190.71875,30476264066,-0.00997780485063493,24419.479910714286,23264.553385416668,295.2564433221191,24188.84375,24436.353515625,24829.1484375,57.22713113853015,670.624393619506,647.9442302720191,23198.126953125
2023-02-24,23198.126953125,24103.705078125,23007.072265625,23946.0078125,26811744928,-0.03129201289670536,24224.126395089286,23267.228971354165,536.3874130640911,23947.4921875,24188.84375,24436.353515625,50.45929140573553,568.1232233202682,631.980028881669,23175.375
2023-02-25,23175.375,23210.2109375,22861.55859375,23200.125,16100721565,-0.0009807668166905703,24014.711774553572,23271.9822265625,625.1868964605533,23198.126953125,23947.4921875,24188.84375,50.264924218458184,479.52672926593004,601.4893689585213,23561.212890625
2023-02-26,23561.212890625,23654.3671875,23084.220703125,23174.150390625,16644534842,0.016648614774302573,23905.221819196428,23288.0650390625,628.353818941167,23175.375,23198.126953125,23947.4921875,53.53373963672078,435.427920592123,568.2770792852416,23522.87109375
2023-02-27,23522.87109375,23857.890625,23205.87890625,23561.451171875,22660763494,-0.0016273269569350157,23718.610770089286,23304.457747395834,486.0996170822618,23561.212890625,23175.375,23198.126953125,53.15983272752529,392.85682549193734,533.1930285265807,23147.353515625
2023-02-28,23147.353515625,23585.384765625,23077.650390625,23521.837890625,20535363434,-0.01596393470118429,23534.467912946428,23283.550651041667,406.52533449484935,23522.87109375,23561.212890625,23175.375,49.512360198701096,325.0705843465803,491.5685396905807,23646.55078125
2023-03-01,23646.55078125,23880.6328125,23088.626953125,23150.9296875,24662841200,0.02156606219747892,23456.997488839286,23310.4310546875,298.3064007820078,23147.353515625,23522.87109375,23561.212890625,54.028086530960444,308.079201968063,454.87067214607714,23475.466796875
2023-03-02,23475.466796875,23739.138671875,23245.021484375,23647.01953125,20386398516,-0.007235050302163204,23389.565290178572,23321.637174479165,208.90452703592146,23646.55078125,23147.353515625,23522.87109375,52.30153778069647,277.6082660009306,419.41819091704787,22362.6796875
2023-03-03,22362.6796875,23479.34765625,22213.23828125,23476.6328125,26062404610,-0.047402129167592566,23270.215680803572,23276.267513020834,443.4677191907615,23475.466796875,23646.55078125,23147.353515625,42.7354393479895,161.80205654946258,367.8949640435308,22353.349609375
2023-03-04,22353.349609375,22405.177734375,22198.98046875,22362.923828125,11166012913,-0.0004172164631153219,23152.78348214286,23238.983463541666,564.9628449451451,22362.6796875,23475.466796875,23646.55078125,42.66497818735826,68.48251805131076,308.0124748450868,22435.513671875
2023-03-05,22435.513671875,22613.685546875,22307.142578125,22354.14453125,13317001733,0.0036756935285233716,22991.969308035714,23205.18984375,589.029018224531,22353.349609375,22362.6796875,23475.466796875,43.54770141916695,1.142890104878461,246.63855789704513,22429.7578125
2023-03-06,22429.7578125,22584.29296875,22331.314453125,22436.81640625,17353192895,-0.00025655126328649747,22835.81026785714,23175.120182291666,569.3939240828431,22435.513671875,22353.349609375,22362.6796875,43.49717964109922,-52.08825892129971,186.89319453337617,22219.76953125
2023-03-07,22219.76953125,22527.41796875,22011.26171875,22428.322265625,22765452204,-0.00936203961743065,22703.298270089286,23150.590299479165,592.2819756047315,22429.7578125,22435.513671875,22353.349609375,41.6009697316001,-109.9511786407129,127.52431989855836,21718.080078125
2023-03-08,21718.080078125,22268.896484375,21708.05078125,22216.44140625,22536575684,-0.022578517406286358,22427.80245535714,23115.855989583335,525.1081809461305,22219.76953125,22429.7578125,22435.513671875,37.40545846810329,-194.05318119277945,63.208819680290794,20363.021484375
2023-03-09,20363.021484375,21802.716796875,20210.306640625,21720.080078125,30364664171,-0.06239311158608585,21983.167410714286,23019.147005208335,756.7748713399171,21718.080078125,22219.76953125,22429.7578125,28.921326238122234,-365.8294735063064,-22.59883895702864,20187.244140625
2023-03-10,20187.244140625,20370.595703125,19628.25390625,20367.001953125,39578257695,-0.008632183779056501,21672.39090401786,22927.408528645832,986.7020657528218,20363.021484375,21718.080078125,22219.76953125,28.03308120545016,-510.2651661478849,-120.13210439519989,20632.41015625
2023-03-11,20632.41015625,20792.525390625,20068.66015625,20187.876953125,30180288176,0.022051846825845045,21426.542410714286,22887.854231770834,1003.0163362805498,20187.244140625,20363.021484375,21718.080078125,33.59540780536264,-582.1002270434437,-212.52572892484866,22163.94921875
2023-03-12,22163.94921875,22185.03125,20448.806640625,20628.029296875,29279035521,0.07422977009964415,21387.747488839286,22904.946419270833,961.8957928677532,20632.41015625,20187.244140625,20363.021484375,48.37796204518017,-509.57358057081365,-271.93529925404164,24197.533203125
2023-03-13,24197.533203125,24550.837890625,21918.19921875,22156.40625,49466362688,0.09175187888693825,21640.28683035714,22982.501692708334,1409.1450428367784,22163.94921875,20632.41015625,20187.244140625,60.84269283706719,-284.72037924671895,-274.4923152525771,24746.07421875
2023-03-14,24746.07421875,26514.716796875,24081.18359375,24201.765625,54622230164,0.022669294883089997,22001.1875,23081.097395833334,1839.9505681011406,24197.533203125,22163.94921875,20632.41015625,63.40924891805472,-61.55040682901745,-231.90393356786518,24375.9609375
2023-03-15,24375.9609375,25240.615234375,23964.91015625,24770.92578125,43655701450,-0.014956444322371198,22380.884765625,23166.692708333332,2035.6292037437902,24746.07421875,24197.533203125,22163.94921875,60.526582806376,84.47458510028082,-168.62822983423598,25052.7890625
2023-03-16,25052.7890625,25190.326171875,24225.111328125,24373.45703125,33866061747,0.027766213062754286,23050.8515625,23261.0921875,2032.5693640580885,24375.9609375,24746.07421875,24197.533203125,63.7702444695806,251.91094390414582,-84.52039508655962,27423.9296875
2023-03-17,27423.9296875,27787.8125,24955.169921875,25055.123046875,50730261335,0.0946457745317153,24084.66378348214,23364.961783854167,2169.109655335451,25052.7890625,24375.9609375,24746.07421875,72.34419126004158,569.3733154011388,46.258347010980074,26965.87890625
2023-03-18,26965.87890625,27725.953125,26636.26171875,27448.1171875,35723036817,-0.01670259464889101,24989.44503348214,23476.375260416666,1774.0331585441488,27423.9296875,25052.7890625,24375.9609375,68.94959521046242,775.0691473813968,192.02050708506343,28038.67578125
2023-03-19,28038.67578125,28440.560546875,26907.716796875,26969.50390625,37769448859,0.039783493752593824,25828.69168526786,23592.144401041667,1595.1592836879029,26965.87890625,27423.9296875,25052.7890625,72.2355532564489,1012.9733915553152,356.2110839791138,27767.236328125
2023-03-20,27767.236328125,28527.724609375,27242.880859375,28041.6015625,44774027664,-0.00968089417783835,26338.649274553572,23696.343033854166,1556.9242638616658,28038.67578125,26965.87890625,27423.9296875,70.21095080864595,1166.168459629691,518.2025591092292,28175.81640625
2023-03-21,28175.81640625,28439.5625,27439.646484375,27768.392578125,36102192830,0.014714466837708162,26828.612444196428,23824.615494791666,1511.2091951248742,27767.236328125,28038.67578125,26965.87890625,71.50555741429157,1305.4966991437468,675.6613871161328,27307.4375
2023-03-22,27307.4375,28803.3359375,26759.99609375,28158.720703125,33382021890,-0.030820008681536337,27247.39481026786,23907.225130208335,1055.8284834209767,28175.81640625,27767.236328125,28038.67578125,65.0363090469562,1330.5071541146572,806.6305405158377,28333.97265625
2023-03-23,28333.97265625,28729.84375,27183.36328125,27301.95703125,24220433689,0.03759177902540278,27716.135323660714,24037.145768229166,502.48981140437195,27307.4375,28175.81640625,27767.236328125,68.64738813185932,1416.8286096005359,928.6701543327774,27493.28515625
2023-03-24,27493.28515625,28388.4375,27039.265625,28324.111328125,25980310960,-0.02967065403073854,27726.04324776786,24147.293815104167,496.41497391821207,28333.97265625,27307.4375,28175.81640625,62.916405699421695,1401.2497942735135,1023.1860823209247,27494.70703125
2023-03-25,27494.70703125,27791.826171875,27196.234375,27487.337890625,13383005987,5.17171735541222e-05,27801.59012276786,24265.534309895833,390.3592927639425,27493.28515625,28333.97265625,27307.4375,62.92204379401503,1373.188937031271,1093.186653262994,27994.330078125
2023-03-26,27994.330078125,28178.14453125,27445.046875,27495.5234375,13878363192,0.018171608313816145,27795.255022321428,24425.407747395835,386.2081500806893,27494.70703125,27493.28515625,28333.97265625,64.93919365808867,1375.4110276944048,1149.6315281492762,27139.888671875
2023-03-27,27139.888671875,28037.92578125,26606.689453125,27994.068359375,18188895178,-0.03052194511765327,27705.633928571428,24557.558203125,459.60795505351433,27994.330078125,27494.70703125,27493.28515625,59.02515671697463,1293.3172141519099,1178.368665349803,27268.130859375
2023-03-28,27268.130859375,27460.71875,26677.818359375,27132.888671875,17783600385,0.004725228944394866,27575.96456473214,24681.122135416666,432.06388414634205,27139.888671875,27994.330078125,27494.70703125,59.61956040906759,1224.4901875684482,1187.5929697935321,28348.44140625
2023-03-29,28348.44140625,28619.54296875,27259.662109375,27267.03125,20684945906,0.0396180637553154,27724.67940848214,24841.974479166667,498.30983548197185,27268.130859375,27139.888671875,27994.330078125,64.31572640574893,1242.7901939837611,1198.632414631578,28033.5625
2023-03-30,28033.5625,29159.90234375,27720.16015625,28350.140625,22435349951,-0.0111074503792854,27681.763671875,25004.848111979165,447.4286408912595,28348.44140625,27268.130859375,27139.888671875,62.05057194626724,1217.8464094062,1202.4752135865024,28478.484375
2023-03-31,28478.484375,28639.896484375,27583.71484375,28032.26171875,19001327598,0.015871042968584437,27822.506417410714,25165.912565104165,526.2658417454237,28033.5625,28348.44140625,27268.130859375,63.980930590174474,1219.9173099861036,1205.9636328664228,28411.03515625
2023-04-01,28411.03515625,28802.45703125,28297.171875,28473.33203125,10876469901,-0.0023684272611504964,27953.41043526786,25330.431510416667,544.7777869251787,28478.484375,28033.5625,28348.44140625,63.4539804931701,1202.2570544149567,1205.2223171761298,28199.30859375
2023-04-02,28199.30859375,28518.958984375,27884.087890625,28462.845703125,12284641999,-0.00745226498561502,27982.69308035714,25524.985807291665,552.7938429487009,28411.03515625,28478.484375,28033.5625,61.735144222394425,1157.8298685183108,1195.743827444566,27790.220703125
2023-04-03,27790.220703125,28475.623046875,27276.720703125,28183.080078125,19556501327,-0.014507018470504951,28075.59765625,25706.21484375,428.13427027425644,28199.30859375,28411.03515625,28478.484375,58.44116780586305,1077.1938100193038,1172.0338239595137,28168.08984375
2023-04-04,28168.08984375,28433.7421875,27681.3046875,27795.2734375,15284538859,0.0135971982612757,28204.163225446428,25897.300716145834,238.2723084739404,27790.220703125,28199.30859375,28411.03515625,60.535768089980145,1031.8851052050486,1144.0040802086207,28177.984375
2023-04-05,28177.984375,28739.23828125,27843.763671875,28169.7265625,17052315986,0.000351267384649967,28179.81222098214,26088.908268229166,229.62305950505333,28168.08984375,27790.220703125,28199.30859375,60.591777777299704,985.416765120317,1112.28661719096,28044.140625
2023-04-06,28044.140625,28178.384765625,27738.759765625,28175.2265625,13837809380,-0.004749940528704033,28181.323381696428,26283.053971354166,228.53238740596646,28177.984375,28168.08984375,27790.220703125,59.364414189024785,927.1031309784812,1075.2499199484644,27925.859375
2023-04-07,27925.859375,28111.59375,27794.03125,28038.966796875,10861680497,-0.004217681389550476,28102.376953125,26489.979947916665,202.7690579813004,28044.140625,28177.984375,28168.08984375,58.24163186266813,861.4149916254391,1032.4829342838593,27947.794921875
2023-04-08,27947.794921875,28159.86328125,27883.38671875,27920.513671875,9373255556,0.0007854922772632111,28036.199776785714,26742.805729166666,155.274773975609,27925.859375,28044.140625,28177.984375,58.39877403576353,801.8830743146464,986.3629622900168,28333.05078125
2023-04-09,28333.05078125,28532.830078125,27828.48046875,27952.3671875,12175322951,0.013784839213681899,28055.305803571428,27014.3326171875,184.22010542748245,27947.794921875,27925.859375,28044.140625,61.163040636181755,776.8356512513274,944.457500082279,29652.98046875
2023-04-10,29652.98046875,29771.46484375,28189.271484375,28336.02734375,19282400094,0.04658621825410658,28321.41434151786,27315.018294270834,604.1826753227909,28333.05078125,27947.794921875,27925.859375,68.80981075926785,853.6523102330393,926.2964621124311,30235.05859375
2023-04-11,30235.05859375,30509.083984375,29609.30078125,29653.6796875,20121259843,0.019629666758571807,28616.69559151786,27584.0552734375,932.5957535498917,29652.98046875,28333.05078125,27947.794921875,71.47694018836444,950.5416534781616,931.1455003855772,30139.052734375
2023-04-12,30139.052734375,30462.48046875,29725.57421875,30231.58203125,18651929926,-0.003175315803583212,28896.848214285714,27782.105924479165,1064.1204765626442,30235.05859375,29652.98046875,28333.05078125,70.40752510614412,1007.9611369995218,946.5086277083661,30399.06640625
2023-04-13,30399.06640625,30539.845703125,29878.623046875,29892.740234375,17487721001,0.00862713483952482,29233.266183035714,27970.538997395834,1120.373765564973,30139.052734375,30235.05859375,29652.98046875,71.64488188231223,1062.2030066088519,969.6475034884634,30485.69921875
2023-04-14,30485.69921875,31005.607421875,30044.498046875,30409.5625,22659995079,0.002849851088919886,29598.957589285714,28174.196940104168,1037.1908183817307,30399.06640625,30139.052734375,30235.05859375,72.06401174532978,1099.506199959651,995.6192427827009,30318.49609375
2023-04-15,30318.49609375,30601.740234375,30245.8828125,30490.75,11940685378,-0.005484641300179338,29937.62918526786,28349.7205078125,757.5285603078477,30485.69921875,30399.06640625,30139.052734375,69.9159821193507,1102.8642223859533,1017.0682387033514,30315.35546875
2023-04-16,30315.35546875,30555.537109375,30157.83203125,30315.9765625,12854816417,-0.00010358775680330279,30220.815569196428,28446.1013671875,273.7823686761436,30318.49609375,30485.69921875,30399.06640625,69.87385198016389,1092.6763642027327,1032.1898638032276,29445.044921875
2023-04-17,29445.044921875,30319.197265625,29275.37109375,30317.146484375,17872186762,-0.028708571396173888,30191.110491071428,28528.740234375,347.11846360887773,30315.35546875,30318.49609375,30485.69921875,59.22372059940472,1002.8157893602875,1026.3150489146396,30397.552734375
2023-04-18,30397.552734375,30470.302734375,29154.849609375,29449.091796875,19480529496,0.032348662229154,30214.32393973214,28607.369466145832,355.87036061119056,29445.044921875,30315.35546875,30318.49609375,65.43348179839867,996.9676341206468,1020.4455659558412,28822.6796875
2023-04-19,28822.6796875,30411.0546875,28669.8984375,30394.1875,24571565421,-0.0518092051895368,30026.270647321428,28642.550911458333,638.1381729007256,30397.552734375,29445.044921875,30315.35546875,51.47532462338398,855.3933932662767,987.4351314179283,28245.98828125
2023-04-20,28245.98828125,29076.400390625,28037.2578125,28823.68359375,21340360360,-0.020008250880993006,29718.688058035714,28644.889973958332,895.4981152712531,28822.6796875,30397.552734375,29445.044921875,47.48110887450455,688.7214582719316,927.6923967887291,27276.91015625
2023-04-21,27276.91015625,28349.96875,27177.365234375,28249.23046875,20759504330,-0.034308522518338824,29260.289620535714,28643.872395833332,1205.1673849994004,28245.98828125,28822.6796875,30397.552734375,41.63471564751366,472.9839783387906,836.7507130987414,27817.5
2023-04-22,27817.5,27872.142578125,27169.5703125,27265.89453125,13125734602,0.01981858797984626,28903.004464285714,28626.656640625,1209.8789694451898,27276.91015625,28245.98828125,28822.6796875,45.6546876986388,341.6927325554025,737.7391169900736,27591.384765625
2023-04-23,27591.384765625,27820.244140625,27400.314453125,27816.14453125,12785446832,-0.008128524647254443,28513.865792410714,28629.926627604167,1114.1851474431512,27817.5,27276.91015625,28245.98828125,44.28086358522574,216.8976041133683,633.5708144147326,27525.33984375
2023-04-24,27525.33984375,27979.982421875,27070.849609375,27591.73046875,17703288330,-0.002393679129772508,28239.622209821428,28630.947721354165,1082.5951412064808,27591.384765625,27817.5,27276.91015625,43.865656569470254,111.38333473868624,529.1333184795234,28307.59765625
2023-04-25,28307.59765625,28371.078125,27207.931640625,27514.873046875,17733373139,0.02841955147295372,27941.057198660714,28641.389973958332,540.9932978442719,27525.33984375,27591.384765625,27817.5,49.86229931503456,89.84846674156142,441.276348131931,28422.701171875
2023-04-26,28422.701171875,29995.837890625,27324.548828125,28300.05859375,31854242019,0.004066170397882152,27883.917410714286,28684.150390625,444.9551487537889,28307.59765625,27525.33984375,27591.384765625,50.6968969419974,81.13455184505074,369.247988874555,29473.787109375
2023-04-27,29473.787109375,29871.546875,28402.88671875,28428.46484375,27153445027,0.036980508331842854,28059.317243303572,28757.672265625,749.3491777244278,28422.701171875,28307.59765625,27525.33984375,57.632440460587205,157.2301115204864,326.84441340374127,29340.26171875
2023-04-28,29340.26171875,29572.791015625,28929.609375,29481.013671875,17544464887,-0.00453030993708059,28354.08175223214,28790.732942708335,794.7326835877462,29473.787109375,28422.701171875,28307.59765625,56.54424976494611,204.40574550100428,302.3566798231939,29248.48828125
2023-04-29,29248.48828125,29452.455078125,29088.04296875,29336.56640625,10662634333,-0.0031279011203009244,28558.508649553572,28831.23046875,817.4259189734489,29340.26171875,29473.787109375,28422.701171875,55.76489231510483,231.7163441125158,288.2286126810583,29268.806640625
2023-04-30,29268.806640625,29952.029296875,29114.021484375,29245.515625,14652199272,0.000694680667924441,28798.14034598214,28857.574544270832,727.5921451129014,29248.48828125,29340.26171875,29473.787109375,55.90978510750755,252.09373244360904,281.0016366335684,28091.568359375
2023-05-01,28091.568359375,29329.935546875,27680.79296875,29227.103515625,18655599976,-0.04022160164248023,28879.030133928572,28846.925651041667,578.7576820220792,29268.806640625,29248.48828125,29340.26171875,46.42201590951124,171.27531360109424,259.05637202707356,28680.537109375
2023-05-02,28680.537109375,28881.298828125,27924.123046875,28087.17578125,16432924527,0.020966033026897257,28932.307198660714,28862.9666015625,532.7222559431066,28091.568359375,29268.806640625,29248.48828125,50.91028946852821,152.98744626179177,237.84258687401723,29006.30859375
2023-05-03,29006.30859375,29259.533203125,28178.388671875,28680.494140625,19122972518,0.01135862564681589,29015.6796875,28903.502864583334,483.02503602034534,28680.537109375,28091.568359375,29268.806640625,53.243430993417235,162.90336722801294,222.8547429448164,28847.7109375
2023-05-04,28847.7109375,29353.185546875,28694.0390625,29031.3046875,15548678514,-0.005467695268338013,28926.240234375,28926.156901041668,440.12011487532646,29006.30859375,28680.537109375,28091.568359375,51.948949739574005,156.16413766048936,209.516621887951,29534.384765625
2023-05-05,29534.384765625,29668.908203125,28845.509765625,28851.48046875,17936566518,0.023803407820215394,28953.972098214286,28971.370247395833,475.26779829348646,28847.7109375,29006.30859375,28680.537109375,56.84149182086445,203.88186559721362,208.38967062980353,28904.623046875
2023-05-06,28904.623046875,29820.126953125,28468.966796875,29538.859375,15913866714,-0.021323001096775096,28904.848493303572,29000.052994791666,457.1798565573164,29534.384765625,28847.7109375,29006.30859375,51.647606774121776,188.70670774880637,204.45307805360412,28454.978515625
2023-05-07,28454.978515625,29157.517578125,28441.3671875,28901.623046875,11301355486,-0.015556145829018653,28788.587332589286,29017.690299479167,452.65538562851975,28904.623046875,29534.384765625,28847.7109375,48.257091171328625,138.79775585619427,191.32201361412217,27694.2734375
2023-05-08,27694.2734375,28663.271484375,27310.134765625,28450.45703125,19122903752,-0.026733637409259936,28731.830915178572,29009.239583333332,565.4673294975734,28454.978515625,28904.623046875,29534.384765625,43.10191199959846,37.430533686983836,160.5437176286945,27658.775390625
2023-05-09,27658.775390625,27821.400390625,27375.6015625,27695.068359375,14128593256,-0.0012817829272578907,28585.86495535714,28986.763736979166,697.3992733302846,27694.2734375,28454.978515625,28904.623046875,42.87175366880507,-45.24654193632523,119.38566571569056,27621.755859375
2023-05-10,27621.755859375,28322.6875,26883.669921875,27654.63671875,20656025026,-0.0013384371045779275,28388.071707589286,28919.05625,752.4485356158015,27658.775390625,27694.2734375,28454.978515625,42.61618016718317,-112.45952342824603,73.01662788690325,27000.7890625
2023-05-11,27000.7890625,27621.94140625,26781.826171875,27621.0859375,16724343943,-0.022481076150133283,28124.225725446428,28811.247265625,877.7864956947705,27621.755859375,27658.775390625,27694.2734375,38.47309512355769,-213.3734896079186,15.738604387938885,26804.990234375
2023-05-12,26804.990234375,27055.646484375,25878.4296875,26987.662109375,19313599897,-0.007251596524522896,27734.31222098214,28700.111848958335,742.8167974792893,27000.7890625,27621.755859375,27658.775390625,37.24359845508149,-305.62481134147674,-48.53407875794424,26784.078125
2023-05-13,26784.078125,27030.482421875,26710.873046875,26807.76953125,9999171605,-0.0007801573211611013,27431.37723214286,28579.612239583334,605.7489748825876,26804.990234375,27000.7890625,27621.755859375,37.107202690892784,-376.086786537664,-114.0446203138882,26930.638671875
2023-05-14,26930.638671875,27150.9765625,26661.35546875,26788.974609375,10014858959,0.005471927993601522,27213.614397321428,28461.110221354167,422.813173086801,26784.078125,26804.990234375,27000.7890625,38.79886109400617,-415.31470881772475,-174.29863801465552,27192.693359375
2023-05-15,27192.693359375,27646.34765625,26766.09765625,26931.384765625,14413231792,0.009730726801279843,27141.960100446428,28356.916796875,366.53560198002947,26930.638671875,26784.078125,26804.990234375,41.81256453949621,-420.41125736970935,-223.52116188566632,27036.650390625
2023-05-16,27036.650390625,27299.3046875,26878.947265625,27171.513671875,12732238816,-0.005738415341494774,27053.085100446428,28247.626627604168,287.16743564178387,27192.693359375,26930.638671875,26784.078125,40.53264431013024,-432.0611404104966,-265.2291575906324,27398.802734375
2023-05-17,27398.802734375,27465.927734375,26600.14453125,27035.470703125,15140006925,0.013394867282656264,27021.23465401786,28179.4185546875,217.49479317267165,27036.650390625,27192.693359375,26930.638671875,44.759030413865275,-407.37512231811706,-293.6583505361293,26832.208984375
2023-05-18,26832.208984375,27466.52734375,26415.1015625,27401.650390625,15222938600,-0.02067950762275983,26997.151785714286,28060.573763020835,229.15667860463893,27398.802734375,27036.650390625,27192.693359375,39.97253746569303,-428.59013523926114,-320.6447074767557,26890.12890625
2023-05-19,26890.12890625,27128.619140625,26700.2109375,26826.75390625,11258983301,0.0021585968530852817,27009.314453125,27996.155403645833,219.30535092292445,26832.208984375,27398.802734375,27036.650390625,40.67100244372105,-435.70697341549385,-343.65716066450335,27129.5859375
2023-05-20,27129.5859375,27155.158203125,26843.27734375,26888.841796875,7044911360,0.008905016115201336,27058.672712053572,27958.9419921875,198.0105990580168,26890.12890625,26832.208984375,27398.802734375,43.59320542952195,-417.2155367482628,-358.3688358812553,26753.826171875
2023-05-21,26753.826171875,27265.91796875,26706.921875,27118.423828125,8647416921,-0.013850552916312875,27033.41378348214,27941.505859375,226.31901795998883,27129.5859375,26890.12890625,26832.208984375,40.24350097646947,-427.9484889050109,-372.28476648600645,26851.27734375
2023-05-22,26851.27734375,27045.734375,26549.734375,26749.892578125,11056770492,0.0036425134576618667,26984.640066964286,27909.2984375,223.03712649212002,26753.826171875,27129.5859375,26890.12890625,41.4989888780232,-423.7067084918672,-382.5691548871786,27225.7265625
2023-05-23,27225.7265625,27434.68359375,26816.1796875,26855.9609375,13697203143,0.013945303754316907,27011.650948660714,27897.109830729165,241.10297565405855,26851.27734375,26753.826171875,27129.5859375,46.17823479584422,-385.68421683208726,-383.1921672761604,26334.818359375
2023-05-24,26334.818359375,27224.603515625,26106.576171875,27224.603515625,16299104428,-0.03272302765106416,26859.653180803572,27857.42578125,287.3083326085927,27225.7265625,26851.27734375,26753.826171875,38.32393753914442,-422.5688539082512,-391.06750460257854,26476.20703125
2023-05-25,26476.20703125,26591.51953125,25890.59375,26329.4609375,13851122697,0.005368887301425707,26808.795758928572,27796.379427083335,322.34786905076476,26334.818359375,27225.7265625,26851.27734375,40.06617887730913,-435.37260595329644,-399.92852487272216,26719.291015625
2023-05-26,26719.291015625,26916.669921875,26343.94921875,26474.181640625,12711619225,0.009181223884829448,26784.39034598214,27739.599088541665,321.63010354609656,26476.20703125,26334.818359375,27225.7265625,43.045035983371484,-421.0512094463884,-404.1530617874554,26868.353515625
2023-05-27,26868.353515625,26888.8828125,26621.140625,26720.181640625,7892015141,0.005578834405180588,26747.071428571428,27652.751302083332,288.33326993792684,26719.291015625,26476.20703125,26334.818359375,44.8550429409871,-393.1414120754889,-401.9507318450621,28085.646484375
2023-05-28,28085.646484375,28193.44921875,26802.751953125,26871.158203125,14545229578,0.0453058267244435,26937.331473214286,27610.930794270833,582.6894268059333,26868.353515625,26719.291015625,26476.20703125,56.900695243857264,-269.68852589229937,-375.49829065450956,27745.884765625
2023-05-29,27745.884765625,28432.0390625,27563.876953125,28075.591796875,15181308984,-0.0120973437068298,27065.13253348214,27560.844010416666,654.3677795016898,28085.646484375,26868.353515625,26719.291015625,53.3948866295155,-196.99630458476167,-339.79789344056,27702.349609375
2023-05-30,27702.349609375,28044.759765625,27588.501953125,27745.123046875,13251081851,-0.0015690671469931194,27133.221540178572,27508.628776041667,697.2547973926949,27745.884765625,28085.646484375,26868.353515625,52.9447504891247,-141.2716273684855,-300.09264022614514,27219.658203125
2023-05-31,27219.658203125,27831.677734375,26866.453125,27700.529296875,15656371534,-0.01742420455507676,27259.62723214286,27479.565104166668,602.1019265567465,27702.349609375,27745.884765625,28085.646484375,48.10271522360586,-134.5080565167773,-266.9757234842716,26819.97265625
2023-06-01,26819.97265625,27346.10546875,26671.720703125,27218.412109375,14678970415,-0.014683709247646393,27308.73660714286,27417.5462890625,538.1801432801692,27219.658203125,27702.349609375,27745.884765625,44.47560721064639,-159.55985452878303,-245.4925496931739,27249.58984375
2023-06-02,27249.58984375,27303.861328125,26574.64453125,26824.556640625,14837415000,0.01601855426947596,27384.493582589286,27358.988997395834,474.9922102317197,26819.97265625,27219.658203125,27702.349609375,48.93298323243383,-143.09752913045304,-225.01354558062974,27075.12890625
2023-06-03,27075.12890625,27317.052734375,26958.00390625,27252.32421875,8385597470,-0.0064023326039167605,27414.03292410714,27299.9029296875,442.88891083512664,27249.58984375,26819.97265625,27219.658203125,47.27334649586631,-142.48606659181314,-208.50804978286644,27119.06640625
2023-06-04,27119.06640625,27407.01953125,26968.224609375,27075.123046875,9360912318,0.001622799291266075,27275.950055803572,27219.392317708334,336.4956281867585,27075.12890625,27249.58984375,26819.97265625,47.753949669331924,-136.8782419066447,-194.18208820762212,25760.09765625
2023-06-05,25760.09765625,27129.982421875,25445.16796875,27123.109375,21513292646,-0.05011119223804861,26992.266183035714,27114.5748046875,604.5673294169535,27119.06640625,27075.12890625,27249.58984375,36.632099357484016,-239.33254459597083,-203.21217948529187,27238.783203125
2023-06-06,27238.783203125,27313.8203125,25434.8671875,25732.109375,21929670693,0.057402171630208665,26926.042410714286,27074.0349609375,535.2356159485056,25760.09765625,27119.06640625,27075.12890625,50.21806625317186,-198.91775185717051,-202.3532939596676,26345.998046875
2023-06-07,26345.998046875,27332.181640625,26146.98828125,27235.650390625,19530045082,-0.03277624957004588,26801.233816964286,27029.092447916668,556.7860035403182,27238.783203125,25760.09765625,27119.06640625,44.073954975837964,-236.20620018879345,-209.1238752054928,26508.216796875
2023-06-08,26508.216796875,26797.513671875,26246.6640625,26347.654296875,11904824295,0.0061572444403654725,26756.697265625,26990.740494791666,567.4045032071082,26345.998046875,27238.783203125,25760.09765625,45.38156168062653,-249.78846084532051,-217.25679233345835,26480.375
2023-06-09,26480.375,26770.2890625,26339.314453125,26505.923828125,11015551640,-0.0010503081775867784,26646.809430803572,26952.694466145833,529.2401422126229,26508.216796875,26345.998046875,27238.783203125,45.18628492064636,-259.8042390494884,-225.76628167666436,25851.240234375
2023-06-10,25851.240234375,26531.044921875,25501.8359375,26481.76171875,19872933189,-0.02375852931180167,26471.968191964286,26914.376171875,565.1043163939823,26480.375,26508.216796875,26345.998046875,40.903174720096196,-314.87801536700863,-243.58862841473325,25940.16796875
2023-06-11,25940.16796875,26203.439453125,25668.986328125,25854.03125,10732609603,0.0034399794195076883,26303.554129464286,26885.548763020834,513.4182235740045,25851.240234375,26480.375,26508.216796875,41.74374379929226,-347.34468164435384,-264.33983906065737,25902.5
2023-06-12,25902.5,26087.919921875,25675.197265625,25934.28515625,11677889997,-0.001452109670044499,26323.897321428572,26856.162825520834,490.6105366537534,25940.16796875,25851.240234375,26480.375,41.47464510240963,-371.8280367004663,-285.83747858861915,25918.728515625
2023-06-13,25918.728515625,26376.3515625,25728.365234375,25902.94140625,14143474486,0.0006265231396582749,26135.31808035714,26822.432486979167,295.0714223091691,25902.5,25940.16796875,25851.240234375,41.649170450513886,-385.47821349855076,-305.7656255706055,25124.67578125
2023-06-14,25124.67578125,26041.80078125,24902.15234375,25920.2578125,14265717766,-0.030636253390914137,25960.84347098214,26753.498567708335,463.01996875908,25918.728515625,25902.5,25940.16796875,35.993391151260084,-455.1231204158721,-335.6371245396588,25576.39453125
2023-06-15,25576.39453125,25735.30859375,24797.16796875,25121.673828125,15837384409,0.017979087727655774,25827.726004464286,26704.823372395833,410.379206534463,25124.67578125,25918.728515625,25902.5,40.90935085905266,-468.4670860016231,-362.2031168320517,26327.462890625
2023-06-16,26327.462890625,26463.173828125,25245.357421875,25575.283203125,16324646965,0.029365685552642073,25805.881417410714,26669.112044270834,372.1362879972352,25576.39453125,25124.67578125,25918.728515625,48.053287535735365,-413.66881856451437,-372.4962571785443,26510.67578125
2023-06-17,26510.67578125,26769.39453125,26174.4921875,26328.6796875,11090276850,0.006959002900740696,25900.086495535714,26658.394270833334,458.8877852804663,26327.462890625,25576.39453125,25124.67578125,49.652328068966845,-351.40625515436477,-368.2782567737084,26336.212890625
2023-06-18,26336.212890625,26675.92578125,26325.890625,26510.45703125,9565695129,-0.006580854145875503,25956.66434151786,26639.930403645834,488.135967445613,26510.67578125,26327.462890625,25576.39453125,48.13291692727394,-312.5376824452251,-357.13014190801175,26851.029296875
2023-06-19,26851.029296875,26984.611328125,26312.83203125,26335.44140625,12826986222,0.019547852547670663,26092.168526785714,26630.645182291668,591.338248408871,26336.212890625,26510.67578125,26327.462890625,52.72973894963259,-237.45543857116718,-333.19520124064286,28327.48828125
2023-06-20,28327.48828125,28388.96875,26668.791015625,26841.6640625,22211859147,0.05498705349618893,26436.27706473214,26683.1005859375,1019.4593101411846,26851.029296875,26336.212890625,26510.67578125,62.88826713135037,-58.14406996105026,-278.18497498472436,30027.296875
2023-06-21,30027.296875,30737.330078125,28283.41015625,28311.310546875,33346760979,0.06000562340273241,27136.651506696428,26788.967903645833,1526.2829875445925,28327.48828125,26851.029296875,26336.212890625,70.69611449835168,218.60192226865183,-178.82759553404915,29912.28125
2023-06-22,29912.28125,30495.998046875,29679.158203125,29995.935546875,20653160491,-0.0038303689299371557,27756.063895089286,26878.5197265625,1661.3877353299654,30027.296875,28327.48828125,26851.029296875,69.6286593863104,423.7594797447018,-58.31018047829896,30695.46875
2023-06-23,30695.46875,31389.5390625,29845.21484375,29896.3828125,24115570085,0.02618280743799839,28380.06473214286,27023.874739583334,1845.4816896608468,29912.28125,30027.296875,28327.48828125,72.65630389886527,642.1427856903865,81.78041275543814,30548.6953125
2023-06-24,30548.6953125,30804.1484375,30290.146484375,30708.73828125,12147822496,-0.0047815994828226405,28956.924665178572,27159.624348958332,1794.1473308690454,30695.46875,29912.28125,30027.296875,71.22335808788002,794.2145285459483,224.26723591354016,30480.26171875
2023-06-25,30480.26171875,31041.271484375,30327.943359375,30545.150390625,12703464114,-0.002240147837737516,29548.931640625,27284.9900390625,1432.5331659829487,30548.6953125,30695.46875,29912.28125,70.52495548099402,898.8490885063366,359.1836064320995,30271.130859375
2023-06-26,30271.130859375,30636.029296875,29955.744140625,30480.5234375,16493186997,-0.006861189753050945,30037.517578125,27398.415950520834,804.651969978235,30480.26171875,30548.6953125,30695.46875,68.32017264736078,953.9016342971663,478.1272120051129,30688.1640625
2023-06-27,30688.1640625,31006.787109375,30236.650390625,30274.3203125,16428827944,0.013776598074988877,30374.756975446428,27485.166536458335,313.0006737101371,30271.130859375,30480.26171875,30548.6953125,70.31324438402635,1019.4309027951385,586.387950163118,30086.24609375
2023-06-28,30086.24609375,30703.279296875,29921.822265625,30696.560546875,14571500779,-0.01961401038928634,30383.178292410714,27563.178580729167,302.7182705247902,30688.1640625,30271.130859375,30480.26171875,64.04985209220484,1011.1378033671135,671.3379208039171,30445.3515625
2023-06-29,30445.3515625,30796.25,30057.203125,30086.1875,13180860821,0.011935868224670187,30459.331194196428,27654.611979166668,220.36210641687947,30086.24609375,30688.1640625,30271.130859375,65.99598318900993,1021.7640129649044,741.4231392361146,30477.251953125
2023-06-30,30477.251953125,31256.86328125,29600.275390625,30441.353515625,26387306197,0.0010477918298796851,30428.157366071428,27763.1984375,195.41166081156723,30445.3515625,30086.24609375,30688.1640625,66.17117627921748,1020.9901170248231,797.3365347938563,30590.078125
2023-07-01,30590.078125,30641.2890625,30328.865234375,30471.84765625,9086606733,0.0037019798257575953,30434.069196428572,27888.868619791665,200.23261079820782,30477.251953125,30445.3515625,30086.24609375,66.82225301453906,1017.7489516712012,841.4190181693253,30620.76953125
2023-07-02,30620.76953125,30766.140625,30264.01953125,30587.26953125,10533418042,0.0010033124506771962,30454.141741071428,28001.241276041666,212.31325407180438,30590.078125,30477.251953125,30445.3515625,67.00826547922851,1006.0596157625696,874.3471376879743,31156.439453125
2023-07-03,31156.439453125,31375.61328125,30586.513671875,30624.515625,15271884873,0.01749367929268808,30580.614397321428,28137.2849609375,320.99409942948586,30620.76953125,30590.078125,30477.251953125,70.1535045183987,1028.1677410462617,905.1112583596318,30777.58203125
2023-07-04,30777.58203125,31325.197265625,30659.35546875,31156.865234375,12810828427,-0.012159843310882601,30593.38839285714,28259.235481770833,327.69659870400915,31156.439453125,30620.76953125,30590.078125,65.40432895459008,1003.5496660500503,924.7989398977155,30514.166015625
2023-07-05,30514.166015625,30877.330078125,30225.61328125,30778.724609375,12481622280,-0.0085586975402272,30654.51981026786,28417.704427083332,247.39775226721542,30777.58203125,31156.439453125,30620.76953125,62.24894710027363,951.8122936122782,930.2016106406281,29909.337890625
2023-07-06,29909.337890625,31460.052734375,29892.2265625,30507.150390625,21129219509,-0.019821224171432172,30577.946428571428,28506.722916666666,373.6607741786062,30514.166015625,30777.58203125,31156.439453125,55.614456107715505,852.182054025845,914.5976993176715,30342.265625
2023-07-07,30342.265625,30434.64453125,29777.28515625,29907.998046875,13384770155,0.014474667943441766,30558.662667410714,28639.9318359375,383.08773247426416,29909.337890625,30514.166015625,30777.58203125,58.984185693582155,798.9482433709381,891.4678081283249,30292.541015625
2023-07-08,30292.541015625,30374.4375,30080.16015625,30346.921875,7509378699,-0.0016387902600796256,30516.157366071428,28766.0759765625,395.3319623459139,30342.265625,29909.337890625,30514.166015625,58.43544080956622,744.1693830687109,862.0081231164022,30171.234375
2023-07-09,30171.234375,30427.58984375,30085.591796875,30291.611328125,7903327692,-0.004004505286051452,30451.938058035714,28889.104622395833,411.68019357826023,30292.541015625,30342.265625,29909.337890625,57.04125127282356,683.094026792678,826.2253038516574,30414.470703125
2023-07-10,30414.470703125,31026.083984375,29985.39453125,30172.423828125,14828209155,0.008061862007427312,30345.942522321428,29041.2123046875,271.8209283607792,30171.234375,30292.541015625,30342.265625,59.14603857603616,646.8618846400277,790.3526200093315,30620.951171875
2023-07-11,30620.951171875,30788.314453125,30358.09765625,30417.6328125,12151839152,0.006788889103658935,30323.56668526786,29197.238411458333,234.2121714897725,30414.470703125,30171.234375,30292.541015625,60.897483643928815,627.5746096954717,757.7970179465597,30391.646484375
2023-07-12,30391.646484375,30959.96484375,30228.8359375,30622.24609375,14805659717,-0.007488490028050299,30306.063895089286,29346.876627604168,221.84618106146996,30620.951171875,30414.470703125,30171.234375,57.92742380349197,587.0195376198753,723.6415218812228,31476.048828125
2023-07-13,31476.048828125,31814.515625,30268.3515625,30387.48828125,23686079548,0.03568093437476372,30529.879743303572,29532.120638020835,438.9595372086682,30391.646484375,30620.951171875,30414.470703125,66.29843802792118,635.0609696817846,705.9254114413352,30334.068359375
2023-07-14,30334.068359375,31582.25390625,29966.38671875,31474.720703125,20917902660,-0.036280934592069825,30528.70870535714,29705.767057291665,439.5539961557208,31476.048828125,30391.646484375,30620.951171875,54.09255091905364,574.3649492068507,679.6133189944383,30295.806640625
2023-07-15,30295.806640625,30407.78125,30263.462890625,30331.783203125,8011667756,-0.001261344778969442,30529.175223214286,29863.080794270834,439.26320200791577,30334.068359375,31476.048828125,30391.646484375,53.735591726985156,517.213400624416,647.1333353204338,30249.1328125
2023-07-16,30249.1328125,30437.560546875,30089.669921875,30297.47265625,8516564470,-0.001540603578530031,30540.303571428572,29993.803125,429.5633798540763,30295.806640625,30334.068359375,31476.048828125,53.273755441969115,462.81910817379685,610.2704898911065,30145.888671875
2023-07-17,30145.888671875,30336.400390625,29685.783203125,30249.626953125,13240156074,-0.0034131272874816654,30501.934709821428,30114.976888020832,453.97727537236193,30249.1328125,30295.806640625,30334.068359375,52.20491209402282,406.69220562646296,569.5548330381778,29856.5625
2023-07-18,29856.5625,30233.65625,29556.427734375,30147.0703125,13138897269,-0.009597533349379406,30392.736328125,30232.321875,509.15658435318977,30145.888671875,30249.1328125,30295.806640625,49.22441760559256,335.0033172061703,522.6445298717763,29913.923828125
2023-07-19,29913.923828125,30184.181640625,29794.26953125,29862.046875,12128602812,0.0019212301525000086,30324.490234375,30334.418359375,540.3856773257912,29856.5625,30145.888671875,30249.1328125,49.835903035934656,279.59494000701307,474.0346118988237,29792.015625
2023-07-20,29792.015625,30195.53125,29638.095703125,29915.25,14655207121,-0.0040752996439197275,30083.9140625,30383.2359375,225.24203094463735,29913.923828125,29856.5625,30145.888671875,48.49911236668306,223.27268024263321,423.88222556758564,29908.744140625
2023-07-21,29908.744140625,30045.998046875,29733.8515625,29805.111328125,10972789818,0.0039181140710413676,30023.153459821428,30379.2841796875,202.75938467552632,29792.015625,29913.923828125,29856.5625,49.885277962149864,185.91281209826047,376.2883428737206,29771.802734375
2023-07-22,29771.802734375,29991.615234375,29664.12109375,29908.697265625,7873300598,-0.004578641136054662,29948.295758928572,30374.6015625,180.86823516183793,29908.744140625,29792.015625,29913.923828125,48.24471592190243,143.59949482448428,329.7505732638733,30084.5390625
2023-07-23,30084.5390625,30330.640625,29741.52734375,29790.111328125,9220145050,0.010504447141318263,29924.782366071428,30354.237239583334,141.69748198437603,29771.802734375,29908.744140625,29792.015625,52.11751673164903,133.7592012572859,290.55229886255586,29176.916015625
2023-07-24,29176.916015625,30093.39453125,28934.294921875,30081.662109375,15395817395,-0.03016908602087709,29786.35770089286,30308.511263020835,287.73698133294795,30084.5390625,29771.802734375,29908.744140625,42.23892224961805,52.12227006494868,242.86629310303445,29227.390625
2023-07-25,29227.390625,29353.16015625,29062.43359375,29178.970703125,10266772793,0.0017299501204297574,29696.476004464286,30266.748893229167,353.0155485725665,29176.916015625,30084.5390625,29771.802734375,42.88725301003061,-8.405809979638434,192.6118724864999,29354.97265625
2023-07-26,29354.97265625,29675.552734375,29113.912109375,29225.759765625,13497554655,0.004365152978824893,29616.625837053572,30236.210286458332,358.8008968267455,29227.390625,29176.916015625,30084.5390625,44.580518384675706,-45.55481823417722,144.97853434236447,29210.689453125
2023-07-27,29210.689453125,29560.966796875,29099.3515625,29353.798828125,10770779217,-0.004915119656712763,29533.579241071428,30186.9611328125,378.19177492677625,29354.97265625,29227.390625,29176.916015625,43.026904729978725,-85.65079454347142,98.85266856519729,29319.24609375
2023-07-28,29319.24609375,29521.513671875,29125.845703125,29212.1640625,11218474952,0.0037163327075591113,29449.365234375,30161.394466145834,344.89614752129063,29210.689453125,29354.97265625,29227.390625,44.59149158806416,-107.4291545701999,57.596303938117856,29356.91796875
2023-07-29,29356.91796875,29396.84375,29264.166015625,29319.4453125,6481775959,0.001284885528077373,29390.09598214286,30125.113346354166,314.5660400044091,29319.24609375,29210.689453125,29354.97265625,45.15437362398836,-120.26254456755123,22.024534236984042,29275.30859375
2023-07-30,29275.30859375,29443.169921875,29059.501953125,29357.09375,8678454527,-0.002779902682116475,29274.491629464286,30085.048567708334,71.97817877060926,29356.91796875,29319.24609375,29210.689453125,44.1089903546053,-135.4568310946197,-9.471738829336708,29230.111328125
2023-07-31,29230.111328125,29489.873046875,29131.578125,29278.314453125,11656781982,-0.0015438698273756435,29282.090959821428,30039.716341145835,62.08799037457396,29275.30859375,29356.91796875,29319.24609375,43.50822636140361,-149.42299892386654,-37.46199084824268,29675.732421875
2023-08-01,29675.732421875,29675.732421875,28657.0234375,29230.873046875,18272392391,0.015245275282999904,29346.139787946428,30008.215104166666,156.19177241527083,29230.111328125,29275.30859375,29356.91796875,50.64563567525652,-123.1142055687269,-54.59243379233952,29151.958984375
2023-08-02,29151.958984375,29987.998046875,28946.509765625,29704.146484375,19212655598,-0.01764989082843693,29317.137834821428,29941.399088541668,172.29605844739788,29675.732421875,29230.111328125,29275.30859375,43.662833730149,-142.88138863158383,-72.25022476018839,29178.6796875
2023-08-03,29178.6796875,29375.70703125,28959.48828125,29161.8125,12780357746,0.0009166006009861949,29312.565011160714,29888.10234375,175.97756302027213,29151.958984375,29675.732421875,29230.111328125,44.086373749531695,-154.60865387448575,-88.72191058304787,29074.091796875
2023-08-04,29074.091796875,29302.078125,28885.3359375,29174.3828125,12036639988,-0.0035843942133476636,29277.54296875,29840.099869791666,197.5042822338202,29178.6796875,29151.958984375,29675.732421875,42.73220447064738,-170.37795377135626,-105.05311922070956,29042.126953125
2023-08-05,29042.126953125,29102.46484375,28957.796875,29075.388671875,6598366353,-0.0010994270766331304,29232.572823660714,29811.192838541665,211.74346158596848,29074.091796875,29178.6796875,29151.958984375,42.30451245920353,-183.34109132563754,-120.71071364169516,29041.85546875
2023-08-06,29041.85546875,29160.822265625,28963.833984375,29043.701171875,7269806994,-9.347950838400898e-06,29199.22237723214,29767.845833333333,222.0258087950425,29042.126953125,29074.091796875,29178.6796875,42.30064006361849,-191.42969538439866,-134.85450999023587,29180.578125
2023-08-07,29180.578125,29244.28125,28724.140625,29038.513671875,13618163710,0.004776645775930843,29192.14620535714,29730.780403645833,221.66631604800196,29041.85546875,29042.126953125,29074.091796875,45.06763618149869,-184.5191909958594,-144.78744619136057,29765.4921875
2023-08-08,29765.4921875,30176.796875,29113.814453125,29180.01953125,17570561357,0.020044635853149417,29204.96902901786,29717.2556640625,254.47159199952202,29180.578125,29041.85546875,29042.126953125,54.890440464991244,-130.3423840989053,-141.89843377286954,29561.494140625
2023-08-09,29561.494140625,30093.435546875,29376.80078125,29766.6953125,18379521213,-0.006853508270246889,29263.474051339286,29688.823111979167,285.4455504774613,29765.4921875,29180.578125,29041.85546875,51.43588589513935,-102.68413304318165,-134.05557362693196,29429.591796875
2023-08-10,29429.591796875,29688.564453125,29354.447265625,29563.97265625,11865344789,-0.004461964714047806,29299.31863839286,29649.1111328125,288.75772832946916,29561.494140625,29765.4921875,29180.578125,49.27642320691072,-90.36649786512498,-125.31775847457057,29397.71484375
2023-08-11,29397.71484375,29517.7734375,29253.517578125,29424.90234375,10195168197,-0.001083159880198692,29345.55050223214,29615.980078125,272.11490847011316,29429.591796875,29561.494140625,29765.4921875,48.74381485721628,-82.2290022015186,-116.70000721996018,29415.96484375
2023-08-12,29415.96484375,29465.11328125,29357.587890625,29399.787109375,6194358008,0.0006207965516027425,29398.955915178572,29547.310611979166,237.06767770863112,29397.71484375,29429.591796875,29561.494140625,49.08312844731257,-73.46054830893263,-108.05211543775468,29282.9140625
2023-08-13,29282.9140625,29441.43359375,29265.806640625,29416.59375,7329897180,-0.004523080645381872,29433.39285714286,29512.272135416668,189.2309721018315,29415.96484375,29397.71484375,29429.591796875,46.65807648492338,-76.3672573154945,-101.71514381330266,29408.443359375
2023-08-14,29408.443359375,29660.25390625,29124.10546875,29283.263671875,14013695304,0.004286776125049352,29465.94503348214,29482.693359375,154.99453978289864,29282.9140625,29415.96484375,29397.71484375,49.20782850176655,-67.76057821305221,-94.92423069325258,29170.34765625
2023-08-15,29170.34765625,29439.12109375,29088.853515625,29408.048828125,12640195779,-0.008096168172366025,29380.924386160714,29446.733854166665,123.28123865419771,29408.443359375,29282.9140625,29415.96484375,44.830639028746795,-79.2386426617013,-91.78711308694233,28701.779296875
2023-08-16,28701.779296875,29221.9765625,28701.779296875,29169.07421875,14949271904,-0.016063173634291772,29258.107979910714,29398.596875,262.75308795809366,29170.34765625,29408.443359375,29282.9140625,37.719582826960526,-124.70709626635289,-98.37110972282444,26664.55078125
2023-08-17,26664.55078125,28745.947265625,25409.111328125,28699.802734375,31120851211,-0.07097917151940503,28863.102120535714,29292.196484375,1001.5953900360672,28701.779296875,29170.34765625,29408.443359375,21.644393993077898,-321.4233207498655,-142.98155192823268,26049.556640625
2023-08-18,26049.556640625,26808.1953125,25668.921875,26636.078125,24026236529,-0.02306411031148714,28384.793805803572,29163.384244791665,1417.0353705394289,26664.55078125,28701.779296875,29170.34765625,19.01049805576295,-520.9421366685783,-218.5736688763018,26096.205078125
2023-08-19,26096.205078125,26249.44921875,25802.408203125,26047.83203125,10631443812,0.0017907574452629138,27910.542410714286,29040.190559895833,1562.4691678508764,26049.556640625,26664.55078125,28701.779296875,19.807642401789195,-667.6023918850187,-308.3794134780452,26189.583984375
2023-08-20,26189.583984375,26260.681640625,26004.314453125,26096.861328125,9036580420,0.00357825614760654,27468.638113839286,28916.2185546875,1546.996956703238,26096.205078125,26049.556640625,26664.55078125,21.473811684477823,-767.4501162211454,-400.19355402666525,26124.140625
2023-08-21,26124.140625,26220.201171875,25846.087890625,26188.69140625,13371557893,-0.002498831574187843,26999.452008928572,28794.629817708334,1345.5530092303145,26189.583984375,26096.205078125,26049.556640625,21.142269171431025,-842.1530728879552,-488.58545779892324,26031.65625
2023-08-22,26031.65625,26135.5078125,25520.728515625,26130.748046875,14503820706,-0.0035401882238949023,26551.067522321428,28659.533723958335,972.9317883356191,26124.140625,26189.583984375,26096.205078125,20.656888525423454,-898.461515314797,-570.560669302098,26431.640625
2023-08-23,26431.640625,26786.8984375,25804.998046875,26040.474609375,16985265785,0.015365306423789304,26226.76199776786,28568.024544270833,235.25189419435767,26031.65625,26124.140625,26189.583984375,28.321324060445946,-900.4313532239757,-636.5348060864735,26162.373046875
2023-08-24,26162.373046875,26554.91015625,25914.92578125,26431.51953125,12871532023,-0.01018731988472621,26155.022321428572,28465.857291666667,134.48765262879107,26431.640625,26031.65625,26124.140625,26.467735041825208,-913.193382282745,-691.8665213257278,26047.66796875
2023-08-25,26047.66796875,26248.103515625,25786.8125,26163.6796875,12406045118,-0.004384352975912553,26154.752511160714,28355.613802083335,134.73616805088858,26162.373046875,26431.640625,26031.65625,25.696206197307816,-921.935623449499,-737.8803417504821,26008.462890625
2023-08-26,26008.462890625,26107.384765625,25983.87890625,26047.234375,6034817316,-0.0015051281432193475,26142.217912946428,28248.872916666667,144.79643640923052,26047.66796875,26162.373046875,26431.640625,25.423425387084592,-921.4060394453954,-774.5854812894647,26089.693359375
2023-08-27,26089.693359375,26165.373046875,25965.09765625,26008.2421875,6913768611,0.0031232321991347956,26127.947823660714,28141.221158854165,144.27166726273273,26008.462890625,26047.66796875,26162.373046875,27.14903066456735,-904.0108460439478,-800.4705542403614,26106.150390625
2023-08-28,26106.150390625,26198.578125,25880.599609375,26089.615234375,11002805166,0.0006307866874213364,26125.377790178572,28032.862239583334,144.5108310065487,26089.693359375,26008.462890625,26047.66796875,27.514966205724548,-878.7672037517113,-816.1298841426315,27727.392578125
2023-08-29,27727.392578125,28089.337890625,25912.62890625,26102.486328125,29368391712,0.062101924766441385,26367.625837053572,27981.2650390625,615.3832304442045,26106.150390625,26089.693359375,26008.462890625,52.71396336081959,-719.6451191495144,-796.8329311440082,27297.265625
2023-08-30,27297.265625,27760.16015625,27069.20703125,27726.083984375,16343655235,-0.015512708305083889,26491.286551339286,27916.836848958334,710.07834759335,27727.392578125,26106.150390625,26089.693359375,47.95111188711956,-621.0878568854023,-761.6839162922871,25931.47265625
2023-08-31,25931.47265625,27456.078125,25752.9296875,27301.9296875,20181001451,-0.0500340578984273,26458.30078125,27792.028190104167,732.9004746942993,27297.265625,27727.392578125,26106.150390625,36.63274576194042,-645.7448499760758,-738.4961030290449,25800.724609375
2023-09-01,25800.724609375,26125.869140625,25362.609375,25934.021484375,17202862221,-0.005042060225742162,26423.02315848214,27680.320377604166,761.3512303006434,25931.47265625,27297.265625,27727.392578125,35.76248820199318,-668.1341349120703,-724.42370940565,25868.798828125
2023-09-02,25868.798828125,25970.28515625,25753.09375,25800.91015625,10100387473,0.0026384615075991658,26403.071149553572,27569.991015625,775.7203092753906,25800.724609375,25931.47265625,27297.265625,36.60689648720738,-672.6311112446856,-714.0651897734572,25969.56640625
2023-09-03,25969.56640625,26087.1484375,25817.03125,25869.47265625,8962524523,0.0038953327054152,26385.91015625,27466.5068359375,785.080804183575,25868.798828125,25800.724609375,25931.47265625,37.90803055659498,-660.4506322104717,-703.3422782608602,25812.416015625
2023-09-04,25812.416015625,26081.525390625,25657.025390625,25968.169921875,10680635106,-0.006051329012069284,26343.948102678572,27358.8498046875,809.9810203408356,25969.56640625,25868.798828125,25800.724609375,36.6448306599264,-655.917232422009,-693.8572690930899,25779.982421875
2023-09-05,25779.982421875,25858.375,25589.98828125,25814.95703125,11094740040,-0.0012565113521479931,26065.746651785714,27250.120703125,547.5371922531718,25812.416015625,25969.56640625,25868.798828125,36.37542099057048,-647.4778784433329,-684.5813909631386,25753.236328125
2023-09-06,25753.236328125,25953.015625,25404.359375,25783.931640625,12752705327,-0.0010374752516241204,25845.171037946428,27135.8759765625,80.86034510865255,25779.982421875,25812.416015625,25969.56640625,36.139464382341174,-635.6207752156697,-674.7892678136448,26240.1953125
2023-09-07,26240.1953125,26409.302734375,25608.201171875,25748.3125,11088307100,0.018908652030005024,25889.274274553572,27018.366080729167,170.39704236319187,25753.236328125,25779.982421875,25812.416015625,43.34518833297824,-580.2417494294277,-655.8797641368014,25905.654296875
2023-09-08,25905.654296875,26414.005859375,25677.48046875,26245.208984375,10817356400,-0.012749181613965876,25904.264229910714,26896.504752604167,165.86404215174542,26240.1953125,25753.236328125,25779.982421875,40.005496462712586,-556.9282148099592,-636.089454271433,25895.677734375
2023-09-09,25895.677734375,25921.9765625,25810.494140625,25905.42578125,5481314132,-0.0003851113886439439,25908.104073660714,26778.7076171875,165.21602285850346,25905.654296875,26240.1953125,25753.236328125,39.90674851254535,-533.1117158652487,-615.4939065901963,25832.2265625
2023-09-10,25832.2265625,25978.130859375,25640.26171875,25895.2109375,7899553047,-0.0024502611024840304,25888.48409598214,26659.8580078125,164.85507724410334,25895.677734375,25905.654296875,26240.1953125,39.2432847913864,-513.4383504499892,-595.0827953621549,25162.654296875
2023-09-11,25162.654296875,25883.947265625,24930.296875,25831.71484375,14600006467,-0.02592003689674205,25795.660993303572,26518.080989583334,322.43677019571686,25832.2265625,25895.677734375,25905.654296875,33.00707920780431,-545.5867679613912,-585.1835898820023,25833.34375
2023-09-12,25833.34375,26451.939453125,25133.078125,25160.658203125,18657279324,0.026654161568650414,25803.284040178572,26403.0953125,322.63504182746715,25162.654296875,25832.2265625,25895.677734375,42.81054684266923,-511.05446897646107,-570.357765700894,26228.32421875
2023-09-13,26228.32421875,26376.11328125,25781.123046875,25837.5546875,13072077070,0.01528956036711282,25871.153738839286,26297.091341145835,358.3458592929139,25833.34375,25162.654296875,25832.2265625,47.66747135659797,-446.6668529600465,-545.6195831527245,26539.673828125
2023-09-14,26539.673828125,26774.623046875,26171.451171875,26228.27734375,13811359124,0.011870739692642074,25913.936383928572,26209.402213541667,421.976593520903,26228.32421875,25833.34375,25162.654296875,51.18665074011776,-366.2934886328294,-509.75436424874556,26608.693359375
2023-09-15,26608.693359375,26840.498046875,26240.701171875,26533.818359375,11479735788,0.0026006171627044328,26014.370535714286,26139.632682291667,496.72175358849427,26539.673828125,26228.32421875,25833.34375,51.95790921299325,-293.64278772252874,-466.5320489435022,26568.28125
2023-09-16,26568.28125,26754.76953125,26473.890625,26606.19921875,7402031417,-0.001518755875352329,26110.45675223214,26136.423697916667,533.6191173183895,26608.693359375,26539.673828125,26228.32421875,51.44536446587393,-236.60012436434772,-420.54566402767136,26534.1875
2023-09-17,26534.1875,26617.998046875,26445.07421875,26567.927734375,6774210670,-0.0012832501161511578,26210.736886160714,26152.578059895834,538.553486280051,26568.28125,26608.693359375,26539.673828125,50.98838226053626,-191.9320106294217,-374.8229333480214,26754.28125
2023-09-18,26754.28125,27414.734375,26415.515625,26532.994140625,15615339655,0.008294723552398242,26438.112165178572,26174.513932291666,309.6519240601568,26534.1875,26568.28125,26608.693359375,53.8390425764749,-137.1910296618371,-327.29655261078454,27211.1171875
2023-09-19,27211.1171875,27488.763671875,26681.60546875,26760.8515625,13807690550,0.017075246134672373,26634.936941964286,26208.5650390625,298.8639221240849,26754.28125,26534.1875,26568.28125,59.150031465141645,-56.296613323567726,-273.09656475334117,27132.0078125
2023-09-20,27132.0078125,27379.505859375,26864.08203125,27210.228515625,13281116604,-0.00290724465500225,26764.034598214286,26242.160611979165,288.9636578634904,27211.1171875,26754.28125,26534.1875,57.907554949491605,1.4130403696435678,-218.19464372874424,26567.6328125
2023-09-21,26567.6328125,27152.939453125,26389.30078125,27129.83984375,13371443708,-0.02080107760178318,26768.028738839286,26260.026497395833,285.51830284486397,27132.0078125,27211.1171875,26754.28125,49.86086105551441,1.5896859655294975,-174.2377777898895,26579.568359375
2023-09-22,26579.568359375,26726.078125,26495.533203125,26564.056640625,10578746709,0.0004492514240630463,26763.868024553572,26264.957421875,288.4246228022412,26567.6328125,27132.0078125,27211.1171875,50.01903906013739,2.662090830221132,-138.85780406586736,26579.390625
2023-09-23,26579.390625,26634.185546875,26520.51953125,26578.556640625,7404700301,-6.686879658768241e-06,26765.455078125,26278.8580078125,287.1969915186553,26579.568359375,26567.6328125,27132.0078125,50.01650861814525,3.4577786136069335,-110.3946875299725,26256.826171875
2023-09-24,26256.826171875,26716.05859375,26221.05078125,26579.373046875,8192867686,-0.01213588594546644,26725.83203125,26285.829947916667,338.90053661308997,26579.390625,26579.568359375,26567.6328125,45.51606326668071,-21.689861447710427,-92.65372231352009,26298.48046875
2023-09-25,26298.48046875,26421.5078125,26011.46875,26253.775390625,11997833257,0.0015864178176880905,26660.717633928572,26295.497200520833,374.4467583546402,26256.826171875,26579.390625,26579.568359375,46.18940862393025,-37.822400645920425,-81.68745798000016,26217.25
2023-09-26,26217.25,26389.884765625,26090.712890625,26294.7578125,9985498161,-0.0030887894396227633,26518.73660714286,26299.749088541666,314.6097686167276,26298.48046875,26256.826171875,26579.390625,45.02091186563872,-56.510753357953945,-76.65211705559092,26352.716796875
2023-09-27,26352.716796875,26817.841796875,26111.46484375,26209.498046875,11718380997,0.005167086436411061,26407.409319196428,26307.96796875,162.57331158844354,26217.25,26298.48046875,26256.826171875,47.41028782579309,-59.70215982483933,-73.2621256094406,27021.546875
2023-09-28,27021.546875,27259.5,26327.322265625,26355.8125,14079002707,0.02537992888096885,26472.25418526786,26284.439778645832,283.03117110319187,26352.716796875,26217.25,26298.48046875,57.281501517828566,-8.168216666988883,-60.243343820950265,26911.720703125
2023-09-29,26911.720703125,27225.9375,26721.763671875,27024.841796875,10396435377,-0.004064392478456136,26519.704520089286,26271.58828125,328.2513293516656,27021.546875,26352.716796875,26217.25,55.441248678075105,23.539402770551533,-43.486794502649914,26967.916015625
2023-09-30,26967.916015625,27091.794921875,26888.96875,26911.689453125,5331172801,0.0020881352448591795,26575.208147321428,26306.136393229168,370.1936782474635,26911.720703125,27021.546875,26352.716796875,56.21634213805996,52.596116400869505,-24.270212321946026,27983.75
2023-10-01,27983.75,28047.23828125,26965.09375,26967.396484375,9503917434,0.037668241913332734,26821.911551339286,26378.90390625,616.2852745910342,26967.916015625,26911.720703125,27021.546875,67.292244786586,155.79715157247847,11.74326045693887,27530.78515625
2023-10-02,27530.78515625,28494.458984375,27347.787109375,27976.798828125,19793041322,-0.016186709920936293,26997.955078125,26434.303450520834,617.8494509618326,27983.75,26967.916015625,26911.720703125,60.00324005600226,198.74324969470763,49.14325830449262,27429.978515625
2023-10-03,27429.978515625,27667.19140625,27216.001953125,27508.251953125,11407814187,-0.003661597010505724,27171.202008928572,26482.983854166665,525.5901449216046,27530.78515625,27983.75,26967.916015625,58.48494345512839,222.08404185235122,83.73141501406434,27799.39453125
2023-10-04,27799.39453125,27826.658203125,27248.10546875,27429.07421875,11143355314,0.013467601347721292,27377.870256696428,26549.216471354168,424.8912513680275,27429.978515625,27530.78515625,27983.75,62.2542482586929,267.3091988707092,120.44697178539333,27415.912109375
2023-10-05,27415.912109375,28091.861328125,27375.6015625,27798.646484375,11877253670,-0.01379463216164356,27434.208147321428,26603.7474609375,394.8541033735718,27799.39453125,27429.978515625,27530.78515625,56.51765350141904,269.1045651728855,150.17849046289177,27946.59765625
2023-10-06,27946.59765625,28252.537109375,27215.552734375,27412.123046875,13492391599,0.01935684447622399,27582.047712053572,26676.859505208333,358.70431159047916,27415.912109375,27799.39453125,27429.978515625,61.76800756739135,309.778362280882,182.09846482648982,27968.83984375
2023-10-07,27968.83984375,28028.091796875,27870.423828125,27946.78125,6553044316,0.0007958817661306572,27725.03683035714,26734.480989583335,258.6316221427342,27946.59765625,27415.912109375,27799.39453125,61.975244412181766,339.8893651457729,213.65664489034643,27935.08984375
2023-10-08,27935.08984375,28102.169921875,27740.662109375,27971.677734375,7916875290,-0.001206700034343422,27718.085379464286,26802.128841145834,251.06221056252264,27968.83984375,27946.59765625,27415.912109375,61.431106059172556,356.914915935693,242.30829909941576,27583.677734375
2023-10-09,27583.677734375,27989.470703125,27302.5625,27934.47265625,12007668568,-0.012579594744121514,27725.641462053572,26858.3955078125,245.21343838545388,27935.08984375,27968.83984375,27946.59765625,55.925229231369855,338.1537414085833,261.47738756124926,27391.01953125
2023-10-10,27391.01953125,27715.84765625,27301.654296875,27589.201171875,9973350678,-0.006984500217130485,27720.07589285714,26910.3552734375,253.3496305995011,27583.677734375,27935.08984375,27968.83984375,53.1145755422624,304.2324660578997,270.02840326057935,26873.3203125
2023-10-11,26873.3203125,27474.115234375,26561.099609375,27392.076171875,13648094333,-0.018900326735168282,27587.77957589286,26967.377473958335,402.7620410040742,27391.01953125,27583.677734375,27935.08984375,46.37058669633248,232.89098824972825,262.60092025840913,26756.798828125
2023-10-12,26756.798828125,26921.439453125,26558.3203125,26873.29296875,9392909295,-0.0043359541366684295,27493.620535714286,26998.159309895833,511.89723467779817,26873.3203125,27391.01953125,27583.677734375,44.986081852553276,165.0474785268052,243.09023191208837,26862.375
2023-10-13,26862.375,27092.697265625,26686.322265625,26752.87890625,15165312851,0.003945769916393171,27338.731584821428,27019.2943359375,516.007302612106,26756.798828125,26873.3203125,27391.01953125,46.543471300809024,118.43487945156085,218.15916141998287,26861.70703125
2023-10-14,26861.70703125,26969.0,26814.5859375,26866.203125,5388116782,-2.4866332556272575e-05,27180.569754464286,27030.028776041665,456.9812309713631,26862.375,26756.798828125,26873.3203125,46.53449547164025,80.51206637890937,190.62974241176818,27159.65234375
2023-10-15,27159.65234375,27289.169921875,26817.89453125,26858.01171875,7098201980,0.011091823470242623,27069.79296875,27048.394075520835,315.76034475624556,26861.70703125,26862.375,26756.798828125,51.06742505969179,73.65066150570783,167.2339262305561,28519.466796875
2023-10-16,28519.466796875,29448.138671875,27130.47265625,27162.62890625,27833876539,0.05006744695824206,27203.477120535714,27113.43359375,620.5648046285529,27159.65234375,26861.70703125,26862.375,65.46039572348775,175.91082019900568,168.96930502424604,28415.748046875
2023-10-17,28415.748046875,28618.751953125,28110.185546875,28522.09765625,14872527508,-0.0036367703063566736,27349.86690848214,27176.152278645834,774.0610347800006,28519.466796875,27159.65234375,26861.70703125,63.91611918723691,245.75063603906165,184.3255712272092,28328.341796875
2023-10-18,28328.341796875,28889.009765625,28174.251953125,28413.53125,12724128586,-0.0030759792019486865,27557.727120535714,27228.620963541667,818.8302925695072,28415.748046875,28519.466796875,27159.65234375,62.57636031103859,290.69528507569703,205.59951399690675,28719.806640625
2023-10-19,28719.806640625,28892.474609375,28177.98828125,28332.416015625,14448058195,0.013818840741083749,27838.156808035714,27278.910611979165,834.8009046258193,28328.341796875,28415.748046875,28519.466796875,66.01249723837506,353.82352715482193,235.2443166284898,29682.94921875
2023-10-20,29682.94921875,30104.0859375,28601.669921875,28732.8125,21536125230,0.033535830870205396,28241.09598214286,27363.9419921875,957.0740443063346,28719.806640625,28328.341796875,28415.748046875,72.66304081243203,476.08268570365544,283.41199044352294,29918.412109375
2023-10-21,29918.412109375,30287.482421875,29481.751953125,29683.380859375,11541146996,0.007932597562652743,28677.768136160714,27475.634635416667,919.4057754763071,29682.94921875,28719.806640625,28328.341796875,74.00237259513233,585.2276965173696,343.77513165829225,29993.896484375
2023-10-22,29993.896484375,30199.43359375,29720.3125,29918.654296875,10446520040,0.002523007395046406,29082.66015625,27589.445572916666,747.4174775137348,29918.412109375,29682.94921875,28719.806640625,74.43479337261503,670.0924534623882,409.0385960191115,33086.234375
2023-10-23,33086.234375,34370.4375,30097.828125,30140.685546875,38363572311,0.10309890521346299,29735.055524553572,27806.340364583335,1637.268002042136,29993.896484375,29918.412109375,29682.94921875,85.25495146557824,975.6277790564927,522.3564326265878,33901.52734375
2023-10-24,33901.52734375,35150.43359375,32880.76171875,33077.3046875,44934999645,0.02464145540134477,30518.73828125,28061.163736979168,2137.119697964334,33086.234375,29993.896484375,29918.412109375,86.83677503094623,1268.926658108212,671.6704777229127,34502.8203125
2023-10-25,34502.8203125,35133.7578125,33709.109375,33916.04296875,25254318008,0.017736456610143003,31400.806640625,28334.641731770833,2346.360456794622,33901.52734375,33086.234375,29993.896484375,87.87029568688813,1532.2249151788383,843.7813652140978,34156.6484375
2023-10-26,34156.6484375,34832.91015625,33762.32421875,34504.2890625,19427195376,-0.010033147199696724,32177.49832589286,28599.288346354166,2206.67916225985,34502.8203125,33901.52734375,33086.234375,83.79136378804625,1693.436620403074,1013.712416251893,33909.80078125
2023-10-27,33909.80078125,34238.2109375,33416.88671875,34156.5,16418032871,-0.007226928505637331,32781.334263392855,28851.191145833334,1976.6288314486796,34156.6484375,34502.8203125,33901.52734375,80.90724149152871,1780.752113508639,1167.1203557032422,34089.57421875
2023-10-28,34089.57421875,34399.390625,33874.8046875,33907.72265625,10160330825,0.005301518539129857,33377.214564732145,29086.792057291666,1553.062802445684,33909.80078125,34156.6484375,34502.8203125,81.40911657924246,1843.2091174972302,1302.33810806204,34538.48046875
2023-10-29,34538.48046875,34743.26171875,33947.56640625,34089.37109375,11160323986,0.013168432293093613,34026.44084821428,29341.0173828125,487.0418029385335,34089.57421875,33909.80078125,34156.6484375,82.63649680717799,1906.947620707695,1423.260010591171,34502.36328125
2023-10-30,34502.36328125,34843.93359375,34110.97265625,34531.7421875,17184860315,-0.0010457086417764438,34228.74497767857,29592.165625,282.6315420184349,34538.48046875,34089.57421875,33909.80078125,82.16647640068018,1932.2724544685152,1525.06249936664,34667.78125
2023-10-31,34667.78125,34719.25390625,34083.30859375,34500.078125,15758270810,0.004794395311462418,34338.20982142857,29814.966666666667,283.1628317187793,34502.36328125,34538.48046875,34089.57421875,82.65312939292686,1943.2893849282045,1608.707876478953,35437.25390625
2023-11-01,35437.25390625,35527.9296875,34170.69140625,34657.2734375,22446272005,0.022195613001625203,34471.70033482143,30078.515625,506.15386363750537,34667.78125,34502.36328125,34538.48046875,84.7393087106056,1991.1575692920233,1685.1978150415673,34938.2421875
2023-11-02,34938.2421875,35919.84375,34401.57421875,35441.578125,20998158544,-0.014081557224217889,34583.35658482143,30328.791080729166,511.25404272201115,35437.25390625,34667.78125,34502.36328125,78.1734433196306,1966.1626755537982,1741.3907871440138,34732.32421875
2023-11-03,34732.32421875,34942.47265625,34133.44140625,34942.47265625,17158456701,-0.005893770145759425,34700.85993303572,30559.888736979166,416.36299362059555,34938.2421875,35437.25390625,34667.78125,75.57129465541625,1907.7468647126916,1774.6620026577496,35082.1953125
2023-11-04,35082.1953125,35256.03125,34616.69140625,34736.32421875,9561294264,0.010073356782761111,34842.66294642857,30815.431510416667,334.4494579730065,34732.32421875,34938.2421875,35437.25390625,76.9737668545823,1868.1487313361868,1793.3593483934371,35049.35546875
2023-11-05,35049.35546875,35340.33984375,34594.2421875,35090.01171875,12412743996,-0.0009360829177728069,34915.64508928572,31052.190104166668,311.99591515901017,35082.1953125,34732.32421875,34938.2421875,76.52964594878034,1813.2154058977721,1797.3305598943043,35037.37109375
2023-11-06,35037.37109375,35286.02734375,34765.36328125,35044.7890625,12693436420,-0.0003419285416157436,34992.07477678572,31287.8078125,254.02545602282942,35049.35546875,35082.1953125,34732.32421875,76.35650352164319,1748.5570337634235,1787.5758546681284,35443.5625
2023-11-07,35443.5625,35892.41796875,34545.81640625,35047.79296875,18834737789,0.011593090279608864,35102.900669642855,31538.090234375,258.1575154986882,35037.37109375,35049.35546875,35082.1953125,78.16004279709018,1710.3749223759623,1772.1356682096953,35655.27734375
2023-11-08,35655.27734375,35994.41796875,35147.80078125,35419.4765625,17295394918,0.005973294692089626,35134.046875,31807.1435546875,312.6257393331809,35443.5625,35037.37109375,35049.35546875,79.0567749122833,1677.857644039621,1753.2800633756806,36693.125
2023-11-09,36693.125,37926.2578125,35592.1015625,35633.6328125,37762672382,0.029107827327892632,35384.744419642855,32117.213736979167,650.4933293712212,35655.27734375,35443.5625,35037.37109375,82.78770213604882,1716.0515251118413,1745.8343557229127,37313.96875
2023-11-10,37313.96875,37493.80078125,36362.75390625,36702.25,22711265155,0.01691989303173269,35753.55078125,32465.2353515625,902.1249822054041,36693.125,35655.27734375,35443.5625,84.55969687251824,1775.9453604235605,1751.8565566630423,37138.05078125
2023-11-11,37138.05078125,37407.09375,36773.66796875,37310.0703125,13924272142,-0.0047145338500075296,36047.244419642855,32811.277083333334,978.545460796043,37313.96875,36693.125,35655.27734375,81.98416962727845,1788.5986941672309,1759.20498416388,37054.51953125
2023-11-12,37054.51953125,37227.69140625,36779.1171875,37133.9921875,11545715999,-0.002249209321512735,36333.69642857143,33151.015234375,930.0308983471181,37138.05078125,37313.96875,36693.125,80.72685426367893,1771.4659220955436,1761.6571717502127,36502.35546875
2023-11-13,36502.35546875,37405.1171875,36399.60546875,37070.3046875,19057712790,-0.014901395821212304,36542.97991071428,33472.37018229167,733.8408431137535,37054.51953125,37138.05078125,37313.96875,72.78107450193248,1693.807888596697,1748.0873151195096,35537.640625
2023-11-14,35537.640625,36753.3515625,34948.5,36491.7890625,23857403554,-0.026428838121854925,36556.419642857145,33751.636458333334,710.8514084942717,36502.35546875,37054.51953125,37138.05078125,61.40841826017884,1536.70473648396,1705.8107993924,37880.58203125
2023-11-15,37880.58203125,37964.89453125,35383.78125,35548.11328125,27365821679,0.06592844558740318,36874.3203125,34063.6736328125,737.7647645680075,35537.640625,36502.35546875,37054.51953125,72.60456899136993,1583.0072253673352,1681.250084587387,36154.76953125
2023-11-16,36154.76953125,37934.625,35545.47265625,37879.98046875,26007385366,-0.04555929205565723,36797.412388392855,34321.641015625,786.2674344670828,37880.58203125,35537.640625,36502.35546875,59.02136373424663,1463.572483320204,1637.7145643339504,36596.68359375
2023-11-17,36596.68359375,36704.484375,35901.234375,36164.82421875,22445028430,0.012222842746045792,36694.943080357145,34597.25240885417,753.7971358039412,36154.76953125,37880.58203125,35537.640625,61.03174384098065,1388.5717703679475,1587.88600554075,36585.703125
2023-11-18,36585.703125,36839.28125,36233.3125,36625.37109375,11886022717,-0.000300039994658885,36616.03627232143,34859.448958333334,728.1558526456259,36596.68359375,36154.76953125,37880.58203125,60.951728282066576,1313.1104134780835,1532.9308871282167,37386.546875
2023-11-19,37386.546875,37509.35546875,36414.59765625,36585.765625,12915986553,0.021889527372586093,36663.46875,35116.235546875,771.0313239811646,36585.703125,36596.68359375,36154.76953125,64.5973075821824,1302.9090180404091,1486.9265133106553,37476.95703125
2023-11-20,37476.95703125,37756.8203125,36882.53125,37374.07421875,20888209068,0.0024182537251242753,36802.697544642855,35368.18704427083,823.3112927778309,37386.546875,36585.703125,36596.68359375,64.99463945168542,1287.280711936357,1446.9973530357959,35813.8125
2023-11-21,35813.8125,37631.140625,35813.8125,37469.16015625,25172163756,-0.04437779006078835,36842.150669642855,35562.184244791664,756.4916486616827,37476.95703125,37386.546875,36585.703125,53.1723760341291,1127.6939486846168,1383.13667216556,37432.33984375
2023-11-22,37432.33984375,37856.98046875,35670.97265625,35756.5546875,24397247860,0.045192824521265385,36778.11607142857,35707.054427083334,667.7023097975524,35813.8125,37476.95703125,37386.546875,60.66997268774563,1118.923663602087,1330.2940704528655,37289.62109375
2023-11-23,37289.62109375,37643.91796875,36923.86328125,37420.43359375,14214948217,-0.003812712499291715,36940.23772321428,35819.990885416664,627.7009261207916,37432.33984375,35813.8125,37476.95703125,59.761344951887054,1087.9161192941028,1281.818480221113,37720.28125
2023-11-24,37720.28125,38415.33984375,37261.60546875,37296.31640625,22922957823,0.011549062275727495,37100.751674107145,35927.239583333336,667.5996905215982,37289.62109375,37432.33984375,35813.8125,61.62882361228103,1085.5792110693874,1242.5706263907682,37796.79296875
2023-11-25,37796.79296875,37892.4296875,37617.41796875,37721.4140625,9099571165,0.0020283973558654633,37273.76450892857,36048.577734375,668.804962791523,37720.28125,37289.62109375,37432.33984375,61.96654295985852,1077.4805259381246,1209.5526063002394,37479.12109375
2023-11-26,37479.12109375,37820.30078125,37162.75,37796.828125,13744796068,-0.008404730932136117,37286.98939732143,36167.555078125,672.3128798718221,37796.79296875,37720.28125,37289.62109375,59.620261047809436,1033.5150757533775,1174.345100190867,37254.16796875
2023-11-27,37254.16796875,37559.35546875,36750.12890625,37454.19140625,19002925720,-0.006002091789647501,37255.162388392855,36273.04153645833,667.0740195561647,37479.12109375,37796.79296875,37720.28125,57.947044456974446,969.3462820103014,1133.3453365547539,37831.0859375
2023-11-28,37831.0859375,38368.48046875,36891.08984375,37247.9921875,21696137014,0.01548599794884531,37543.34430803572,36382.79505208333,239.0199389813512,37254.16796875,37479.12109375,37796.79296875,60.97214420241469,954.0468510063511,1097.4856394450735,37858.4921875
2023-11-29,37858.4921875,38366.11328125,37612.6328125,37826.10546875,20728546658,0.0007244373065387055,37604.22321428572,36494.666015625,259.4339009073548,37831.0859375,37254.16796875,37479.12109375,61.11524523645854,933.3740420886461,1064.663319973788,37712.74609375
2023-11-30,37712.74609375,38141.75390625,37531.140625,37861.1171875,18115982627,-0.0038497596002547985,37664.669642857145,36596.16484375,220.2506222739818,37858.4921875,37831.0859375,37254.16796875,59.85827705438564,894.9141866877326,1030.713493316577,38688.75
2023-12-01,38688.75,38954.109375,37629.359375,37718.0078125,23512784002,0.025879947957747618,37803.02232142857,36704.548046875,447.7200950434278,37712.74609375,37858.4921875,37831.0859375,65.04323539329027,932.4412305424194,1011.0590407617455,39476.33203125
2023-12-02,39476.33203125,39678.9375,38652.59375,38689.27734375,15534035612,0.020356874575942596,38042.95647321428,36855.817708333336,774.5608972002922,38688.75,37712.74609375,37858.4921875,68.57106684631714,1014.043706362565,1011.6559738819094,39978.390625
2023-12-03,39978.390625,40135.60546875,39298.1640625,39472.20703125,15769696322,0.012717964611113297,38399.99497767857,37030.68658854167,1011.2143743953604,39476.33203125,38688.75,37712.74609375,70.6074397277761,1106.4714745964375,1030.619074024815,41980.09765625
2023-12-04,41980.09765625,42371.75,39978.62890625,39978.62890625,39856129827,0.05006972516793251,39075.12779017857,37260.61666666667,1551.8221826307038,39978.390625,39476.33203125,38688.75,77.00474054054885,1325.9573641717288,1089.6867320541978,44080.6484375
2023-12-05,44080.6484375,44408.6640625,41421.1484375,41986.265625,36312154535,0.05003682455553493,39967.92243303572,37561.659765625,2322.962670756654,41980.09765625,39978.390625,39476.33203125,81.5442456556193,1650.373922723069,1201.8241701879722,43746.4453125
2023-12-06,43746.4453125,44265.76953125,43478.08203125,44080.0234375,29909761586,-0.007581629055975703,40809.05859375,37851.962239583336,2491.7163536472876,44080.6484375,41980.09765625,39978.390625,78.87628959256074,1859.0786817279877,1333.2750724959753,43292.6640625
2023-12-07,43292.6640625,44042.58984375,42880.6484375,43769.1328125,27635760671,-0.010372985662227885,41606.189732142855,38113.598958333336,2213.0341534637046,43746.4453125,44080.6484375,41980.09765625,75.27500952917886,1965.2086503873652,1459.6617880742533,44166.6015625
2023-12-08,44166.6015625,44705.515625,43125.296875,43293.13671875,24421116687,0.02018673414826888,42388.739955357145,38397.309765625,1963.9535455198313,43292.6640625,43746.4453125,44080.6484375,77.41381738419798,2095.6791825234905,1586.8652669641008,43725.984375
2023-12-09,43725.984375,44361.2578125,43627.59765625,44180.01953125,17368210171,-0.009976252913108663,42995.83314732143,38631.73841145833,1520.3535164076277,44166.6015625,43292.6640625,43746.4453125,73.94096369840108,2138.8683516327146,1697.2658838978236,43779.69921875
2023-12-10,43779.69921875,44034.625,43593.28515625,43728.3828125,13000481418,0.0012284421841561866,43538.877232142855,38847.26276041667,743.1977512889042,43725.984375,44166.6015625,43292.6640625,74.09354229052535,2152.6163964290317,1788.3359864040654,41243.83203125
2023-12-11,41243.83203125,43808.375,40234.578125,43792.01953125,40632672038,-0.05792335792051162,43433.69642857143,38984.12213541667,1006.1523313235017,43779.69921875,43725.984375,44166.6015625,57.096854210917286,1936.565016039487,1817.9817923311498,41450.22265625
2023-12-12,41450.22265625,42048.3046875,40667.5625,41238.734375,24779520132,0.005004157345118276,43057.92131696428,39130.64557291667,1197.304461771852,41243.83203125,43779.69921875,43725.984375,57.94247529009154,1761.689083927573,1806.7232506504345,42890.7421875
2023-12-13,42890.7421875,43429.78125,40676.8671875,41468.46484375,26797884674,0.03475299863154757,42935.678013392855,39343.591796875,1158.3398635616525,41450.22265625,41243.83203125,43779.69921875,63.36929951575503,1719.5150360885746,1789.2816077380626,43023.97265625
2023-12-14,43023.97265625,43390.859375,41767.08984375,42884.26171875,25578530178,0.0031062756659134827,42897.29352678572,39593.13619791667,1148.9524765419742,42890.7421875,41450.22265625,41243.83203125,63.834104057396445,1677.505149549892,1766.9263161004285,41929.7578125
2023-12-15,41929.7578125,43087.82421875,41692.96875,43028.25,19639442462,-0.025432678020983368,42577.744419642855,39728.108723958336,1043.2922094560595,43023.97265625,42890.7421875,41450.22265625,57.39290025900917,1538.186759175711,1721.1784047154852,42240.1171875
2023-12-16,42240.1171875,42664.9453125,41723.11328125,41937.7421875,14386729590,0.007401888090740938,42365.47767857143,39930.95364583333,913.864393032897,41929.7578125,43023.97265625,42890.7421875,58.66687115043711,1436.2629931084666,1664.1953223940816,41364.6640625
2023-12-17,41364.6640625,42359.49609375,41274.54296875,42236.109375,16678702876,-0.02072563201266564,42020.47265625,40089.886328125,727.9302673264623,42240.1171875,41929.7578125,43023.97265625,53.781854815834755,1270.2038046727757,1585.3970188498206,42623.5390625
2023-12-18,42623.5390625,42720.296875,40530.2578125,41348.203125,25224642008,0.030433584522719714,42217.57366071428,40291.14752604167,666.8172704173551,41364.6640625,42240.1171875,41929.7578125,59.06079663943359,1226.04827179954,1513.5272694397645,42270.52734375
2023-12-19,42270.52734375,43354.296875,41826.3359375,42641.51171875,23171001281,-0.008282083715112631,42334.760044642855,40453.946875,575.2853815293367,42623.5390625,41364.6640625,42240.1171875,57.091561915744315,1149.3209420208077,1440.686003955973,43652.25
2023-12-20,43652.25,44275.5859375,42223.81640625,42261.30078125,27868908174,0.032687613405284255,42443.546875,40659.78997395833,744.9319028480706,42270.52734375,42623.5390625,41364.6640625,62.37899641835908,1186.332152612733,1389.8152336873252,43869.15234375
2023-12-21,43869.15234375,44240.66796875,43330.05078125,43648.125,22452766169,0.0049688697318006625,42564.286830357145,40928.30130208333,905.810056113486,43652.25,42270.52734375,42623.5390625,63.146722788165114,1219.1128361663723,1355.6747541831346,43997.90234375
2023-12-22,43997.90234375,44367.95703125,43441.96875,43868.98828125,21028503216,0.002934864092908329,42859.736049107145,41147.15338541667,997.0411080004136,43869.15234375,43652.25,42270.52734375,63.62128279799412,1241.1733393931063,1332.7744712251292,43739.54296875
2023-12-23,43739.54296875,44015.69921875,43351.35546875,44012.19921875,13507796558,-0.005872083923035065,43073.939732142855,41362.15078125,1002.7874470416607,43997.90234375,43869.15234375,43652.25,61.89878444299863,1223.702919250034,1310.9601608301105,43016.1171875
2023-12-24,43016.1171875,43945.5234375,42786.91796875,43728.3671875,18830554085,-0.01653939964043194,43309.861607142855,41538.67864583333,673.9933478625104,43739.54296875,43997.90234375,43869.15234375,57.22671140168874,1138.3607565966158,1276.4402799834115,43613.140625
2023-12-25,43613.140625,43765.09375,42765.76953125,43010.57421875,21115795370,0.013879063861056418,43451.23325892857,41732.556901041666,606.4431984482128,43016.1171875,43739.54296875,43997.90234375,59.91567057267883,1106.1502679753248,1242.3822775817944,42520.40234375
2023-12-26,42520.40234375,43603.17578125,41676.48828125,43599.84765625,30026850982,-0.025055253200995553,43486.9296875,41900.599609375,527.5888877857199,43613.140625,43016.1171875,43739.54296875,53.309826807474956,981.1384237651873,1190.133506818473,43442.85546875
2023-12-27,43442.85546875,43683.16015625,42167.58203125,42518.46875,25260941032,0.021694364920222586,43457.01618303572,42106.88919270833,522.5655005001441,42520.40234375,43613.140625,43016.1171875,57.5632876296944,945.5996107941173,1141.226727613602,42627.85546875
2023-12-28,42627.85546875,43804.78125,42318.55078125,43468.19921875,22992093014,-0.01876027694786908,43279.68805803572,42266.781510416666,568.0350108945796,43442.85546875,42520.40234375,43613.140625,52.97173919551651,841.9655025028842,1081.3744825914584,42099.40234375
2023-12-29,42099.40234375,43124.32421875,41424.0625,42614.64453125,26000021055,-0.012396896798793966,43008.47377232143,42408.145182291664,618.9136890991765,42627.85546875,43442.85546875,42520.40234375,50.17693580566477,709.0198350097271,1006.9035530751123,42156.90234375
2023-12-30,42156.90234375,42584.125,41556.2265625,42091.75390625,16013925945,0.0013658151137276864,42782.38225446428,42556.28372395833,595.9886791695787,42099.40234375,42627.85546875,43442.85546875,50.483066466387186,601.3670204779337,925.7962465556767,42265.1875
2023-12-31,42265.1875,42860.9375,41998.25390625,42152.09765625,16397498810,0.002568622223877659,42675.10658482143,42675.498307291666,614.2091044902955,42156.90234375,42099.40234375,42627.85546875,51.09251563095441,518.8085939732191,844.3987160391852,44167.33203125
2024-01-01,44167.33203125,44175.4375,42214.9765625,42280.234375,18426978443,0.0450049945064126,42754.27678571428,42831.864973958334,770.9810224320252,42265.1875,42156.90234375,42099.40234375,60.329163219657254,599.9517427205428,795.5093213754567,44957.96875
2024-01-02,44957.96875,45899.70703125,44176.94921875,44187.140625,39335274536,0.017900939051301412,43102.50055803572,42997.850911458336,1119.465115675576,44167.33203125,42265.1875,42156.90234375,63.421475745847715,719.7591132607995,780.3592797525253,42848.17578125
2024-01-03,42848.17578125,45503.2421875,40813.53515625,44961.6015625,46342323118,-0.04692812036242189,43017.54631696428,43026.786848958334,1111.8701915087888,44957.96875,44167.33203125,42265.1875,51.814679105002725,637.1203306982061,751.7114899416615,44179.921875
2024-01-04,44179.921875,44770.0234375,42675.17578125,42855.81640625,30448091210,0.03108057856532498,43239.27008928572,43030.095963541666,1174.2132045788962,42848.17578125,44957.96875,44167.33203125,57.14598742186245,671.3503708620046,735.6392661257303,44162.69140625
2024-01-05,44162.69140625,44353.28515625,42784.71875,44192.98046875,32336029347,-0.0003900067727314882,43534.025669642855,43043.97083333333,1096.8061500780725,44179.921875,42848.17578125,44957.96875,57.05802521345402,689.1435515930498,726.3401232191942,43989.1953125
2024-01-06,43989.1953125,44227.6328125,43475.15625,44178.953125,16092503468,-0.003928567037593367,43795.78180803572,43067.18854166667,917.333018615269,44162.69140625,44179.921875,42848.17578125,56.121293237665746,681.3904458086181,717.3501877370791,43943.09765625
2024-01-07,43943.09765625,44495.5703125,43662.23046875,43998.46484375,19330573863,-0.0010479313368322307,44035.48325892857,43059.73841145833,622.6000223088358,43989.1953125,44162.69140625,44179.921875,55.85889267726299,663.8736359825343,706.6548773861701,46970.50390625
2024-01-08,46970.50390625,47218.0,43244.08203125,43948.70703125,42746192015,0.06889378335779228,44435.93638392857,43167.8890625,1278.032856310736,43943.09765625,43989.1953125,44162.69140625,66.82826574453964,884.0866210363747,742.1412261162111,46139.73046875
2024-01-09,46139.73046875,47893.69921875,45244.71484375,46987.640625,39821290992,-0.017687130611972357,44604.759486607145,43246.55677083333,1427.7660699567828,46970.50390625,43943.09765625,43989.1953125,62.25614794482563,980.2705758958109,789.767096072131,46627.77734375
2024-01-10,46627.77734375,47647.22265625,44483.15234375,46121.5390625,50114613298,0.010577584004972662,45144.70256696428,43426.02161458333,1366.0979057967238,46139.73046875,46970.50390625,43943.09765625,63.822050684067385,1083.389714878038,848.4916198333125,46368.5859375
2024-01-11,46368.5859375,48969.37109375,45678.64453125,46656.07421875,45833734549,-0.005558733892443213,45457.368861607145,43589.967057291666,1358.9277738827968,46627.77734375,46139.73046875,46970.50390625,62.342777266454654,1131.1585040108039,905.0249966688109,42853.16796875
2024-01-12,42853.16796875,46498.13671875,41903.76953125,46354.79296875,43332698900,-0.07581464687080208,45270.29408482143,43588.714583333334,1629.9694240466642,46368.5859375,46627.77734375,46139.73046875,46.57496909839837,875.2612956645462,899.072256467958,42842.3828125
2024-01-13,42842.3828125,43234.66015625,42464.14453125,42799.4453125,20601860469,-0.0002516769882185965,45106.46372767857,43582.66158854167,1826.0366152012134,42853.16796875,46368.5859375,46627.77734375,46.536081676519146,663.937187821597,852.0452427386858,41796.26953125
2024-01-14,41796.26953125,43065.59765625,41724.61328125,42842.26171875,17521429522,-0.0244177193838242,44799.77399553572,43578.21197916667,2196.6646375675255,42842.3828125,42853.16796875,46368.5859375,42.80299801336703,407.3529989808594,763.1067939871206,42511.96875
2024-01-15,42511.96875,43319.72265625,41705.41796875,41715.06640625,22320220558,0.01712351907901466,44162.84040178572,43587.273697916666,2106.9016294050334,41796.26953125,42842.3828125,42853.16796875,45.99489755935969,258.7761163537216,662.2406584604407,43154.9453125
2024-01-16,43154.9453125,43566.2734375,42085.99609375,42499.3359375,24062872740,0.015124600939588229,43736.44252232143,43646.94973958333,1935.1683375871921,42511.96875,41796.26953125,42842.3828125,48.76134820132128,190.71228889538907,567.9349845474304,42742.65234375
2024-01-17,42742.65234375,43189.890625,42189.30859375,43132.1015625,20851232595,-0.009553782672285682,43181.42466517857,43650.920182291666,1468.6017775414196,43154.9453125,42511.96875,41796.26953125,47.095397787782076,102.32310134090221,474.8126079061248,41262.05859375
2024-01-18,41262.05859375,42876.34765625,40631.171875,42742.3125,25218357242,-0.034639725632667706,42451.92075892857,43617.30455729167,675.9542121714375,42742.65234375,43154.9453125,42511.96875,41.59893553051846,-86.2038045931331,362.60932540627323,41618.40625
2024-01-19,41618.40625,42134.16015625,40297.45703125,41278.4609375,25752407154,0.00863620644230223,42275.52622767857,43549.509765625,713.8424756595253,41262.05859375,42742.65234375,43154.9453125,43.31370419131682,-204.50109672558028,249.18724097990253,41665.5859375
2024-01-20,41665.5859375,41877.89453125,41446.82421875,41624.58984375,11586690904,0.0011336255217606617,42107.412388392855,43476.05755208333,696.4542829511756,41618.40625,41262.05859375,42742.65234375,43.55003172001751,-291.0900417384546,141.1317844362311,41545.78515625
2024-01-21,41545.78515625,41855.3671875,41497.0078125,41671.48828125,9344043642,-0.0028752933279206916,42071.62890625,43394.3203125,721.1037230777716,41665.5859375,41618.40625,41262.05859375,43.05913424086588,-365.16987531847553,39.87145248528978,39507.3671875
2024-01-22,39507.3671875,41651.20703125,39450.1171875,41553.65234375,31338708143,-0.049064374667218136,41642.400111607145,43253.247786458334,1169.8875269171851,41545.78515625,41665.5859375,41618.40625,35.68788059496211,-581.656991723692,-84.43423635650659,39845.55078125
2024-01-23,39845.55078125,40127.3515625,38521.89453125,39518.71484375,29244553045,0.008560013431039293,41169.62946428572,43147.562239583334,1124.5822105933366,39507.3671875,41545.78515625,41665.5859375,37.596541171734124,-717.6632265372027,-211.0800343926458,40077.07421875
2024-01-24,40077.07421875,40483.78515625,39508.796875,39877.59375,22359526178,0.005810521700930993,40788.83258928572,43029.693359375,939.1789903473182,39845.55078125,39507.3671875,41545.78515625,38.93274102178306,-797.573213481839,-328.3786702104845,39933.80859375
2024-01-25,39933.80859375,40254.48046875,39545.6640625,40075.55078125,18491782013,-0.0035747525934159974,40599.08258928572,42943.47356770833,961.546566700347,40077.07421875,39845.55078125,39507.3671875,38.38502393110154,-862.5201965469314,-435.2069754777739,41816.87109375
2024-01-26,41816.87109375,42209.38671875,39825.69140625,39936.81640625,25598119893,0.04715459322091098,40627.43470982143,42889.274088541664,998.8152996375808,39933.80859375,40077.07421875,39845.55078125,48.61717039276266,-753.359483033295,-498.8374769888781,42120.0546875
2024-01-27,42120.0546875,42195.6328125,41431.28125,41815.625,11422941934,0.007250269707417489,40692.35881696428,42872.347395833334,1088.3046804669245,41816.87109375,39933.80859375,40077.07421875,50.05529192236527,-635.063828408267,-526.0827472727559,42035.59375
2024-01-28,42035.59375,42797.17578125,41696.91015625,42126.125,16858971687,-0.002005242826170095,40762.33147321428,42870.220442708334,1165.340638721816,42120.0546875,41816.87109375,39933.80859375,49.638488758722474,-541.8824777372865,-529.242693365662,43288.24609375
2024-01-29,43288.24609375,43305.8671875,41818.33203125,42030.9140625,20668476578,0.029799801358818767,41302.45703125,42907.931901041666,1348.5345631619173,42035.59375,42120.0546875,41816.87109375,55.550163328671715,-362.77516443109926,-495.9491875787495,42952.609375
2024-01-30,42952.609375,43838.9453125,42711.37109375,43300.2265625,23842814518,-0.007753530092744043,41746.322544642855,42930.845963541666,1299.5245019295978,43288.24609375,42035.59375,42120.0546875,53.73023575224377,-245.08917100680992,-445.7771842643616,42582.60546875
2024-01-31,42582.60546875,43717.40625,42298.9453125,42946.25,24673628793,-0.00861423582021903,42104.255580357145,42878.021744791666,1091.5394584377987,42952.609375,43288.24609375,42035.59375,51.71865481332148,-179.6079872441187,-392.543344860313,43075.7734375
2024-02-01,43075.7734375,43243.16796875,41879.19140625,42569.76171875,21423953779,0.011581441842771323,42553.107700892855,42815.281901041664,573.2189195339581,42582.60546875,42952.609375,43288.24609375,54.18093905393306,-86.91721627911465,-331.4181191440734,43185.859375
2024-02-02,43185.859375,43422.48828125,42584.3359375,43077.640625,18603843039,0.0025556346111748063,42748.677455357145,42826.53802083333,510.24131801038857,43075.7734375,42582.60546875,42952.609375,54.7358646027607,-4.523948101072165,-266.0392849354732,42992.25
2024-02-03,42992.25,43359.94140625,42890.80859375,43184.96484375,11169245236,-0.0044831659668692625,42873.27678571428,42786.948958333334,431.5791283158598,43185.859375,43075.7734375,42582.60546875,53.50845319904618,44.63611469484022,-203.9042050094105,42583.58203125
2024-02-04,42583.58203125,43097.64453125,42374.83203125,42994.94140625,14802225490,-0.009505619472114146,42951.560825892855,42734.31197916667,275.94525719219286,42992.25,43185.859375,43075.7734375,50.91321290642542,50.042865934432484,-153.1147908206419,42658.66796875
2024-02-05,42658.66796875,43494.25,42264.81640625,42577.62109375,18715487317,0.0017632602500394778,42861.62109375,42689.96106770833,249.22542608680106,42583.58203125,42992.25,43185.859375,51.37981265265819,59.698396923464315,-110.55215327182066,43084.671875
2024-02-06,43084.671875,43344.1484375,42529.01953125,42657.390625,16798476726,0.009986338686479135,42880.48716517857,42661.346875,261.9354758912556,42658.66796875,42583.58203125,42992.25,54.048625125251455,100.56616561089322,-68.32848949527789,44318.22265625
2024-02-07,44318.22265625,44341.94921875,42775.95703125,43090.01953125,21126587775,0.028630850081180936,43128.43247767857,42572.9375,571.499905579847,43084.671875,42658.66796875,42583.58203125,60.76458134455087,229.84193085761945,-8.69440542469843,45301.56640625
2024-02-08,45301.56640625,45575.83984375,44332.125,44332.125,26154524080,0.022188248784866804,43446.40290178572,42544.998697916664,997.6367588134237,44318.22265625,43084.671875,42658.66796875,65.13865863019316,406.9504571237776,74.43456708499679,47147.19921875
2024-02-09,47147.19921875,48152.49609375,45260.82421875,45297.3828125,39316770844,0.040741037427910465,44012.30859375,42562.312760416666,1700.8791991270489,45301.56640625,44318.22265625,43084.671875,71.54959225539324,688.3030544021167,197.20826454842077,47771.27734375
2024-02-10,47771.27734375,48146.171875,46905.3203125,47153.52734375,16398681570,0.013236801662479536,44695.02678571428,42609.069140625,2128.5573330881257,47147.19921875,45301.56640625,44318.22265625,73.33523004729787,950.6761015073425,347.90183194020517,48293.91796875
2024-02-11,48293.91796875,48535.9375,47617.40625,47768.96875,19315867136,0.010940478338881565,45510.7890625,42790.427473958334,2273.7663348158408,47771.27734375,47147.19921875,45301.56640625,74.76372594262902,1187.0972440939731,515.7409143709588,49958.22265625
2024-02-12,49958.22265625,50280.4765625,47745.76171875,48296.38671875,34511985805,0.034461993507690414,46553.58258928572,43027.62213541667,2417.065111966401,48293.91796875,47771.27734375,47147.19921875,78.68053052394887,1491.5643565866994,710.9056028141069,49742.44140625
2024-02-13,49742.44140625,50358.390625,48406.49609375,49941.359375,35593051468,-0.004319233922406296,47504.69252232143,43292.49453125,2115.6728957442756,49958.22265625,48293.91796875,47771.27734375,77.01163720188168,1695.89576259569,907.9036347704237,51826.6953125
2024-02-14,51826.6953125,52021.37109375,49296.83203125,49733.4453125,39105608050,0.041900916949929146,48577.33147321428,43602.98541666667,2134.192606461321,49742.44140625,49958.22265625,48293.91796875,81.16694873003429,2002.9232924449461,1126.9075663053281,51938.5546875
2024-02-15,51938.5546875,52820.06640625,51371.62890625,51836.78515625,38564360533,0.0021583350882306007,49525.47265625,43895.77239583333,1897.500605637884,51826.6953125,49742.44140625,49958.22265625,81.36166804653882,2229.56984526194,1347.4400220966504,52160.203125
2024-02-16,52160.203125,52537.96875,51641.3671875,51937.7265625,28180567298,0.004267512618200353,50241.61607142857,44209.690755208336,1793.443691714047,51938.5546875,51826.6953125,49742.44140625,81.76400940355533,2399.4150842751187,1557.835034532344,51662.99609375
2024-02-17,51662.99609375,52191.9140625,50669.66796875,52161.67578125,20009091006,-0.009532306269177337,50797.575892857145,44556.388671875,1474.9435090413629,52160.203125,51938.5546875,51826.6953125,77.71144531975021,2465.477715376328,1739.3635707011408,52122.546875
2024-02-18,52122.546875,52356.96484375,51233.70703125,51661.96875,17595377311,0.008895163192163213,51344.52287946428,44906.526692708336,1036.4955530251552,51662.99609375,52160.203125,51938.5546875,78.75933773226714,2525.7988964769756,1896.6506358563079,51779.14453125
2024-02-19,51779.14453125,52483.32421875,51711.8203125,52134.8125,21362184346,-0.006588364620277343,51604.654575892855,45243.6453125,840.567899652275,52122.546875,51662.99609375,52160.203125,75.88813984518548,2516.881128932153,2020.6967344714772,52284.875
2024-02-20,52284.875,52945.05078125,50792.3125,51777.7265625,33353758256,0.009767068832988945,51967.859375,45601.614973958334,227.58303139558853,51779.14453125,52122.546875,51662.99609375,77.20603681785825,2521.555039286701,2120.868395434522,51839.1796875
2024-02-21,51839.1796875,52368.81640625,50671.7578125,52273.53515625,28624907020,-0.008524364120598982,51969.642857142855,46012.675390625,226.33791877373307,52284.875,51779.14453125,52122.546875,73.39852127190018,2460.927222877457,2188.880160923109,51304.97265625
2024-02-22,51304.97265625,52009.61328125,50926.29296875,51854.64453125,25413900611,-0.010305082651198116,51879.131138392855,46394.65611979167,339.3244572908913,51839.1796875,52284.875,51779.14453125,69.0058134046932,2342.767236327447,2219.657576003977,50731.94921875
2024-02-23,50731.94921875,51497.93359375,50561.77734375,51283.90625,21427078270,-0.011168964874795462,51675.09486607143,46749.818619791666,522.2476768792808,51304.97265625,51839.1796875,52284.875,64.54364488876774,2177.782274798781,2211.2825157629377,51571.1015625
2024-02-24,51571.1015625,51684.1953125,50585.4453125,50736.37109375,15174077879,0.016540904827679226,51661.967075892855,47137.72838541667,523.7552976352652,50731.94921875,51304.97265625,51839.1796875,67.82485410425994,2090.6434488883024,2187.1547023880107,51733.23828125
2024-02-25,51733.23828125,51950.02734375,51306.171875,51565.21484375,15413239245,0.003143945229742817,51606.3515625,47468.27395833333,486.00615683065536,51571.1015625,50731.94921875,51304.97265625,68.43271240594791,2011.4812756805113,2152.020017046511,54522.40234375
2024-02-26,54522.40234375,54938.17578125,50931.03125,51730.5390625,34074411896,0.053914352844811164,51998.24553571428,47881.685546875,1212.1358870434462,51733.23828125,51571.1015625,50731.94921875,76.61670043496144,2149.0341845555376,2151.4228505483165,57085.37109375
2024-02-27,57085.37109375,57537.83984375,54484.19921875,54519.36328125,49756832031,0.04700762695380023,52684.03069196428,48383.34479166667,2284.7400100684567,54522.40234375,51733.23828125,51571.1015625,81.39095645262222,2436.766487126508,2208.4915778639547,62504.7890625
2024-02-28,62504.7890625,63913.1328125,56738.42578125,57071.09765625,83239156760,0.09493531994124749,54207.689174107145,49023.896223958334,4297.344083712414,57085.37109375,54522.40234375,51733.23828125,87.29703326481615,3066.7466021792497,2380.142582727014,61198.3828125
2024-02-29,61198.3828125,63585.64453125,60498.73046875,62499.18359375,65496611844,-0.020900898468654838,55621.033482142855,49632.088671875,4783.029661806702,62504.7890625,57085.37109375,54522.40234375,80.65195325594627,3421.1573435775063,2588.345534897113,62440.6328125
2024-03-01,62440.6328125,63155.1015625,60802.52734375,61168.0625,40186368423,0.020298739001094468,57293.70256696428,50294.02291666667,4835.343377933773,61198.3828125,62504.7890625,57085.37109375,82.05107232730512,3758.938894888641,2822.4642068954186,62029.84765625
2024-03-02,62029.84765625,62458.69921875,61657.2890625,62431.65234375,23888473685,-0.006578811548619723,58787.80915178572,50925.825390625,4365.3884924099475,62440.6328125,61198.3828125,62504.7890625,79.99115432794244,3947.9764637091794,3047.5666582581707,63167.37109375
2024-03-03,63167.37109375,63230.2109375,61435.0234375,62031.578125,26253811450,0.01833832389535761,60421.25669642857,51591.87578125,3293.3325726985813,62029.84765625,62440.6328125,61198.3828125,81.38483374344884,4141.834246674458,3266.420175941428,68330.4140625
2024-03-04,68330.4140625,68537.03125,62386.51953125,63137.00390625,70670471105,0.08173591649219114,62393.829799107145,52436.48125,3306.48886423036,63167.37109375,62029.84765625,62440.6328125,86.112891303462,4658.3834103603585,3544.8128228252144,63801.19921875
2024-03-05,63801.19921875,69170.625,59323.91015625,68341.0546875,102802940877,-0.06628402455760396,63353.23381696428,53143.73515625,2343.6074054819037,68330.4140625,63167.37109375,62029.84765625,69.44877489848402,4648.695292830962,3765.589316826364,66106.8046875
2024-03-06,66106.8046875,67637.9296875,62848.671875,63776.05078125,68750229073,0.03613733749494208,63867.80747767857,53925.33971354167,2515.4113546216317,63801.19921875,68330.4140625,63167.37109375,72.37899565625789,4772.051246201605,3966.881702701413,66925.484375
2024-03-07,66925.484375,68029.921875,65655.53125,66099.7421875,46989543159,0.012384196927533564,64685.96484375,54720.033463541666,2432.4766300181936,66106.8046875,63801.19921875,68330.4140625,73.35619173393847,4879.623079370038,4149.429978035138,68300.09375
2024-03-08,68300.09375,70083.0546875,66230.453125,66938.09375,59202881172,0.020539401213709896,65523.03069196428,55519.42916666667,2536.970388547994,66925.484375,66106.8046875,63801.19921875,74.95817576176394,5017.9502141388,4323.134025255871,68498.8828125
2024-03-09,68498.8828125,68673.0546875,68053.125,68299.2578125,21609650379,0.0029105240064184468,66447.17857142857,56292.673046875,2209.5374898638534,68300.09375,66925.484375,66106.8046875,75.1904911173175,5084.999373554347,4475.507094915567,69019.7890625
2024-03-10,69019.7890625,70005.203125,68239.9765625,68500.2578125,35683977532,0.007604594828588107,67283.23828125,57021.759375,1837.5959065271124,68498.8828125,68300.09375,66925.484375,75.82342521384712,5121.135830377876,4604.632842008029,72123.90625
2024-03-11,72123.90625,72850.7109375,67194.8828125,69020.546875,65716656765,0.04497430707429584,67825.16573660714,57833.513671875,2599.3667175188402,69019.7890625,68498.8828125,68300.09375,79.22476146153932,5338.709230819346,4751.448119770293,71481.2890625
2024-03-12,71481.2890625,72825.65625,68728.8515625,72125.125,62554434520,-0.008909905479502545,68922.32142857143,58606.426041666666,2209.408704582277,72123.90625,69019.7890625,68498.8828125,76.8153997633103,5397.069820415156,4880.572459899266,73083.5
2024-03-13,73083.5,73637.4765625,71334.09375,71482.1171875,48212536929,0.022414410239567806,69918.9921875,59377.26861979167,2299.410261909353,71481.2890625,72123.90625,69019.7890625,78.56566219551755,5509.10055861227,5006.2780796418665,71396.59375
2024-03-14,71396.59375,73750.0703125,68563.0234375,73079.375,59594605698,-0.0230819028918976,70557.72209821429,60099.07369791667,1918.771802376067,73083.5,71481.2890625,72123.90625,72.37091534725258,5399.52413630388,5084.927290974269,69403.7734375
2024-03-15,69403.7734375,72357.1328125,65630.6953125,71387.875,78320453976,-0.027911980219644583,70715.390625,60684.976302083334,1739.2914064877687,71396.59375,73083.5,71481.2890625,65.77308867864849,5093.1692034548105,5086.575673470377,65315.1171875
2024-03-16,65315.1171875,70046.2734375,64801.39453125,69392.484375,46842198371,-0.05891115205258901,70260.56696428571,61130.86171875,2612.559471749512,69403.7734375,71396.59375,73083.5,54.745460996678005,4468.945105599218,4963.049559896145,68390.625
2024-03-17,68390.625,68845.71875,64545.31640625,65316.34375,44716864318,0.04708722796395115,70170.68638392857,61671.87578125,2672.4958833060914,65315.1171875,69403.7734375,71396.59375,60.156846584919826,4174.29214667419,4805.298077251755,67548.59375
2024-03-18,67548.59375,68897.1328125,66594.2265625,68371.3046875,49261579492,-0.0123120859035869,69517.0703125,62201.395703125,2674.67161945804,68390.625,65315.1171875,69403.7734375,58.10814180098352,3828.6978239075834,4609.97802658292,61912.7734375
2024-03-19,61912.7734375,68106.9296875,61536.1796875,67556.1328125,74215844794,-0.08343356981432348,68150.13950892857,62527.736588541666,3737.4431220782626,67548.59375,68390.625,65315.1171875,46.655391991524645,3064.7200495302386,4300.926431172385,67913.671875
2024-03-20,67913.671875,68115.2578125,60807.78515625,61930.15625,66792634382,0.09692504638897836,67411.59263392857,63065.55416666667,3047.146133287272,61912.7734375,67548.59375,68390.625,56.48905134611652,2909.940528442239,4022.7292506263557,65491.390625
2024-03-21,65491.390625,68199.9921875,64580.91796875,67911.5859375,44480350565,-0.03566706353999505,66567.9921875,63505.77135416667,2534.2950108838977,67913.671875,61912.7734375,67548.59375,52.298181315902475,2562.282393362555,3730.6398791735955,63778.76171875
2024-03-22,63778.76171875,66623.75,62355.37109375,65489.9296875,41401116964,-0.02615044343853401,65764.41908482143,63903.757421875,2371.8470441007917,65491.390625,67913.671875,61912.7734375,49.50187376677483,2124.080894515362,3409.328082241949,64062.203125
2024-03-23,64062.203125,65976.3984375,63038.4921875,63802.72265625,24738964812,0.004444134671348854,65585.43136160714,64328.9984375,2457.1447232903597,63778.76171875,65491.390625,67913.671875,49.97856721559052,1779.1652922759386,3083.295524248747,67234.171875
2024-03-24,67234.171875,67622.7578125,63825.8515625,64070.75390625,27206630673,0.04951388799118828,65420.22377232143,64879.072526041666,2268.7566435488343,64062.203125,63778.76171875,65491.390625,55.08804134677853,1741.69142679176,2814.9747047573496,69958.8125
2024-03-25,69958.8125,71162.59375,66414.8359375,67234.09375,42700139523,0.04052464020923141,65764.54073660714,65491.99622395833,2772.558683471073,67234.171875,64062.203125,63778.76171875,58.96539443727469,1909.8334746113687,2633.9464587281536,69987.8359375
2024-03-26,69987.8359375,71535.7421875,69335.609375,69931.328125,36010437368,0.00041486463910467286,66918.12109375,66100.4828125,2575.7642058380306,69958.8125,67234.171875,64062.203125,59.00599368850595,2022.1194731924188,2511.581061621007,69455.34375
2024-03-27,69455.34375,71727.6875,68381.9296875,69991.8984375,40827113309,-0.007608353371227561,67138.35993303571,66598.24752604167,2736.0010017508544,69987.8359375,69958.8125,67234.171875,57.87462277459679,2044.5707280842034,2418.1789949136464,70744.953125
2024-03-28,70744.953125,71546.0234375,68895.5078125,69452.7734375,34374900617,0.018567460837021654,67888.86886160714,67053.56692708333,2923.0797080346606,69455.34375,69987.8359375,69958.8125,59.88089447487641,2141.7356132206914,2362.8903185750555,69892.828125
2024-03-29,69892.828125,70913.09375,69076.65625,70744.796875,25230851763,-0.01204502883045766,68762.30691964286,67299.83489583334,2346.9477906471343,70744.953125,69455.34375,69987.8359375,57.918033411627086,2125.4789207980357,2315.408039019652,69645.3046875
2024-03-30,69645.3046875,70355.4921875,69601.0625,69893.4453125,17130241883,-0.0035414711944022903,69559.89285714286,67581.39895833333,1101.8688424582238,69892.828125,70744.953125,69455.34375,57.33016225014243,2068.7747545603634,2266.0813821277943,71333.6484375
2024-03-31,71333.6484375,71377.78125,69624.8671875,69647.78125,20050941373,0.02424203264779501,70145.53236607143,67877.8328125,660.946922607188,69645.3046875,69892.828125,70744.953125,60.290821851627655,2135.4553251199104,2239.9561707262174,69702.1484375
2024-04-01,69702.1484375,71342.09375,68110.6953125,71333.484375,34873527352,-0.022871394296192005,70108.86607142857,68133.576171875,679.8797793989396,71333.6484375,69645.3046875,69892.828125,56.2305884319967,2033.2141160127794,2198.6077597835297,65446.97265625
2024-04-02,65446.97265625,69708.3828125,64586.59375,69705.0234375,50705240709,-0.061047985989492126,69460.17131696429,68209.562890625,1895.010414065197,69702.1484375,71333.6484375,69645.3046875,47.28622300292675,1590.4958515013568,2076.9853781270954,65980.8125
2024-04-03,65980.8125,66914.3203125,64559.8984375,65446.671875,34488018367,0.008156830210526378,68963.80970982143,68131.24283854167,2306.789882533711,65446.97265625,69702.1484375,71333.6484375,48.39525657181995,1268.0970181063312,1915.2077061229427,68508.84375
2024-04-04,68508.84375,69291.2578125,65113.796875,65975.6953125,34439527442,0.038314642609167615,68644.36551339286,68288.16432291667,2169.7882911203665,65980.8125,65446.97265625,69702.1484375,53.39563932170159,1202.720401992221,1772.7102452967986,67837.640625
2024-04-05,67837.640625,68725.7578125,66011.4765625,68515.7578125,33748230056,-0.009797320875087778,68350.76729910714,68345.85885416667,2110.9490023307603,68508.84375,65980.8125,65446.97265625,51.956155306716184,1084.2499218231387,1635.0181806020666,68896.109375
2024-04-06,68896.109375,69629.6015625,67491.71875,67840.5703125,19967785809,0.015602971156545964,68243.73939732143,68411.54635416667,2052.5602009082445,67837.640625,68508.84375,65980.8125,54.05947720252508,1063.5112986499444,1520.7168042116423,69362.5546875
2024-04-07,69362.5546875,70284.4296875,68851.6328125,68897.109375,21204930369,0.006770270726916605,67962.15457589286,68446.96171875,1654.6500116067964,68896.109375,67837.640625,68508.84375,54.99453955898392,1072.3526154099673,1431.0439664513074,71631.359375
2024-04-08,71631.359375,72715.359375,69064.2421875,69362.5546875,37261432669,0.03270935878474601,68237.75613839286,68551.37760416667,2094.8743652088683,69362.5546875,68896.109375,67837.640625,59.33058321529522,1248.0462988782529,1394.4444329366966,69139.015625
2024-04-09,69139.015625,71742.5078125,68212.921875,71632.5,36426900409,-0.03479403115822832,68765.19084821429,68555.35182291667,1703.3044473504394,71631.359375,69362.5546875,68896.109375,53.260066555112765,1172.655850896117,1350.0867165285806,70587.8828125
2024-04-10,70587.8828125,71093.4296875,67503.5625,69140.2421875,38318601774,0.0209558550176423,69423.34375,68504.15104166667,1287.4239626703743,69139.015625,71631.359375,69362.5546875,56.073757616829326,1215.8048100166925,1323.230335226203,70060.609375
2024-04-11,70060.609375,71256.234375,69571.8125,70575.734375,30153382941,-0.007469744331340511,69645.02455357143,68456.79505208334,1236.2957665306396,70587.8828125,69139.015625,71631.359375,54.781310626918604,1193.6939503816393,1297.3230582572903,67195.8671875
2024-04-12,67195.8671875,71222.7421875,65254.8359375,70061.3828125,44129299406,-0.04088948430588779,69553.34263392857,68260.540625,1404.9590416240694,70060.609375,70587.8828125,69139.015625,48.27136986489338,934.2408351361373,1224.7066136330598,63821.47265625
2024-04-13,63821.47265625,67931.4296875,60919.10546875,67188.375,52869738185,-0.05021729270691988,68828.39453125,68008.03658854167,2600.864890607785,67195.8671875,70060.609375,70587.8828125,41.94797101755038,451.1365134607622,1069.9925935986003,65738.7265625
2024-04-14,65738.7265625,65824.4296875,62205.8515625,63836.23046875,49084320047,0.03004089104268326,68310.70479910714,67885.868359375,2827.592955984799,63821.47265625,67195.8671875,70060.609375,46.25582348210144,220.43815123976674,900.0817051268336,63426.2109375
2024-04-15,63426.2109375,66878.6484375,62332.0703125,65739.6484375,43595917654,-0.03517737178558533,67138.54073660714,67822.90481770833,2920.771727191666,65738.7265625,63821.47265625,67195.8671875,42.189195970202036,-147.29472544323653,690.6064190128196,63811.86328125
2024-04-16,63811.86328125,64355.66796875,61716.40234375,63419.296875,42847528078,0.006080330797783695,66377.51897321429,67670.27942708334,3005.4464209875437,63426.2109375,65738.7265625,63821.47265625,43.087801980406745,-402.961667212614,471.892801767733,61276.69140625
2024-04-17,61276.69140625,64486.36328125,59768.5859375,63831.84765625,41915247049,-0.03972884891052719,65047.34877232143,67461.216015625,2889.6960048274827,63811.86328125,63426.2109375,65738.7265625,38.816389050427716,-800.9143020209594,217.33138100999452,63512.75390625
2024-04-18,63512.75390625,64125.6875,60833.48046875,61275.31640625,36006307335,0.03649124077498622,64111.94084821428,67514.54869791666,1879.6871035326606,61276.69140625,63811.86328125,63426.2109375,44.08179271060104,-925.1979697252536,-11.174489137055104,63843.5703125
2024-04-19,63843.5703125,65481.59765625,59651.390625,63510.75,49920425401,0.005208661031110617,63633.041294642855,67378.87864583333,1300.9835538638276,63512.75390625,61276.69140625,63811.86328125,44.838143432082674,-985.6377342972773,-206.06713816909956,64994.44140625
2024-04-20,64994.44140625,65442.45703125,63172.40234375,63851.1015625,23097485495,0.018026421268684478,63800.60825892857,67362.313671875,1400.9938328291735,63843.5703125,63512.75390625,61276.69140625,47.498652607715094,-929.9511066480482,-350.8439318648893,64926.64453125
2024-04-21,64926.64453125,65723.2421875,64277.72265625,64992.81640625,20506644853,-0.0010431180502996629,63684.59654017857,67400.57643229167,1237.8843789227576,64994.44140625,63843.5703125,63512.75390625,47.353759400043096,-881.1325467331335,-456.90165483853815,66837.6796875
2024-04-22,66837.6796875,67233.9609375,64548.1796875,64935.6328125,28282686673,0.029433758205850147,64171.94921875,67493.09231770833,1703.2678490948706,64926.64453125,64994.44140625,63843.5703125,51.81562656492702,-680.3957417800484,-501.6004722268402,66407.2734375
2024-04-23,66407.2734375,67199.2421875,65864.8671875,66839.890625,24310975583,-0.006439574982440521,64542.72209821428,67465.52903645833,1884.6499665314982,66837.6796875,64926.64453125,64994.44140625,50.771945854931815,-549.7039203292807,-511.22116184732835,64276.8984375
2024-04-24,64276.8984375,67075.3671875,63589.87109375,66408.71875,30276655120,-0.03208044676017341,64971.32310267857,67276.13190104166,1253.6112481302061,66407.2734375,66837.6796875,64926.64453125,45.84926734388718,-610.9900554282212,-531.174940563507,64481.70703125
2024-04-25,64481.70703125,65275.20703125,62783.6328125,64275.01953125,32155786816,0.0031863484195515657,65109.74497767857,67092.59427083333,1111.112239823437,64276.8984375,66407.2734375,66837.6796875,46.387439245414626,-635.7054010279098,-552.0810326563876,63755.3203125
2024-04-26,63755.3203125,64789.65625,63322.3984375,64485.37109375,24139372950,-0.011265004482557628,65097.13783482143,66902.59348958333,1128.2418304202042,64481.70703125,64276.8984375,66407.2734375,44.690989287988224,-705.7701490643813,-582.8188559379863,63419.140625
2024-04-27,63419.140625,63898.36328125,62424.71875,63750.98828125,19530783039,-0.005272966802647994,64872.09486607143,66658.39973958333,1296.6749453056202,63755.3203125,64481.70703125,64276.8984375,43.89096342657235,-779.4389706135989,-622.1428788731089,63113.23046875
2024-04-28,63113.23046875,64321.484375,62793.59765625,63423.515625,17334827993,-0.004823625063903991,64613.03571428572,66432.41315104166,1455.3946930887942,63419.140625,63755.3203125,64481.70703125,43.13428085766974,-852.6773022904672,-668.2497635565805,63841.12109375
2024-04-29,63841.12109375,64174.87890625,61795.45703125,63106.36328125,26635912073,0.011533090916022948,64184.95591517857,66238.94036458334,1085.747626372328,63113.23046875,63419.140625,63755.3203125,45.54014982985679,-842.2752923245935,-703.0548693101831,60636.85546875
2024-04-30,60636.85546875,64703.33203125,59120.06640625,63839.41796875,37840840057,-0.050191249309274655,63360.61049107143,65882.38059895833,1288.8361293070848,63841.12109375,63113.23046875,63419.140625,37.93207020169164,-1080.1379236353678,-778.47148017522,58254.01171875
2024-05-01,58254.01171875,60780.5,56555.29296875,60609.49609375,48439780271,-0.03929695449375714,62500.19810267857,65500.776041666664,2236.8948896199986,60636.85546875,63841.12109375,63113.23046875,33.455914019300266,-1444.2726726835826,-911.6317186768925,59123.43359375
2024-05-02,59123.43359375,59602.296875,56937.203125,58253.703125,32711813559,0.014924669552331737,61734.73046875,65289.99140625,2359.264310042927,58254.01171875,60636.85546875,63841.12109375,36.40470087090435,-1643.7488914799542,-1058.0551532375048,62889.8359375
2024-05-03,62889.8359375,63320.50390625,58848.3125,59122.30078125,33172023048,0.06370405294167747,61611.08984375,65186.95885416667,2256.1488132830723,59123.43359375,58254.01171875,60636.85546875,47.29971323431723,-1480.8477489673678,-1142.6136723834775,63891.47265625
2024-05-04,63891.47265625,64494.95703125,62599.3515625,62891.03125,20620477992,0.015926845790239064,61678.56584821428,65033.046484375,2325.2409148225606,62889.8359375,59123.43359375,58254.01171875,49.7645124297017,-1256.4402466544561,-1165.3789872376733,64031.1328125
2024-05-05,64031.1328125,64610.890625,62955.3046875,63892.453125,18296164805,0.002185896653241981,61809.69475446428,64906.162890625,2442.553891914519,63891.47265625,62889.8359375,59123.43359375,50.11485008331036,-1055.163014467369,-1143.3357926836125,63161.94921875
2024-05-06,63161.94921875,65494.90234375,62746.23828125,64038.3125,28697928697,-0.013574390387488533,61712.670200892855,64715.02421875,2360.5232437501113,64031.1328125,63891.47265625,62889.8359375,47.877020599254955,-954.7791105234355,-1105.6244562515772,62334.81640625
2024-05-07,62334.81640625,64390.45703125,62285.98046875,63162.76171875,25930730982,-0.01309542885757653,61955.236049107145,64480.766276041664,2318.4132912264463,63161.94921875,64031.1328125,63891.47265625,45.781928811281304,-931.2321838092612,-1070.746001763114,61187.94140625
2024-05-08,61187.94140625,62986.0859375,60877.12890625,62332.640625,26088172222,-0.018398626419713127,62374.368861607145,64132.65234375,1727.7255982622228,62334.81640625,63161.94921875,64031.1328125,42.97387167341843,-993.660008363011,-1055.3288030830936,63049.9609375
2024-05-09,63049.9609375,63404.9140625,60648.07421875,61191.19921875,25453338161,0.03043115176709965,62935.30133928572,63929.683854166666,965.7071919024852,61187.94140625,62334.81640625,63161.94921875,48.49713871975523,-882.7097657528357,-1020.804995617042,60792.77734375
2024-05-10,60792.77734375,63446.7421875,60208.78125,63055.19140625,27804954694,-0.035799920573900024,62635.72154017857,63603.180338541664,1261.9857275611453,63049.9609375,61187.94140625,62334.81640625,43.05340364486562,-965.7837966479638,-1009.8007558232264,60793.7109375
2024-05-11,60793.7109375,61451.15234375,60492.625,60793.35546875,13842272968,1.5356984674586016e-05,62193.18415178572,63294.28372395833,1291.050261956947,60792.77734375,63049.9609375,61187.94140625,43.05625074444751,-1019.7897302222409,-1011.7985507030294,61448.39453125
2024-05-12,61448.39453125,61818.15625,60632.6015625,60793.50390625,13800459405,0.010768936188532141,61824.22154017857,63102.70130208333,1018.543658979408,60793.7109375,60792.77734375,63049.9609375,45.128030751073204,-998.2550640884438,-1009.0898533801123,62901.44921875
2024-05-13,62901.44921875,63422.66015625,60769.83984375,61451.21875,27889181179,0.023646747788683697,61787.00725446428,63072.033854166664,964.8658731933207,61448.39453125,60793.7109375,60792.77734375,49.518072902090715,-854.0938541364449,-978.0906535313788,61552.7890625
2024-05-14,61552.7890625,63092.125,61123.765625,62900.7734375,28186271527,-0.02144084393922019,61675.2890625,62932.502604166664,935.6988059978717,62901.44921875,61448.39453125,60793.7109375,45.85137008799651,-838.9991994972952,-950.2723627245622,66267.4921875
2024-05-15,66267.4921875,66454.453125,61330.41015625,61553.98828125,39815167074,0.07659609250545496,62400.939174107145,63027.21197916667,1932.9614043894155,61552.7890625,62901.44921875,61448.39453125,57.65574470989549,-441.5099848996979,-848.5198871595894,65231.58203125
2024-05-16,65231.58203125,66712.4296875,64613.0546875,66256.109375,31573077994,-0.01563225228621834,62712.599330357145,63074.5359375,2210.935854245687,66267.4921875,61552.7890625,62901.44921875,54.82756567743327,-207.69206587137887,-720.3543229019474,67051.875
2024-05-17,67051.875,67459.4609375,65119.31640625,65231.296875,28031279310,0.02790508695432159,63606.756138392855,63267.04205729167,2545.466761549934,65231.58203125,66267.4921875,61552.7890625,58.664556801116426,123.07402849122445,-551.668652623313,66940.8046875
2024-05-18,66940.8046875,67387.328125,66663.5,67066.2109375,16712277406,-0.0016564833198177142,64484.912388392855,63381.31041666667,2472.5477357903596,67051.875,65231.58203125,66267.4921875,58.338932235676936,371.9583905588879,-366.94324398687286,66278.3671875
2024-05-19,66278.3671875,67694.296875,65937.1796875,66937.9296875,19249094538,-0.009895869986810912,65174.908482142855,63462.4703125,2134.804088924546,66940.8046875,67051.875,65231.58203125,56.33068133539936,509.8704019730503,-191.58051479488822,71448.1953125
2024-05-20,71448.1953125,71483.5625,66086.171875,66278.7421875,43850655717,0.07800174241430358,66395.87220982143,63677.595442708334,2918.17793186127,66278.3671875,66940.8046875,67051.875,66.12990705353765,1024.5185758505468,51.639303334198786,70136.53125
2024-05-21,70136.53125,71946.4609375,69191.125,71443.0625,46932005990,-0.018358253231772315,67622.12109375,63851.25833333333,2276.9074808338078,71448.1953125,66278.3671875,66940.8046875,62.30957317368424,1311.4233614998739,303.5961149673338,69122.3359375
2024-05-22,69122.3359375,70623.6953125,68977.6953125,70135.3203125,32802561717,-0.01446030042296964,68029.95591517857,63927.41354166667,2249.3394019294515,70136.53125,71448.1953125,66278.3671875,59.44976305631024,1440.35684827355,530.948261628577,67929.5625
2024-05-23,67929.5625,70041.2734375,66356.953125,69121.3046875,41895680979,-0.017255976976508713,68415.38169642857,63978.156510416666,1892.8143809341534,69122.3359375,70136.53125,71448.1953125,56.18377649684638,1429.8087719763062,710.7203636981229,68526.1015625
2024-05-24,68526.1015625,69220.296875,66622.671875,67928.1328125,29197308153,0.008781729788116976,68625.98549107143,64119.796614583334,1795.323014266909,67929.5625,69122.3359375,70136.53125,57.44299453969285,1452.8376542565093,859.1438218098002,69265.9453125
2024-05-25,69265.9453125,69579.3203125,68515.8203125,68526.921875,15473071741,0.010796524727518797,68958.1484375,64279.271223958334,1639.9439535542692,68526.1015625,67929.5625,69122.3359375,59.016125272075215,1513.3425460229773,989.9835666524357,68518.09375
2024-05-26,68518.09375,69506.2265625,68183.890625,69264.2890625,15628433737,-0.010796814497022966,69278.109375,64438.03033854167,1185.4881269090174,69265.9453125,68526.1015625,67929.5625,56.73320293934263,1483.842920101859,1088.7554373423204,69394.5546875
2024-05-27,69394.5546875,70597.8828125,68232.5,68512.1796875,25870990717,0.012791671360530277,68984.73214285714,64637.21080729167,722.7364349635124,68518.09375,69265.9453125,68526.1015625,58.74727466432632,1513.7378985670657,1173.7519295872696,68296.21875
2024-05-28,68296.21875,69514.640625,67227.15625,69392.1953125,32722265965,-0.015827408107827234,68721.83035714286,64809.97708333333,547.3688264398245,69394.5546875,68518.09375,69265.9453125,55.27483315889142,1432.2927738766302,1225.4600984451417,67578.09375
2024-05-29,67578.09375,68852.4609375,67101.4921875,68296.3515625,26707072906,-0.01051485738366742,68501.22433035714,64934.54283854167,658.8797773735258,68296.21875,69394.5546875,68518.09375,53.06624320170875,1294.8737414396746,1239.3428270440484,68364.9921875
2024-05-30,68364.9921875,69500.5390625,67118.078125,67576.0859375,29509712534,0.011644282841286824,68563.42857142857,65192.14739583333,615.0083659864613,67578.09375,68296.21875,69394.5546875,55.17957154056,1235.2253863515798,1238.5193389055546,67491.4140625
2024-05-31,67491.4140625,68999.5625,66633.421875,68362.515625,27387283769,-0.012778150001159894,68415.61607142857,65500.060807291666,737.5967503842016,68364.9921875,67578.09375,68296.21875,52.36082584022619,1104.728558161747,1211.7611827567932,67706.9375
2024-06-01,67706.9375,67839.765625,67386.1953125,67489.609375,11641495604,0.0031933460054698326,68192.90066964286,65786.17760416666,670.353668483637,67491.4140625,68364.9921875,67578.09375,52.998743288552845,1007.0907070653047,1170.8270876184956,67751.6015625
2024-06-02,67751.6015625,68409.1640625,67315.5234375,67710.2734375,17110588415,0.0006596674454519835,68083.40178571429,65948.23645833334,670.9829317847142,67706.9375,67491.4140625,68364.9921875,53.138786540817534,922.6799431627733,1121.1976587273512,68804.78125
2024-06-03,68804.78125,70230.8203125,67589.8359375,67753.8984375,32401285324,0.015544720172089965,67999.1484375,66112.01341145833,492.08477950336294,67751.6015625,67706.9375,67491.4140625,56.435028526787946,930.0456166788936,1082.9672503176596,70567.765625
2024-06-04,70567.765625,71047.40625,68564.640625,68804.5703125,33149696545,0.025622992224831664,68323.65513392857,66329.901171875,1097.36775167338,68804.78125,67751.6015625,67706.9375,61.33761106719731,1065.8545632606983,1079.5447129062673,71082.8203125
2024-06-05,71082.8203125,71735.4140625,70390.7109375,70568.3515625,32810771409,0.007298724608017615,68824.33035714286,66593.93020833333,1444.9738663108192,70567.765625,68804.78125,67751.6015625,62.65968288114865,1201.1980769557267,1103.8753857161591,70757.1640625
2024-06-06,70757.1640625,71625.734375,70119.125,71082.84375,25223152007,-0.004581363662391591,69166.06919642857,66874.67513020833,1593.479075506749,71082.8203125,70567.765625,68804.78125,61.23391398004605,1267.5692990591633,1136.61416838476,69342.5859375
2024-06-07,69342.5859375,71907.8515625,68507.2578125,70759.1875,36188381096,-0.01999201273457618,69430.52232142857,67146.49661458333,1412.5741006814822,70757.1640625,71082.8203125,70567.765625,55.3430837926876,1192.2804710882629,1147.7474289254606,69305.7734375
2024-06-08,69305.7734375,69533.3203125,69210.7421875,69324.1796875,14262185861,-0.0005308786729295578,69658.92745535714,67355.02369791667,1200.8211669828802,69342.5859375,70757.1640625,71082.8203125,55.1942739811776,1116.7696460844163,1141.5518723572518,69647.9921875
2024-06-09,69647.9921875,69817.5234375,69160.84375,69297.4921875,13534028500,0.00493781012787653,69929.84040178571,67650.19752604167,866.0542320554146,69305.7734375,69342.5859375,70757.1640625,56.36878920034781,1072.1815251146181,1127.677802908725,69512.28125
2024-06-10,69512.28125,70146.0703125,69232.421875,69644.3125,20597699541,-0.0019485261992140401,70030.91183035714,67940.81653645834,745.8093044556362,69647.9921875,69305.7734375,69342.5859375,55.74473157854298,1014.2032754930988,1104.9828974255997,67332.03125
2024-06-11,67332.03125,69549.4140625,66123.6015625,69508.078125,37116136345,-0.03136496113771259,69568.6640625,68136.93776041667,1213.632461501363,69512.28125,69647.9921875,69305.7734375,46.78372300345528,783.2977719378687,1040.6458723280534,68241.1875
2024-06-12,68241.1875,69977.890625,66902.453125,67321.375,34497940694,0.013502581655740586,69162.71651785714,68314.92903645833,1091.893883826053,67332.03125,69512.28125,69647.9921875,50.36669317192811,665.987716195872,965.7142411016173,66756.3984375
2024-06-13,66756.3984375,68365.78125,66304.5625,68243.1015625,28955204146,-0.021757960505889518,68591.17857142857,68488.38268229166,1162.9637342440594,68241.1875,67332.03125,69512.28125,45.03396107092976,448.04381322198606,862.180155525691,66011.09375
2024-06-14,66011.09375,67294.6484375,65056.89453125,66747.5703125,27403884779,-0.011164543099157487,68115.25111607143,68479.83606770834,1450.3783379772215,66756.3984375,68241.1875,67332.03125,42.59598854874151,212.72962569861556,732.290049560276,66191.0
2024-06-15,66191.0,66402.1875,65871.7734375,66006.7421875,14121265576,0.0027253941690672523,67670.28348214286,68511.81666666667,1501.1667425048313,66011.09375,66756.3984375,68241.1875,43.39262243533071,40.293884753540624,593.8908165989288,66639.046875
2024-06-16,66639.046875,66894.84375,66018.25,66189.359375,13281140541,0.006768999939568809,67240.43415178571,68498.05572916666,1250.3155349631782,66191.0,66011.09375,66756.3984375,45.42395251030072,-59.52290099833044,463.208073079477,66490.296875
2024-06-17,66490.296875,67188.3203125,65094.96484375,66636.515625,30006354476,-0.0022321747830370553,66808.72209821429,68483.03880208333,761.196781148805,66639.046875,66191.0,66011.09375,44.84854696253497,-148.91470862731512,340.7835167381186,65140.74609375
2024-06-18,65140.74609375,66556.703125,64066.95703125,66490.9765625,39481285950,-0.02029695827328193,66495.68136160714,68445.11809895834,939.7564579439891,66490.296875,66639.046875,66191.0,39.909103329058965,-324.91046400755295,207.64472058898428,64960.296875
2024-06-19,64960.296875,65695.3515625,64693.30078125,65146.66015625,21103423504,-0.0027701435671353414,66026.98270089286,68228.85481770833,715.5089100473875,65140.74609375,66490.296875,66639.046875,39.2860595189914,-473.4910024649289,71.41757597820165,64828.65625
2024-06-20,64828.65625,66438.9609375,64547.84765625,64960.296875,25641109124,-0.00202647819256907,65751.59095982143,68051.92565104166,757.7128623792469,64960.296875,65140.74609375,66490.296875,38.81005563809649,-595.0055938208097,-61.86705798160063,64096.19921875
2024-06-21,64096.19921875,65007.546875,63378.89453125,64837.98828125,26188171739,-0.011298352821403679,65478.03459821428,67884.38776041666,965.5672968395493,64828.65625,64960.296875,65140.74609375,36.18308896310482,-741.8582636857318,-197.86529912242688,64252.578125
2024-06-22,64252.578125,64475.46875,63929.7578125,64113.86328125,9858198793,0.0024397531859308152,65201.1171875,67761.82161458333,1004.2046907427305,64096.19921875,64828.65625,64960.296875,37.161046380581524,-835.9848784524074,-325.489214988423,63180.796875
2024-06-23,63180.796875,64491.703125,63180.796875,64248.96484375,11170471802,-0.01668075089399379,64707.08147321428,67583.64479166667,1029.2485718098083,64252.578125,64096.19921875,64828.65625,33.38491490564246,-985.7021278741449,-457.5317975655674,60277.4140625
2024-06-24,60277.4140625,63292.52734375,58601.69921875,63173.3515625,43152133651,-0.04595356431233677,63819.52678571428,67284.02708333333,1697.2496709230165,63180.796875,64252.578125,64096.19921875,25.75115203451692,-1323.3777798099982,-630.7009940144535,61804.640625
2024-06-25,61804.640625,62258.26171875,60239.75,60266.28125,29201215431,0.025336630415439876,63342.94029017857,67060.2453125,1732.4424780884515,60277.4140625,63180.796875,64252.578125,34.265746666865894,-1451.0272083374002,-794.7662368790429,60811.27734375
2024-06-26,60811.27734375,62434.13671875,60695.1875,61789.67578125,22506003064,-0.016072632592061153,62750.22321428572,66774.13606770833,1795.4768107098093,61804.640625,60277.4140625,63180.796875,31.71792871761825,-1613.7441766755364,-958.5618248383416,61604.80078125
2024-06-27,61604.80078125,62293.86328125,60585.33203125,60811.2265625,21231745045,0.013048951973404943,62289.67243303572,66551.08880208334,1573.2016917824212,60811.27734375,61804.640625,60277.4140625,35.823028797154265,-1659.5377189441497,-1098.7570036595034,60320.13671875
2024-06-28,60320.13671875,62126.09765625,59985.40234375,61612.8046875,24952866877,-0.020853310881755127,61750.23493303572,66309.15690104167,1496.0149044300829,61604.80078125,60811.27734375,61804.640625,32.42440157086868,-1778.9840636680601,-1234.8024156612148,60887.37890625
2024-06-29,60887.37890625,61097.62109375,60300.96484375,60319.875,12652903396,0.009403861104374522,61269.4921875,66059.903125,1024.1555486151287,60320.13671875,61604.80078125,60811.27734375,35.3413676290583,-1807.0439704897217,-1349.2507266269163,62678.29296875
2024-06-30,62678.29296875,62892.828125,60632.94921875,60888.4453125,17333226409,0.029413551620566913,61197.70591517857,65899.46575520834,874.5407058459622,60887.37890625,60320.13671875,61604.80078125,43.61665724696847,-1665.570194831591,-1412.5146202678513,62851.98046875
2024-07-01,62851.98046875,63777.2265625,62495.51171875,62673.60546875,25468379421,0.002771094932125795,61565.50111607143,65737.63385416666,960.1825098194018,62678.29296875,60887.37890625,60320.13671875,44.36039398506148,-1521.8926475800035,-1434.3902257302818,62029.015625
2024-07-02,62029.015625,63203.359375,61752.74609375,62844.41015625,20151616992,-0.013093697885290578,61597.5546875,65546.88098958334,973.1536953076811,62851.98046875,62678.29296875,60887.37890625,41.56288492478546,-1457.6308798890896,-1439.0383565620434,60173.921875
2024-07-03,60173.921875,62187.703125,59419.38671875,62034.33203125,29756701685,-0.02990687070088416,61506.50390625,65259.18567708333,1082.638389792447,62029.015625,62851.98046875,62678.29296875,36.04480430025028,-1538.656849591207,-1458.962055167876,56977.703125
2024-07-04,56977.703125,60399.67578125,56777.8046875,60147.13671875,41149609230,-0.05311634426354228,60845.489955357145,64806.18359375,2019.6713196295218,60173.921875,62029.015625,62851.98046875,28.9204867222697,-1839.5732007869883,-1535.0842842916986,56662.375
2024-07-05,56662.375,57497.15234375,53717.375,57022.80859375,55417544033,-0.005534237213954074,60322.95256696428,64325.50208333333,2575.0589276960764,56977.703125,60173.921875,62029.015625,28.325658574355487,-2079.5244579826904,-1643.972319029897,58303.5390625
2024-07-06,58303.5390625,58472.546875,56038.9609375,56659.07421875,20610320577,0.02896391234041995,59953.83258928572,63910.38125,2664.3097226963673,56662.375,56977.703125,60173.921875,35.734308473206724,-2112.9031022758136,-1737.7584756790804,55849.109375
2024-07-07,55849.109375,58371.12109375,55793.32421875,58239.4296875,20553359505,-0.042097439142912196,58978.23493303572,63460.59869791667,2749.388131602706,58303.5390625,56662.375,56977.703125,30.63434323952717,-2310.7707547587415,-1852.3609314950127,56705.09765625
2024-07-08,56705.09765625,58131.3359375,54321.01953125,55849.57421875,39766159899,0.015326802715911692,58100.10881696428,63040.576171875,2240.473196400903,55849.109375,58303.5390625,56662.375,34.16334209171957,-2371.177733501667,-1956.1242918963435,58009.2265625
2024-07-09,58009.2265625,58239.1953125,56316.875,56704.59765625,27849512607,0.02299844211812685,57525.853236607145,62652.61731770833,1436.5401398088613,56705.09765625,55849.109375,58303.5390625,39.235516848237296,-2287.4500948842833,-2022.3894524939315,57742.49609375
2024-07-10,57742.49609375,59359.43359375,57178.4140625,58033.8828125,26175260526,-0.004598069730556098,57178.50669642857,62260.29114583333,872.9265643784076,58009.2265625,56705.09765625,55849.109375,38.58082826272039,-2217.061354501624,-2061.3238328954703,57344.9140625
2024-07-11,57344.9140625,59299.43359375,57120.37890625,57729.890625,28707803842,-0.006885432015347748,57230.96540178572,61927.38723958333,869.8764900447214,57742.49609375,58009.2265625,56705.09765625,37.57439227073126,-2168.363770033706,-2082.7318203231175,57899.46484375
2024-07-12,57899.46484375,58532.5546875,56590.17578125,57341.1953125,25604805221,0.009670444019596935,57407.69252232143,61582.66315104167,860.7244797813462,57344.9140625,57742.49609375,58009.2265625,39.928270566574476,-2061.2620244957725,-2078.4378611576485,59231.953125
2024-07-13,59231.953125,59787.078125,57796.44140625,57908.73828125,17080061806,0.023013827240820017,57540.32310267857,61331.848307291664,1068.279723635431,57899.46484375,57344.9140625,57742.49609375,45.2685607252049,-1847.5648735102732,-2032.2632636281735,60787.79296875
2024-07-14,60787.79296875,61329.52734375,59225.25,59225.25,22223416061,0.026266900915231206,58245.849330357145,61157.73828125,1357.0074465738696,59231.953125,57899.46484375,57344.9140625,50.77153164086543,-1534.9708802337555,-1932.80478694929,64870.15234375
2024-07-15,64870.15234375,64870.15234375,60704.9296875,60815.45703125,38094526099,0.06715755212726138,59412.28571428572,61113.71002604167,2678.0674962883977,60787.79296875,59231.953125,57899.46484375,61.66345050559765,-946.910213077128,-1735.6258721748577,65097.1484375
2024-07-16,65097.1484375,65354.33984375,62487.96875,64784.41796875,41617346768,0.003499237870556282,60424.845982142855,61062.31341145833,3321.7569200184066,64870.15234375,60787.79296875,59231.953125,62.164726360828084,-457.27997106749535,-1479.9566919533852,64118.79296875
2024-07-17,64118.79296875,66066.734375,63896.0859375,65091.83203125,32525071311,-0.01502916014346345,61335.74553571428,60983.26328125,3337.8259304865073,65097.1484375,64870.15234375,60787.79296875,58.60774373238105,-146.50081633268564,-1213.2655168292454,63974.06640625
2024-07-18,63974.06640625,65104.66015625,63246.1640625,64104.73828125,27239305337,-0.0022571629283560934,62282.767299107145,60944.37395833333,2932.6478729212904,64118.79296875,65097.1484375,64870.15234375,58.07833858987766,87.11151149467332,-953.1901111644617,66710.15625
2024-07-19,66710.15625,67442.640625,63329.34375,63972.32421875,37003855410,0.042768734230136385,63541.4375,61002.70260416667,2610.913603330543,63974.06640625,64118.79296875,65097.1484375,64.5904313734005,487.4119665703038,-665.0696956175086,67163.6484375
2024-07-20,67163.6484375,67610.734375,66299.6171875,66709.921875,19029581250,0.0067979482134701286,64674.536830357145,61080.53567708333,2100.102256023311,66710.15625,63974.06640625,64118.79296875,65.54575168616373,831.6591418680691,-365.7239281203931,68154.5234375
2024-07-21,68154.5234375,68372.90625,65842.296875,67164.9140625,26652190004,0.014753144342986024,65726.92689732143,61215.813151041664,1618.3032206276916,67163.6484375,66710.15625,63974.06640625,67.60246646637125,1170.9350297296478,-58.39213655038492,67585.25
2024-07-22,67585.25,68480.0625,66611.296875,68152.9765625,42649109453,-0.00835268752223095,66114.79799107143,61326.90221354167,1701.9413476036673,68154.5234375,67163.6484375,66710.15625,65.19461471241073,1377.9933567752742,228.88496211474688,65927.671875
2024-07-23,65927.671875,67779.015625,65484.4609375,67584.8046875,35605668666,-0.02452573786440093,66233.44419642857,61418.46471354167,1647.2448319952518,67585.25,68154.5234375,67163.6484375,58.644725809044814,1392.2864593691338,461.56526156562427,65372.1328125
2024-07-24,65372.1328125,67113.984375,65146.99609375,65927.859375,27470942309,-0.008426492953570563,66412.49274553571,61588.288671875,1433.305737564476,65927.671875,67585.25,68154.5234375,56.59258562099579,1343.3017403544218,637.9125573233838,65777.2265625
2024-07-25,65777.2265625,66112.421875,63473.47265625,65375.875,38315761670,0.00619673448871394,66670.08705357143,61720.708203125,1026.2673743938483,65372.1328125,65927.671875,67585.25,57.753484999756466,1321.9302882448392,774.7161035076749,67912.0625
2024-07-26,67912.0625,68207.6015625,65743.765625,65771.8125,30488630457,0.032455548053117234,66841.78794642857,61957.401041666664,1129.4451023434121,65777.2265625,65372.1328125,65927.671875,63.320781830851054,1460.4218431362533,911.8572514333906,67813.3359375
2024-07-27,67813.3359375,69398.5078125,66705.21875,67911.8125,34691905492,-0.0014537411892032726,66934.60044642857,62164.352213541664,1185.600384994433,67912.0625,65777.2265625,65372.1328125,62.9079121854492,1544.4080154228504,1038.3674042312828,68255.8671875
2024-07-28,68255.8671875,68301.8515625,67085.828125,67808.65625,18043166945,0.006525726007755361,66949.078125,62428.8765625,1203.4641742398517,67813.3359375,67912.0625,65777.2265625,64.03974949600124,1627.9106943890001,1156.2760622628261,66819.9140625
2024-07-29,66819.9140625,69987.5390625,66532.59375,68259.0546875,40780682628,-0.021037797689324123,66839.74441964286,62626.627734375,1170.3452338721338,68255.8671875,67813.3359375,67912.0625,57.86910541042498,1560.2323651529223,1237.0673228408455,66201.015625
2024-07-30,66201.015625,66987.671875,65323.19140625,66819.0546875,31380492109,-0.009262185475442442,66878.79352678571,62744.05182291667,1138.9814247620118,66819.9140625,68255.8671875,67813.3359375,55.391742086706074,1440.0567917895896,1277.6652166305944,64619.25
2024-07-31,64619.25,66810.2109375,64532.046875,66201.2734375,31292785994,-0.023893373992326827,66771.23883928571,62802.96080729167,1325.280252221015,66201.015625,66819.9140625,68255.8671875,49.55298766009351,1203.310503065717,1262.794273917619,65357.5
2024-08-01,65357.5,65593.2421875,62248.94140625,64625.83984375,40975554494,0.011424614182306447,66711.27790178571,62913.91028645833,1385.8593232290295,64619.25,66201.015625,66819.9140625,52.0912473624811,1063.0043167086696,1222.8362824758292,61415.06640625
2024-08-02,61415.06640625,65523.22265625,61184.89453125,65353.5,43060875727,-0.06032105869640059,65783.13560267857,62955.28177083333,2313.0597356847593,65357.5,64619.25,66201.015625,40.40069451093675,626.4676809821103,1103.5625621770855,60680.09375
2024-08-03,60680.09375,62148.37109375,59836.52734375,61414.80859375,31753030589,-0.011967302150066583,64764.10100446428,63078.69479166667,2791.4086709416856,61415.06640625,65357.5,64619.25,38.65884494325688,218.68226809398038,926.5865033604646,58116.9765625
2024-08-04,58116.9765625,61062.98828125,57210.8046875,60676.09375,31758917219,-0.04223983565450573,63315.68805803572,63127.18151041667,3267.47369373604,60680.09375,61415.06640625,65357.5,33.271485313438674,-307.7650221242875,679.7161982635142,53991.45703125
2024-08-05,53991.45703125,58268.828125,49121.23828125,58110.296875,108991085584,-0.07098647891315102,61483.05133928572,62983.44544270833,4381.972329626497,58116.9765625,60680.09375,61415.06640625,26.798165947493203,-1045.8177047354766,334.6094176637161,56034.31640625
2024-08-06,56034.31640625,57059.91796875,53973.2734375,53991.34765625,49300484106,0.03783671505322772,60030.665736607145,62989.61901041667,4240.158149228311,53991.45703125,58116.9765625,60680.09375,33.67913399211723,-1449.1828169837245,-22.149029265772015,55027.4609375
2024-08-07,55027.4609375,57726.8828125,54620.5078125,56040.6328125,41637562185,-0.017968550940289485,58660.41015625,62933.69778645833,4056.0119373150733,56034.31640625,53991.45703125,58116.9765625,32.07863009149341,-1829.0136652040455,-383.52195645342675,61710.13671875
2024-08-08,61710.13671875,62673.765625,54766.7265625,55030.02734375,45298472567,0.12144256099404904,58139.35825892857,63057.06145833333,3195.224331892213,55027.4609375,56034.31640625,53991.45703125,49.300119183795815,-1572.6675305167882,-621.3510712660991,60880.11328125
2024-08-09,60880.11328125,61751.86328125,59587.859375,61728.20703125,33425553115,-0.013450358103773374,58062.93638392857,63161.648697916666,3109.0551429600664,61710.13671875,55027.4609375,56034.31640625,47.68296234862412,-1420.1171005707438,-781.1042771270281,60945.8125
2024-08-10,60945.8125,61464.51171875,60287.56640625,60881.23046875,15745822278,0.001079157301276501,58100.896205357145,63281.67864583333,3147.7165977189356,60880.11328125,61710.13671875,55027.4609375,47.8288401456876,-1279.1728989683252,-880.7180014952876,58719.484375
2024-08-11,58719.484375,61778.66015625,58348.82421875,60944.890625,22759754812,-0.036529632368097475,58186.96875,63309.01263020833,3156.455080267497,60945.8125,60880.11328125,61710.13671875,43.41146628254826,-1331.7678860437154,-970.9279784049733,59354.515625
2024-08-12,59354.515625,60680.33203125,57688.8984375,58719.39453125,37078637820,0.010814659848586317,58953.11997767857,63313.098046875,2563.5647459452566,58719.484375,60945.8125,60880.11328125,44.9726133021863,-1307.1401792105462,-1038.1704185660878,60609.56640625
2024-08-13,60609.56640625,61572.3984375,58506.25390625,59356.20703125,30327698167,0.021144992390795814,59606.72712053572,63307.15716145833,2260.7214792961927,59354.515625,58719.484375,60945.8125,48.0244768830139,-1172.8307718858705,-1065.1024892300445,58737.26953125
2024-08-14,58737.26953125,61687.7578125,58472.875,60611.05078125,29961696180,-0.0308911115194338,60136.69977678572,63102.727734375,1189.211941551429,60609.56640625,59354.515625,58719.484375,44.09550727920513,-1203.594026581508,-1092.8007967003373,57560.09765625
2024-08-15,57560.09765625,59838.6484375,56161.59375,58733.26171875,35682112440,-0.020041310813293967,59543.83705357143,62851.49270833333,1303.0810584113046,58737.26953125,60609.56640625,59354.515625,41.78106991771791,-1307.8855691312929,-1135.8177511865283,58894.10546875
2024-08-16,58894.10546875,59847.359375,57110.01953125,57560.2734375,29350938673,0.023175912946963972,59260.12165178572,62677.33645833333,1173.3980171510561,57560.09765625,58737.26953125,60609.56640625,45.2857980628711,-1268.2742106545556,-1162.309043080134,59478.97265625
2024-08-17,59478.97265625,59694.66796875,58814.83203125,58893.53125,13589684021,0.00993082725079053,59050.57310267857,62527.5,927.3749156710312,58894.10546875,57560.09765625,58737.26953125,46.79797241502669,-1176.130331242246,-1165.0733007125564,58483.96484375
2024-08-18,58483.96484375,60262.71875,58445.40234375,59468.1328125,17740625837,-0.016728732324455264,59016.927455357145,62253.293619791664,945.4845646280683,59478.97265625,58894.10546875,57560.09765625,44.54253566654544,-1169.9084810617496,-1166.0403367823951,59493.453125
2024-08-19,59493.453125,59612.66015625,57864.7109375,58480.7109375,25911207712,0.01726094125025579,59036.775669642855,61997.620442708336,955.1613870591918,58483.96484375,59478.97265625,58894.10546875,47.316723522897526,-1071.172542033586,-1147.0667778326333,59012.79296875
2024-08-20,59012.79296875,61396.328125,58610.8828125,59493.453125,31613400008,-0.008079210921579816,58808.66517857143,61692.89609375,662.9056428330783,59493.453125,58483.96484375,59478.97265625,46.133375166540105,-1019.9514906778059,-1121.643720401668,61175.19140625
2024-08-21,61175.19140625,61834.3515625,58823.4453125,59014.98828125,32731154072,0.03664287570061453,59156.939732142855,61479.22747395833,1109.2750067030752,59012.79296875,59493.453125,58483.96484375,51.9548112172358,-795.698637869973,-1056.454703895329,60381.9140625
2024-08-22,60381.9140625,61408.109375,59815.25390625,61168.31640625,27625734377,-0.012967304646127387,59560.056361607145,61294.368880208334,930.5986083354157,61175.19140625,59012.79296875,59493.453125,49.827394534573195,-674.2155511217279,-980.0068733406088,64094.35546875
2024-08-23,64094.35546875,64947.0625,60372.05078125,60380.953125,42530509233,0.061482671821355916,60302.94921875,61251.77630208333,1890.7331840672384,60381.9140625,61175.19140625,59012.79296875,58.41025885430316,-275.20395444009046,-839.0462895605052,64178.9921875
2024-08-24,64178.9921875,64513.7890625,63619.91796875,64103.87109375,21430585163,0.0013205019089592707,60974.380580357145,61198.50182291667,2332.318697726898,64094.35546875,60381.9140625,61175.19140625,58.58420527055017,47.299843366781715,-661.7770629750479,64333.54296875
2024-08-25,64333.54296875,64996.421875,63833.51953125,64176.3671875,18827683555,0.0024081210374646833,61810.03459821428,61079.21783854167,2339.224978282604,64178.9921875,64094.35546875,60381.9140625,58.92206385166996,311.7635667240975,-467.0689370352189,62880.66015625
2024-08-26,62880.66015625,64489.70703125,62849.55859375,64342.2265625,27682040631,-0.022583597070127692,62293.92131696428,60914.7953125,2120.2399966957114,64333.54296875,64178.9921875,64094.35546875,54.42708078001358,399.5121448049249,-293.75272066719015,59504.1328125
2024-08-27,59504.1328125,63210.796875,58116.75,62879.70703125,39103882198,-0.05369739018896724,62364.11272321428,60623.07083333333,1998.1297375769377,62880.66015625,64333.54296875,64178.9921875,45.70132134931621,194.35557719241478,-196.13106109526916,59027.625
2024-08-28,59027.625,60236.44921875,57890.67578125,59507.92578125,40289564698,-0.00800797843742207,62057.31752232143,60363.327864583334,2345.7368441254775,59504.1328125,62880.66015625,64333.54296875,44.61427888578222,-6.606522956331901,-158.2261534674817,59388.1796875
2024-08-29,59388.1796875,61184.08203125,58786.2265625,59027.46875,32224990582,0.006108236397788236,61915.35546875,60136.23333333333,2489.6832297449796,59027.625,59504.1328125,62880.66015625,45.66736604203484,-135.21797651496308,-153.624518076978,59119.4765625
2024-08-30,59119.4765625,59896.88671875,57768.53125,59388.6015625,32292756405,-0.004524521990973862,61204.658482142855,59952.907552083336,2474.0116517458546,59388.1796875,59027.625,59504.1328125,44.9809594109327,-255.8759973769702,-174.07481393697645,58969.8984375
2024-08-31,58969.8984375,59432.59375,58768.78515625,59117.48046875,12403470760,-0.002530098940268344,60460.502232142855,59739.9875,2198.314267541319,59119.4765625,59388.1796875,59027.625,44.579271716815036,-359.42482714205835,-211.14481657799286,57325.48828125
2024-09-01,57325.48828125,59062.0703125,57217.82421875,58969.80078125,24592449997,-0.027885585694078285,59459.3515625,59603.668229166666,1673.6817197843907,58969.8984375,59119.4765625,59388.1796875,40.31670142302104,-567.6348364065343,-282.44282054370115,59112.48046875
2024-09-02,59112.48046875,59403.0703125,57136.02734375,57326.96875,27036454524,0.031172733823612075,58921.04017857143,59551.414453125,729.5861880070189,57325.48828125,58969.8984375,59119.4765625,46.32321256341268,-581.741480144723,-342.30255246390556,57431.0234375
2024-09-03,57431.0234375,59815.05859375,57425.16796875,59106.19140625,26666961053,-0.02844504270361159,58624.88169642857,59528.54934895833,862.1639420182187,59112.48046875,57325.48828125,58969.8984375,42.03632571242781,-720.2974857926456,-417.90153912965354,57971.5390625
2024-09-04,57971.5390625,58511.5703125,55673.1640625,57430.34765625,35627680312,0.00941156177702851,58474.01227678572,59661.21875,872.2846757941259,57431.0234375,59112.48046875,57325.48828125,43.83565725734846,-777.5261869607639,-489.82646869587563,56160.48828125
2024-09-05,56160.48828125,58300.58203125,55712.453125,57971.703125,31030280656,-0.031240343288065575,58012.91350446428,59665.424479166664,1124.9955564359602,57971.5390625,57431.0234375,59112.48046875,39.42014986730097,-957.9740785516187,-583.4559906670243,53948.75390625
2024-09-06,53948.75390625,56976.109375,52598.69921875,56160.19140625,49361693566,-0.03938239218868078,57274.23883928572,59629.467578125,1782.6534353557463,56160.48828125,57971.5390625,57431.0234375,34.80878973818152,-1264.868199273209,-719.7384323882612,54139.6875
2024-09-07,54139.6875,54838.14453125,53740.0703125,53949.0859375,19061486526,0.003539165966313096,56584.208705357145,59377.11927083333,1944.4056139348393,53948.75390625,56160.48828125,57971.5390625,35.51014208053016,-1475.6666886645035,-870.9240836435097,54841.56640625
2024-09-08,54841.56640625,55300.859375,53653.7578125,54147.93359375,18268287531,0.012964221602682846,56229.36272321428,59175.834375,2012.0543491958795,54139.6875,53948.75390625,56160.48828125,38.14458888090165,-1568.0151457954198,-1010.3422960738917,57019.53515625
2024-09-09,57019.53515625,58041.125,54598.43359375,54851.88671875,34618096173,0.039713831911113884,55930.37053571428,59044.95846354167,1631.7887152198036,54841.56640625,54139.6875,53948.75390625,45.57436390145826,-1448.7577102621362,-1098.0253789115407,57648.7109375
2024-09-10,57648.7109375,58029.9765625,56419.4140625,57020.09765625,28857630507,0.011034389872275785,55961.46875,59009.266015625,1666.8518919888631,57019.53515625,54841.56640625,54139.6875,47.53489418406187,-1288.6216775336434,-1136.1446386359612,57343.171875
2024-09-11,57343.171875,57991.3203125,55567.33984375,57650.2890625,37049062672,-0.005300015516934153,55871.70200892857,58942.22122395833,1553.6347580638003,57648.7109375,57019.53515625,54841.56640625,46.65595951599595,-1172.8473129738923,-1143.4851735035475,58127.01171875
2024-09-12,58127.01171875,58534.359375,57330.1015625,57343.171875,33835707949,0.013669279499548104,56152.63392857143,58859.469401041664,1776.3844807453806,57343.171875,57648.7109375,57019.53515625,49.24857199519281,-1006.2465861054516,-1116.0374560239284,60571.30078125
2024-09-13,60571.30078125,60648.0234375,57650.11328125,58130.32421875,32490528356,0.04205082955798245,57098.71205357143,58920.603776041666,2134.452849973033,58127.01171875,57343.171875,57648.7109375,56.36971435542841,-669.2657314523312,-1026.683111109609,60005.12109375
2024-09-14,60005.12109375,60656.72265625,59517.8828125,60569.1171875,16428405496,-0.00934732588201681,57936.631138392855,59002.10455729167,1919.720564031246,60571.30078125,58127.01171875,57343.171875,54.463408329403975,-442.78776363062207,-909.9040416138116,59182.8359375
2024-09-15,59182.8359375,60381.91796875,58696.30859375,60000.7265625,18120960867,-0.013703582981947293,58556.8125,59011.72890625,1377.9930164286409,60005.12109375,60571.30078125,58127.01171875,51.727382823200216,-325.8971430309248,-793.1026618972343,58192.5078125
2024-09-16,58192.5078125,59205.51171875,57501.33984375,59185.2265625,32032822113,-0.016733367188517922,58724.38002232143,58968.84674479167,1222.438319638646,59182.8359375,60005.12109375,60571.30078125,48.56318358980176,-309.6027791077504,-696.4026853393376,60308.5390625
2024-09-17,60308.5390625,61316.08984375,57628.0703125,58192.5078125,38075570118,0.0363626062794542,59104.35546875,59029.66588541667,1245.522592946777,58192.5078125,59182.8359375,60005.12109375,54.90993930528705,-124.50808909263287,-582.0237660899967,61649.6796875
2024-09-18,61649.6796875,61664.06640625,59218.25390625,60309.0,40990702891,0.02223798894564699,59719.57087053572,59101.54010416667,1293.2798724397628,60308.5390625,58192.5078125,59182.8359375,58.41243878433203,128.91359070943872,-439.8362947301096,62940.45703125
2024-09-19,62940.45703125,63872.44140625,61609.8671875,61651.15625,42710252573,0.020937291974474137,60407.20591517857,59232.462239583336,1557.9584021375283,61649.6796875,60308.5390625,58192.5078125,61.511234456467726,428.9622323269068,-266.07658931870634,63192.9765625
2024-09-20,63192.9765625,64119.53125,62364.60546875,62941.42578125,35177164222,0.004012038411551844,60781.73102678572,59299.72174479167,1884.812716451443,62940.45703125,61649.6796875,60308.5390625,62.1061111962507,679.2986266018343,-77.00154613459821,63394.83984375
2024-09-21,63394.83984375,63543.359375,62783.10546875,63184.33984375,14408616220,0.003194394254405042,61265.9765625,59400.152604166666,2077.6137107177974,63192.9765625,62940.45703125,61649.6796875,62.60369782732639,883.7928881237531,115.15734071707203,63648.7109375
2024-09-22,63648.7109375,63993.421875,62440.7265625,63396.8046875,20183348802,0.004004601863112578,61903.958705357145,59385.29778645833,2016.0882967529633,63394.83984375,63192.9765625,62940.45703125,63.25714877247342,1054.1893012036235,302.9637328143823,63329.80078125
2024-09-23,63329.80078125,64733.55859375,62628.078125,63643.1015625,31400285425,-0.005010473135318549,62637.857700892855,59356.99140625,1216.2494171005671,63648.7109375,63394.83984375,63192.9765625,61.79636137345757,1150.2370847282727,472.4184031971604,64301.96875
2024-09-24,64301.96875,64695.21484375,62737.41796875,63326.83984375,29938335243,0.01535087678718594,63208.34765625,59355.93893229167,810.4427399101119,63329.80078125,63648.7109375,63394.83984375,64.4885382591416,1289.931943005664,635.9211111588611,63143.14453125
2024-09-25,63143.14453125,64804.50390625,62945.375,64302.58984375,25078377700,-0.018021597802944433,63421.69977678572,59364.68841145833,446.6684690351623,64301.96875,63329.80078125,63648.7109375,59.13880253909977,1292.2375843995615,767.1844058070012,65181.01953125
2024-09-26,65181.01953125,65790.796875,62669.26953125,63138.546875,36873129847,0.032273891570151925,63741.78013392857,59553.91796875,746.4948872897486,63143.14453125,64301.96875,63329.80078125,64.68674786145363,1441.8831714244152,902.124158930484,65790.6640625
2024-09-27,65790.6640625,66480.6953125,64852.9921875,65180.6640625,32058813449,0.00935309904070647,64112.87834821428,59779.35260416667,1022.763454300993,65181.01953125,63143.14453125,64301.96875,66.1667052099568,1591.3277600886213,1039.9648791621116,65887.6484375
2024-09-28,65887.6484375,66255.53125,65458.03515625,65792.1796875,15243637984,0.0014741358273548943,64468.993861607145,59996.0015625,1156.3428171393978,65790.6640625,65181.01953125,63143.14453125,66.40789475529479,1698.0158322889183,1171.575069787473,65635.3046875
2024-09-29,65635.3046875,66069.34375,65450.015625,65888.8984375,14788214575,-0.003829909793174213,64752.79296875,60213.19583333333,1165.2178336407933,65887.6484375,65790.6640625,65181.01953125,65.10736653609888,1742.1227597132092,1285.6846077726204,63329.5
2024-09-30,63329.5,65635.0546875,62873.6171875,65634.65625,37112957475,-0.035130555094979754,64752.75,60358.515885416666,1165.279057800478,65635.3046875,65887.6484375,65790.6640625,54.58754689716753,1572.8873829406366,1343.125162806224,60837.0078125
2024-10-01,60837.0078125,64110.98046875,60189.27734375,63335.60546875,50220923500,-0.039357521968434894,64257.755580357145,60475.56653645833,1895.6946181001026,63329.5,65635.3046875,65887.6484375,45.9454916371336,1223.5396353787582,1319.2080573207309,60632.78515625
2024-10-02,60632.78515625,62357.6875,59996.94921875,60836.32421875,40762722398,-0.0033568819965540397,63899.1328125,60526.243359375,2329.511009777329,60837.0078125,63329.5,65635.3046875,45.3125024280906,919.5993974983285,1239.2863253562505,60759.40234375
2024-10-03,60759.40234375,61469.0390625,59878.8046875,60632.484375,36106447279,0.0020882627636797935,63267.47321428572,60637.18932291667,2515.9970253234123,60632.78515625,60837.0078125,63329.5,45.81097147325357,681.090332663247,1127.64712681765,62067.4765625
2024-10-04,62067.4765625,62465.9921875,60459.94140625,60754.625,29585472513,0.021528753876634443,62735.58928571428,60773.72057291667,2275.7651644407897,60759.40234375,60632.78515625,60837.0078125,50.80024683581659,590.8103439586848,1020.2797702458569,62089.94921875
2024-10-05,62089.94921875,62371.0234375,61689.58203125,62067.609375,13305410749,0.0003620681473552878,62193.060825892855,60971.36927083333,1802.5748617737775,62067.4765625,60759.40234375,60632.78515625,50.8839142916182,515.1379681906255,919.2514098348107,62818.953125
2024-10-06,62818.953125,62959.5703125,61833.1484375,62084.98828125,14776233667,0.011741093613744757,61790.724888392855,61267.042578125,1072.7873130987202,62089.94921875,62067.4765625,60759.40234375,53.63823034872085,508.1341339057908,837.0279546490067,62236.66015625
2024-10-07,62236.66015625,64443.70703125,62152.55078125,62819.109375,34253562610,-0.009269383518558882,61634.60491071428,61536.941666666666,872.3198000998955,62818.953125,62089.94921875,62067.4765625,51.169912554069995,450.40537581760873,759.7034388827271,62131.96875
2024-10-08,62131.96875,63174.3046875,61843.5625,62221.64453125,28134475157,-0.001682150134457161,61819.599330357145,61779.955078125,810.0720248157362,62236.66015625,62818.953125,62089.94921875,50.71801184297808,391.6920158389112,686.1011542739641,60582.1015625
2024-10-09,60582.1015625,62508.8359375,60314.61328125,62131.7265625,27670982363,-0.024944762232405493,61812.35881696428,61898.707291666666,822.577856364251,62131.96875,62236.66015625,62818.953125,44.45836324504467,217.5916645355028,592.3992563262718,60274.5
2024-10-10,60274.5,61236.72265625,58895.20703125,60581.9296875,30452813570,-0.005077433013489285,61743.08705357143,61986.23359375,938.3059508755458,60582.1015625,62131.96875,62236.66015625,43.315716537593964,54.17056192416203,484.75351744584987,62445.08984375
2024-10-11,62445.08984375,63400.87109375,60046.125,60275.4609375,30327141594,0.036011743668549645,61797.03180803572,62156.297526041664,970.3708443053222,60274.5,60582.1015625,62131.96875,52.577896758263144,98.66922334634,407.53665862594795,63193.0234375
2024-10-12,63193.0234375,63448.78515625,62443.26953125,62444.6171875,16744110886,0.011977460447594401,61954.61383928572,62325.16458333333,1105.9599749306647,62445.08984375,60274.5,60582.1015625,55.288934375324814,192.07262967885617,364.44385283652963,62851.375
2024-10-13,62851.375,63272.65234375,62035.63671875,63192.9453125,18177529690,-0.005406426515387475,61959.24553571428,62401.16705729167,1110.2426767112472,63193.0234375,62445.08984375,60274.5,53.776595491974305,235.80906834758935,338.7168959387416,66046.125
2024-10-14,66046.125,66482.4921875,62442.15234375,62848.3984375,43706958056,0.050830232433260125,62503.454799107145,62602.533854166664,1912.6034453296738,62851.375,63193.0234375,62445.08984375,63.759324937168984,522.2400779216987,375.42153233533304,67041.109375
2024-10-15,67041.109375,67881.6796875,64809.1953125,66050.3671875,48863870879,0.015064992457922477,63204.76060267857,62864.476302083334,2548.130359992793,66046.125,62851.375,63193.0234375,66.20712834732596,820.0723566145607,464.3516971911786,67612.71875
2024-10-16,67612.71875,68375.2890625,66758.7265625,67042.4609375,38195189534,0.008526251733136592,64209.134486607145,63178.48333333333,2721.770143539742,67041.109375,66046.125,62851.375,67.56261084289504,1089.669649247262,589.4152876023952,67399.8359375
2024-10-17,67399.8359375,67912.2109375,66647.390625,67617.078125,32790898511,-0.0031485616380424464,65227.03962053572,63414.85989583333,2305.591300128601,67612.71875,67041.109375,66046.125,66.49289119837908,1271.4926068740533,725.8307514567268,68418.7890625
2024-10-18,68418.7890625,68969.75,67177.8203125,67419.109375,36857165014,0.015118035686984221,66080.42522321429,63640.496875,2207.7386051146395,67399.8359375,67612.71875,67041.109375,69.02118014732842,1480.740556788216,876.8127125230246,68362.734375
2024-10-19,68362.734375,68668.0078125,68024.640625,68418.9765625,14443497908,-0.0008192879217548965,66818.95535714286,63821.239453125,1927.8017348012927,68418.7890625,67399.8359375,67612.71875,68.71401109013442,1623.335123025383,1026.1171946234963,69001.703125
2024-10-20,69001.703125,69359.0078125,68105.71875,68364.1796875,18975847518,0.009346740674458287,67697.57366071429,64014.863671875,993.0945101317425,68362.734375,68418.7890625,67399.8359375,70.33468773784753,1767.5268330627587,1174.399122311349,67367.8515625
2024-10-21,67367.8515625,69462.734375,66829.8515625,69002.0,37498611780,-0.023678423698328066,67886.39174107143,64147.29739583333,712.891804216065,69001.703125,68362.734375,68418.7890625,61.55414337141598,1730.0190529431711,1285.5231084377133,67361.40625
2024-10-22,67361.40625,67801.578125,66581.3671875,67360.703125,31808472566,-9.567341618454961e-05,67932.1484375,64271.05390625,657.7410974538128,67367.8515625,69001.703125,68362.734375,61.52151503252996,1680.40314270198,1364.4991152905666,66432.1953125
2024-10-23,66432.1953125,67402.7421875,65188.03515625,67362.375,32263980353,-0.01379441121005398,67763.50223214286,64374.467057291666,870.2943335015658,67361.40625,67367.8515625,69001.703125,56.84338168524464,1548.2552961574256,1401.2503514639384,68161.0546875
2024-10-24,68161.0546875,68798.9609375,66454.1015625,66653.703125,31414428647,0.02602442034118191,67872.24776785714,64503.103255208334,864.8206944878305,66432.1953125,67361.40625,67367.8515625,62.54941406125896,1564.991431529561,1433.998567477063,66642.4140625
2024-10-25,66642.4140625,68722.15625,65521.79296875,68165.296875,41469984306,-0.022280180844656217,67618.47991071429,64619.74557291667,935.457613553973,68161.0546875,66432.1953125,67361.40625,55.595824856161606,1439.1240070316126,1435.0236553879731,67014.6953125
2024-10-26,67014.6953125,67317.921875,66360.59375,66628.734375,19588098156,0.00558625096700216,67425.90290178571,64680.86809895833,894.5693082328073,66642.4140625,68161.0546875,66432.1953125,56.86186643498699,1353.8073039972514,1418.7803851098288,67929.296875
2024-10-27,67929.296875,68221.3125,66847.2265625,67023.4765625,16721307878,0.01364777618155344,67272.70200892857,64752.155859375,633.4417938497062,67014.6953125,66642.4140625,68161.0546875,59.887713924734875,1344.4953985829052,1403.9233878044442,69907.7578125
2024-10-28,69907.7578125,70212.265625,67535.1328125,67922.671875,38799856657,0.029125296867722028,67635.54575892857,64886.159505208336,1184.6495669722951,67929.296875,67014.6953125,66642.4140625,65.52165521101179,1479.7038050407864,1419.0794712517127,72720.4921875
2024-10-29,72720.4921875,73577.2109375,69729.9140625,69910.046875,58541874402,0.04023493905417541,68401.12946428571,65122.332421875,2239.7569221120843,69907.7578125,67929.296875,67014.6953125,71.6237139090891,1793.1512667380885,1493.8938303489879,72339.5390625
2024-10-30,72339.5390625,72905.296875,71411.734375,72715.3671875,40646637831,-0.005238593875544262,69245.03571428571,65422.66705729167,2474.812807015576,72720.4921875,69907.7578125,67929.296875,69.82133691255191,1987.9055670224334,1592.696177683677,70215.1875
2024-10-31,70215.1875,72662.3125,69590.5,72335.046875,40627912076,-0.029366396164960396,69538.48325892857,65735.273046875,2446.4801235416094,72339.5390625,72720.4921875,69907.7578125,60.65501606718664,1948.3727082193363,1663.831483790809,69482.46875
2024-11-01,69482.46875,71559.015625,68779.703125,70216.8984375,49989795365,-0.010435331387529279,69944.20535714286,66030.2625,2096.6337248534774,70215.1875,72339.5390625,72720.4921875,57.834742118348835,1836.7454945334903,1698.4142859393455,69289.2734375
2024-11-02,69289.2734375,69867.3515625,69033.71875,69486.0234375,18184612091,-0.0027804900426771084,70269.14508928571,66314.59153645833,1706.9975477519183,69482.46875,70215.1875,72339.5390625,57.081107349247056,1712.9451113661344,1701.3204510247033,68741.1171875
2024-11-03,68741.1171875,69361.65625,67482.5234375,69296.3828125,34868307655,-0.00791112711687536,70385.11941964286,66537.04622395833,1541.0425612667561,69289.2734375,69482.46875,70215.1875,54.89535869844752,1552.7022030570515,1671.596801431173,67811.5078125
2024-11-04,67811.5078125,69433.1796875,66803.6484375,68742.1328125,41184819348,-0.013523338185854272,70085.65513392857,66727.76484375,1826.5050253298464,68741.1171875,69289.2734375,69482.46875,51.30723622491786,1335.304279703123,1604.338297085563,69359.5625
2024-11-05,69359.5625,70522.7890625,67458.8671875,67811.171875,46046889204,0.02282879023690776,69605.52232142857,66945.78515625,1413.4989232414653,67811.5078125,68741.1171875,69289.2734375,56.41614090971969,1273.2526706115605,1538.1211717907627,75639.078125
2024-11-06,75639.078125,76460.15625,69322.03125,69358.5,118592653963,0.09053568676993895,70076.88504464286,67392.532421875,2561.2999177673105,69359.5625,67811.5078125,68741.1171875,70.11406493764223,1711.0567569858395,1572.708288829778,75904.859375
2024-11-07,75904.859375,76943.1171875,74480.421875,75637.0859375,63467654989,0.003513808689745934,70889.6953125,67851.62877604166,3383.3680733340243,75639.078125,69359.5625,67811.5078125,70.53615140001676,2055.7683573419345,1669.3203025322093,76545.4765625
2024-11-08,76545.4765625,77252.75,75648.7421875,75902.8359375,55176858003,0.008439738809541852,71898.69642857143,68383.74127604166,3906.4918042908475,75904.859375,75639.078125,69359.5625,71.57810073259024,2353.5173542608973,1806.159712877947,76778.8671875
2024-11-09,76778.8671875,76932.765625,75773.7890625,76556.1875,29009480361,0.0030490452928257916,72968.63839285714,68933.88684895834,4093.849389497675,76545.4765625,75904.859375,75639.078125,71.96705218635404,2578.593827866789,1960.6465358757155,80474.1875
2024-11-10,80474.1875,81474.421875,76565.4296875,76775.546875,82570594495,0.048129393514959595,74644.79129464286,69534.85677083333,4460.054725938178,76778.8671875,76545.4765625,75904.859375,77.27076983101024,3020.333496471212,2172.583927994815,88701.484375
2024-11-11,88701.484375,89604.5,80283.25,80471.4140625,117966845037,0.10223522760015435,77629.07366071429,70385.13880208334,5886.5354478830795,80474.1875,76778.8671875,76545.4765625,84.36380898182718,3988.314657098934,2535.7300738156387,87955.8125
2024-11-12,87955.8125,89956.8828125,85155.109375,88705.5625,133673285375,-0.008406532091926988,80285.68080357143,71221.95338541667,5726.5694662742035,88701.484375,80474.1875,76778.8671875,81.87008629661818,4641.7697797320725,2956.9380149989256,90584.1640625
2024-11-13,90584.1640625,93434.3515625,86256.9296875,87929.96875,123559027869,0.029882636380625716,82420.69308035714,72039.88802083333,6446.206715841125,87955.8125,88701.484375,80474.1875,83.6991264147833,5310.507453108672,3427.6519026208753,87250.4296875
2024-11-14,87250.4296875,91765.21875,86682.8125,90574.8828125,87616705248,-0.03680261786927608,84041.48883928571,72713.53203125,5941.4209960456865,90584.1640625,87955.8125,88701.484375,73.56203319399923,5507.989697741505,3843.7194616450015,91066.0078125
2024-11-15,91066.0078125,91868.7421875,87124.8984375,87284.1796875,78243109518,0.04373133907381366,86115.85044642857,73495.30833333333,5398.081988455481,87250.4296875,90584.1640625,87955.8125,76.99609509400977,5904.319743277301,4255.839517971462,90558.4765625
2024-11-16,90558.4765625,91763.9453125,90094.2265625,91064.3671875,44333192814,-0.005573223886622736,88084.36607142857,74267.26302083333,3657.595498710663,91066.0078125,87250.4296875,90584.1640625,75.5896285735297,6107.062217776547,4626.0840579324795,89845.8515625
2024-11-17,89845.8515625,91433.0390625,88741.6640625,90558.4609375,46350159305,-0.007869224693816235,89423.17522321429,74981.4984375,1466.8090437534265,90558.4765625,91066.0078125,87250.4296875,73.55786685077828,6139.46230785115,4928.759707916214,90542.640625
2024-11-18,90542.640625,92596.7890625,89393.59375,89843.71875,75535775084,0.007755383808848215,89686.19754464286,75720.82864583333,1480.8371809797711,89845.8515625,90558.4765625,91066.0078125,74.28566478453158,6150.465924059448,5173.100951144861,92343.7890625
2024-11-19,92343.7890625,94002.8671875,90426.984375,90536.8125,74521048295,0.019892819836786257,90313.05133928571,76498.89817708333,1553.233887382984,90542.640625,89845.8515625,90558.4765625,76.11570103781403,6232.677567965555,5385.016274509,94339.4921875
2024-11-20,94339.4921875,94902.0234375,91619.5,92341.890625,71730956426,0.02161166598491282,90849.52678571429,77397.95286458333,2183.2428295475493,92343.7890625,90542.640625,89845.8515625,77.98521993057028,6385.262124382425,5585.0654444836855,98504.7265625
2024-11-21,98504.7265625,99014.21875,94132.6015625,94334.640625,106024505582,0.044151545428309014,92457.28348214286,78436.06354166666,3059.240321070372,94339.4921875,92343.7890625,90542.640625,81.2788709837307,6764.311318163353,5820.914619219619,98997.6640625
2024-11-22,98997.6640625,99655.5,97222.6640625,98496.4296875,78473580551,0.005004201495724558,93590.37723214286,79521.57916666666,3829.867884477819,98504.7265625,94339.4921875,92343.7890625,81.62916223776257,7023.5236629414285,6061.436427963981,97777.28125
2024-11-23,97777.28125,99014.6796875,97232.890625,99006.7421875,44414644677,-0.012327389984975179,94621.63504464286,80508.78671875,3849.2558356259124,98997.6640625,98504.7265625,94339.4921875,77.75043709944943,7049.21762707876,6258.992667786937,98013.8203125
2024-11-24,98013.8203125,98647.1796875,95788.078125,97778.09375,51712020623,0.002419161787646784,95788.48772321429,81554.50026041667,3368.1998094267906,97777.28125,98997.6640625,98504.7265625,77.9689466380332,7007.884474313658,6408.771029092282,93102.296875
2024-11-25,93102.296875,98935.03125,92642.9140625,98033.4453125,80909462490,-0.05011051933125821,96154.15290178571,82424.08697916666,2793.7236821366155,98013.8203125,97777.28125,98997.6640625,63.92954594371684,6503.836579277602,6427.784139129347,91985.3203125
2024-11-26,91985.3203125,94991.75,90770.8125,93087.28125,91656519855,-0.011997304040733403,96102.94308035714,83225.95442708333,2877.2465866364014,93102.296875,98013.8203125,97777.28125,61.229327408114926,5945.705920582375,6331.368495419953,95962.53125
2024-11-27,95962.53125,97361.1796875,91778.6640625,91978.140625,71133452438,0.04323745271515378,96334.80580357143,84094.446875,2775.035185829076,91985.3203125,93102.296875,98013.8203125,66.63347842330502,5757.937121227616,6216.682220581486,95652.46875
2024-11-28,95652.46875,96650.203125,94677.3515625,95954.9453125,52260008261,-0.0032310787967048116,95927.34040178571,84858.84609375,2607.67307110562,95962.53125,91985.3203125,93102.296875,65.86271854987405,5520.4729665054765,6077.440369766285,97461.5234375
2024-11-29,97461.5234375,98693.171875,95407.8828125,95653.953125,54968682476,0.018912786163713058,95707.89174107143,85696.24557291667,2359.006827647412,95652.46875,95962.53125,91985.3203125,68.17570226610643,5415.8262338427885,5945.117542581586,96449.0546875
2024-11-30,96449.0546875,97499.34375,96144.21875,97468.8125,31634227866,-0.010388394458550332,95518.14508928571,86570.7078125,2213.7600859085196,97461.5234375,95652.46875,95962.53125,65.50081808782883,5191.3524976102635,5794.3645335873225,97279.7890625
2024-12-01,97279.7890625,97888.125,95770.1875,96461.3359375,36590695296,0.008613193542348574,95413.28348214286,87497.28515625,2089.7537845321417,96449.0546875,97461.5234375,95652.46875,66.65679186519135,5022.591457854171,5640.009918440692,95865.3046875
2024-12-02,95865.3046875,98152.6015625,94482.8671875,97276.0078125,72680784305,-0.01454037255458307,95807.99888392857,88383.15286458333,1824.6226830338549,97279.7890625,96449.0546875,97461.5234375,62.798382527106796,4720.297400121024,5456.067414776759,96002.1640625
2024-12-03,96002.1640625,96297.203125,93629.5625,95854.59375,67067810961,0.0014276215513644441,96381.83370535714,89291.85442708334,718.2515173175445,95865.3046875,97279.7890625,96449.0546875,63.021418656391276,4440.582320414178,5252.970395904243,98768.53125
2024-12-04,98768.53125,99207.328125,94660.5234375,95988.53125,77199817112,0.02881567529768403,96782.69084821429,90323.75520833333,1117.3642296682642,96002.1640625,95865.3046875,97279.7890625,67.29026374199444,4391.506266422613,5080.677570007918,96593.5703125
2024-12-05,96593.5703125,103900.46875,91998.78125,98741.5390625,149218945580,-0.022020788503929523,96917.13392857143,91231.55546875,1010.1861976222226,98768.53125,96002.1640625,95865.3046875,61.29873079891601,4129.509553706463,4890.443966747627,99920.7109375
2024-12-06,99920.7109375,102039.8828125,96514.875,97074.2265625,94534772658,0.03444474217316973,97268.44642857143,92040.94322916666,1526.6536676523524,96593.5703125,98768.53125,96002.1640625,66.24947644663621,4142.594463359535,4740.87406607001,99923.3359375
2024-12-07,99923.3359375,100563.3828125,99030.8828125,99916.7109375,44177510897,2.627082989481444e-05,97764.77232142857,92841.55911458333,1762.417291751062,99920.7109375,96593.5703125,98768.53125,66.25314438098594,4105.8465211976,4613.868557095528,101236.015625
2024-12-08,101236.015625,101399.9921875,98771.515625,99921.9140625,44125751925,0.013136868131795154,98329.94754464286,93664.57708333334,2168.5267019407825,99923.3359375,99920.7109375,96593.5703125,68.11903685726328,4134.980313421751,4518.090908360772,97432.71875
2024-12-09,97432.71875,101272.5078125,94355.9140625,101237.0625,110676473908,-0.03756861480096407,98553.86383928571,94353.03880208333,1940.55979422632,101236.015625,99923.3359375,99920.7109375,58.09626868574506,3807.2867496267572,4375.9300766139695,96675.4296875
2024-12-10,96675.4296875,98270.15625,94321.2578125,97441.234375,104823780634,-0.007772430783165474,98650.04464285714,94893.08020833334,1804.95714504636,97432.71875,101236.015625,99923.3359375,56.3193682173725,3446.7483713015827,4190.0937355514925,101173.03125
2024-12-11,101173.03125,101913.359375,95747.2265625,96656.0625,85391409936,0.04652269534294651,98993.54464285714,95308.7984375,2044.2071962203336,96675.4296875,97432.71875,101236.015625,63.46620174424217,3483.779129778428,4048.8308143968798,100043.0
2024-12-12,100043.0,102524.9140625,99339.953125,101167.8046875,72073983533,-0.011169293200355757,99486.3203125,95711.7046875,1766.0871582207585,101173.03125,96675.4296875,97432.71875,60.77560742531989,3382.945702604673,3915.6537920384385,101459.2578125
2024-12-13,101459.2578125,101888.8046875,99233.28125,100046.6484375,56894751583,0.014156490833941326,99706.11272321429,96074.2078125,1918.3330150488805,100043.0,101173.03125,96675.4296875,62.89852640806858,3378.3708976667986,3808.1972131641105,101372.96875
2024-12-14,101372.96875,102618.8828125,100634.0546875,101451.4375,40422968793,-0.0008504799301751742,99913.203125,96544.95911458334,2021.1806527944802,101459.2578125,100043.0,101173.03125,62.6759514785107,3329.4032375568786,3712.438418042664,104298.6953125
2024-12-15,104298.6953125,105047.5390625,101227.03125,101373.53125,51145914137,0.02886101293644905,100350.72879464286,96986.04869791666,2603.002600289303,101372.96875,101459.2578125,100043.0,66.94678070614545,3486.4876371852006,3667.2482618711715,106029.71875
2024-12-16,106029.71875,107780.578125,103322.984375,104293.578125,91020417816,0.016596788984881483,101578.87165178571,97501.75677083334,2995.3167715683708,104298.6953125,101372.96875,101459.2578125,69.19287762165524,3707.914747153991,3675.3815589277356,106140.6015625
2024-12-17,106140.6015625,108268.4453125,105291.734375,106030.6875,68589364868,0.001045771070669721,102931.0390625,98044.91510416666,2509.9360917241634,106029.71875,104298.6953125,101372.96875,69.33661864720082,3847.987439469667,3709.902735036122,100041.5390625
2024-12-18,100041.5390625,106470.609375,100041.5390625,106147.296875,93865656139,-0.057462106019896764,102769.39732142857,98361.54505208334,2673.1503736611944,106140.6015625,106029.71875,104298.6953125,54.32268839178438,3427.344392828454,3653.3910665945887,97490.953125
2024-12-19,97490.953125,102748.1484375,95587.6796875,100070.6875,97221662392,-0.025495268879325628,102404.81919642857,98533.1171875,3224.197777151894,100041.5390625,106140.6015625,106029.71875,49.49585684012759,2855.2571516670723,3493.7642836090854,97755.9296875
2024-12-20,97755.9296875,98098.9140625,92175.1796875,97484.6953125,105634083408,0.002717960528709318,101875.77232142857,98646.9984375,3677.2172676487503,97490.953125,100041.5390625,106140.6015625,49.9929800577991,2395.6398406241933,3274.1393950121073,97224.7265625
2024-12-21,97224.7265625,99507.1015625,96426.5234375,97756.1953125,51765334294,-0.005433973434635808,101283.16629464286,98604.33177083333,4083.5585563796935,97755.9296875,97490.953125,100041.5390625,48.95269704530664,1965.8648907686875,3012.4844941634233,95104.9375
2024-12-22,95104.9375,97360.265625,94202.1875,97218.3203125,43147981314,-0.021802983021374844,99969.77232142857,98474.57421875,4416.913941120268,97224.7265625,97755.9296875,97490.953125,44.934433129964674,1437.643624320408,2697.5163201948203,94686.2421875
2024-12-23,94686.2421875,96416.2109375,92403.1328125,95099.390625,65239002919,-0.004402456102765462,98349.27566964286,98371.53958333333,3870.0871383257827,95104.9375,97224.7265625,97755.9296875,44.16332770537348,974.0114547461708,2352.8153471050905,98676.09375
2024-12-24,98676.09375,99404.0625,93448.015625,94684.34375,47114953674,0.04213760595334648,97282.91741071429,98393.61536458334,1884.4830451015944,94686.2421875,95104.9375,97224.7265625,52.52417570733435,917.9457889287878,2065.84143546983,99299.1953125
2024-12-25,99299.1953125,99478.75,97593.46875,98675.9140625,33700394629,0.0063146152104343045,97176.86830357143,98600.17864583334,1716.7952873158745,98676.09375,94686.2421875,95104.9375,53.69041710905839,913.2648843547358,1835.3261252468112,95795.515625
2024-12-26,95795.515625,99884.5703125,95137.8828125,99297.6953125,47054980873,-0.03528406928650052,96934.66294642857,98727.18515625,1783.4030322973047,99299.1953125,98676.09375,94686.2421875,46.73799325468102,619.6941164194577,1592.1997234813405,94164.859375
2024-12-27,94164.859375,97294.84375,93310.7421875,95704.9765625,52419934565,-0.017022260795415023,96421.65290178571,98667.26276041666,2009.90198254457,95795.515625,99299.1953125,98676.09375,43.88945313835861,252.54564733717416,1324.2689082525073,95163.9296875
2024-12-28,95163.9296875,95525.8984375,94014.2890625,94160.1875,24107436185,0.010609799867287384,96127.25334821429,98650.978125,2023.547980480399,94164.859375,95795.515625,99299.1953125,46.05861850382435,41.71361646259902,1067.7578498945259,93530.2265625
2024-12-29,93530.2265625,95174.875,92881.7890625,95174.0546875,29635885267,-0.017167251608511402,95902.29464285714,98519.93489583333,2232.8476614043425,95163.9296875,94164.859375,95795.515625,43.12287798593273,-254.26743896861444,803.3527921218978,92643.2109375
2024-12-30,92643.2109375,94903.3203125,91317.1328125,93527.1953125,56188003691,-0.00948373223930199,95610.43303571429,98393.0734375,2531.804781656383,93530.2265625,95163.9296875,94164.859375,41.57346980003328,-554.0228748310328,531.8776587313117,93429.203125
2024-12-31,93429.203125,96090.6015625,91914.03125,92643.25,43625106843,0.008484077565384274,94860.87723214286,98264.72057291666,2231.8476540045617,92643.2109375,93530.2265625,95163.9296875,43.51033221525117,-719.8601173177594,281.5301035214975,94419.7578125
2025-01-01,94419.7578125,94929.8671875,92788.125,93425.1015625,24519888919,0.010602195613021781,94163.81473214286,98216.53567708333,1078.6959535885526,93429.203125,92643.2109375,93530.2265625,45.94247863367261,-762.5674391541543,72.71059498636714,96886.875
2025-01-02,96886.875,97739.8203125,94201.5703125,94416.2890625,46009564411,0.026129247147606893,94319.72321428571,98246.02604166667,1388.282331800283,94419.7578125,93429.203125,92643.2109375,51.53889494457733,-590.5302952749335,-59.93758306589299,98107.4296875
2025-01-03,98107.4296875,98956.9140625,96034.6171875,96881.7265625,35611391163,0.012597729955682757,94882.94754464286,98223.98932291666,1986.040994503947,96886.875,94419.7578125,93429.203125,54.07216785554465,-351.6474833151733,-118.27956311574906,98236.2265625
2025-01-04,98236.2265625,98734.4296875,97562.9765625,98106.9921875,22342608078,0.0013128146911018934,95321.84709821429,98278.74453125,2362.3170994887696,98107.4296875,96886.875,94419.7578125,54.343389968246186,-150.20681174195488,-124.66501284099023,98314.9609375
2025-01-05,98314.9609375,98813.3046875,97291.765625,98233.90625,20525254825,0.0008014800420892421,96005.38058035714,98225.21953125,2448.1813874003738,98236.2265625,98107.4296875,96886.875,54.52020183870876,15.609639624439296,-96.61008234790434,102078.0859375
2025-01-06,102078.0859375,102482.875,97926.1484375,98314.953125,51823432705,0.03827621924594227,97353.21986607143,98297.04453125,2852.4382289602227,98314.9609375,98236.2265625,98107.4296875,62.07905416515751,445.5372338331508,11.819380888306696,96922.703125
2025-01-07,96922.703125,102712.484375,96132.875,102248.8515625,58685738547,-0.05050430525956884,97852.29129464286,98153.26744791666,2304.4288643328778,102078.0859375,98314.9609375,98236.2265625,49.85437281921448,366.0421361752087,82.66393194568711,95043.5234375
2025-01-08,95043.5234375,97258.3203125,92525.84375,96924.1640625,63875859171,-0.019388436629511285,97941.40066964286,98073.62760416667,2156.913757699496,96922.703125,102078.0859375,98314.9609375,46.277110685738094,149.68215996258368,96.06757754906644,92484.0390625
2025-01-09,92484.0390625,95349.71875,91220.84375,95043.484375,62777261693,-0.026929603222076492,97312.42410714286,97933.91458333333,2994.8609444313047,95043.5234375,96922.703125,102078.0859375,41.87031796043519,-225.71181325201178,31.711699388850803,94701.453125
2025-01-10,94701.453125,95770.609375,92250.09375,92494.4921875,62058693684,0.023976181025154863,96825.85602678571,97718.1953125,3118.3074623347316,92484.0390625,95043.5234375,96922.703125,46.613470338353274,-340.363954650893,-42.70343141909795,94566.59375
2025-01-11,94566.59375,94977.6875,93840.046875,94700.8359375,18860894100,-0.001424047578467369,96301.62276785714,97535.6484375,3149.9848146946592,94701.453125,92484.0390625,95043.5234375,46.365679759975414,-437.07035227507004,-121.57681559029237,94488.4375
2025-01-12,94488.4375,95367.5390625,93712.5078125,94565.7265625,20885130965,-0.0008264678561502592,95754.9765625,97303.28776041667,3073.455756155014,94566.59375,94701.453125,92484.0390625,46.21235978054058,-514.0913008150965,-200.0797126352532,94516.5234375
2025-01-13,94516.5234375,95837.0,89260.1015625,94488.890625,72978998252,0.00029724205673309356,94674.75334821429,97074.73958333333,1294.904136483287,94488.4375,94566.59375,94701.453125,46.28110445996519,-566.3362848471297,-273.3310270776285,96534.046875
2025-01-14,96534.046875,97352.6640625,94322.15625,94519.0078125,53769675818,0.021345722040169157,94619.23102678571,96815.91796875,1186.224786078902,94516.5234375,94488.4375,94566.59375,51.1144865421889,-439.87294928992924,-306.63941152008863,100504.4921875
2025-01-15,100504.4921875,100697.234375,96501.640625,96534.046875,57805923627,0.041129999632577796,95399.36941964286,96631.74375,2537.674097627047,96534.046875,94516.5234375,94488.4375,58.94356434854519,-19.048511040964513,-249.1212314242638,99756.90625
2025-01-16,99756.90625,100781.5859375,97364.4453125,100505.296875,54103781805,-0.0074383335632930425,96438.35044642857,96418.95390625,2632.215292394762,100504.4921875,96534.046875,94516.5234375,57.08963043894269,251.237837428067,-149.04941765379766,104462.0390625
2025-01-17,104462.0390625,105884.2265625,99948.90625,100025.765625,71888972663,0.04716598568833419,97832.71986607143,96566.30390625,3858.4160875188677,99756.90625,100504.4921875,96534.046875,64.62993887153434,835.4757668562088,47.855619248203624,104408.0703125
2025-01-18,104408.0703125,104913.203125,102226.6171875,104124.953125,50445655726,-0.000516635042589142,99238.64508928571,96796.87447916667,4243.731097766898,104462.0390625,99756.90625,100504.4921875,64.48995625915526,1279.385745560794,294.1616445107217,101089.609375
2025-01-19,101089.609375,106299.796875,99570.53125,104411.2890625,76789928525,-0.03178356737719257,100181.66964285714,96907.99713541666,3712.4127658917682,104408.0703125,104462.0390625,99756.90625,56.400776832186224,1347.8780387559964,504.9049233597767,102016.6640625
2025-01-20,102016.6640625,109114.8828125,99471.359375,101083.75,126279678351,0.009170622908047932,101253.11830357143,97067.72838541666,2766.747748722378,101089.609375,104408.0703125,104462.0390625,57.98624389420672,1460.1327388233913,695.9504864524997,106146.265625
2025-01-21,106146.265625,107180.921875,100103.953125,102052.578125,88733878242,0.040479676535688514,102626.29241071429,97435.77265625,2394.55508365389,102016.6640625,101089.609375,104408.0703125,64.22680552989604,1860.8687938468793,928.9341479313757,103653.0703125
2025-01-22,103653.0703125,106294.34375,103360.265625,106136.3828125,53878181052,-0.023488299826845638,103076.08928571429,97734.66692708334,2218.8352936830743,106146.265625,102016.6640625,101089.609375,58.570368497799194,1954.7419311861158,1134.0957045823238,103960.171875
2025-01-23,103960.171875,106820.328125,101257.8046875,103657.671875,104104515428,0.002962783076025932,103676.55580357143,97910.80286458334,1672.3280225280453,103653.0703125,106146.265625,102016.6640625,59.04878247686605,2030.5111300281133,1313.3787896714819,104819.484375
2025-01-24,104819.484375,107098.546875,102772.125,103965.671875,52388229265,0.008265785680243276,103727.61941964286,98094.8125,1705.4391129912437,103960.171875,103653.0703125,106146.265625,60.42585899892471,2135.2838797757868,1477.7598076923427,104714.6484375
2025-01-25,104714.6484375,105243.7890625,104120.375,104824.03125,23888996502,-0.0010001569662844156,103771.41629464286,98392.11692708333,1729.5915273750738,104819.484375,103960.171875,103653.0703125,60.16006614639656,2184.6740917744028,1619.142664508755,102682.5
2025-01-26,102682.5,105438.6484375,102507.7109375,104713.2109375,22543395879,-0.019406534499448846,103998.97209821429,98676.03828125,1389.2503941411153,104714.6484375,104819.484375,103960.171875,55.10057837622055,2036.3648487046594,1702.587101347936,102087.6875
2025-01-27,102087.6875,103214.109375,97795.9375,102680.3046875,89006608428,-0.005792734886665207,104009.11830357143,98906.83020833334,1372.5185484028475,102682.5,104714.6484375,104819.484375,53.677592413098495,1849.5122810721805,1731.972137292785,101332.4765625
2025-01-28,101332.4765625,103730.8203125,100238.1875,102095.4140625,47180685494,-0.007397669160641884,103321.43415178571,99166.90520833334,1328.5009649032831,102087.6875,102682.5,104714.6484375,51.846799270876794,1621.796009068712,1709.9369116479704,103703.2109375
2025-01-29,103703.2109375,104750.8046875,101283.8203125,101317.5234375,47432049818,0.023395602825692086,103328.59709821429,99535.571875,1330.7204000653176,101332.4765625,102087.6875,102682.5,56.82505652763815,1614.0222303301562,1690.7539753844076,104735.3046875
2025-01-30,104735.3046875,106418.765625,103321.6484375,103709.3359375,41915744521,0.009952379879751394,103439.33035714286,99912.44192708333,1421.2088316847114,103703.2109375,101332.4765625,102087.6875,58.821002931513775,1671.8705121694074,1686.9772827414076,102405.0234375
2025-01-31,102405.0234375,106026.3515625,101543.8828125,104737.5625,45732764360,-0.022249243050878498,103094.40736607143,100178.61744791667,1319.7960614035073,104735.3046875,103703.2109375,101332.4765625,52.87726124851781,1512.2492029304267,1652.0316667792117,100655.90625
2025-02-01,100655.90625,102755.7265625,100297.7109375,102402.796875,27757944848,-0.017080384621634526,102514.58705357143,100304.25182291666,1379.5491571645455,102405.0234375,104735.3046875,103703.2109375,48.884325018237206,1230.425447652815,1567.7104229539325,97688.9765625
2025-02-02,97688.9765625,101430.6640625,96216.078125,100661.5390625,63091816853,-0.02947596219670423,101801.2265625,100290.30338541667,2277.2452211904183,100655.90625,102405.0234375,104735.3046875,42.95853912734809,758.9232660518028,1405.9529915735068,101405.421875
2025-02-03,101405.421875,102514.171875,91242.890625,97681.1015625,115400897748,0.03804365081173988,101703.76004464286,100395.94322916666,2277.5417380668205,97688.9765625,100655.90625,102405.0234375,50.97526071273212,677.3325986601121,1260.228912990828,97871.8203125
2025-02-04,97871.8203125,101745.6171875,96208.109375,101398.71875,73002130211,-0.034846278405663456,101209.38058035714,100381.171875,2706.726544356009,101405.421875,97688.9765625,100655.90625,44.56243301792577,323.80665086137014,1072.9444605649364,96615.4453125
2025-02-05,96615.4453125,99113.2109375,96174.828125,97878.0078125,49125911241,-0.012836943218062724,100196.84263392857,100199.08385416666,2934.468471457716,97871.8203125,101405.421875,97688.9765625,42.51450974284173,-57.08611907622253,846.9383446367048,96593.296875
2025-02-06,96593.296875,99168.609375,95707.3515625,96610.640625,45302471947,-0.00022924323774897726,99033.69866071429,100188.10364583334,2400.840414239879,96615.4453125,97871.8203125,101405.421875,42.47744920585949,-356.6226532828732,606.2261450527892,96529.0859375
2025-02-07,96529.0859375,100154.140625,95653.8828125,96581.3203125,55741290456,-0.0006647556256734743,98194.27901785714,100237.62239583333,2023.1610972642118,96593.296875,96615.4453125,97871.8203125,42.362156139610555,-592.3604383076599,366.5088283806994,96482.453125
2025-02-08,96482.453125,96877.8046875,95702.4921875,96533.2578125,22447526395,-0.00048309597099249757,97598.07142857143,100370.90286458333,1776.7751585233611,96529.0859375,96593.296875,96615.4453125,42.2724196349509,-774.0247342580551,138.4021158529485,96500.09375
2025-02-09,96500.09375,97325.28125,94745.2578125,96481.3125,27732901800,0.00018283765004545316,97428.23102678571,100430.85755208334,1822.8617925480662,96482.453125,96529.0859375,96593.296875,42.32219413031644,-906.126286820232,-70.50356468168762,97437.5546875
2025-02-10,97437.5546875,98333.21875,95320.84375,96499.4609375,40078962391,0.009714611676219231,96861.39285714286,100526.55625,558.2490486585725,96500.09375,96482.453125,96529.0859375,45.03449360842079,-924.5152200319717,-241.30589575174443,95747.4296875
2025-02-11,95747.4296875,98492.8984375,94875.0390625,97438.1328125,37488783272,-0.017345724709743937,96557.90848214286,100568.52265625,490.7618128423374,97437.5546875,96500.09375,96482.453125,41.26676460058229,-1063.211504228835,-405.6870174471626,97885.859375
2025-02-12,97885.859375,98151.0234375,94101.203125,95745.6953125,49340445530,0.02233406885677658,96739.39620535714,100680.83385416666,704.1142749246727,95747.4296875,97437.5546875,96500.09375,47.27704770172535,-989.1733301183558,-522.3842799814013,96623.8671875
2025-02-13,96623.8671875,98111.0859375,95269.7109375,97888.75,37147280860,-0.012892487184132717,96743.76339285714,100683.82786458333,703.1512291422812,97885.859375,95747.4296875,97437.5546875,44.39007138039803,-1020.5653245603608,-622.0204888971932,97508.96875
2025-02-14,97508.96875,98819.46875,96342.8046875,96623.3671875,32697987277,0.009160278803397981,96883.74665178571,100583.97708333333,749.3125233134023,96623.8671875,97885.859375,95747.4296875,46.84186404517771,-962.9234254814655,-690.2010762140477,97580.3515625
2025-02-15,97580.3515625,97975.0390625,97240.1953125,97508.3828125,17047266288,0.0007320640697474623,97040.58928571429,100511.42526041667,766.0330899982628,97508.96875,96623.8671875,97885.859375,47.04464470004015,-901.0945516962238,-732.379771310483,96175.03125
2025-02-16,96175.03125,97725.59375,96060.9765625,97580.4921875,16536755396,-0.014401672980240199,96994.15178571429,100235.19166666667,812.6910410330577,97580.3515625,97508.96875,96623.8671875,43.524526965677516,-954.4895666599623,-776.8017303803788,95773.3828125
2025-02-17,95773.3828125,97032.234375,95243.546875,96179.0078125,27336550690,-0.004176223623530095,96756.41294642857,99947.36875,900.0771107492308,96175.03125,97580.3515625,97508.96875,42.54470327265458,-1017.4862250599253,-824.9386293162881,95539.546875
2025-02-18,95539.546875,96695.375,93388.8359375,95773.8125,37325720482,-0.0024415545387781457,96726.71540178571,99762.36666666667,941.3974578305737,95773.3828125,96175.03125,97580.3515625,41.952566179880776,-1073.9008757999545,-874.7310786130215,96635.609375
2025-02-19,96635.609375,96855.59375,95011.96875,95532.53125,28990872862,0.011472343504350446,96548.10825892857,99582.99817708334,791.4919476089995,95539.546875,95773.3828125,96175.03125,45.76305533449424,-1018.4270166840288,-903.470266227223,98333.9375
2025-02-20,98333.9375,98767.1953125,96442.671875,96632.6796875,31668022771,0.017574558032842136,96792.40401785714,99322.58723958333,1042.787990355179,96635.609375,95539.546875,95773.3828125,51.117584948516885,-827.8794188959437,-888.3520967609671,96125.546875
2025-02-21,96125.546875,99497.96875,94852.9609375,98340.671875,49608706470,-0.02245807176184722,96594.77232142857,99071.66979166666,1015.0752171283874,98333.9375,96635.609375,95539.546875,44.908926629724185,-845.3233802426548,-879.7463534573047,96577.7578125
2025-02-22,96577.7578125,96950.15625,95765.34375,96134.203125,18353824477,0.0047043783073406065,96451.54464285714,98825.58932291667,919.02031681292,96125.546875,98333.9375,96635.609375,46.346001439266836,-813.283179671067,-866.4537187000573,96273.921875
2025-02-23,96273.921875,96671.875,95270.453125,96577.8046875,16999478976,-0.0031460239332733453,96465.671875,98540.73723958334,914.8117471831105,96577.7578125,96125.546875,98333.9375,45.48743801887114,-803.149898685675,-853.7929546971809,91418.171875
2025-02-24,91418.171875,96503.453125,91371.7421875,96277.9609375,44046480529,-0.05043681513571874,95843.49888392857,98097.52135416666,2133.4471591345405,96273.921875,96577.7578125,96125.546875,34.49069804479862,-1173.4112893816055,-917.7166216340659,88736.171875
2025-02-25,88736.171875,92511.078125,86008.234375,91437.1171875,92139104128,-0.029337712021491935,94871.58816964286,97632.64375,3442.8432536985006,91418.171875,96273.921875,96577.7578125,30.15447695812159,-1664.0786320706538,-1066.9890237213835,84347.0234375
2025-02-26,84347.0234375,89286.25,82131.8984375,88638.890625,64597492134,-0.04946290046952739,93116.07589285714,97041.28828125,5118.608966762326,88736.171875,91418.171875,96273.921875,24.684969627940703,-2379.6722530427505,-1329.525669585657,84704.2265625
2025-02-27,84704.2265625,87000.78125,83144.9609375,84076.859375,52659591954,0.004234922709094535,91168.97433035714,96487.01328125,5388.191478752698,84347.0234375,88736.171875,91418.171875,25.863519695164428,-2884.70891758737,-1640.5623191859995,84373.0078125
2025-02-28,84373.0078125,85036.3203125,78248.9140625,84705.625,83610570576,-0.003910297790814532,89490.04017857143,95842.67317708333,5417.278757050084,84704.2265625,84347.0234375,88736.171875,25.46559169398178,-3273.940746873486,-1967.238004723497,86031.9140625
2025-03-01,86031.9140625,86522.3046875,83794.234375,84373.8671875,29190628396,0.019661575342751147,87983.49107142857,95219.22682291667,4507.7067022348165,84373.0078125,84704.2265625,84347.0234375,31.17698637114792,-3409.250191506464,-2255.6404420800905,94248.3515625
2025-03-02,94248.3515625,95043.4375,85040.2109375,86036.2578125,58398341092,0.09550452979612856,87694.12388392857,94947.33776041666,3912.53580941239,86031.9140625,84373.0078125,84704.2265625,51.14519300793623,-2820.967702925409,-2368.705894249154,86065.671875
2025-03-03,86065.671875,94429.75,85081.3046875,94248.421875,70072228536,-0.08682040111941614,86929.48102678571,94460.99661458333,3571.6053900248457,94248.3515625,86031.9140625,84373.0078125,39.00720108746511,-2980.664215969591,-2491.0975585932415,87222.1953125
2025-03-04,87222.1953125,88911.2734375,81529.2421875,86064.0703125,68095241474,0.013437685575495406,86713.19866071429,94112.10390625,3488.84636547318,86065.671875,94248.3515625,86031.9140625,41.13363935757121,-2979.5566033578216,-2588.789367546158,90623.5625
2025-03-05,90623.5625,90998.2421875,86379.7734375,87222.953125,50498988027,0.03899657851208138,87609.84709821429,93752.70859375,3584.6107412241226,87222.1953125,86065.671875,94248.3515625,46.98742577820484,-2673.399620076714,-2605.711418052269,89961.7265625
2025-03-06,89961.7265625,92804.9375,87852.140625,90622.359375,47749810486,-0.007303133084179958,88360.91852678571,93489.03880208333,3421.4166967755614,90623.5625,87222.1953125,86065.671875,46.028298769874525,-2455.862974399759,-2575.741729321767,86742.671875
2025-03-07,86742.671875,91191.046875,84717.6796875,89963.28125,65945677657,-0.0357824911826653,88699.44196428571,93159.94635416666,3059.1299638565915,89961.7265625,90623.5625,87222.1953125,41.58233394431839,-2514.2319253719616,-2563.439768531806,86154.59375
2025-03-08,86154.59375,86847.265625,85247.484375,86742.65625,18206118081,-0.006779571257010009,88716.96763392857,92811.98958333333,3041.60193806554,86742.671875,89961.7265625,90623.5625,40.80686276794099,-2578.2225843915076,-2566.3963317037465,80601.0390625
2025-03-09,80601.0390625,86471.1328125,80052.484375,86154.3046875,30899345977,-0.0644603432710168,86767.3515625,92281.0546875,3270.400656579274,86154.59375,86742.671875,89961.7265625,34.301259483034514,-3041.994869698654,-2661.516039302728,78532.0
2025-03-10,78532.0,83955.9296875,77420.59375,80597.1484375,54061099422,-0.02567012890361897,85691.11272321429,91682.70625,4534.93391034413,80601.0390625,86154.59375,86742.671875,32.23911183095181,-3535.7341652276373,-2836.35966448771,82862.2109375
2025-03-11,82862.2109375,83577.7578125,76624.25,78523.875,54702837196,0.05513944554449135,85068.2578125,91228.11015625,4588.692391203453,78532.0,80601.0390625,86154.59375,40.324990723590936,-3536.8437474486127,-2976.4564810798906,83722.359375
2025-03-12,83722.359375,84358.578125,80635.25,82857.375,40353484454,0.010380466895202334,84082.37165178571,90770.93697916667,3883.358060287916,82862.2109375,78532.0,80601.0390625,41.810388053742756,-3428.7913368245936,-3066.9234522288316,81066.703125
2025-03-13,81066.703125,84301.6953125,79931.8515625,83724.921875,31412940153,-0.0317197970748182,82811.65401785714,90281.57942708333,2991.855564346952,83722.359375,82862.2109375,78532.0,38.61455342708287,-3516.907566827722,-3156.9202751486096,83969.1015625
2025-03-14,83969.1015625,85263.2890625,80797.5625,81066.9921875,29588112414,0.03580259620308812,82415.4296875,89817.6875,2532.950377627416,81066.703125,83722.359375,82862.2109375,43.68122929920016,-3314.3354207694647,-3188.4033042727806,84343.109375
2025-03-15,84343.109375,84672.671875,83639.59375,83968.40625,13650491277,0.004454112352525463,82156.64620535714,89408.32890625,2151.001493492254,83969.1015625,81066.703125,83722.359375,44.319012328166274,-3088.0194646466553,-3168.3265363475557,82579.6875
2025-03-16,82579.6875,85051.6015625,82017.90625,84333.3203125,21330270174,-0.020907717157540473,82439.31026785714,88910.68619791667,2039.6324055450887,84343.109375,83969.1015625,81066.703125,41.90916760381456,-3016.187119084396,-3137.898652894924,84075.6875
2025-03-17,84075.6875,84725.328125,82492.15625,82576.3359375,25092785558,0.018115835083536647,83231.265625,88460.53072916667,1153.321724492785,82579.6875,84343.109375,83969.1015625,44.6583957666788,-2806.1966817454813,-3071.5582586650357,82718.5
2025-03-18,82718.5,84075.71875,81179.9921875,84075.71875,24095774594,-0.016142449028442418,83210.73549107143,88011.9796875,1162.23081615659,84075.6875,82579.6875,84343.109375,42.684751476236556,-2717.960479479996,-3000.8387028280276,86854.2265625
2025-03-19,86854.2265625,87021.1875,82569.7265625,82718.8046875,34931960257,0.049997601050550955,83658.14508928571,87714.67447916667,1812.7660066455776,82718.5,84075.6875,82579.6875,49.944392564271965,-2287.9401339217875,-2858.25898904678,84167.1953125
2025-03-20,84167.1953125,87443.265625,83647.1953125,86872.953125,29028988961,-0.030937253791171848,84101.07254464286,87335.59609375,1407.5386986763276,86854.2265625,82718.5,84075.6875,45.878466762175755,-2139.3062861605576,-2714.468448469536,84043.2421875
2025-03-21,84043.2421875,84782.2734375,83171.0703125,84164.5390625,19030452299,-0.0014727011460912154,84111.6640625,86915.85052083334,1406.6588000148088,84167.1953125,86854.2265625,82718.5,45.69366837127341,-2008.3637055936706,-2573.2474998943626,83832.484375
2025-03-22,83832.484375,84513.875,83674.78125,84046.2578125,9863214091,-0.0025077306278807887,84038.71763392857,86432.46875,1405.8959167911153,84043.2421875,84167.1953125,86854.2265625,45.35911550696,-1899.6986180487293,-2438.5377235252363,86054.375
2025-03-23,86054.375,86094.78125,83794.9140625,83831.8984375,12594615537,0.026503933905394295,84535.1015625,86096.76302083333,1418.2493097112529,83832.484375,84043.2421875,84167.1953125,49.552565690638666,-1615.6683301653975,-2273.9638448532687,87498.9140625
2025-03-24,87498.9140625,88758.7265625,85541.1953125,86070.9296875,34582604933,0.016786352378946434,85024.13392857143,85794.13489583334,1777.9970611081342,86054.375,83832.484375,84043.2421875,52.12505372925965,-1259.4914178047911,-2071.0693594435734,87471.703125
2025-03-25,87471.703125,88542.3984375,86346.078125,87512.8203125,30005840049,-0.0003109860024155253,85703.16294642857,85500.72760416666,1654.0216446053566,87498.9140625,86054.375,83832.484375,52.07118823284292,-968.2529268635117,-1850.5060729275613,86900.8828125
2025-03-26,86900.8828125,88292.15625,85861.453125,87460.234375,26704046038,-0.00652577110204744,85709.828125,85350.15130208334,1659.518005428035,87471.703125,87498.9140625,86054.375,50.88328813891926,-774.5759241104824,-1635.3200431641455,87177.1015625
2025-03-27,87177.1015625,87786.7265625,85837.9375,86896.2578125,24413471941,0.003178549412391707,86139.81473214286,85298.18229166667,1581.294618973933,86900.8828125,87471.703125,87498.9140625,51.460343587980816,-591.9730624195363,-1426.6506470152237,84353.1484375
2025-03-28,84353.1484375,87489.859375,83557.640625,87185.234375,34198619509,-0.032393289916566204,86184.08705357143,85298.38645833333,1515.7943888890645,87177.1015625,86900.8828125,87471.703125,45.56620753326485,-667.434624485948,-1274.8074425093685,82597.5859375
2025-03-29,82597.5859375,84567.3359375,81634.140625,84352.0703125,16969396135,-0.020812056603918605,86007.67299107143,85228.16510416666,1866.4090934156675,84353.1484375,87177.1015625,86900.8828125,42.3209693534726,-858.9957101563778,-1191.6450960387704,82334.5234375
2025-03-30,82334.5234375,83505.0,81573.25,82596.984375,14763760943,-0.0031848691098436133,85476.265625,85160.215625,2324.291557592212,82597.5859375,84353.1484375,87177.1015625,41.84010368017416,-1020.2750996684626,-1157.371096764709,82548.9140625
2025-03-31,82548.9140625,83870.125,81293.890625,82336.0625,29004228247,0.0026038970780313253,84769.12276785714,85044.115625,2359.0927208730914,82334.5234375,82597.5859375,84353.1484375,42.414370623779284,-1117.9041430221696,-1149.477706016201,85169.171875
2025-04-01,85169.171875,85487.3671875,82429.359375,82551.921875,28175650319,0.0317418810684309,84440.18973214286,84741.47630208333,2061.1740546542824,82548.9140625,82334.5234375,82597.5859375,49.037508064666746,-972.6310706580116,-1114.1083789445631,82485.7109375
2025-04-02,82485.7109375,88466.953125,82343.5390625,85180.609375,47584398470,-0.031507420800550134,83809.45089285714,84622.14427083333,1847.1052776703332,85169.171875,82548.9140625,82334.5234375,43.517389324032614,-1061.7942816757422,-1103.645559490799,83102.828125
2025-04-03,83102.828125,83909.296875,81282.1015625,82487.4765625,36852112080,0.007481504135517403,83227.41183035714,84484.83203125,1099.8216410068294,82485.7109375,85169.171875,82548.9140625,45.049357863992554,-1070.3225570408977,-1096.980959000819,83843.8046875
2025-04-04,83843.8046875,84696.1484375,81670.75,83100.25,45157640207,0.008916382019940938,83154.6484375,84258.84010416667,1027.3948866312533,83102.828125,82485.7109375,85169.171875,46.911268967470555,-1005.6976047538919,-1078.7242881514337,83504.796875
2025-04-05,83504.796875,84207.015625,82377.734375,83844.703125,14380803631,-0.004043325726492686,83284.25,84043.60911458333,1002.3265321920471,83843.8046875,83102.828125,82485.7109375,46.14096390550113,-970.647936526133,-1057.1090178263737,78214.484375
2025-04-06,78214.484375,83704.71875,77097.7421875,83504.5078125,36294853736,-0.06335339642726368,82695.67299107143,83759.33619791667,2175.7578581440825,83504.796875,83843.8046875,83102.828125,36.161840370855,-1354.1450860738842,-1116.5162314758759,79235.3359375
2025-04-07,79235.3359375,81119.0625,74436.6796875,78221.3359375,91262424987,0.013051950296130821,82222.3046875,83528.69427083334,2542.550721522087,78214.484375,83504.796875,83843.8046875,38.90757798802386,-1557.7385106645816,-1204.7606873136172,76271.953125
2025-04-08,76271.953125,80823.890625,76198.0234375,79218.4765625,48314590749,-0.03739976334343409,80951.2734375,83384.39140625,3005.589222773658,79235.3359375,78214.484375,83504.796875,34.29616443858035,-1935.8922328007175,-1350.9869964110374,82573.953125
2025-04-09,82573.953125,83541.0,74589.671875,76273.5625,84213627038,0.0826253916648998,80963.87946428571,83519.12317708334,3013.272805432619,76271.953125,79235.3359375,78214.484375,48.323324832110934,-1707.3814198555192,-1422.2658810999337,79626.140625
2025-04-10,79626.140625,82700.9296875,78456.1328125,82565.9765625,44718000633,-0.0356990599146636,80467.20982142857,83411.25416666667,2885.7857592508185,82573.953125,76271.953125,79235.3359375,43.63107532481379,-1744.044527435719,-1486.6216103670909,83404.8359375
2025-04-11,83404.8359375,84247.4765625,78936.3203125,79625.046875,41656778779,0.04745546227457886,80404.5,83400.67005208334,2803.7856357101837,79626.140625,82573.953125,76271.953125,50.29393105412867,-1451.4596491588163,-1479.589218125436,85287.109375
2025-04-12,85287.109375,85856.1875,82769.375,83404.515625,24258059104,0.022567917271733462,80659.11607142857,83541.35026041667,3186.9920911674726,83404.8359375,79626.140625,82573.953125,53.25777647633001,-1055.5327649058745,-1394.7779274815236,83684.9765625
2025-04-13,83684.9765625,86015.1875,83027.0078125,85279.46875,28796984817,-0.01878516957885823,81440.61495535714,83531.87942708333,3158.215096542087,85287.109375,83404.8359375,79626.140625,50.49771748269728,-861.110242173163,-1288.0443904198517,84542.390625
2025-04-14,84542.390625,85785.0,83690.640625,83694.5234375,34090769777,0.010245734631468162,82198.765625,83538.52213541667,3177.5290522980135,83684.9765625,85287.109375,83404.8359375,51.93339067856847,-630.5739787253406,-1156.5503080809494,83668.9921875
2025-04-15,83668.9921875,86429.3515625,83598.8203125,84539.6953125,28040322885,-0.01033089354397465,83255.48549107143,83574.83229166667,1816.4987786335735,84542.390625,83684.9765625,85287.109375,50.33205806587892,-512.4411806824501,-1027.7284826012497,84033.8671875
2025-04-16,84033.8671875,85428.28125,83100.6171875,83674.5078125,29617804112,0.004360934564412222,83464.04464285714,83573.43828125,1809.0015725735295,83668.9921875,84542.390625,83684.9765625,51.01164359093527,-384.94037103992014,-899.1708602889838,84895.75
2025-04-17,84895.75,85449.0703125,83749.75,84030.671875,21276866029,0.01025637449930672,84216.84598214286,83646.01328125,705.7176160733301,84033.8671875,83668.9921875,84542.390625,52.65939083085816,-211.90560498337436,-761.717809227862,84450.8046875
2025-04-18,84450.8046875,85095.046875,84298.8828125,84900.1875,12728372364,-0.005241078764249063,84366.27008928571,83565.89921875,609.276557137097,84895.75,84033.8671875,83668.9921875,51.69273836732125,-109.41639035235858,-631.2575254527613,85063.4140625
2025-04-19,85063.4140625,85597.703125,84353.4609375,84450.8671875,15259300427,0.007254038339443714,84334.31361607143,83595.77317708333,556.5105201870389,84450.8046875,84895.75,84033.8671875,52.97272671443837,20.997461741499137,-500.80652801390926,85174.3046875
2025-04-20,85174.3046875,85306.3828125,83976.84375,85066.0703125,14664050812,0.0013036230231544543,84547.07477678571,83633.47526041667,551.5582418404758,85063.4140625,84450.8046875,84895.75,53.21438506911518,131.78024515700235,-374.28917337972695,87518.90625
2025-04-21,87518.90625,88460.09375,85143.8359375,85171.5390625,41396190190,0.027527099529631727,84972.29129464286,83756.35598958333,1251.0925704727654,85174.3046875,85063.4140625,84450.8046875,58.11519051890764,404.10784689101274,-218.60976932557904,93441.890625
2025-04-22,93441.890625,93817.3828125,87084.53125,87521.875,55899038456,0.06767662701452015,86368.41964285714,84002.60651041666,3311.160406379451,87518.90625,85174.3046875,85063.4140625,67.4042595715723,1085.3534924445412,42.18288302844502,93699.109375
2025-04-23,93699.109375,94535.734375,91962.9609375,93427.5859375,41719568821,0.0027527134594511615,87749.16852678571,84209.2796875,4097.281697245405,93441.890625,87518.90625,85174.3046875,67.73887188351094,1627.2431322093325,359.1949328646225,93943.796875
2025-04-24,93943.796875,94016.1953125,91696.7109375,93692.3984375,31483175315,0.0026114175645013393,89041.74665178571,84425.01614583333,4458.370768535526,93699.109375,93441.890625,87518.90625,68.07461801084175,2052.7756917719526,697.9110846460885,94720.5
2025-04-25,94720.5,95768.390625,92898.59375,93954.25,40915232364,0.008267742531563593,90508.84598214286,84685.67005208334,4384.960049473469,93943.796875,93699.109375,93441.890625,69.17138270273747,2424.7359157395695,1043.2760508647848,94646.9296875
2025-04-26,94646.9296875,95251.359375,93927.25,94714.6484375,17612825123,-0.0007767095032226168,91877.91964285714,84934.66432291667,3866.9048120928,94720.5,93943.796875,93699.109375,68.92982728618372,2682.6565686687245,1371.152154425573,93754.84375
2025-04-27,93754.84375,95301.203125,93665.3984375,94660.90625,18090367764,-0.00942540809771053,93103.7109375,85248.05416666667,2509.4540409835413,94646.9296875,94720.5,93943.796875,65.92361190001287,2782.9960188990517,1653.5209273202686,94978.75
2025-04-28,94978.75,95598.4921875,92860.8046875,93755.3046875,32363449569,0.013054325526514532,94169.40290178571,85660.75963541666,599.9986183360281,93754.84375,94646.9296875,94720.5,67.98648452689889,2927.5280409439,1908.322350044995,94284.7890625
2025-04-29,94284.7890625,95485.4140625,93796.6328125,94981.859375,25806129921,-0.007306486319308303,94289.81696428571,86059.10182291667,507.03929501030416,94978.75,93754.84375,94646.9296875,65.56295167788002,2952.044529971128,2117.0667860302215,94207.3125
2025-04-30,94207.3125,95249.3203125,92979.640625,94286.46875,28344679831,-0.0008217291810309613,94362.41741071429,86447.71510416667,440.3613737495162,94284.7890625,94978.75,93754.84375,65.28315185110043,2931.4306057905196,2279.9395499822813,96492.3359375
2025-05-01,96492.3359375,97437.9609375,94153.6328125,94212.859375,32875889623,0.02425526614507767,94726.49441964286,86825.15390625,875.3051025932563,94207.3125,94284.7890625,94978.75,69.42723668001445,3064.154550739724,2436.7825501337697,96910.0703125
2025-05-02,96910.0703125,97905.8984375,96375.9453125,96494.96875,26421924677,0.0043291974532626565,95039.29017857143,87305.96588541666,1202.7768963894487,96492.3359375,94207.3125,94284.7890625,70.12922372101409,3166.5449472014734,2582.7350295473107,95891.796875
2025-05-03,95891.796875,96943.8828125,95821.2890625,96904.6328125,15775154889,-0.010507405827035687,95217.12834821429,87732.26484375,1226.8842369567724,96910.0703125,96492.3359375,94207.3125,66.14243289707062,3129.449571099409,2692.077937857731,94315.9765625
2025-05-04,94315.9765625,96318.921875,94173.4296875,95877.1875,18198688416,-0.016433317174712747,95297.29017857143,88081.33723958333,1129.917876570094,95891.796875,96910.0703125,96492.3359375,60.418177505568295,2939.0165355937934,2741.4656574049436,94748.0546875
2025-05-05,94748.0546875,95193.1875,93566.265625,94319.5625,25816260327,0.0045811763897039,95264.33370535714,88456.1125,1144.0334582925625,94315.9765625,95891.796875,96910.0703125,61.40449299962171,2790.791568623943,2751.3308396487437,96802.4765625
2025-05-06,96802.4765625,96889.1796875,93399.859375,94748.3828125,26551275827,0.02168299794413664,95624.00334821429,89075.71223958333,1179.9516444778806,94748.0546875,94315.9765625,95891.796875,65.77182178034639,2806.7425096746592,2762.413173653927,97032.3203125
2025-05-07,97032.3203125,97625.8046875,95829.3359375,96800.1953125,76983822462,0.0023743581586117557,96027.57589285714,89668.94505208333,1094.6813402988844,96802.4765625,94748.0546875,94315.9765625,66.23219465241735,2805.5891300457297,2771.0483649322878,103241.4609375
2025-05-08,103241.4609375,103969.5390625,96913.875,97034.25,69895404397,0.06399043746457878,96991.73660714286,90567.92864583334,2958.233081255747,97032.3203125,96802.4765625,94748.0546875,75.72930734090447,3268.0290205923375,2870.4444960642977,102970.8515625
2025-05-09,102970.8515625,104297.4921875,102343.09375,103239.125,58198593958,-0.002621130818400763,97857.5625,91247.82526041666,3719.373215716117,103241.4609375,97032.3203125,96802.4765625,74.74267932513911,3571.5099075380567,3010.6575783590497,104696.328125
2025-05-10,104696.328125,104961.765625,102830.484375,102973.7109375,42276713994,0.016756941758927724,99115.35267857143,92083.49817708334,4374.788576887573,102970.8515625,103241.4609375,97032.3203125,76.81671114393669,3906.2237195891066,3189.7708066050614,104106.359375
2025-05-11,104106.359375,104937.9921875,103364.7421875,104701.0703125,46285517406,-0.005635047193781384,100513.97879464286,92773.54895833334,4143.583437219071,104696.328125,102970.8515625,103241.4609375,74.56220458088298,4076.885481514124,3367.1937415868742,102812.953125
2025-05-12,102812.953125,105747.453125,100814.40625,104106.9609375,63250475404,-0.01242389281274392,101666.10714285714,93357.74375,3310.672294619741,104106.359375,104696.328125,102970.8515625,69.7304081112376,4060.956899187411,3505.946373106982,104169.8125
2025-05-13,104169.8125,104997.421875,101515.09375,102812.4921875,52608876410,0.013197358248725033,102718.58370535714,94040.57161458333,2602.0183174187528,102812.953125,104106.359375,104696.328125,71.79529391320833,4110.438023869487,3626.844703259483,103539.4140625
2025-05-14,103539.4140625,104303.5625,102618.296875,104167.328125,45956071155,-0.006051642240404331,103648.16852678571,94673.80572916666,696.9303487132343,104169.8125,102812.953125,104106.359375,69.42569585325387,4052.0744937899726,3711.8906613655813,103744.640625
2025-05-15,103744.640625,104153.6171875,101440.8125,103538.828125,50408241840,0.00198211052629782,103720.05133928571,95342.99401041666,673.5474862208229,103539.4140625,104169.8125,102812.953125,69.77543312679478,3976.5419439409015,3764.8209178806455,103489.2890625
2025-05-16,103489.2890625,104533.484375,103137.4765625,103735.65625,44386499364,-0.0024613470244020386,103794.11383928571,95991.50807291667,602.1560488049438,103744.640625,103539.4140625,104169.8125,68.72208650312194,3851.677377746426,3782.1922098538016,103191.0859375
2025-05-17,103191.0859375,103716.9453125,102659.1796875,103489.2890625,37898552742,-0.0028814878109744146,103579.07924107143,96601.35260416666,483.3087913288931,103489.2890625,103744.640625,103539.4140625,67.44165792528281,3686.166971152503,3762.9871621135417,106446.0078125
2025-05-18,106446.0078125,106597.171875,103142.6015625,103186.953125,49887082058,0.03154266519659865,103913.31473214286,97334.52604166667,1194.4863523882575,103191.0859375,103489.2890625,103744.640625,73.2912507243949,3774.137862326461,3765.2173021561257,105606.1796875
2025-05-19,105606.1796875,107068.71875,102112.6875,106430.53125,61761126647,-0.007889709931436006,104312.34709821429,98019.28489583333,1231.6110156109855,106446.0078125,103191.0859375,103489.2890625,69.80633164214616,3733.0559709405206,3758.785035913005,106791.0859375
2025-05-20,106791.0859375,107307.1171875,104206.515625,105605.40625,36515726122,0.011220046530480143,104686.81473214286,98739.84427083333,1540.748855931295,105606.1796875,106446.0078125,103191.0859375,71.84074843533664,3752.849791410903,3757.597987012585,109678.078125
2025-05-21,109678.078125,110724.4609375,106127.234375,106791.3125,78086364051,0.027034018449719976,105563.76674107143,99478.48333333334,2325.8084759482044,106791.0859375,105606.1796875,106446.0078125,76.07123763045128,3955.891622504103,3797.2567141108884,111673.28125
2025-05-22,111673.28125,111970.171875,109285.0703125,109673.4921875,70157575642,0.018191448638679386,106696.4296875,100086.19635416666,3095.501592577713,109678.078125,106791.0859375,105606.1796875,78.47772631205281,4229.050097035768,3883.6153906958643,107287.796875
2025-05-23,107287.796875,111798.90625,106841.3046875,111679.359375,67548133399,-0.03927066820202352,107239.07366071429,100539.15260416667,2753.649319484166,111673.28125,109678.078125,106791.0859375,63.387876292696234,4045.029634380684,3915.8982394328286,107791.15625
2025-05-24,107791.15625,109454.5234375,106895.2890625,107278.5078125,45903627163,0.004691674073487251,107896.2265625,101000.73125,2097.2660168258726,107287.796875,111673.28125,109678.078125,64.23785366497111,3894.9108786323195,3911.7007672727273,109035.390625
2025-05-25,109035.390625,109313.3046875,106683.375,107802.2734375,47518041841,0.011543009819045436,108266.13839285714,101477.89427083333,2025.992163310336,107791.15625,107287.796875,111673.28125,66.31933182826143,3832.1651839162805,3895.7936506014385,109440.3671875
2025-05-26,109440.3671875,110376.8828125,108735.640625,109023.78125,45950461571,0.003714175371671846,108813.87946428571,101971.00885416666,1674.8709628617896,109035.390625,107791.15625,107287.796875,66.99272746748701,3771.639876131172,3870.9628957073855,108994.640625
2025-05-27,108994.640625,110744.2109375,107609.5546875,109440.40625,57450176272,-0.004072780217708405,109128.67299107143,102479.00208333334,1418.8300724598935,109440.3671875,109035.390625,107791.15625,65.44188142064328,3645.681577283787,3825.906632022666,107802.328125
2025-05-28,107802.328125,109298.2890625,106812.9296875,108992.171875,49155377493,-0.010939184653144474,108860.70870535714,102906.4546875,1473.8375838117984,108994.640625,109440.3671875,109035.390625,61.35054036074873,3410.3368237448594,3742.792670367105,105641.7578125
2025-05-29,105641.7578125,108910.046875,105374.3984375,107795.5703125,56022752042,-0.020041963379443528,107999.0625,103285.0203125,1309.4034640526256,107802.328125,108994.640625,109440.3671875,54.679447087744336,3014.7324839494395,3597.180633083572,103998.5703125
2025-05-30,103998.5703125,106308.9453125,103685.7890625,105646.2109375,57655287183,-0.015554336978341854,107529.17299107143,103611.39557291666,2009.962291883906,105641.7578125,107802.328125,108994.640625,50.207935257907884,2539.3496538083273,3385.6144372285235,104638.09375
2025-05-31,104638.09375,104927.1015625,103136.1171875,103994.71875,38997843858,0.006149348357177731,107078.73549107143,103882.92083333334,2277.0279184762603,103998.5703125,105641.7578125,107802.328125,51.858027330385056,2188.976375591694,3146.2868249011576,105652.1015625
2025-06-01,105652.1015625,105884.546875,103826.953125,104637.296875,37397056873,0.009690618169351017,106595.40848214286,104174.321875,2147.893810194239,104638.09375,103998.5703125,105641.7578125,54.43634326481055,1970.411309318355,2911.1117217845976,105881.53125
2025-06-02,105881.53125,105958.3125,103727.546875,105649.8125,45819706290,0.0021715582000447764,106087.00334821429,104507.31302083333,1745.8134267046535,105652.1015625,104638.09375,103998.5703125,55.023282314833885,1795.018126376919,2687.893002703062,105432.46875
2025-06-03,105432.46875,106813.578125,104920.84375,105888.4765625,46196508367,-0.004241178746647534,105578.12165178571,104877.86276041667,1186.6285620304056,105881.53125,105652.1015625,104638.09375,53.56873555114454,1601.3231183586904,2470.579025834188,104731.984375
2025-06-04,104731.984375,105997.6953125,104232.703125,105434.3671875,44544857105,-0.0066439151364365845,105139.50111607143,105210.66041666667,691.696236385991,105432.46875,105881.53125,105652.1015625,51.291023067148146,1375.4399782491382,2251.551216317178,101575.953125
2025-06-05,101575.953125,105936.6875,100436.8828125,104750.78125,57479298400,-0.030134359325224014,104558.671875,105369.77630208334,1469.4520716443246,104731.984375,105432.46875,105881.53125,42.519028306325495,931.0283017730108,1987.4466334083445,104390.34375
2025-06-06,104390.34375,105376.7734375,101169.5703125,101574.3671875,48856653697,0.027707252931573167,104614.63950892857,105615.04375,1451.9200110070929,101575.953125,104731.984375,105432.46875,50.627995217722706,796.7422996703826,1749.3057666607522,105615.625
2025-06-07,105615.625,105972.7578125,103987.3125,104390.6484375,38365033776,0.011737496074678777,104754.28683035714,105694.18255208334,1500.7410692395354,104390.34375,101575.953125,104731.984375,53.69096858334799,780.1960182546754,1555.483816979537,105793.6484375
2025-06-08,105793.6484375,106497.0625,105075.328125,105617.5078125,36626232328,0.0016855786016509722,104774.5078125,105788.27578125,1515.7331329388355,105615.625,104390.34375,101575.953125,54.13617235308429,772.5425846013095,1398.8955705038916,110294.1015625
2025-06-09,110294.1015625,110561.421875,105400.234375,105793.0234375,55903193732,0.04253991795791734,105404.875,105974.86822916666,2589.8377142870327,105793.6484375,105615.625,104390.34375,63.65010442631504,1116.7529062734247,1342.4670376577983,110257.234375
2025-06-10,110257.234375,110380.125,108367.7109375,110295.6875,54700101509,-0.0003342625487465778,106094.12723214286,106179.89739583334,3174.4476141678633,110294.1015625,105793.6484375,105615.625,63.533835604134254,1370.7658566573082,1348.1268014577004,108686.625
2025-06-11,108686.625,110384.21875,108086.328125,110261.796875,50842662052,-0.014244955298426398,106659.07589285714,106375.68645833334,3242.7906839366074,110257.234375,110294.1015625,105793.6484375,58.62102082775562,1428.8668122953095,1364.2748036252221,105929.0546875
2025-06-12,105929.0546875,108780.6953125,105785.6875,108685.9140625,54843867968,-0.025371753999169577,107280.94754464286,106434.32786458333,2418.052658203088,108686.625,110257.234375,110294.1015625,51.14348163299932,1238.1270026123093,1339.0452434226397,106090.96875
2025-06-13,106090.96875,106182.546875,102822.0234375,105924.59375,69550440846,0.0015285141831733462,107523.89397321429,106519.3796875,2149.7740350660624,105929.0546875,108686.625,110257.234375,51.534395979144634,1087.4934928593866,1288.7348933099893,105472.40625
2025-06-14,105472.40625,106203.7578125,104379.3671875,106108.0859375,38007870453,-0.0058304915798971235,107503.43415178571,106576.971875,2171.5336970822295,106090.96875,105929.0546875,108686.625,49.892015245512646,907.7386804562993,1212.5356507392512,105552.0234375
2025-06-15,105552.0234375,106157.1015625,104519.8828125,105464.84375,36744307742,0.0007548627203146641,107468.91629464286,106645.7296875,2204.9054324091035,105472.40625,106090.96875,105929.0546875,50.112397798530544,762.9117662606295,1122.6108738435269,106796.7578125
2025-06-16,106796.7578125,108915.375,104997.625,105555.59375,50366626945,0.011792615001237072,106969.29575892857,106765.91875,1820.8252828799725,105552.0234375,105472.40625,106090.96875,53.55187913040736,740.044284867894,1046.0975560484003,104601.1171875
2025-06-17,104601.1171875,107750.1953125,103396.53125,106794.1171875,55964092176,-0.020559056941174436,106161.27901785714,106704.42239583333,1298.7122012982659,106796.7578125,105552.0234375,105472.40625,47.3504258892256,538.5437947753526,944.5868037937908,104883.328125
2025-06-18,104883.328125,105581.8515625,103602.265625,104602.0703125,47318089133,0.0026979724986506692,105617.95089285714,106680.32734375,742.6605646729455,104601.1171875,106796.7578125,105552.0234375,48.18105019034361,397.0483426256542,835.0791115601635,104684.2890625
2025-06-19,104684.2890625,105250.890625,103940.7734375,104886.7734375,37333806920,-0.0018977187896134229,105440.12723214286,106610.10078125,802.3775449850614,104883.328125,104601.1171875,106796.7578125,47.61054177719901,265.7875549855671,721.2208002452442,103309.6015625
2025-06-20,103309.6015625,106539.3828125,102372.2109375,104681.03125,50951862476,-0.013131746055793259,105042.7890625,106397.81822916666,1070.3005768187527,104684.2890625,104883.328125,104601.1171875,43.7568074729816,50.25730763238971,587.0281017226733,102257.40625
2025-06-21,102257.40625,104015.78125,100973.0625,103315.078125,38360555118,-0.010184874363913243,104583.50334821429,106083.95572916667,1470.2858487029448,103309.6015625,104684.2890625,104883.328125,41.01995795648134,-203.11396303043875,428.99968877205094,100987.140625
2025-06-22,100987.140625,103351.6328125,98286.203125,102212.03125,65536997201,-0.012422235919953284,103931.37723214286,105873.93385416667,1914.39099263595,102257.40625,103309.6015625,104684.2890625,37.93513797688296,-500.64125955510826,243.07149910661911,105577.7734375
2025-06-23,105577.7734375,106116.859375,99705.75,100987.4765625,65237759656,0.04545759771084712,103757.23660714286,105800.15442708334,1647.083135420129,100987.140625,102257.40625,103309.6015625,51.987557541286385,-361.8370508829248,122.08978910871033,106045.6328125
2025-06-24,106045.6328125,106316.828125,104740.2421875,105571.515625,48822986421,0.004431419225533917,103963.59598214286,105700.49583333333,1848.595437404174,105577.7734375,100987.140625,102257.40625,53.151753577816194,-211.64170020376332,55.343491246215606,107361.2578125
2025-06-25,107361.2578125,108168.3984375,105881.390625,106047.40625,51624120283,0.012406215749838134,104317.5859375,105631.1921875,2248.1424564350486,106045.6328125,105577.7734375,100987.140625,56.35649781105976,13.394733521534363,46.95373970127936,106960.0
2025-06-26,106960.0,108305.546875,106666.3515625,107375.0703125,43891990613,-0.003737454466123835,104642.6875,105563.37083333333,2464.1736525925876,107361.2578125,106045.6328125,105577.7734375,55.11807165079119,157.54351298129768,69.07169435728304,107088.4296875
2025-06-27,107088.4296875,107772.46875,106449.9921875,106954.921875,45353692675,0.0012007263229245613,105182.52008928571,105539.57421875,2536.3199358047154,106960.0,107361.2578125,106045.6328125,55.45547320465603,278.9303265126655,111.04342078835953,107327.703125
2025-06-28,107327.703125,107567.8828125,106883.9765625,107090.546875,30037708335,0.002234353778444831,105906.84821428571,105595.77239583334,2271.947532985648,107088.4296875,106960.0,107361.2578125,56.11735751783636,389.94260191173817,166.8232570130353,108385.5703125
2025-06-29,108385.5703125,108526.3046875,107230.109375,107327.8203125,35534874438,0.009856422495764683,106963.76674107143,105742.00572916666,921.1837154896243,107327.703125,107088.4296875,106960.0,59.016802788829146,556.8625066897948,244.8311069483872,107135.3359375
2025-06-30,107135.3359375,108798.7890625,106759.6484375,108383.4375,42064804590,-0.011535062936840146,107186.27566964286,105825.24713541666,689.6090214341642,108385.5703125,107327.703125,107088.4296875,54.43880382255737,581.5604020949395,312.1769659776977,105698.28125
2025-07-01,105698.28125,107550.6796875,105270.2265625,107144.3828125,44110692247,-0.013413452013053329,107136.65401785714,105826.78645833333,790.4838941766267,107135.3359375,108385.5703125,107327.703125,49.669486430480575,479.64629490984953,345.6708317641281,108859.3203125
2025-07-02,108859.3203125,109763.65625,105157.3984375,105703.1015625,56248657737,0.02990624847553991,107350.66294642857,105926.04609375,1028.4067182855256,105698.28125,107135.3359375,108385.5703125,58.319583015758006,646.4956655493588,405.83579852117424,109647.9765625
2025-07-03,109647.9765625,110541.4609375,108605.796875,108845.015625,50494742270,0.007244728772290987,107734.65959821429,106066.56302083333,1319.0009212838602,108859.3203125,105698.28125,107135.3359375,60.15933282858762,832.7633842492505,491.2213156667895,108034.3359375
2025-07-04,108034.3359375,109751.984375,107296.3828125,109635.65625,42616442656,-0.014716556343200904,107869.7890625,106176.64140625,1289.8936382563475,109647.9765625,108859.3203125,105698.28125,54.826913844090654,840.4859814158262,561.0742488165969,108231.1796875
2025-07-05,108231.1796875,108381.34375,107842.2734375,108015.8359375,30615537520,0.0018220480395592098,107998.85714285714,106398.48229166666,1271.6845535691716,108034.3359375,109647.9765625,108859.3203125,55.34687701937162,852.6608967866341,619.3915784106043,109232.0703125
2025-07-06,109232.0703125,109731.625,107847.015625,108231.1875,36746020463,0.009247710575546852,108119.78571428571,106559.87317708334,1352.2814816209593,108231.1796875,108034.3359375,109647.9765625,57.99445708382118,932.3258416294266,681.9784310543688,108299.8515625
2025-07-07,108299.8515625,109710.25,107527.0546875,109235.328125,45415696597,-0.008534295352390808,108286.14508928571,106649.34739583333,1280.7254121744943,109232.0703125,108231.1796875,108034.3359375,54.73901383508101,909.7515722996613,727.5330593034274,108950.2734375
2025-07-08,108950.2734375,109198.96875,107499.5546875,108298.2265625,44282204127,0.006005750382996888,108750.71540178571,106754.56822916666,588.0467206159353,108299.8515625,109232.0703125,108231.1796875,56.57077039590616,933.5831453626743,768.7430765152768,111326.5546875
2025-07-09,111326.5546875,111925.375,108357.6796875,108950.2734375,57927418065,0.021810695604753683,109103.17745535714,106788.98333333334,1142.2448787735937,108950.2734375,108299.8515625,109232.0703125,62.53621457662382,1131.1763790119148,841.2297370146044,115987.203125
2025-07-10,115987.203125,116608.78125,110660.75,111329.1953125,95911605728,0.041864660687494615,110008.78125,106979.98229166666,2862.997144647731,111326.5546875,108950.2734375,108299.8515625,70.96125044687386,1644.8846125944838,1001.9607121305804,117516.9921875
2025-07-11,117516.9921875,118856.4765625,115245.6875,115986.234375,86928361085,0.013189291760499877,111363.44642857143,107274.32786458333,3847.282349686879,115987.203125,111326.5546875,108950.2734375,73.09964574612299,2150.651904716535,1231.6989506477714,117435.2265625
2025-07-12,117435.2265625,118219.8984375,116977.0234375,117530.7109375,45524560304,-0.0006957770402219454,112678.31026785714,107657.86692708333,4158.582280773813,117516.9921875,115987.203125,111326.5546875,72.79110517027557,2515.8768625931552,1488.5345330368482,119116.1171875
2025-07-13,119116.1171875,119449.5703125,117265.4375,117432.203125,49021091807,0.014313342548076147,114090.31696428571,108092.03854166667,4460.479930179162,117435.2265625,117516.9921875,115987.203125,75.11632937497194,2907.438952239012,1772.3154168772812,119849.703125
2025-07-14,119849.703125,123091.609375,118959.1953125,119115.7890625,181746419401,0.006158578325259345,115740.29575892857,108571.28177083333,4081.6523709714847,119116.1171875,117435.2265625,117516.9921875,76.07719415468733,3239.6048356967076,2065.7733006411668,117777.1875
2025-07-15,117777.1875,119935.5625,115765.6875,119853.8515625,98321661181,-0.01729262210051885,117001.28348214286,108978.78723958334,2795.0316348064453,119849.703125,119116.1171875,117435.2265625,68.07899084711873,3297.601306090117,2312.138901730957,118738.5078125
2025-07-16,118738.5078125,120065.515625,117064.8203125,117777.1875,72162029070,0.00816219450392297,118060.13392857143,109376.84557291666,1280.6549524453967,117777.1875,119849.703125,119116.1171875,69.67171579464798,3382.1471547619876,2526.140552337163,119289.84375
2025-07-17,119289.84375,120999.609375,117508.21875,118738.5078125,72363841798,0.004643278306736054,118531.93973214286,109866.46979166666,957.2009330922068,118738.5078125,117777.1875,119849.703125,70.57841472946345,3453.8250066586043,2711.6774432014518,118003.2265625
2025-07-18,118003.2265625,120851.9140625,116925.984375,119284.109375,77945799785,-0.01078563897020779,118601.40178571429,110303.79973958334,886.2887055063223,119289.84375,118738.5078125,117777.1875,65.6461935533964,3367.98690977809,2842.9393365167793,117939.9765625
2025-07-19,117939.9765625,118541.3984375,117388.4140625,117998.125,47564562765,-0.0005360022928398989,118673.50892857143,110745.65598958333,791.0087032134609,118003.2265625,119289.84375,118738.5078125,65.40421757019652,3257.307638321523,2925.8129968777284,117300.7890625
2025-07-20,117300.7890625,118865.03125,116550.1328125,117944.109375,57515447231,-0.00541960002562214,118414.17633928571,111212.02890625,910.2978109875164,117939.9765625,118003.2265625,119289.84375,62.88167087528104,3082.48347819662,2957.147093141507,117439.5390625
2025-07-21,117439.5390625,119671.5625,116584.3984375,117306.46875,69820091744,0.0011828564931994912,118069.8671875,111718.1,710.7732588414417,117300.7890625,117939.9765625,118003.2265625,63.21334618767203,2921.4533415950864,2950.0083428322228,119995.4140625
2025-07-22,119995.4140625,120269.96875,116233.2265625,117426.5,79217583118,0.02176332622218302,118386.75669642857,112351.70911458334,995.852097048002,117439.5390625,117300.7890625,117939.9765625,68.75236871601888,2965.884677971728,2953.183609860124,118754.9609375
2025-07-23,118754.9609375,120113.3515625,117391.390625,119997.4453125,66608604537,-0.010337504434577038,118389.10714285714,112790.94869791667,996.839609170404,119995.4140625,117439.5390625,117300.7890625,63.7363894253211,2867.94277281985,2936.135442452069,118368.0
2025-07-24,118368.0,119535.453125,117247.96875,118770.984375,72627318560,-0.0032584822936673197,118257.41517857143,113201.69427083334,915.5922400552265,118754.9609375,119995.4140625,117439.5390625,62.211596500089755,2727.655874648757,2894.439528891407,117635.8828125
2025-07-25,117635.8828125,118486.9765625,114759.8203125,118368.0,104857024569,-0.006185093838706357,118204.9375,113544.18177083334,942.7148899669396,118368.0,118754.9609375,119995.4140625,59.32009508908985,2528.257579077137,2821.203138928553,117947.3671875
2025-07-26,117947.3671875,118335.6875,117181.2265625,117644.84375,48508954046,0.002647868724685587,118205.99330357143,113910.42734375,942.372763031742,117635.8828125,118368.0,118754.9609375,60.16833914359246,2368.069547457446,2730.576420634332,119448.4921875
2025-07-27,119448.4921875,119815.59375,117859.6875,117944.7265625,54683390892,0.012727075099638885,118512.80803571429,114322.42942708333,948.1438310822531,117947.3671875,117635.8828125,118368.0,64.05797311916353,2335.3274195792765,2651.526620423321,117924.4765625
2025-07-28,117924.4765625,119819.7890625,117441.4375,119457.5234375,64822943193,-0.012758768211219684,118582.08482142857,114675.65520833334,871.2532227347267,119448.4921875,117947.3671875,117635.8828125,57.878456487290876,2161.4874413889193,2553.518784616441,117922.1484375
2025-07-29,117922.1484375,119273.8671875,116987.3671875,117938.5859375,68463107433,-1.9742508661990676e-05,118285.90401785714,114993.54114583334,629.609412928476,117924.4765625,119448.4921875,117947.3671875,57.869272508047935,2000.4699733892048,2442.9090223709936,117831.1875
2025-07-30,117831.1875,118780.7265625,115800.828125,117921.9921875,68896148592,-0.0007713643170961237,118153.93638392857,115350.06953125,611.458992901796,117922.1484375,117924.4765625,119448.4921875,57.485472152926285,1844.2631647183152,2323.179850840458,115758.203125
2025-07-31,115758.203125,118919.984375,115505.21875,117833.6328125,69370346018,-0.017592832754910526,117781.10825892857,115685.40026041666,1077.3425283752479,117831.1875,117922.1484375,117924.4765625,49.43824629785521,1535.495393939491,2165.642959460265,113320.0859375
2025-08-01,113320.0859375,116060.7734375,112724.4453125,115738.953125,91294530181,-0.021062154747402473,117164.56584821429,115834.09244791667,2007.600535182998,115758.203125,117831.1875,117922.1484375,41.992575503217594,1081.5911210336926,1948.8325917749505,112526.9140625
2025-08-02,112526.9140625,114021.6015625,112005.765625,113320.390625,56870866000,-0.006999393518263508,116390.21540178571,115930.05703125,2610.2511151472004,113320.0859375,115758.203125,117831.1875,39.887926638577234,650.3693203692237,1689.1399374938053,114217.671875
2025-08-03,114217.671875,114747.421875,111943.8046875,112525.8046875,48099615826,0.015025363723748075,115642.95535714286,116136.16822916667,2321.586051325823,112526.9140625,113320.0859375,115758.203125,46.090491186510775,439.98113314925286,1439.308176624895,115071.8828125
2025-08-04,115071.8828125,115729.46875,114130.40625,114223.921875,35783028986,0.007478798363486527,115235.44196428571,116364.19166666667,2093.5171938434096,114217.671875,112526.9140625,113320.0859375,48.95613085174759,338.2752363740874,1219.1015885747333,114141.4453125
2025-08-05,114141.4453125,115117.4375,112701.109375,115072.1875,61039182286,-0.008085706753543476,114695.34151785714,116527.8375,1743.2423335453186,115071.8828125,114217.671875,112526.9140625,46.082699175440915,180.51320629240945,1011.3839121182685,115028.0
2025-08-06,115028.0,115737.8359375,113372.25,114140.9140625,56379133510,0.007767158415357134,114294.88616071429,116752.10911458333,1109.6503346666977,114141.4453125,115071.8828125,114217.671875,49.145549419911255,125.57565686896851,834.2222610684086,117496.8984375
2025-08-07,117496.8984375,117676.90625,114279.7109375,115030.0546875,64051649681,0.021463456180234486,114543.27120535714,117036.99661458333,1584.7009897380437,115028.0,114141.4453125,115071.8828125,56.548207567065916,278.05151878086326,722.9881126108996,116688.7265625
2025-08-08,116688.7265625,117689.203125,115917.4609375,117505.5,59713005166,-0.0068782400705657,115024.50558035714,117215.73567708333,1660.991379943523,117496.8984375,115028.0,114141.4453125,53.788075126445534,329.87443459467613,644.365377007655,116500.359375
2025-08-09,116500.359375,117906.609375,116363.8359375,116678.2734375,54004312429,-0.0016142706587778388,115592.140625,117232.84088541666,1306.2713099521193,116688.7265625,117496.8984375,115028.0,53.13705448451645,351.6907390403212,585.8304494141883,119306.7578125
2025-08-10,119306.7578125,119320.7109375,116485.1640625,116497.71875,64755458694,0.02408918266480664,116319.15290178571,117292.49973958333,1753.4469368451332,116500.359375,116688.7265625,117496.8984375,60.75770307519595,588.6476536169212,586.3938902547349,118731.4453125
2025-08-11,118731.4453125,122321.09375,118159.03125,119306.8125,90528784177,-0.004822128356753663,116841.94754464286,117335.70703125,1861.7970391959407,119306.7578125,116500.359375,116688.7265625,58.65205985576093,721.695547902098,613.4542217842076,120172.90625
2025-08-12,120172.90625,120302.46875,118228.71875,118717.6640625,72803657984,0.012140515376580119,117703.58482142857,117370.93333333333,1798.3034275261364,118731.4453125,119306.7578125,116500.359375,62.18793994845666,932.6992373232206,677.3032248920102,123344.0625
2025-08-13,123344.0625,123682.453125,118939.6328125,120168.9765625,90904808795,0.026388279596092357,118891.59375,117487.41197916666,2386.7707999848353,120172.90625,118731.4453125,119306.7578125,68.55811871864596,1340.356196415887,809.9138191967857,118359.578125
2025-08-14,118359.578125,124457.1171875,117254.8828125,123339.3984375,104055627395,-0.040411222672351976,119014.83370535714,117506.825,2324.2058899877115,123344.0625,120172.90625,118731.4453125,53.3454353460169,1246.8481521560898,897.3006857886465,117398.3515625
2025-08-15,117398.3515625,119332.3125,116864.5703125,118365.78125,68665353159,-0.008121240187970669,119116.20870535714,117462.153125,2218.929920707713,118359.578125,123344.0625,120172.90625,50.99543232563853,1082.6987261445029,934.3802938598178,117491.3515625
2025-08-16,117491.3515625,117996.0625,117271.953125,117398.421875,48036922378,0.0007921746665282559,119257.77901785714,117402.20338541667,2049.3534712182786,117398.3515625,118359.578125,123344.0625,51.21933574961082,949.1719823901803,937.3386315658904,117453.0625
2025-08-17,117453.0625,118595.7734375,117279.5234375,117492.7890625,45852169525,-0.00032588834829794244,118992.96540178571,117383.86458333333,2158.812054837485,117491.3515625,117398.3515625,118359.578125,51.11578442221984,830.6858393360453,916.0080731199215,116252.3125
2025-08-18,116252.3125,117614.171875,114723.6796875,117453.90625,72787808090,-0.01022323279139703,118638.80357142857,117327.60911458333,2398.8743292449376,117453.0625,117491.3515625,117398.3515625,47.84874182668093,632.6019854977931,859.3268555954959,112831.1796875
2025-08-19,112831.1796875,116764.5,112730.3984375,116241.859375,71657600353,-0.029428514056440758,117589.98549107143,117178.62213541666,3114.548572801765,116252.3125,117453.0625,117491.3515625,40.003599000956775,197.2880638524657,726.9190972468899,114274.7421875
2025-08-20,114274.7421875,114625.796875,112387.9609375,112828.0234375,67993811526,0.012794003430595335,116294.36830357143,117073.12890625,2013.8497765649117,112831.1796875,116252.3125,117453.0625,44.16364143162848,-30.862166084509226,575.3628445806102,112419.03125
2025-08-21,112419.03125,114802.6484375,111986.234375,114275.6875,57817883700,-0.01623902974513114,115445.71875,116820.5828125,2237.7536636189857,114274.7421875,112831.1796875,116252.3125,40.29561227283234,-357.29456157832465,388.83136334882323,116874.0859375
2025-08-22,116874.0859375,117377.3984375,111678.9453125,112433.734375,82528088240,0.03962900798880531,115370.82366071429,116757.88697916667,2169.2334189494286,112419.03125,114274.7421875,112831.1796875,51.318931026972535,-253.58572757399816,260.34794516425893,115374.328125
2025-08-23,115374.328125,116996.25,114536.109375,116866.3671875,55377142586,-0.012832252765613172,115068.39174107143,116658.09791666667,1961.9955824027604,116874.0859375,112419.03125,114274.7421875,48.09935874329173,-289.08130161536974,150.4620958083332,113458.4296875
2025-08-24,113458.4296875,115615.0859375,111060.546875,115387.390625,73961489632,-0.016605933647771742,114497.72991071429,116518.84947916666,1718.6379638767955,115374.328125,116874.0859375,112419.03125,44.277782934472576,-466.4320534812141,27.083265950423737,110124.3515625
2025-08-25,110124.3515625,113637.84375,109324.28125,113456.8984375,85706860190,-0.029385900493979156,113622.30691964286,116258.08229166667,2175.8377285618576,113458.4296875,115374.328125,116874.0859375,38.53932423593949,-866.0329539062368,-151.5399780209084,111802.65625
2025-08-26,111802.65625,112397.015625,108762.0390625,110124.1015625,69396320317,0.015240086898922645,113475.375,116003.22109375,2270.820052507579,110124.3515625,113458.4296875,115374.328125,42.57390485824914,-1035.3594056192233,-328.3038635405714,111222.0625
2025-08-27,111222.0625,112619.4140625,110398.265625,111795.7109375,62137056409,-0.005193022862549412,113039.27790178571,115779.80729166667,2382.1176445175242,111802.65625,110124.3515625,113458.4296875,41.5575685761362,-1202.5387833929854,-503.15084751105417,112544.8046875
2025-08-28,112544.8046875,113450.078125,110900.921875,111219.0546875,58860155962,0.01189280397942638,113057.24553571429,115600.5625,2377.1286893169413,111222.0625,111802.65625,110124.3515625,44.791194847740435,-1214.297736396431,-645.3802252881295,108410.8359375
2025-08-29,108410.8359375,112619.0546875,107559.625,112550.5234375,77843379644,-0.036731759955323295,111848.20982142857,115286.55078125,2261.744342544232,112544.8046875,111222.0625,111802.65625,37.759439457201196,-1539.4477253718505,-824.1937253048739,108808.0703125
2025-08-30,108808.0703125,108929.3515625,107444.4453125,108409.40625,51486264208,0.003664157476186425,110910.17299107143,115054.8796875,1886.0218761281967,108410.8359375,112544.8046875,111222.0625,38.754410054159166,-1744.9630916588794,-1008.3475985756751,108236.7109375
2025-08-31,108236.7109375,109491.0,108104.65625,108818.4609375,47986191770,-0.00525107534173741,110164.21316964286,114885.43385416667,1736.90653548659,108808.0703125,108410.8359375,112544.8046875,37.81796536925079,-1931.6723106397694,-1193.012540988494,109250.59375
2025-09-01,109250.59375,109890.5859375,107271.1796875,108228.75,66870372995,0.009367272930950854,110039.390625,114776.22317708333,1771.3042605550388,108236.7109375,108808.0703125,108410.8359375,40.56259607438632,-1975.0615619992896,-1349.4223451906532,111200.5859375
2025-09-02,111200.5859375,111748.015625,108454.03125,109243.0703125,74776999491,0.017848801737061493,109953.38058035714,114675.65364583333,1683.874376538201,109250.59375,108236.7109375,108808.0703125,45.54129740374894,-1830.993233298068,-1445.7365228121362,111723.2109375
2025-09-03,111723.2109375,112600.2265625,110582.9609375,111190.6953125,61119643565,0.004699840343410866,110024.97321428571,114564.03125,1755.9168848485583,111200.5859375,109250.59375,108236.7109375,46.82685223472848,-1655.562283651263,-1487.7016749799616,110723.6015625
2025-09-04,110723.6015625,112208.328125,109347.2265625,111718.1484375,60131132901,-0.008947195185422974,109764.80133928571,114450.103125,1423.8544941295308,111723.2109375,111200.5859375,109250.59375,44.65553426226276,-1578.9904950829514,-1505.9594390005595,110650.984375
2025-09-05,110650.984375,113357.4921875,110233.3984375,110723.015625,60241647677,-0.0006558419928113235,110084.82254464286,114304.20260416667,1316.52147615888,110723.6015625,111723.2109375,111200.5859375,44.494126308123604,-1506.7969834401883,-1506.1269478884856,110224.6953125
2025-09-06,110224.6953125,111275.015625,110024.0859375,110650.5703125,21500719036,-0.0038525555367432407,110287.19754464286,114061.79583333334,1190.3886919585757,110650.984375,110723.6015625,111723.2109375,43.50011909048473,-1467.0696048489335,-1498.3154792805751,111167.6171875
2025-09-07,111167.6171875,111591.078125,110211.625,110221.328125,24618007520,0.008554542812086785,110705.8984375,113877.75885416666,800.5853884667783,110224.6953125,110650.984375,110723.6015625,46.3549020875362,-1344.0065848147933,-1467.4537003874188,112071.4296875
2025-09-08,112071.4296875,112869.234375,110630.609375,111163.015625,40212813407,0.008130177859939192,111108.875,113730.12786458334,639.7466786623272,111167.6171875,110224.6953125,110650.984375,49.01417165900659,-1160.1743715707853,-1405.9978346240923,111530.546875
2025-09-09,111530.546875,113225.4375,110776.703125,112077.578125,45984480722,-0.004826232823193166,111156.01227678571,113470.92083333334,659.4818283099829,112071.4296875,111167.6171875,110224.6953125,47.496751834987045,-1046.0722707776586,-1334.0127218548057,113955.359375
2025-09-10,113955.359375,114275.25,110940.078125,111531.25,56377473784,0.02174124101370767,111474.890625,113311.71796875,1252.4871083882706,111530.546875,112071.4296875,111167.6171875,54.32381025010972,-751.3226502613543,-1217.4747075361154,115507.5390625
2025-09-11,115507.5390625,115522.546875,113453.8359375,113961.4296875,45685065332,0.013620945043858246,112158.31026785714,113156.20572916667,1907.9100715797565,113955.359375,111530.546875,112071.4296875,58.08134736096614,-388.0107770618488,-1051.581921441262,116101.578125
2025-09-12,116101.578125,116769.3828125,114794.484375,115507.7890625,54785725894,0.005142859655061782,112936.96651785714,112914.78958333333,2268.4031168667557,115507.5390625,113955.359375,111530.546875,59.45601446469234,-51.555215842148755,-851.5765803214393,115950.5078125
2025-09-13,115950.5078125,116334.6328125,115248.2734375,116093.5625,34549454947,-0.0013011908618274504,113754.93973214286,112834.48723958334,2156.9797940543685,116101.578125,115507.5390625,113955.359375,58.92677562358399,200.58589939656667,-641.1440843778382,115407.65625
2025-09-14,115407.65625,116181.5,115222.3984375,115950.2890625,32798036057,-0.004681752350561785,114360.65959821429,112768.13072916666,1887.8704509340714,115950.5078125,116101.578125,115507.5390625,56.96455745800561,352.54207986110123,-442.40685153005035,115444.875
2025-09-15,115444.875,116747.8828125,114461.0625,115399.6328125,52937859416,0.0003224981011604733,114842.58035714286,112699.91484375,1617.2788445007304,115407.65625,115950.5078125,116101.578125,57.070107834317575,470.54751093889354,-259.8159790362616,116843.1875
2025-09-16,116843.1875,117005.2734375,114813.09375,115423.7578125,45781744593,0.012112382641498831,115601.52901785714,112679.58567708333,884.532534848699,115444.875,115407.65625,115950.5078125,60.945630521468345,669.1858400062483,-74.01561522775961,116468.5078125
2025-09-17,116468.5078125,117328.609375,114794.9765625,116840.5078125,60528025996,-0.0032066883445814875,115960.55022321429,112686.7921875,552.8548614931046,116843.1875,115444.875,115407.65625,59.398293048130554,787.2991331216181,98.24733444211594,117137.203125
2025-09-18,117137.203125,117911.7890625,116188.796875,116461.265625,49457272032,0.005741425944741474,116193.359375,112830.32630208334,662.5434852046377,116468.5078125,116843.1875,115444.875,61.28736298771893,924.2091839029308,263.43970433427893,115688.859375
2025-09-19,115688.859375,117479.7578125,115141.8203125,117137.671875,38828473971,-0.012364506846338497,116134.39955357143,112877.46354166667,689.8726750967317,117137.203125,116468.5078125,116843.1875,55.28728291547853,905.4052016500791,391.832803797439,115721.9609375
2025-09-20,115721.9609375,116191.1484375,115473.5234375,115691.125,22864449614,0.0002861257573012477,116101.75,112987.56119791667,705.2627563804843,115688.859375,117137.203125,116468.5078125,55.39476435564326,882.9953094103694,490.06530492002514,115306.09375
2025-09-21,115306.09375,115901.0859375,115252.578125,115730.2265625,22495852193,-0.003593675600818802,116087.24107142857,112935.29479166666,722.7496690350135,115721.9609375,115688.859375,117137.203125,53.64989803305644,822.2004864657647,556.4923412291731,112748.5078125
2025-09-22,112748.5078125,115431.3125,112037.6484375,115309.21875,70684158591,-0.02218083931492132,115702.04575892857,112847.76744791666,1462.3086830813072,115306.09375,115721.9609375,115688.859375,44.389424070330264,561.1754593842052,557.4289648601796,112014.5
2025-09-23,112014.5,113351.9140625,111535.5703125,112757.4765625,47211853279,-0.00651013327573835,115012.23325892857,112799.63645833333,1905.9109966352607,112748.5078125,115306.09375,115721.9609375,42.14126511879509,291.7201800823095,504.2872079046056,113328.6328125
2025-09-24,113328.6328125,113986.2734375,111229.640625,112007.6640625,48044595085,0.011731809832655538,114563.6796875,112906.44583333333,1875.2934483841827,112014.5,112748.5078125,115306.09375,47.288523238789345,182.1151550727518,439.8527973382349,109049.2890625
2025-09-25,109049.2890625,113541.0859375,108713.3984375,113330.1640625,75528654284,-0.03776048156409062,113408.26339285714,112814.66692708334,2433.8216344381663,113328.6328125,112014.5,112748.5078125,36.0435747744813,-247.2052651492413,302.44118484073965,109712.828125
2025-09-26,109712.828125,110359.1953125,108728.9765625,109041.296875,57738288949,0.0060847628462732395,112554.54464285714,112764.35911458333,2546.049238395271,109049.2890625,113328.6328125,112014.5,38.48615369755219,-527.818372700378,136.38927333251613,109681.9453125
2025-09-27,109681.9453125,109778.5,109144.296875,109707.140625,26308042910,-0.0002814877077529365,111691.68526785714,112668.93046875,2305.8554872331106,109712.828125,109049.2890625,113328.6328125,38.412622199820866,-744.1205089845898,-39.71268313090506,112122.640625
2025-09-28,112122.640625,112375.484375,109236.9453125,109681.9453125,33371048505,0.02225248016477188,111236.90625,112792.65729166666,1711.5209282243347,109681.9453125,109712.828125,109049.2890625,47.026675200045425,-710.4086477088713,-173.85187604649832,114400.3828125
2025-09-29,114400.3828125,114473.5703125,111589.953125,112117.875,60000147466,0.02031473906432546,111472.88839285714,112979.06770833333,2037.5088957679889,112122.640625,109681.9453125,109712.828125,53.55537854765277,-494.20016425685026,-237.92153368856873,114056.0859375
2025-09-30,114056.0859375,114836.6171875,112740.5625,114396.5234375,58986330258,-0.003009577997342028,111764.54352678571,113173.046875,2261.739095019272,114400.3828125,112122.640625,109681.9453125,52.50206115403671,-346.6394203641539,-259.66511102368577,118648.9296875
2025-10-01,118648.9296875,118648.9296875,113981.3984375,114057.59375,71328680132,0.04026829179914837,112524.5859375,113486.32473958333,3454.406091192106,114056.0859375,114400.3828125,112122.640625,62.965903536442,139.30185385790537,-179.87171804736755,120681.2578125
2025-10-02,120681.2578125,121086.40625,118383.15625,118652.3828125,71415163912,0.017128920845327356,114186.29575892857,113802.34713541667,4217.46724250864,118648.9296875,114056.0859375,114400.3828125,66.48442305760088,680.5606301987427,-7.785248398145512,122266.53125
2025-10-03,122266.53125,123944.703125,119344.3125,120656.984375,83941392228,0.013136036748664148,115979.68191964286,114153.79114583334,4645.550471850781,120681.2578125,118648.9296875,114056.0859375,68.96157647782795,1223.3286564749287,238.43753257646935,122425.4296875
2025-10-04,122425.4296875,122857.640625,121577.5703125,122267.46875,36769171735,0.001299606980548873,117800.1796875,114543.85208333333,4246.04773433603,122266.53125,120681.2578125,118648.9296875,69.20724801127663,1647.3088526289212,520.2117965869597,123513.4765625
2025-10-05,123513.4765625,125559.2109375,122191.9609375,122419.671875,73689317763,0.008887425412982486,119427.44196428571,114972.60182291667,3873.950652049474,122425.4296875,122266.53125,120681.2578125,70.90541358547065,2047.5100806398113,825.6714533975301,124752.53125
2025-10-06,124752.53125,126198.0703125,123196.046875,123510.453125,72568881188,0.010031736794915869,120906.3203125,115456.86302083333,3601.4035673759217,123513.4765625,122425.4296875,122266.53125,72.74851508507922,2436.566572464435,1147.850477210911,121451.3828125
2025-10-07,121451.3828125,125184.0234375,120681.96875,124752.140625,76149412513,-0.026461574802715715,121962.79129464286,115799.65520833334,1973.9601276940643,124752.53125,123513.4765625,122425.4296875,61.559509806018305,2450.2762952903868,1408.3356408268064,123354.8671875
2025-10-08,123354.8671875,124167.09375,121119.1796875,121448.3515625,65354305286,0.01567280940669602,122635.06808035714,116175.76979166667,1364.5277277177606,121451.3828125,124752.53125,123513.4765625,64.91078396317016,2584.9390619455953,1643.6563250505642,121705.5859375
2025-10-09,121705.5859375,123739.34375,119812.03125,123337.0703125,74653009425,-0.013370216251727518,122781.40066964286,116514.93776041667,1159.6181427924719,123354.8671875,121451.3828125,124752.53125,60.0276101539644,2529.419488106272,1820.8089576617058,113214.3671875
2025-10-10,113214.3671875,122509.6640625,104582.4140625,121704.7421875,153125018868,-0.06976852117831744,121488.234375,116490.23802083333,3821.5479213820013,121705.5859375,123354.8671875,121451.3828125,42.35932642649693,1779.7337736953486,1812.5939208684345,110807.8828125
2025-10-11,110807.8828125,113429.7265625,109760.5625,113236.4296875,110236934340,-0.02125599811033263,119828.58482142857,116333.5828125,5500.543746646721,113214.3671875,121705.5859375,123354.8671875,38.86768464181548,980.121041336999,1646.0993449621476,115169.765625
2025-10-12,115169.765625,115805.0625,109715.5390625,110811.515625,93710414091,0.03936437283871608,118636.62611607143,116302.52239583334,5472.913595263213,110807.8828125,113214.3671875,121705.5859375,47.34058833158682,690.4308224939741,1454.9656404685131,115271.078125
2025-10-13,115271.078125,116020.484375,113821.1875,115161.6796875,71582026739,0.000879679657679322,117282.1328125,116279.87473958333,4844.184696354148,115169.765625,110807.8828125,113214.3671875,47.5225199234539,463.6793026312662,1256.7083729010637,113118.6640625
2025-10-14,113118.6640625,115502.8828125,110029.484375,115264.8828125,92212917403,-0.01867262888064536,116091.74441964286,116203.575,4669.571840171412,115271.078125,115169.765625,110807.8828125,44.04123865171193,109.03833703933924,1027.1743657287188,110783.1640625
2025-10-15,110783.1640625,113622.3828125,110235.8359375,113113.96875,72574132855,-0.02064646024028005,114295.78683035714,116048.18463541666,3734.506537076753,113118.6640625,115271.078125,115169.765625,40.56853509107852,-356.3645657695888,750.4665794290573,108186.0390625
2025-10-16,108186.0390625,111990.8125,107537.03125,110782.171875,87306423067,-0.023443318504017374,112364.42299107143,115759.61302083333,2581.7295712217942,110783.1640625,113118.6640625,115271.078125,37.06821673423925,-924.1133977051359,415.5505840022187,106467.7890625
2025-10-17,106467.7890625,109235.8046875,103598.4296875,108179.1328125,99703051669,-0.01588236351834038,111400.62611607143,115426.25572916666,3355.034056216689,108186.0390625,110783.1640625,113118.6640625,34.92143223854349,-1495.4680278802261,33.34686162572973,107198.265625
2025-10-18,107198.265625,107490.984375,106387.453125,106483.734375,37779905278,0.006861009972426446,110884.96651785714,115094.9578125,3718.975585530181,106467.7890625,108186.0390625,110783.1640625,36.602418122886384,-1867.796539095696,-346.88181851855546,108666.7109375
2025-10-19,108666.7109375,109488.9921875,106157.7890625,107204.3125,47657008953,0.013698405510000455,109955.95870535714,114860.88619791667,3253.3173391690066,107198.265625,106467.7890625,108186.0390625,39.95982667222829,-2021.0805438759562,-681.7215635900357,110588.9296875
2025-10-20,110588.9296875,111711.03125,107485.015625,108667.4453125,63507793085,0.01768912239467313,109287.08035714286,114689.78515625,2328.19001093932,108666.7109375,107198.265625,106467.7890625,44.130766523181116,-1964.8032052408234,-938.3378919201932,108476.890625
2025-10-21,108476.890625,113996.34375,107534.75,110587.6328125,101194375480,-0.019098105646452646,108623.96986607143,114462.14505208333,1603.1311762481428,110588.9296875,108666.7109375,107198.265625,40.77872454954094,-2066.8021021193854,-1164.0307339600317,107688.5859375
2025-10-22,107688.5859375,109115.1328125,106778.0,108491.53125,80807013218,-0.007267028792566799,108181.88727678571,114293.48098958333,1307.9845701971765,108476.890625,110588.9296875,108666.7109375,39.5705844802582,-2186.047171871891,-1368.4340215424036,110069.7265625
2025-10-23,110069.7265625,111288.59375,107548.4296875,107679.4375,54944076060,0.022111355667553845,108450.98549107143,114228.65520833334,1490.0763293694772,107688.5859375,108476.890625,110588.9296875,44.8824734564807,-2064.6120379529602,-1507.6696248245148,111033.921875
2025-10-24,111033.921875,111842.53125,109770.1484375,110069.3515625,48160816980,0.008759859251149305,109103.29017857143,114152.16484375,1476.592205940594,110069.7265625,107688.5859375,108476.890625,46.91725875983004,-1869.0263435668603,-1579.9409685729838,111641.7265625
2025-10-25,111641.7265625,111947.703125,110704.40625,111032.6171875,24707667305,0.005474045023684315,109738.0703125,114238.57942708333,1476.2490334401716,111033.921875,110069.7265625,107688.5859375,48.21508296503783,-1646.0043988932302,-1593.1536546370332,114472.4453125
2025-10-26,114472.4453125,115260.90625,111268.484375,111639.0546875,41708524143,0.025355383127430242,110567.4609375,114397.23333333334,2218.37558139432,111641.7265625,111033.921875,110069.7265625,53.871590476144426,-1226.7018992327648,-1519.8633035561797,114119.328125
2025-10-27,114119.328125,116273.3125,113882.2890625,114479.8515625,61761358733,-0.0030847352525406047,111071.80357142857,114545.14609375,2593.643206135185,114472.4453125,111641.7265625,111033.921875,53.09250498176642,-912.3779284249176,-1398.3662285299274,112956.1640625
2025-10-28,112956.1640625,116078.984375,112291.6796875,114129.0859375,64528066504,-0.01019252462848308,111711.69977678571,114572.93020833333,2391.4041088080357,114119.328125,114472.4453125,111641.7265625,50.50168072267544,-748.5032562429697,-1268.3936340725359,110055.3046875
2025-10-29,110055.3046875,113642.7265625,109368.71875,112921.328125,62192043469,-0.025681284408657135,112049.80245535714,114428.09427083333,1828.974550984872,112956.1640625,114119.328125,114472.4453125,44.649809832401274,-842.9890528953692,-1183.3127178371026,108305.546875
2025-10-30,108305.546875,111612.3515625,106376.6875,110059.1953125,69673964814,-0.015898895718551742,111797.77678571429,114236.40963541667,2225.7964189382647,110055.3046875,112956.1640625,114119.328125,41.52425781388862,-1046.9914934020053,-1156.0484729500831,109556.1640625
2025-10-31,109556.1640625,111031.8203125,108288.2734375,108304.4140625,60090359560,0.011547120379193476,111586.66852678571,113933.31744791666,2375.373815798573,108305.546875,110055.3046875,112956.1640625,44.513921163323374,-1095.1266042729985,-1143.864099214666,110064.015625
2025-11-01,110064.015625,110574.8984375,109372.953125,109558.625,25871668762,0.004635536182247879,111361.28125,113579.409375,2443.1621957669927,109556.1640625,108305.546875,110055.3046875,45.72737827009246,-1079.8468473568355,-1131.0606488431001,110639.625
2025-11-02,110639.625,111167.3125,109523.453125,110064.4296875,34284209459,0.005229768982454308,110813.73549107143,113191.84583333334,2023.077297150586,110064.015625,109556.1640625,108305.546875,47.13847198252274,-1009.6520238771627,-1106.7789238499126,106547.5234375
2025-11-03,106547.5234375,110764.9140625,105336.359375,110646.90625,72852006359,-0.03698585893164408,109732.04910714286,112662.58229166667,1984.958231877704,110639.625,110064.015625,109556.1640625,39.31294094971936,-1269.585525864546,-1139.3402442528393,101590.5234375
2025-11-04,101590.5234375,107264.8828125,98962.0625,106541.421875,110967184773,-0.046523840630681046,108108.38616071429,111931.8171875,3190.5043627575765,106547.5234375,110639.625,110064.015625,32.314610552657854,-1854.1991182949569,-1282.3120190612628,103891.8359375
2025-11-05,103891.8359375,104534.703125,98989.9140625,101579.234375,77584934804,0.02265282648549194,107227.890625,111236.46067708333,3406.8021625542583,101590.5234375,106547.5234375,110639.625,37.84641071243076,-2107.5187520419277,-1447.353365657396,101301.2890625
2025-11-06,101301.2890625,104147.3046875,100336.8671875,103893.6640625,63932752861,-0.02493503798083263,106227.28236607143,110564.79088541666,4012.3258159766233,103891.8359375,101590.5234375,106547.5234375,34.43472718186345,-2488.6245548118604,-1655.607603488289,103372.40625
2025-11-07,103372.40625,104052.9140625,99257.0546875,101286.2421875,92168030081,0.020445121741957006,105343.88839285714,109898.70885416666,3834.0300952398943,101301.2890625,103891.8359375,101590.5234375,39.15701501359504,-2593.6340029386047,-1843.2128833783522,102282.1171875
2025-11-08,102282.1171875,103373.5625,101458.0390625,103371.703125,51446691095,-0.010547196317199026,104232.18861607143,109251.25989583334,3332.7273040166483,103372.40625,101301.2890625,103891.8359375,37.620880646819806,-2733.3239059958723,-2021.2350879018563,104719.640625
2025-11-09,104719.640625,105418.3671875,101468.875,102278.984375,59679243013,0.02383137448193029,103386.4765625,108968.10234375,1862.712806708328,102282.1171875,103372.40625,101301.2890625,43.00424718119393,-2617.1722577530454,-2140.422521872094,105996.59375
2025-11-10,105996.59375,106564.6953125,104350.6484375,104723.7734375,69585887229,0.012194017448672767,103307.77232142857,108807.72604166667,1712.4703347916393,104719.640625,102282.1171875,103372.40625,45.65044055493197,-2394.479722716598,-2191.233962040995,102997.46875
2025-11-11,102997.46875,107428.2578125,102457.328125,105996.859375,71130078574,-0.028294541304540788,103508.76450892857,108401.9828125,1552.411427762408,105996.59375,104719.640625,102282.1171875,40.853022437238806,-2431.964434893569,-2239.3800566115096,101663.1875
2025-11-12,101663.1875,105297.234375,100836.6171875,103011.4375,64347179408,-0.012954505253314763,103190.38616071429,107948.38645833333,1683.7331941502093,102997.46875,105996.59375,104719.640625,38.894672852388766,-2540.0564950334083,-2299.5153442958895,99697.4921875
2025-11-13,99697.4921875,104005.4921875,97988.71875,101674.1484375,101546815416,-0.01933536967351135,102961.27232142857,107501.0140625,2052.3934489869985,101663.1875,102997.46875,105996.59375,36.14566636004172,-2752.6050970514334,-2390.133294846998,94397.7890625
2025-11-14,94397.7890625,99804.4296875,94000.734375,99694.703125,114346441890,-0.053157837862490065,101679.18415178571,106954.83489583334,3806.39543208151,99697.4921875,101663.1875,102997.46875,29.991092916681794,-3310.5314009452995,-2574.2129160666586,95549.1484375
2025-11-15,95549.1484375,96728.46875,94420.46875,94420.46875,38500716654,0.012196889211437911,100717.33147321429,106533.60520833333,4428.497914985045,94397.7890625,99697.4921875,101663.1875,32.67318589912438,-3618.0799635294243,-2782.9863255592118,94177.078125
2025-11-16,94177.078125,96564.1875,92971.1640625,95556.8671875,71086235862,-0.01435983820826503,99211.25111607143,106123.91484375,4628.679648224348,95549.1484375,94397.7890625,99697.4921875,31.142036088462703,-3927.258036482468,-3011.8406677438634,92093.875
2025-11-17,92093.875,95928.3671875,91214.7578125,94180.875,94186165724,-0.02212006537551514,97225.1484375,105620.43515625,4194.281680342266,94177.078125,95549.1484375,94397.7890625,28.925631765559046,-4290.917937953011,-3267.656121785693,92948.875
2025-11-18,92948.875,93745.078125,89300.4609375,92094.53125,101333569062,0.009284005043766586,95789.63504464286,105096.50729166667,3561.224852467372,92093.875,94177.078125,95549.1484375,31.09325065671611,-4458.732186250985,-3505.8713346787517,91465.9921875
2025-11-19,91465.9921875,92946.1640625,88526.828125,92946.1640625,80350354656,-0.015953746750565823,94332.89285714286,104459.07604166666,2751.803021153549,92948.875,92093.875,94177.078125,29.417530360854258,-4657.691469119745,-3736.235361566951,86631.8984375
2025-11-20,86631.8984375,93025.0703125,86040.796875,91459.3515625,97970645638,-0.05285126891851111,92466.37946428571,103730.90963541667,2931.8311274546236,91465.9921875,92948.875,92093.875,24.737178668192783,-5146.1178563346475,-4018.2118605204905,85090.6875
2025-11-21,85090.6875,87380.8046875,80659.8125,86528.7734375,129157506112,-0.017790340109098413,91136.79352678571,102977.64635416666,3870.178723673243,86631.8984375,91465.9921875,92948.875,23.45586508544541,-5593.088486843946,-4333.187185785182,84648.359375
2025-11-22,84648.359375,85503.0078125,83490.8984375,85098.5625,40793099246,-0.0051983141515926645,89579.53794642857,102130.26744791666,3990.0978978197886,85090.6875,86631.8984375,91465.9921875,23.086269998023624,-5914.825686110853,-4649.514885850316,86805.0078125
2025-11-23,86805.0078125,88038.46875,84641.7734375,84648.609375,58083435576,0.025477734635657168,88526.38504464286,101322.63697916667,3519.517294881846,84648.359375,85090.6875,86631.8984375,28.963538590931847,-5927.453238258866,-4905.102556332026,88270.5625
2025-11-24,88270.5625,89206.3359375,85272.1953125,86798.7734375,74433896110,0.01688329653360121,87980.19754464286,100543.59817708333,3150.9846881705917,86805.0078125,84648.359375,85090.6875,32.72562440686659,-5752.886949477281,-5074.659434961077,87341.890625
2025-11-25,87341.890625,88457.3359375,86131.4296875,88269.9609375,64837343545,-0.010520742688141405,87179.19977678571,99639.24635416667,2265.712732968599,88270.5625,86805.0078125,84648.359375,31.584161818354602,-5624.640611264069,-5184.655670221675,90518.3671875
2025-11-26,90518.3671875,90581.15625,86316.8984375,87345.5859375,66496301869,0.03636830551491177,87043.82477678571,98852.54765625,1976.7772686816832,87341.890625,88270.5625,86805.0078125,39.37355917663016,-5206.6701007122465,-5189.058556319789,91285.375
2025-11-27,91285.375,91897.578125,90089.515625,90517.765625,57040622845,0.008473504729832548,87708.60714285714,98130.18802083333,2522.346990643046,90518.3671875,87341.890625,88270.5625,41.11687812292252,-4758.679247280335,-5102.982694511898,90919.265625
2025-11-28,90919.265625,92969.0859375,90257.1171875,91285.3828125,60895830289,-0.004010602738938163,88541.26116071429,97492.32005208333,2475.7167879747785,91285.375,90518.3671875,87341.890625,40.51797272051753,-4382.664605733618,-4958.919076756243,90851.7578125
2025-11-29,90851.7578125,91187.6171875,90260.1875,90918.7421875,37921773455,-0.0007425028351905061,89427.4609375,96910.52708333333,1891.2650898112622,90919.265625,91285.375,90518.3671875,40.40111448824899,-4043.5065826615755,-4775.83657793731,90394.3125
2025-11-30,90394.3125,91965.046875,90394.3125,90838.2109375,38497902869,-0.005035073877646679,89940.21875,96271.79869791666,1509.878547585957,90851.7578125,90919.265625,91285.375,39.56833652040507,-3768.1960016773664,-4574.3084626853215,86321.5703125
2025-12-01,86321.5703125,90398.15625,83862.25,90389.109375,87962894424,-0.045055292472078956,89661.79129464286,95480.38385416666,1976.6390227075565,90394.3125,90851.7578125,90919.265625,33.03867180028212,-3834.445538636428,-4426.335877875543,91350.203125
2025-12-02,91350.203125,92316.6328125,86202.1953125,86322.5390625,78546798211,0.05825464938016567,90234.40736607143,94837.403125,1761.447425254552,86321.5703125,90394.3125,90851.7578125,45.0878909355579,-3441.5085635914147,-4229.370415018717,93527.8046875
2025-12-03,93527.8046875,94060.7734375,91056.390625,91345.09375,77650204986,0.023837949867722363,90664.32700892857,94403.4125,2163.646560517005,91350.203125,86321.5703125,90394.3125,49.33917639449438,-2920.7206828456983,-3967.6404685841135,92141.625
2025-12-04,92141.625,94038.2421875,90976.1015625,93454.2578125,64538402681,-0.014821043775501641,90786.6484375,94088.44921875,2227.860320913999,93527.8046875,91350.203125,86321.5703125,46.85254656928369,-2589.989860377187,-3692.110346942728,89387.7578125
2025-12-05,89387.7578125,92702.640625,88152.140625,92133.6484375,63256398633,-0.029887330373216225,90567.86160714286,93604.97994791667,2287.079782143821,92141.625,93527.8046875,91350.203125,42.29229653235195,-2521.036429122614,-3457.8955633787054,89272.375
2025-12-06,89272.375,90267.4609375,88951.6640625,89389.359375,37994042405,-0.0012908122468182626,90342.23549107143,93204.01614583333,2331.871282305326,89387.7578125,92141.625,93527.8046875,42.10737120496177,-2447.4876525941363,-3255.813981221792,90405.640625
2025-12-07,90405.640625,91740.84375,87799.5625,89277.8125,47394898960,0.012694471554050235,90343.85379464286,92771.790625,2331.917377297279,89272.375,89387.7578125,92141.625,44.66653606715114,-2271.5694142587745,-3058.9650678291887,90640.203125
2025-12-08,90640.203125,92267.1171875,89644.890625,90424.5859375,57394099056,0.0025945560296725123,90960.80133928571,92383.72682291667,1520.5109082281804,90405.640625,89272.375,89387.7578125,45.20643947073876,-2089.143365258031,-2865.000727314957,92691.7109375
2025-12-09,92691.7109375,94601.5703125,89586.9765625,90639.703125,66861721440,0.022633530616329445,91152.4453125,91982.79583333334,1656.2529462330056,90640.203125,90405.640625,89272.375,49.81826779457337,-1758.7560271206166,-2643.751787276089,92020.9453125
2025-12-10,92020.9453125,94477.15625,91640.1328125,92695.234375,65420694513,-0.007236522211271801,90937.1796875,91516.94088541667,1369.1011647479863,92691.7109375,90640.203125,90405.640625,48.38432892195147,-1533.3711137409118,-2421.6756525690535,92511.3359375
2025-12-11,92511.3359375,93554.265625,89335.296875,92011.3046875,64532834621,0.005329119618741718,90989.99553571429,91167.403125,1429.124486514881,92020.9453125,92691.7109375,90640.203125,49.52812215540347,-1300.1936974036507,-2197.379261535973,90270.4140625
2025-12-12,90270.4140625,92747.9296875,89532.6015625,92513.6640625,80275884583,-0.024223213861206738,91116.08928571429,90787.64401041667,1297.0296273998324,92511.3359375,92020.9453125,92691.7109375,44.6580546001637,-1281.4508148328168,-2014.1935721953419,90298.7109375
2025-12-13,90298.7109375,90647.5703125,89800.9921875,90257.796875,64237748110,0.00031346787642294593,91262.70870535714,90474.35130208333,1096.362116530976,90270.4140625,92511.3359375,92020.9453125,44.731956169412626,-1249.9054915669694,-1861.3359560696674,88175.1796875
2025-12-14,88175.1796875,90498.109375,87634.9375,90296.4375,50465972205,-0.023516739363752315,90944.07142857143,90266.93098958333,1596.852168383471,90298.7109375,90270.4140625,92511.3359375,40.37469712675575,-1380.3450617539493,-1765.1377772065239,86419.78125
2025-12-15,86419.78125,89983.921875,85304.078125,88171.078125,45559514323,-0.019908078936967,90341.15401785714,89962.61875,2349.8908106204403,88175.1796875,90298.7109375,90270.4140625,37.15295630240303,-1606.8426623362757,-1733.4787542324743,87843.984375
2025-12-16,87843.984375,88170.09375,85381.6875,86424.40625,41262178223,0.01648005936140917,89648.62165178571,89751.515625,2254.0870944930166,86419.78125,88175.1796875,90298.7109375,41.249113871271426,-1652.3748048171838,-1717.2579643494164,86143.7578125
2025-12-17,86143.7578125,90264.5703125,85316.265625,87847.6171875,44243392914,-0.01935507109105894,88809.0234375,89553.17838541667,2316.8630598319614,87843.984375,86419.78125,88175.1796875,38.0599315377999,-1804.8482626889308,-1734.7760240173195,85462.5078125
2025-12-18,85462.5078125,89412.6640625,84436.3125,86144.3671875,52667115348,-0.007908292107279613,87802.04799107143,89303.6328125,1940.8408298477334,86143.7578125,87843.984375,86419.78125,36.831178119513794,-1958.0841825293028,-1779.4376557197163,88103.3828125
2025-12-19,88103.3828125,89339.1171875,85107.6640625,85476.1328125,46733310561,0.03090097713717843,87492.47209821429,89191.54583333334,1629.3296033840224,85462.5078125,86143.7578125,87843.984375,44.33381927320146,-1845.1583740563365,-1792.5817993870405,88344.0
2025-12-20,88344.0,88497.203125,87924.875,88101.671875,14688196659,0.002731077738661547,87213.22767857143,89248.61588541667,1171.3646572746454,88103.3828125,85462.5078125,86143.7578125,44.97507950199881,-1716.461758454374,-1777.3577912005073,88621.75
2025-12-21,88621.75,89027.953125,87613.203125,88344.703125,19845522660,0.0031439599746445612,87277.0234375,89366.31796875,1242.488439406507,88344.0,88103.3828125,85462.5078125,45.75193322460213,-1573.9135637980653,-1736.668945720019,88490.015625
2025-12-22,88490.015625,90501.9296875,87908.0703125,88621.3984375,38047472118,-0.0014864790528285043,87572.77120535714,89494.37317708334,1250.7920034863457,88621.75,88344.0,88103.3828125,45.42436750375547,-1454.802893468499,-1680.2957352697151,87414.0
2025-12-23,87414.0,88898.3828125,86606.9765625,88490.03125,43683011533,-0.01215974047919599,87511.34486607143,89514.67291666666,1245.8011586972682,88490.015625,88621.75,88344.0,42.73309606367997,-1430.7396216323104,-1630.3845125422342,87611.9609375
2025-12-24,87611.9609375,87956.8828125,86411.796875,87404.3203125,25550297986,0.0022646365284737513,87721.08816964286,89492.71953125,1091.1772414118677,87414.0,88490.015625,88621.75,43.39752667061525,-1379.7901501466113,-1580.26564006311,87234.7421875
2025-12-25,87234.7421875,88501.7890625,86949.2578125,87608.3203125,19953216347,-0.004305562231041726,87974.26450892857,89489.14791666667,552.3685373474076,87611.9609375,87414.0,88490.015625,42.38829623377838,-1354.239892998041,-1535.0604906500962,87301.4296875
2025-12-26,87301.4296875,89459.4296875,86628.140625,87235.5078125,42455674908,0.0007644603322913834,87859.69977678571,89381.91666666667,602.0555929425694,87234.7421875,87611.9609375,87414.0,42.642249218882355,-1313.4691514371953,-1490.742222807516,87802.15625
2025-12-27,87802.15625,87874.78125,87182.9765625,87301.4296875,13741199310,0.005735605525503784,87782.29352678571,89265.809375,562.975440621306,87301.4296875,87234.7421875,87611.9609375,44.61633127601254,-1226.6139540441072,-1437.9165690548346,87835.8359375
2025-12-28,87835.8359375,87986.890625,87394.953125,87799.34375,15156557929,0.00038358610925337544,87670.02008928571,89163.02838541666,430.42429191120436,87802.15625,87301.4296875,87234.7421875,44.75406032841641,-1141.899804900866,-1378.713216224041,87138.140625
2025-12-29,87138.140625,90299.15625,86717.9140625,87835.7890625,48411625849,-0.007943173820266769,87476.89508928571,89039.24114583334,277.1920672763765,87835.8359375,87802.15625,87301.4296875,42.40167076740466,-1118.1718234649888,-1326.6049376722308,88430.1328125
