Date,Close,High,Low,Open,Volume,Daily_Return,MA_7,MA_30,Volatility_7,Lag_1,Lag_2,Lag_3,RSI,MACD,MACD_Signal,Target
2020-02-03,0.0024399999529123,0.002517000073567,0.0024270000867545,0.0024659999180585,78856631,-0.011345211155618928,0.0024291428604295852,0.0023803333286195566,2.886417233071905e-05,0.0024679999332875,0.002422000048682,0.0023940000683069,57.17080241956412,4.572553120619745e-05,4.001073847441712e-05,0.0025029999669641
2020-02-04,0.0025029999669641,0.0025029999669641,0.0024019998963922,0.0024379999376833,89790002,0.025819678388356415,0.0024367142801305715,0.0023831333266570733,4.0036251478077275e-05,0.0024399999529123,0.0024679999332875,0.002422000048682,61.16312750091361,5.045481505481283e-05,4.209955379049626e-05,0.0025820001028478
2020-02-05,0.0025820001028478,0.0026300000026822,0.0024920001160353,0.0025029999669641,105741619,0.031562180154368624,0.0024641428608447,0.0023871000002448333,6.228545732515938e-05,0.0025029999669641,0.0024399999529123,0.0024679999332875,65.50532783561268,5.988711591775782e-05,4.565706621594858e-05,0.0026529999449849
2020-02-06,0.0026529999449849,0.0026769998949021,0.0025740000419318,0.0025830001104623,108711614,0.027498001281561324,0.002494571431140786,0.0023944333350906367,9.298718743271768e-05,0.0025820001028478,0.0025029999669641,0.0024399999529123,68.87361087073354,7.225842604162598e-05,5.097733818108406e-05,0.0027689998969435
2020-02-07,0.0027689998969435,0.002769999904558,0.0026469998992979,0.0026539999525994,130273878,0.043724068738817845,0.002548142835231728,0.0024102999983975863,0.00012713956807810568,0.0026529999449849,0.0025820001028478,0.0025029999669641,73.43728053828045,9.038114750811559e-05,5.8858100046490364e-05,0.0031590000726282
2020-02-08,0.0031590000726282,0.0032089999876916,0.0027220000047236,0.0027670001145452,203803814,0.14084513911148688,0.0026534285529383286,0.002440400002524213,0.0002505413485623622,0.0027689998969435,0.0026529999449849,0.0025820001028478,82.64845885628706,0.00013466100144664522,7.401868032652134e-05,0.0032319999299943
2020-02-09,0.0032319999299943,0.003531000111252,0.0031520000193268,0.0031560000497847,218861527,0.02310853298125015,0.0027625714096107283,0.002469599999797797,0.0003145371539424309,0.0031590000726282,0.0027689998969435,0.0026529999449849,83.78210869828438,0.00017364194684140214,9.394333362949751e-05,0.0029859999194741
2020-02-10,0.0029859999194741,0.003303000004962,0.0029039999935775,0.0032339999452233,195582003,-0.076113866289791,0.0028405714048338427,0.002491999999619977,0.0002877735472035851,0.0032319999299943,0.0031590000726282,0.0027689998969435,67.72439205219212,0.0001825798155070061,0.00011167063000499923,0.0030410001054406
2020-02-11,0.0030410001054406,0.003084999974817,0.0028639999218285,0.0030110001098364,169747135,0.018419352796294364,0.0029174285674733427,0.00251400000415738,0.0002522398696476919,0.0029859999194741,0.0032319999299943,0.0031590000726282,69.14812263863053,0.00019188921672659304,0.000127714347349318,0.0030930000357329
2020-02-12,0.0030930000357329,0.0031729999464005,0.0030129998922348,0.0030410001054406,181406960,0.017099614761363346,0.0029904285578855002,0.00253850000444795,0.00020926849039127048,0.0030410001054406,0.0029859999194741,0.0032319999299943,70.47422771230879,0.0002011442780276312,0.00014240033348498064,0.0030259999912232
2020-02-13,0.0030259999912232,0.003216000040993,0.0029730000533163,0.0030640000477433,168543942,-0.021661831146349786,0.0030437142787766856,0.0025570333392048433,0.00014736094469774305,0.0030930000357329,0.0030410001054406,0.0029859999194741,66.50757252210276,0.00020075841905157306,0.00015407195059829914,0.0031300000846385
2020-02-14,0.0031300000846385,0.0031469999812543,0.0029810001142323,0.0029990000184625,140849233,0.03436883467182694,0.003095285734161686,0.002582400005000286,8.529500939563603e-05,0.0030259999912232,0.0030930000357329,0.0030410001054406,69.38783151508179,0.00020646456640486654,0.00016455047375961264,0.0029200001154094
2020-02-15,0.0029200001154094,0.0031810000073164,0.0028389999642968,0.0030980000738054,144726029,-0.06709264011197424,0.003061142883130429,0.0026015666779130235,0.00010178148411028956,0.0031300000846385,0.0030259999912232,0.0030930000357329,58.456185221462356,0.00019183018782401593,0.0001700064165724933,0.002773999935016
2020-02-16,0.002773999935016,0.0029649999924004,0.0026259999722242,0.002917000092566,149831933,-0.05000005980237099,0.0029957143124192433,0.0026110333390533466,0.00011933809127698418,0.0029200001154094,0.0031300000846385,0.0030259999912232,52.28843542564182,0.00016653166955608086,0.00016931146716921082,0.0027119999285787
2020-02-17,0.0027119999285787,0.002771999919787,0.0025470000691711,0.0027399999089539,149622002,-0.022350399383460062,0.002956571456577043,0.0026178666700919033,0.0001607916976511058,0.002773999935016,0.0029200001154094,0.0031300000846385,49.88152977366853,0.00013986722687189075,0.00016342261910974682,0.0028389999642968
2020-02-18,0.0028389999642968,0.0028460000175982,0.0026549999602138,0.0026769998949021,144188844,0.04682892295821617,0.0029277142935565004,0.0026323333382606067,0.00016123974295339786,0.0027119999285787,0.002773999935016,0.0029200001154094,54.501578358228606,0.00012751341021795,0.00015624077733138747,0.0026239999569952
2020-02-19,0.0026239999569952,0.0028739999979734,0.0026239999569952,0.0028389999642968,136889052,-0.07573089468314032,0.0028607142823082574,0.0026406666729598804,0.00017771209833195766,0.0028389999642968,0.0027119999285787,0.002773999935016,46.659856254955116,9.92303520266388e-05,0.00014483869227043775,0.0026589999906718
2020-02-20,0.0026589999906718,0.0026730000972747,0.0025690000038594,0.0026249999646097,187866681,0.013338427686820253,0.0028082857108009144,0.0026501000082740736,0.00017493691409003467,0.0026239999569952,0.0028389999642968,0.0027119999285787,47.97221442908425,7.873245610705987e-05,0.00013161744503776217,0.0026479999069124
2020-02-21,0.0026479999069124,0.0027030000928789,0.0026140001136809,0.0026559999678283,157652567,-0.0041369250838623195,0.0027394285425543286,0.0026609333387265163,0.0001100149813510071,0.0026589999906718,0.0026239999569952,0.0028389999642968,47.57602890650272,6.0898115515675786e-05,0.00011747357913334491,0.0026010000146925
2020-02-22,0.0026010000146925,0.0026549999602138,0.0025770000647753,0.0026499999221414,156145895,-0.01774920463449059,0.0026938570995947713,0.0026720333378761566,8.625431992920867e-05,0.0026479999069124,0.0026589999906718,0.0026239999569952,45.83428287646831,4.2482066778209635e-05,0.00010247527666231786,0.0026799999177455
2020-02-23,0.0026799999177455,0.0026819999329745,0.00259599997662,0.002600000007078,180747902,0.030372896042578423,0.0026804285256989855,0.002685499998430367,7.868259811846345e-05,0.0026010000146925,0.0026479999069124,0.0026589999906718,49.20070596337695,3.387139901629569e-05,8.875450113311342e-05,0.0025899999309331
2020-02-24,0.0025899999309331,0.002686999971047,0.0025569999124854,0.002678999910131,159143744,-0.03358208566219312,0.002662999954606757,0.0026965999975800065,8.38649699609952e-05,0.0026799999177455,0.0026010000146925,0.0026479999069124,45.714904954889235,1.9559664368606726e-05,7.491553378021208e-05,0.0024759999942034
2020-02-25,0.0024759999942034,0.0025909999385476,0.0024359999224543,0.0025899999309331,178541404,-0.04401542076050524,0.0026111428160219856,0.00270229999441649,6.753868168676107e-05,0.0025899999309331,0.0026799999177455,0.0026010000146925,41.68615812905861,-9.70147352249203e-07,5.9738397553719826e-05,0.002339000115171
2020-02-26,0.002339000115171,0.0024870000779628,0.0022110000718384,0.0024749999865889,201370789,-0.05533113059496475,0.002570428552904243,0.0027013333281501665,0.00012224403608345163,0.0024759999942034,0.0025899999309331,0.0026799999177455,37.41841916808934,-2.7972467143513348e-05,4.219622461427319e-05,0.0023240000009536
2020-02-27,0.0023240000009536,0.0024029999040067,0.0022980000358074,0.002337000099942,162813946,-0.006413045523216199,0.002522571411515929,0.00269713332721338,0.00014520767650913247,0.002339000115171,0.0024759999942034,0.0025899999309331,36.97210647654427,-5.000594655123593e-05,2.3755790381171365e-05,0.002288999967277
2020-02-28,0.002288999967277,0.0023729999084025,0.0022259999532252,0.0023229999933391,153544453,-0.015060255448467563,0.002471285705853729,0.0026937666581943165,0.00015648395166525003,0.0023240000009536,0.002339000115171,0.0024759999942034,35.896232867227255,-6.949080123460792e-05,5.10647205801551e-06,0.0022350000217556
2020-02-29,0.0022350000217556,0.0023199999704957,0.0022299999836832,0.0022859999444335,146635830,-0.0235910643483489,0.0024189999925770286,0.0026869333271557602,0.00016672927890988565,0.002288999967277,0.0023240000009536,0.002339000115171,34.240694801233204,-8.827248302260837e-05,-1.3569318958109268e-05,0.0022750000935047
2020-03-01,0.0022750000935047,0.0022970000281929,0.0022229999303817,0.0022330000065267,162437207,0.017897123650889357,0.0023611428748283427,0.00268296666132902,0.0001264745047762988,0.0022350000217556,0.002288999967277,0.0023240000009536,36.57419797932132,-9.879063273951667e-05,-3.0613581714390755e-05,0.0023489999584853
2020-03-02,0.0023489999584853,0.002369999885559,0.0022559999488294,0.0022780001163482,165788612,0.03252741184137742,0.0023267143073358,0.0026805333249891304,7.686505124970567e-05,0.0022750000935047,0.0022350000217556,0.002288999967277,40.76218252530206,-0.00010000240602081297,-4.44913465756752e-05,0.0024989999365061
2020-03-03,0.0024989999365061,0.0025249999016523,0.0023159999400377,0.0023479999508708,174988479,0.0638569521804182,0.002330000013379043,0.00268156665842975,8.442942544651908e-05,0.0023489999584853,0.0022750000935047,0.0022350000217556,48.225020156588755,-8.784636227064397e-05,-5.316234971466896e-05,0.0023980000987648
2020-03-04,0.0023980000987648,0.0025080000050365,0.0023670000955462,0.0024999999441206,144601436,-0.040416102564015954,0.0023384285824638714,0.0026801666632915,8.83324134824964e-05,0.0024989999365061,0.0023489999584853,0.0022750000935047,44.18831909317773,-8.537826533724664e-05,-5.96055328391845e-05,0.0025059999898076
2020-03-05,0.0025059999898076,0.0025309999473392,0.0023950000759214,0.0023990001063793,104912777,0.045037483984437854,0.0023644285808715857,0.0026802666640529504,0.00010797814964473659,0.0023980000987648,0.0024989999365061,0.0023489999584853,49.09514552560142,-7.385622355026182e-05,-6.245567098139997e-05,0.0024959999136626
2020-03-06,0.0024959999136626,0.002517000073567,0.0024470000062137,0.0025039999745786,100268192,-0.003990453386142234,0.0023940000017838143,0.00267739999108011,0.00011214272314364342,0.0025059999898076,0.0023980000987648,0.0024989999365061,48.66847951722712,-6.478504334068384e-05,-6.292154545325674e-05,0.0024049999192357
2020-03-07,0.0024049999192357,0.002513000043109,0.0024009998887777,0.0025009999517351,88138038,-0.03645833236162577,0.002418285701423829,0.002669133323555137,8.771866032034008e-05,0.0024959999136626,0.0025059999898076,0.0023980000987648,44.848831310139566,-6.419896104141454e-05,-6.31770285708883e-05,0.0021869998890906
2020-03-08,0.0021869998890906,0.0024079999420791,0.0021840000990778,0.0024059999268501,101738284,-0.09064450622284403,0.0024057142436503857,0.0026497333232933734,0.00011403468105976407,0.0024049999192357,0.0024959999136626,0.0025059999898076,37.2970422393107,-8.039848345622403e-05,-6.662131954795545e-05,0.0022140000946819
2020-03-09,0.0022140000946819,0.0022360000293701,0.0021069999784231,0.0021889999043196,137033008,0.01234577364451872,0.0023864285488213286,0.0026182333240284965,0.00013475761543357555,0.0021869998890906,0.0024049999192357,0.0024959999136626,38.67436577822011,-9.002033238411948e-05,-7.130112211518826e-05,0.0022070000413805
2020-03-10,0.0022070000413805,0.0022630000021308,0.0021659999620169,0.0022169998846948,115431584,-0.003161722223144703,0.0023447142780891003,0.002584066661074703,0.0001392236802069357,0.0022140000946819,0.0021869998890906,0.0024049999192357,38.43862498235471,-9.709135408803374e-05,-7.645916850975736e-05,0.0021840000990778
2020-03-11,0.0021840000990778,0.0022279999684542,0.0020989999175071,0.002208000048995,107425626,-0.010421360159247328,0.002314142849562386,0.00255733333372816,0.00014874294478351167,0.0022070000413805,0.0022140000946819,0.0021869998890906,37.62706253497972,-0.00010335962741196475,-8.183926029019885e-05,0.0015369999455288
2020-03-12,0.0015369999455288,0.0021879998967051,0.0015350000467151,0.0021830000914633,167892774,-0.2962454781124769,0.0021757142718082717,0.0025071999950644335,0.0003070698657718152,0.0021840000990778,0.0022070000413805,0.0022140000946819,22.948763931245892,-0.00015870532813505676,-9.721247385917044e-05,0.0017379999626427
2020-03-13,0.0017379999626427,0.0017989999614655,0.0012469999492168,0.0015399999683722,218676976,0.13077425129299303,0.0020674285645197145,0.0024620333259614264,0.0003089449190497931,0.0015369999455288,0.0021840000990778,0.0022070000413805,31.84397125234112,-0.00018422454724366377,-0.00011461488853606911,0.0016659999964758
2020-03-14,0.0016659999964758,0.0017839999636635,0.0016400000313296,0.0017369999550282,113389101,-0.04142690892663836,0.001961857146982586,0.0024166999928031804,0.0003005148316782142,0.0017379999626427,0.0015369999455288,0.0021840000990778,30.48627772510136,-0.00020786239943330854,-0.000133264390715517,0.0016850000247359
2020-03-15,0.0016850000247359,0.0018189999973401,0.0016550000291317,0.0016639999812468,119811060,0.011404578811699873,0.0018901428806461999,0.0023685333241397605,0.0002977177198267828,0.0016659999964758,0.0017379999626427,0.0015369999455288,31.318465159975418,-0.00022249761015449452,-0.0001511110346033125,0.0015869999770075
2020-03-16,0.0015869999770075,0.0016990000149235,0.0014530000044032,0.0016840000171214,134329668,-0.058160264860387834,0.001800571435264143,0.00232409998619303,0.00027768863328731923,0.0016850000247359,0.0016659999964758,0.0017379999626427,29.365709810679192,-0.00023924602566476093,-0.00016873803281560221,0.0015869999770075
2020-03-17,0.0015869999770075,0.0016769999638199,0.0015579999890178,0.0015910000074654,102697604,0.0,0.0017119999974965715,0.00228453332092608,0.00021915752368884445,0.0015869999770075,0.0016850000247359,0.0016659999964758,29.365709810679206,-0.0002496415531937188,-0.00018491873689122554,0.0015660000499337
2020-03-18,0.0015660000499337,0.0016120000509545,0.0015519999433308,0.0015899999998509,102196814,-0.013232468417169185,0.0016237142761902715,0.0022463333249712466,7.320226524980419e-05,0.0015869999770075,0.0015869999770075,0.0016850000247359,28.91761419836763,-0.0002566164871417383,-0.0001992582869413281,0.0017729999963194
2020-03-19,0.0017729999963194,0.0018439999548718,0.0015620000194758,0.0015660000499337,251888350,0.13218386959468087,0.0016574285691603572,0.0022107999927053336,8.058298627844406e-05,0.0015660000499337,0.0015869999770075,0.0015869999770075,38.826614360629,-0.0002426439583335866,-0.00020793542121977983,0.0017729999963194
2020-03-20,0.0017729999963194,0.0019310000352561,0.0016789999790489,0.0017709999810904,188170528,0.0,0.0016624285739713141,0.002182433327349473,8.722739540652311e-05,0.0017729999963194,0.0015660000499337,0.0015869999770075,38.826614360629,-0.00022893164706413918,-0.00021213466638865172,0.001784999971278
2020-03-21,0.001784999971278,0.0018510000081732,0.0016929999692365,0.0017709999810904,166141811,0.006768175399611387,0.0016794285703716286,0.00215329999336968,9.885992134679601e-05,0.0017729999963194,0.0017729999963194,0.0015660000499337,39.39462757251105,-0.0002146222126305341,-0.00021263217563702823,0.0017310000257566
2020-03-22,0.0017310000257566,0.0018680000212043,0.001719000050798,0.001784999971278,161287088,-0.03025207080689074,0.0016859999990888716,0.0021227333306644866,0.0001008017794744206,0.001784999971278,0.0017729999963194,0.0017729999963194,37.69827895460426,-0.0002052729680574164,-0.0002111603341211059,0.0018050000071525
2020-03-23,0.0018050000071525,0.0018169999821111,0.001691999961622,0.0017269999952986,166551897,0.04274984419110872,0.001717142860538157,0.00209619999707982,9.877317895355278e-05,0.0017310000257566,0.001784999971278,0.0017729999963194,41.42085929275297,-0.0001897056358382645,-0.00020686939446453763,0.0018510000081732
2020-03-24,0.0018510000081732,0.001912000006996,0.0017989999614655,0.0018050000071525,177134005,0.025484765007435017,0.0017548571507046856,0.0020685666667607434,9.088530990897462e-05,0.0018050000071525,0.0017310000257566,0.001784999971278,43.67387801551462,-0.00017167760469239757,-0.00019983103651010964,0.0018339999951422
2020-03-25,0.0018339999951422,0.0018899999558925,0.0017989999614655,0.0018520000157877,163367839,-0.009184231742806803,0.001793142857163043,0.0020433666689010466,4.0613740335899626e-05,0.0018510000081732,0.0018050000071525,0.0017310000257566,43.01542899072065,-0.00015695276532198452,-0.00019125538227248465,0.0018420000560581
2020-03-26,0.0018420000560581,0.0018720000516623,0.0018269999418407,0.0018329999875277,162455890,0.004362083389907401,0.0018030000085542859,0.0020222333376295363,4.320108492172918e-05,0.0018339999951422,0.0018510000081732,0.0018050000071525,43.44752548003634,-0.00014298939325988543,-0.0001816021844699648,0.0018070000223815
2020-03-27,0.0018070000223815,0.0018680000212043,0.001803999999538,0.0018429999472573,166326062,-0.019001103480691728,0.0018078571551345857,0.00200450000120322,4.112756313531029e-05,0.0018420000560581,0.0018339999951422,0.0018510000081732,41.948864113776274,-0.00013321194611694526,-0.0001719241367993609,0.0017780000343918
2020-03-28,0.0017780000343918,0.001808000029996,0.0017160000279545,0.0018050000071525,169979142,-0.01604869265661668,0.001806857164150843,0.001986300002317827,4.185462066908142e-05,0.0018070000223815,0.0018420000560581,0.0018339999951422,40.69627911082521,-0.00012634685755550734,-0.0001628086809505902,0.0017229999648407
2020-03-29,0.0017229999648407,0.0018050000071525,0.001717000035569,0.0017770000267773,156619235,-0.03093367181509299,0.0018057142983057145,0.00196743333556995,4.4308458677988715e-05,0.0017780000343918,0.0018070000223815,0.0018420000560581,38.3570015435992,-0.00012391584662335155,-0.0001550301140851425,0.0018309999722987
2020-03-30,0.0018309999722987,0.0018680000212043,0.001717000035569,0.0017229999648407,163244392,0.06268137531156892,0.0018094285790408858,0.00195396666725472,4.5316886091692226e-05,0.0017229999648407,0.0017780000343918,0.0018070000223815,45.03791001448351,-0.00011198367681805165,-0.00014642082663172433,0.0018110000528395
2020-03-31,0.0018110000528395,0.0018510000081732,0.0018050000071525,0.0018510000081732,156195510,-0.010922949077979083,0.0018037142997075,0.0019384999992325467,4.1568088485402625e-05,0.0018309999722987,0.0017229999648407,0.0017780000343918,44.08504324383212,-0.00010295437864462709,-0.0001377275370343049,0.0018670000135898
2020-04-01,0.0018670000135898,0.0018670000135898,0.0017760000191628,0.0018119999440386,163418627,0.030922119887570654,0.0018084285880571572,0.0019224333344026968,4.708099849037546e-05,0.0018110000528395,0.0018309999722987,0.0017229999648407,47.43830513361209,-9.023963957545682e-05,-0.00012822995754253527,0.0018820000113919
2020-04-02,0.0018820000113919,0.0019399999873712,0.0018500000005587,0.0018680000212043,165879605,0.008034278357212488,0.0018141428673905569,0.0019018666702322233,5.3784852983538435e-05,0.0018670000135898,0.0018110000528395,0.0018309999722987,48.332121425121,-7.805299643932461e-05,-0.00011819456532189314,0.0018530000234022
2020-04-03,0.0018530000234022,0.001916000037454,0.0018339999951422,0.0018830000190064,161121845,-0.015409132738661402,0.0018207142961078001,0.00188370000105347,5.554792986474838e-05,0.0018820000113919,0.0018670000135898,0.0018110000528395,46.67941536483441,-6.992895317869214e-05,-0.00010854144289325295,0.0018799999961629
2020-04-04,0.0018799999961629,0.0019099999917671,0.0018410000484436,0.0018530000234022,160849686,0.014570951116949615,0.001835285719217957,0.0018628333345986467,5.585313561840485e-05,0.0018530000234022,0.0018820000113919,0.0018670000135898,48.44693577387452,-6.061320689183087e-05,-9.895579569296854e-05,0.0018649999983608
2020-04-05,0.0018649999983608,0.0019089999841526,0.0018469999777153,0.0018799999961629,152557918,-0.007978722251444248,0.0018555714382922572,0.0018418000040885867,2.6177953545003923e-05,0.0018799999961629,0.0018530000234022,0.0018820000113919,47.504787052670686,-5.3820377495832766e-05,-8.992871205354138e-05,0.001979999942705
2020-04-06,0.001979999942705,0.0019829999655485,0.0018520000157877,0.0018660000059753,173173223,0.0616621686033656,0.0018768571483503,0.00182763333820423,5.134659532922623e-05,0.0018649999983608,0.0018799999961629,0.0018530000234022,54.76744207568342,-3.8711237793495265e-05,-7.968521720153216e-05,0.0019970000721514
2020-04-07,0.0019970000721514,0.002030000090599,0.0019340000580996,0.0019720001146197,129399793,0.008585924211278018,0.0019034285796805715,0.0018213000109729232,5.912376211699551e-05,0.001979999942705,0.0018649999983608,0.0018799999961629,55.74221766277779,-2.507630333817919e-05,-6.876343442886157e-05,0.0020119999535381
2020-04-08,0.0020119999535381,0.0020439999643713,0.0019600000232458,0.0019859999883919,116283369,0.007511207233227735,0.001924142856816043,0.0018145666729347967,6.8836581038437e-05,0.0019970000721514,0.001979999942705,0.0018649999983608,56.630313949345144,-1.2911320809995972e-05,-5.759301170508845e-05,0.0020210000220686
2020-04-09,0.0020210000220686,0.0020330001134425,0.0019849999807775,0.0020129999611526,109954538,0.004473195197978841,0.0019440000011984285,0.0018083666722910666,7.447146779530743e-05,0.0020119999535381,0.0019970000721514,0.001979999942705,57.185456350843836,-2.515259848900886e-06,-4.657746133385094e-05,0.0019680000841617
2020-04-10,0.0019680000841617,0.0020230000372976,0.001890999963507,0.0020210000220686,122108790,-0.026224610256387892,0.0019604285813069285,0.0018011666717938633,6.282477935520976e-05,0.0020210000220686,0.0020119999535381,0.0019970000721514,52.89186022114652,1.4305508129323387e-06,-3.6975858904494285e-05,0.0019900000188499
2020-04-11,0.0019900000188499,0.0020039998926222,0.0019409999949857,0.0019680000841617,161367396,0.011178828123663997,0.001976142870262214,0.0018162666742378999,5.2215671138526644e-05,0.0019680000841617,0.0020210000220686,0.0020119999535381,54.4216266815658,6.260675884220239e-06,-2.8328551946751383e-05,0.0019900000188499
2020-04-12,0.0019900000188499,0.0020089999306946,0.0019509999547153,0.0019890000112354,169892709,0.0,0.0019940000160463714,0.0018246666761114734,1.8101550938482523e-05,0.0019900000188499,0.0019680000841617,0.0020210000220686,54.421626681565805,9.973615175010468e-06,-2.0668118522399014e-05,0.0019590000156313
2020-04-13,0.0019590000156313,0.0019900000188499,0.0018939999863505,0.0019900000188499,167357650,-0.015577890917064519,0.001991000026464414,0.0018344333434166568,2.2105788424901994e-05,0.0019900000188499,0.0019900000188499,0.0019680000841617,51.67908216365329,1.0296019032977367e-05,-1.4475291011323738e-05,0.0019640000537037
2020-04-14,0.0019640000537037,0.001979999942705,0.0019349999492987,0.0019580000080168,188937615,0.0025523420278221742,0.001986285738114743,0.0018437333443822499,2.4046557860553687e-05,0.0019590000156313,0.0019900000188499,0.0019900000188499,52.09838574507224,1.0830144533935469e-05,-9.414203902271898e-06,0.0019399999873712
2020-04-15,0.0019399999873712,0.0019749999046325,0.0019059999613091,0.0019630000460892,169903672,-0.012219992706843819,0.0019760000286623285,0.0018555000113943735,2.6488993890935533e-05,0.0019640000537037,0.0019590000156313,0.0019900000188499,49.86180191781795,9.210663272732475e-06,-5.689230467271024e-06,0.00202800007537
2020-04-16,0.00202800007537,0.0020290000829845,0.0018860000418499,0.0019409999949857,179859738,0.04536087039775949,0.0019770000362768145,0.0018702000146731232,2.852486087771046e-05,0.0019399999873712,0.0019640000537037,0.0019590000156313,57.129184244307126,1.4856824138956455e-05,-1.5800195460255284e-06,0.0020129999611526
2020-04-17,0.0020129999611526,0.0020290000829845,0.0019920000340789,0.00202800007537,161550208,-0.00739650574947015,0.001983428590132657,0.0018851000117137532,3.111194156804812e-05,0.00202800007537,0.0019399999873712,0.0019640000537037,55.64851183338561,1.7914555602114397e-05,2.318895483602457e-06,0.0020610000938177
2020-04-18,0.0020610000938177,0.0020620001014322,0.0020069999154657,0.0020129999611526,168186509,0.02384507381590617,0.0019935714579852,0.0018947000149636965,4.293741099836564e-05,0.0020129999611526,0.00202800007537,0.0019399999873712,59.28504440770703,2.3935130088105754e-05,6.642142404503117e-06,0.0020580000709742
2020-04-19,0.0020580000709742,0.0020729999523609,0.00202800007537,0.0020600000862032,172576560,-0.001455615093128415,0.002003285751145814,0.00190420001745219,4.9226426054122517e-05,0.0020610000938177,0.0020129999611526,0.00202800007537,58.95965677714954,2.8140021323653196e-05,1.0941718188333134e-05,0.001981999957934
2020-04-20,0.001981999957934,0.0020659998990595,0.0019620000384747,0.0020580000709742,169715146,-0.03692911099085816,0.002006571457189057,0.0019107666836740568,4.646814985476305e-05,0.0020580000709742,0.0020610000938177,0.0020129999611526,51.28097724659866,2.505108069503605e-05,1.3763590689673718e-05,0.0019710001070052
2020-04-21,0.0019710001070052,0.002032000105828,0.0019519999623298,0.001981999957934,163652750,-0.00554987445119115,0.002007571464803557,0.0019187666863823432,4.5463777079733814e-05,0.001981999957934,0.0020580000709742,0.0020610000938177,50.26070190616819,2.1468007129064014e-05,1.5304473977551778e-05,0.0020109999459236
2020-04-22,0.0020109999459236,0.0020330001134425,0.0019640000537037,0.0019710001070052,163753943,0.02029418404201766,0.0020177143160253286,0.0019256333510080466,3.446601722998137e-05,0.0019710001070052,0.001981999957934,0.0020580000709742,53.85598124272909,2.1606976446888592e-05,1.656497447141914e-05,0.0020469999872148
2020-04-23,0.0020469999872148,0.002123000100255,0.0020049999002367,0.0020109999459236,179000350,0.017901562535679538,0.0020204285891460144,0.0019321666836427667,3.6119525661082965e-05,0.0020109999459236,0.0019710001070052,0.001981999957934,56.8771168259379,2.4341420357907977e-05,1.812026364871691e-05,0.0021029999479651
2020-04-24,0.0021029999479651,0.002121000085026,0.0020419999491423,0.0020469999872148,209562151,0.027357088959485187,0.0020332857301192287,0.0019411333487368634,4.731705659558634e-05,0.0020469999872148,0.0020109999459236,0.0019710001070052,61.13932402898025,3.067362917587692e-05,2.063093675414891e-05,0.0021420000120997
2020-04-25,0.0021420000120997,0.0021460000425577,0.0020870000589638,0.0021019999403506,229810398,0.0185449667615718,0.0020448571470166573,0.0019511333472715835,6.264562820266469e-05,0.0021029999479651,0.0020469999872148,0.0020109999459236,63.82122598312941,3.839632064028386e-05,2.41840135313759e-05,0.0024089999496936
2020-04-26,0.0024089999496936,0.0024439999833703,0.0021359999664127,0.0021410000044852,287859775,0.1246498301053569,0.0020949999868337143,0.00197120001151532,0.00015186285588992797,0.0021420000120997,0.0021029999479651,0.0020469999872148,76.02178849839542,6.5308437799201e-05,3.240889838494092e-05,0.0023550000041723
2020-04-27,0.0023550000041723,0.0024139999877661,0.0023080001119524,0.0024099999573081,276033020,-0.022415918077610675,0.0021482857077248997,0.0019904333438413367,0.00016996538281012038,0.0024089999496936,0.0021420000120997,0.0021029999479651,70.82004366988502,8.134148621204715e-05,4.219541595036217e-05,0.002339000115171
2020-04-28,0.002339000115171,0.002371999900788,0.0023219999857246,0.0023539999965578,254905520,-0.0067940080564558025,0.002200857137462871,0.0020109666821856802,0.00016274975808218303,0.0023550000041723,0.0024089999496936,0.0021420000120997,69.30684680290501,9.169967845320962e-05,5.209626845093167e-05,0.002517000073567
2020-04-29,0.002517000073567,0.0025420000310987,0.0023310000542551,0.002339000115171,295698249,0.07610087628532969,0.002273142869983357,0.0020338333522279565,0.00017618594132433438,0.002339000115171,0.0023550000041723,0.0024089999496936,75.56262578882318,0.00011296948753467678,6.427091226768069e-05,0.0024429999757558
2020-04-30,0.0024429999757558,0.002688999986276,0.0023920000530779,0.002517000073567,298563815,-0.029400117460596564,0.0023297142969177856,0.0020549000163251666,0.0001535998394415316,0.002517000073567,0.002339000115171,0.0023550000041723,69.2440469547524,0.000122443324596076,7.590539473335975e-05,0.0024939998984336
2020-05-01,0.0024939998984336,0.0025589999277144,0.0024409999605268,0.0024439999833703,282886977,0.020875940722030473,0.002385571432699,0.002075800012486627,0.00012603418159332202,0.0024429999757558,0.002517000073567,0.002339000115171,71.04131600734317,0.00013253885088803817,8.723208596429544e-05,0.0025490000844001
2020-05-02,0.0025490000844001,0.0025530001148581,0.0024729999713599,0.0024949999060481,269155283,0.022053002488509943,0.0024437143001704857,0.002098033348253566,8.064885365874844e-05,0.0024939998984336,0.0024429999757558,0.002517000073567,72.88176843236798,0.00014332551622649832,9.845077201673602e-05,0.0025100000202655
2020-05-03,0.0025100000202655,0.0025830001104623,0.0024800000246614,0.0025480000767856,265156925,-0.015300142347299484,0.002458142881680757,0.0021199333481490097,8.241849346224213e-05,0.0025490000844001,0.0024939998984336,0.0024429999757558,69.50836195530516,0.0001470321518601222,0.00010816704798541326,0.0024810000322759
2020-05-04,0.0024810000322759,0.002519000088796,0.0023890000302344,0.00251100002788,261454253,-0.011553779982253709,0.0024761428856955566,0.00213996668268611,6.8766323551077e-05,0.0025100000202655,0.0025490000844001,0.0024939998984336,67.0240969379476,0.00014594724168376112,0.00011572308672508283,0.0024840000551193
2020-05-05,0.0024840000551193,0.002521000104025,0.0024490000214427,0.0024810000322759,245861118,0.001209199034410302,0.0024968571628310285,0.0021606000179113932,3.3223661728439036e-05,0.0024810000322759,0.0025100000202655,0.0025490000844001,67.15487749498058,0.0001436733424654722,0.00012131313787316072,0.0025289999321103
2020-05-06,0.0025289999321103,0.0025830001104623,0.0024729999713599,0.0024830000475049,251393346,0.01811589210646747,0.0024985714283372144,0.0021789000175582367,3.471243776208014e-05,0.0024840000551193,0.0024810000322759,0.0025100000202655,69.13239727218296,0.00014384422822289866,0.00012581935594310832,0.0026640000287443
2020-05-07,0.0026640000287443,0.0026779999025166,0.0024790000170469,0.0025180000811815,284491226,0.053380822561490016,0.0025301428644784285,0.002201133349444667,6.3941205341085e-05,0.0025289999321103,0.0024840000551193,0.0024810000322759,74.15892383354728,0.000153108101089431,0.00013127710497237287,0.0026249999646097
2020-05-08,0.0026249999646097,0.0026720000896602,0.002593999961391,0.0026589999906718,291757355,-0.014639663556228588,0.0025488571596464426,0.0022215666831470536,7.044010220058366e-05,0.0026640000287443,0.0025289999321103,0.0024840000551193,70.58305596761699,0.00015551018324945877,0.00013612372062779006,0.0026130001060664
2020-05-09,0.0026130001060664,0.0026340000331401,0.0025649999734014,0.0026219999417662,294993696,-0.0045713747447932995,0.0025580000198844855,0.0022413000192803133,7.449832423483705e-05,0.0026249999646097,0.0026640000287443,0.0025289999321103,69.47303846709647,0.000154662706958283,0.00013983151789388867,0.0024590000975877
2020-05-10,0.0024590000975877,0.0026130001060664,0.0023600000422447,0.0026110000908374,290801097,-0.05893608963932684,0.0025507143166448,0.0022576666863945135,8.208269837209223e-05,0.0026130001060664,0.0026249999646097,0.0026640000287443,57.06909788078181,0.00013995129087477883,0.00013985547249006672,0.0024129999801516
2020-05-11,0.0024129999801516,0.0025120000354945,0.0023380001075565,0.0024570000823587,277646033,-0.018706838393876657,0.0025410000234841854,0.00227176668510457,9.47540683574109e-05,0.0024590000975877,0.0026130001060664,0.0026249999646097,53.96943721533794,0.00012316084108938453,0.00013651654620993028,0.002462999895215
2020-05-12,0.002462999895215,0.002513000043109,0.0024059999268501,0.0024129999801516,262934538,0.020721059044624734,0.0025380000006407144,0.002287533347650073,9.716139792347873e-05,0.0024129999801516,0.0024590000975877,0.0026130001060664,56.72103541291416,0.0001125909851532993,0.0001317314339986041,0.002521000104025
2020-05-13,0.002521000104025,0.0025279999244958,0.0024580000899732,0.0024639999028295,265878080,0.023548603847965976,0.0025368571680571,0.0023062666839298637,9.733180044386068e-05,0.002462999895215,0.0024129999801516,0.0024590000975877,59.728377502910014,0.00010765346812664214,0.0001269158408242117,0.0025740000419318
2020-05-14,0.0025740000419318,0.0026229999493807,0.0025120000354945,0.0025180000811815,283778649,0.021023377913464314,0.0025240000270838857,0.0023266000168708,8.256110848312377e-05,0.002521000104025,0.002462999895215,0.0024129999801516,62.30594094914337,0.00010678613823078163,0.0001228899003055257,0.0025059999898076
2020-05-15,0.0025059999898076,0.0025770000647753,0.0024870000779628,0.0025740000419318,261080156,-0.026418046237934534,0.0025070000306835856,0.00234546668361868,6.95198228591803e-05,0.0025740000419318,0.002521000104025,0.002462999895215,57.24355339330458,9.946516463031933e-05,0.00011820495317048444,0.002513000043109
2020-05-16,0.002513000043109,0.0025339999701827,0.0024840000551193,0.002506999997422,254666485,0.0027933173702594516,0.002492714307403957,0.00236163334920998,5.223256577209771e-05,0.0025059999898076,0.0025740000419318,0.002521000104025,57.62524265316268,9.315426176362707e-05,0.00011319481488911298,0.0025380000006407
2020-05-17,0.0025380000006407,0.0025780000723898,0.002509000012651,0.0025120000354945,258469067,0.00994825193109472,0.0025040000078401,0.0023791333505262502,5.2268573079936826e-05,0.002513000043109,0.0025059999898076,0.0025740000419318,59.031863821185915,8.914253377357781e-05,0.00010838435866600595,0.0025430000387132
2020-05-18,0.0025430000387132,0.0025869999080896,0.002513000043109,0.0025369999930262,265626959,0.0019700701620322114,0.002522571444777471,0.0023952000153560997,3.468364617087694e-05,0.0025380000006407,0.002513000043109,0.0025059999898076,59.32269490451149,8.53824361487115e-05,0.00010378397416254708,0.0025380000006407
2020-05-19,0.0025380000006407,0.0025649999734014,0.0025009999517351,0.0025440000463277,182890489,-0.0019661966167447975,0.002533285745552571,0.00241120001301165,2.2742870682534507e-05,0.0025430000387132,0.0025380000006407,0.002513000043109,58.8726119125007,8.106460806477176e-05,9.924010094299202e-05,0.0025080000050365
2020-05-20,0.0025080000050365,0.0025629999581724,0.0024870000779628,0.0025390000082552,178925411,-0.01182032923428944,0.0025314285885542145,0.0024287333479150667,2.4384822677850338e-05,0.0025380000006407,0.0025430000387132,0.0025380000006407,56.121347181900404,7.436471908397373e-05,9.426502457118838e-05,0.0024850000627338
2020-05-21,0.0024850000627338,0.0025490000844001,0.0024230000562965,0.0025100000202655,200924557,-0.009170630883776787,0.002518714305811643,0.0024458666797726866,2.1522956464172493e-05,0.0025080000050365,0.0025380000006407,0.0025430000387132,54.036396920739776,6.643330389727569e-05,8.869868043640585e-05,0.0025329999625682
2020-05-22,0.0025329999625682,0.0025430000387132,0.0024729999713599,0.0024860000703483,215355485,0.01931585457651619,0.0025225714447774427,0.002463266680327507,2.128265898275319e-05,0.0024850000627338,0.0025080000050365,0.0025380000006407,57.57843002890374,6.329120932015934e-05,8.361718621315656e-05,0.0025440000463277
2020-05-23,0.0025440000463277,0.0025649999734014,0.0024989999365061,0.0025329999625682,208878705,0.004342709799469269,0.0025270000166658286,0.002479833348964603,2.2166028557095142e-05,0.0025329999625682,0.0024850000627338,0.0025080000050365,58.37017172023065,6.098568652608029e-05,7.90908862757413e-05,0.0024580000899732
2020-05-24,0.0024580000899732,0.0025609999429434,0.0024510000366717,0.0025440000463277,186657328,-0.03380501367468225,0.0025155714579990426,0.0024916666870315398,3.335092076615838e-05,0.0025440000463277,0.0025329999625682,0.0024850000627338,50.443530926907286,5.162397629131666e-05,7.359750427885639e-05,0.0025400000158697
2020-05-25,0.0025400000158697,0.0025460000615566,0.0024349999148398,0.0024560000747442,214669452,0.033360424285986845,0.0025151428833071142,0.0025049333538238734,3.29566512292651e-05,0.0024580000899732,0.0025440000463277,0.0025329999625682,56.50818031421156,5.024230023825899e-05,6.892646347073691e-05,0.0024860000703483
2020-05-26,0.0024860000703483,0.0025420000310987,0.0024719999637454,0.0025390000082552,185485979,-0.021259820938587692,0.0025077143218367715,0.0025075000245123632,3.280603658171554e-05,0.0025400000158697,0.0024580000899732,0.0025440000463277,51.99548968651667,4.427954072218137e-05,6.39970789210258e-05,0.0025100000202655
2020-05-27,0.0025100000202655,0.0025289999321103,0.0024719999637454,0.0024860000703483,186186772,0.00965404233228262,0.002508000038298057,0.0025126666917154703,3.2817646630910534e-05,0.0024860000703483,0.0025400000158697,0.0024580000899732,53.76281822795098,4.1017778807285986e-05,5.940121889827784e-05,0.0025239998940378
2020-05-28,0.0025239998940378,0.0025589999277144,0.0024949999060481,0.0025120000354945,220213442,0.005577638908074167,0.0025135714427700568,0.00251883335101103,3.154811208178597e-05,0.0025100000202655,0.0024860000703483,0.0025400000158697,54.80800811481403,3.911162730813695e-05,5.5343300580249664e-05,0.0025319999549537
2020-05-29,0.0025319999549537,0.0025490000844001,0.0025039999745786,0.0025239998940378,200485433,0.003169596375498296,0.002513428584539414,0.0025193333470572535,3.144757562459307e-05,0.0025239998940378,0.0025100000202655,0.0024860000703483,55.42804761686234,3.781066871596291e-05,5.183677420739231e-05,0.0026149998884648
2020-05-30,0.0026149998884648,0.0026259999722242,0.0025229998864233,0.0025309999473392,200708874,0.03278038506624603,0.0025235714191304283,0.0025250666774808864,4.932152323687318e-05,0.0025319999549537,0.0025239998940378,0.0025100000202655,61.352502384662586,4.298158566923673e-05,5.00657364997612e-05,0.0025549998972564
2020-05-31,0.0025549998972564,0.0026169999036937,0.0025490000844001,0.0026149998884648,188184731,-0.022944548285860344,0.0025374285344565996,0.0025271000107749803,4.070153240391497e-05,0.0026149998884648,0.0025319999549537,0.0025239998940378,55.59924564302674,4.1756731155385366e-05,4.8403935430886035e-05,0.0026469998992979
2020-06-01,0.0026469998992979,0.0026620000135153,0.0025530001148581,0.0025549998972564,195748335,0.03600783003564545,0.0025527142320892,0.002530366671271573,5.817128737885762e-05,0.0025549998972564,0.0026149998884648,0.0025319999549537,61.55269555702505,4.766025862328093e-05,4.825520006936502e-05,0.0025609999429434
2020-06-02,0.0025609999429434,0.0026549999602138,0.0025200000964105,0.0026469998992979,200119264,-0.03248959562760512,0.0025634284996027858,0.00253206666869417,5.0195778343371556e-05,0.0026469998992979,0.0025549998972564,0.0026149998884648,54.23234592948056,4.488199720234639e-05,4.7580559495961295e-05,0.0025830001104623
2020-06-03,0.0025830001104623,0.002597999991849,0.0025460000615566,0.0025619999505579,190021630,0.00859045998010255,0.0025738570839166147,0.0025354666713003834,4.4506282202231835e-05,0.0025609999429434,0.0026469998992979,0.0025549998972564,55.68430622413468,4.3948820025602794e-05,4.68542116018896e-05,0.0026310000102967
2020-06-04,0.0026310000102967,0.0026690000668168,0.0025710000190883,0.0025830001104623,194078582,0.018583003399798237,0.0025891428148107428,0.002540366669806297,4.287356334363027e-05,0.0025830001104623,0.0025609999429434,0.0026469998992979,58.75848898930375,4.654590889072033e-05,4.679255105965575e-05,0.00259599997662
2020-06-05,0.00259599997662,0.0026340000331401,0.0025800000876188,0.0026320000179111,188846627,-0.013302939391761193,0.0025982856750487856,0.0025426000046232865,3.470212669945824e-05,0.0026310000102967,0.0025830001104623,0.0025609999429434,55.72306115851525,4.525820193743493e-05,4.6485681235211586e-05,0.0025869999080896
2020-06-06,0.0025869999080896,0.002606000052765,0.0025659999810159,0.0025949999690055,175988365,-0.0034668985406225428,0.0025942856778523285,0.002540033333934796,3.4062269809695365e-05,0.00259599997662,0.0026310000102967,0.0025830001104623,54.93714286237411,4.301559755351923e-05,4.579166449887312e-05,0.002606000052765
2020-06-07,0.002606000052765,0.0026090000756084,0.0025579999200999,0.0025869999080896,188151455,0.007344470564527805,0.0026015714143535575,0.002539400003539973,2.9393053815305346e-05,0.0025869999080896,0.00259599997662,0.0026310000102967,56.33721258903016,4.22840461436055e-05,4.50901408278196e-05,0.0025839998852461
2020-06-08,0.0025839998852461,0.0026070000603795,0.0025609999429434,0.002606000052765,187140783,-0.0084421209030896,0.002592571412346157,0.00253843332951263,2.183926438565852e-05,0.002606000052765,0.0025869999080896,0.00259599997662,54.235988997217866,3.947402473953145e-05,4.396691761016197e-05,0.0025690000038594
2020-06-09,0.0025690000038594,0.0025869999080896,0.002517000073567,0.0025839998852461,175910197,-0.0058049079151841765,0.0025937142781913,0.0025420999930550196,2.004757439550783e-05,0.0025839998852461,0.002606000052765,0.0025869999080896,52.79029129200799,3.5626022848061524e-05,4.2298738657741886e-05,0.0025839998852461
2020-06-10,0.0025839998852461,0.0025949999690055,0.0025530001148581,0.0025690000038594,182748021,0.005838801620928757,0.0025938571031604144,0.0025477999898915033,1.9961899885475666e-05,0.0025690000038594,0.0025839998852461,0.002606000052765,54.10768202785449,3.3401783723505975e-05,4.05193476708947e-05,0.0024520000442862
2020-06-11,0.0024520000442862,0.002602000022307,0.0024290001019835,0.0025839998852461,183212798,-0.05108353205183225,0.0025682856794446286,0.0025474333281938766,5.2531594157181316e-05,0.0025839998852461,0.0025690000038594,0.0025839998852461,42.79127051035719,2.074859728184216e-05,3.6565197593084194e-05,0.0025200000964105
2020-06-12,0.0025200000964105,0.0025329999625682,0.0024470000062137,0.0024550000671297,194920048,0.02773248405225681,0.0025574285537004146,0.0025473999946067265,5.368998248154274e-05,0.0024520000442862,0.0025839998852461,0.0025690000038594,48.73907596040794,1.602318645248452e-05,3.245679536496426e-05,0.0025329999625682
2020-06-13,0.0025329999625682,0.0025410000234842,0.0025009999517351,0.0025200000964105,188981850,0.005158676849345012,0.0025497142757687856,0.0025460333252946064,5.260133995355935e-05,0.0025200000964105,0.0024520000442862,0.0025839998852461,49.81330615857691,1.3175367445454524e-05,2.8600509781062314e-05,0.00251100002788
2020-06-14,0.00251100002788,0.002553999889642,0.0025009999517351,0.0025329999625682,173334481,-0.008685327679947563,0.002536142843642357,0.0025461999932303533,4.7684420406897804e-05,0.0025329999625682,0.0025200000964105,0.0024520000442862,47.98079934101574,9.039043035241352e-06,2.4688216431898124e-05,0.0024790000170469
2020-06-15,0.0024790000170469,0.0025160000659525,0.0024069999344646,0.0025100000202655,198803041,-0.012743930895180888,0.002521142862471043,0.0025450666590282832,4.662408864440578e-05,0.00251100002788,0.0025329999625682,0.0025200000964105,45.36653636637337,3.1426165729158025e-06,2.037909646010166e-05,0.0024870000779628
2020-06-16,0.0024870000779628,0.0025299999397248,0.0024339999072253,0.0024790000170469,196212619,0.0032271322552992476,0.002509428587342957,0.0025433666616056865,4.273501279435934e-05,0.0024790000170469,0.00251100002788,0.0025329999625682,46.156384971734894,-8.747225660756495e-07,1.61283326548662e-05,0.0024850000627338
2020-06-17,0.0024850000627338,0.0024920001160353,0.0024580000899732,0.0024900001008063,185083517,-0.0008041878433063809,0.002495285755555486,0.00254143332907304,2.7668948956199102e-05,0.0024870000779628,0.0024790000170469,0.00251100002788,45.97742559305461,-4.171787521546535e-06,1.2068308619583653e-05,0.0024719999637454
2020-06-18,0.0024719999637454,0.0024929998908191,0.0024470000062137,0.0024850000627338,171388606,-0.005231428032278829,0.0024981428869068,0.0025392333278431967,2.311153146976816e-05,0.0024850000627338,0.0024870000779628,0.0024790000170469,44.76253984610986,-7.74446126611478e-06,8.105754642443967e-06,0.0024349999148398
2020-06-19,0.0024349999148398,0.0024719999637454,0.002430000109598,0.0024709999561309,173280984,-0.014967657543788926,0.0024860000038252716,0.0025367999915033067,3.0773385061099676e-05,0.0024719999637454,0.0024850000627338,0.0024870000779628,41.408840123923575,-1.340687951126773e-05,3.8032278117016284e-06,0.0024470000062137
2020-06-20,0.0024470000062137,0.0024659999180585,0.0024190000258386,0.0024349999148398,158275082,0.004928169114408076,0.002473714295774629,0.0025355333229526364,2.5617184025697227e-05,0.0024349999148398,0.0024719999637454,0.0024850000627338,42.9029752332789,-1.6733189884210464e-05,-3.040557274807901e-07,0.0024470000062137
2020-06-21,0.0024470000062137,0.0024780000094324,0.0024409999605268,0.0024470000062137,169917761,0.0,0.0024645714355365856,0.00253266665774082,2.1117626520767013e-05,0.0024470000062137,0.0024349999148398,0.0024719999637454,42.9029752332789,-1.914858188712277e-05,-4.072960959409186e-06,0.0024739999789744
2020-06-22,0.0024739999789744,0.0024949999060481,0.0024429999757558,0.0024470000062137,173530825,0.011033907924862474,0.002463857144383371,0.0025303333221623767,2.0627113561288124e-05,0.0024470000062137,0.0024470000062137,0.0024349999148398,46.46535982211232,-1.866892159069211e-05,-6.992153085665771e-06,0.0024840000551193
2020-06-23,0.0024840000551193,0.0024920001160353,0.0024570000823587,0.0024739999789744,171604774,0.004042067999145749,0.002463428569691443,0.0025311999876672466,2.0090307064226563e-05,0.0024739999789744,0.0024470000062137,0.0024470000062137,47.76526415668916,-1.7282641248987478e-05,-9.050250718330113e-06,0.002430000109598
2020-06-24,0.002430000109598,0.0024969999212771,0.0023890000302344,0.0024830000475049,178380748,-0.021739108020553788,0.0024555714335291853,0.0025275333241248565,2.0982981751275978e-05,0.0024840000551193,0.0024739999789744,0.0024470000062137,41.855099496505716,-2.0307258957339737e-05,-1.1301652366132039e-05,0.0024170000106096
2020-06-25,0.0024170000106096,0.0024329998996108,0.0023900000378489,0.002430000109598,160003354,-0.005349834733361591,0.0024477142973669285,0.0025252333221335663,2.390058953009723e-05,0.002430000109598,0.0024840000551193,0.0024739999789744,40.55414917693315,-2.3482596865153672e-05,-1.3737841265936366e-05,0.0023590000346302
2020-06-26,0.0023590000346302,0.0024270000867545,0.0023590000346302,0.0024170000106096,151319087,-0.02399668006818556,0.0024368571716226997,0.0025201999892790566,4.145450058640711e-05,0.0024170000106096,0.002430000109598,0.0024840000551193,35.28470654040956,-3.0329567989402853e-05,-1.7056186610629666e-05,0.0023129999171942
2020-06-27,0.0023129999171942,0.0023789999540895,0.0022940000053495,0.0023590000346302,152534000,-0.01949983754163498,0.0024177143017627715,0.0025131666567176033,6.1891638946519e-05,0.0023590000346302,0.0024170000106096,0.002430000109598,31.759980084514467,-3.901789299059653e-05,-2.144852788662304e-05,0.0023260000161826
2020-06-28,0.0023260000161826,0.0023610000498592,0.00228299992159,0.0023129999171942,172693834,0.005620449396370741,0.0024004285889011857,0.0025062999920919,6.885460095892855e-05,0.0023129999171942,0.0023590000346302,0.0024170000106096,33.773442338709856,-4.4343291941281986e-05,-2.6027480697554834e-05,0.0023129999171942
2020-06-29,0.0023129999171942,0.0023409998975694,0.0023010000586509,0.0023260000161826,172655788,-0.00558903649955067,0.002377428580075443,0.00249623332638288,6.704943051775708e-05,0.0023260000161826,0.0023129999171942,0.0023590000346302,32.733332387691675,-4.9047321329739706e-05,-3.0631448823991805e-05,0.0023199999704957
2020-06-30,0.0023199999704957,0.0023399998899549,0.0022970000281929,0.0023109999019652,165641131,0.0030263958288383463,0.002353999996557786,0.002488399995490857,5.0119911250031086e-05,0.0023129999171942,0.0023260000161826,0.0023129999171942,33.91353298333128,-5.161546179716092e-05,-3.482825141862563e-05,0.0023539999965578
2020-07-01,0.0023539999965578,0.002375999931246,0.0023010000586509,0.0023199999704957,152549214,0.014655183833832464,0.0023431428375520432,0.0024786333320661867,3.757408355149637e-05,0.0023199999704957,0.0023129999171942,0.0023260000161826,39.46871620483785,-5.0327074479820065e-05,-3.792801603086452e-05,0.0023610000498592
2020-07-02,0.0023610000498592,0.002381999976933,0.0023020000662654,0.0023300000466406,110789127,0.0029736844994205924,0.0023351428431591286,0.00247196666896338,2.1935014534344783e-05,0.0023539999965578,0.0023199999704957,0.0023129999171942,40.576239236249656,-4.818571749227833e-05,-3.997955632314729e-05,0.0023159999400377
2020-07-03,0.0023159999400377,0.0023660000879317,0.0023040000814944,0.0023610000498592,111575143,-0.019059766569756498,0.002328999972503057,0.00246306666328256,2.0083203228403423e-05,0.0023610000498592,0.0023539999965578,0.0023199999704957,36.01434406912826,-4.9548643513528876e-05,-4.189337376122361e-05,0.0023089998867362
2020-07-04,0.0023089998867362,0.0023399998899549,0.002288999967277,0.0023149999324232,109218071,-0.003022475597035612,0.0023284285395804858,0.0024523333258305432,2.0662874207864966e-05,0.0023159999400377,0.0023610000498592,0.0023539999965578,35.348583634379025,-5.061021495008679e-05,-4.363674199899625e-05,0.0023089998867362
2020-07-05,0.0023089998867362,0.0023270000237971,0.0022770001087337,0.0023070001043379,110140542,0.0,0.0023259999496595715,0.00244276665616775,2.1954554218515072e-05,0.0023089998867362,0.0023159999400377,0.0023610000498592,35.348583634379025,-5.0865175876733514e-05,-4.50824287745437e-05,0.0026159998960793
2020-07-06,0.0026159998960793,0.0026239999569952,0.0023020000662654,0.0023089998867362,132105139,0.13295800104046274,0.0023692856609288716,0.002443733322434074,0.00011083577429717148,0.0023089998867362,0.0023089998867362,0.0023159999400377,66.67902756227127,-2.599524222919548e-05,-4.126499146547406e-05,0.0030900000128895
2020-07-07,0.0030900000128895,0.003258999902755,0.002600000007078,0.0026140001136809,283970310,0.18119271240056323,0.0024792856669851285,0.0024598666544382235,0.000290404172863223,0.0026159998960793,0.0023089998867362,0.0023089998867362,81.54754000524002,3.1597965727144916e-05,-2.6692400026950266e-05,0.004749999847263
2020-07-08,0.004749999847263,0.0054199998266994,0.0030610000248998,0.0030970000661909,1226813925,0.537216772637231,0.0028215713599430143,0.00253206665317212,0.0008968776785579685,0.0030900000128895,0.0026159998960793,0.0023089998867362,93.12225397034337,0.00020878239788538634,2.0402559555517053e-05,0.0043970001861453
2020-07-09,0.0043970001861453,0.0050139999948441,0.0041479999199509,0.0047320001758635,511315527,-0.07431572051967572,0.0031124285222696,0.00259299999258165,0.0010411533872260168,0.004749999847263,0.0030900000128895,0.0026159998960793,81.42545287159157,0.00031706330597848975,7.973470884011159e-05,0.0035149999894201
2020-07-10,0.0035149999894201,0.0043939999304711,0.0034380001015961,0.0043939999304711,225424869,-0.2005913485071784,0.0032837142436099426,0.00262403332938745,0.0009854268081746324,0.0043970001861453,0.004749999847263,0.0030900000128895,60.856942790988136,0.0003279265281818629,0.00012937307270846187,0.0038109999150037
2020-07-11,0.0038109999150037,0.0039200000464916,0.0034759999252855,0.0035280000884085,155299369,0.08421050539816166,0.0034982856762195863,0.002669333325078034,0.0008974103269530375,0.0035149999894201,0.0043970001861453,0.004749999847263,64.13157522281513,0.000356313074932692,0.0001747610731533079,0.0036299999337643
2020-07-12,0.0036299999337643,0.0038439999334514,0.003614000044763,0.0038109999150037,87562043,-0.04749409217429079,0.0036869999686521718,0.0027063333196564936,0.0007286663773551029,0.0038109999150037,0.0035149999894201,0.0043970001861453,60.78298904282634,0.0003600539540838145,0.00021181964933940925,0.0031779999844729
2020-07-13,0.0031779999844729,0.0036359999794512,0.0030590000096708,0.0036299999337643,143177055,-0.12451789463882368,0.0037672856955655427,0.0027278333203866506,0.0006127325925377503,0.0036299999337643,0.0038109999150037,0.0035149999894201,53.29869731702306,0.0003228246873318609,0.00023402065693789957,0.0032939999364316
2020-07-14,0.0032939999364316,0.0033690000418573,0.0030610000248998,0.0031689999159425,103213409,0.03650092905143287,0.003796428541785843,0.00275393331733837,0.0005790776797616037,0.0031779999844729,0.0036299999337643,0.0038109999150037,54.83567747544464,0.0002992311020006042,0.0002470627459504405,0.003084999974817
2020-07-15,0.003084999974817,0.003303000004962,0.0030739998910576,0.0032870001159608,69399827,-0.06344868416755656,0.0035585714171507,0.0027741333159307063,0.0004495898212594361,0.0032939999364316,0.0031779999844729,0.0036299999337643,51.54419100586584,0.00026066369658947356,0.00024978293607824713,0.0029949999880045
2020-07-16,0.0029949999880045,0.0030980000738054,0.0028929999098181,0.0030859999824315,78457844,-0.0291734157365231,0.003358285674559157,0.00279106664626543,0.0003018375248801154,0.003084999974817,0.0032939999364316,0.0031779999844729,50.1482546877796,0.0002202970558340075,0.00024388576002939923,0.0030610000248998
2020-07-17,0.0030610000248998,0.0030839999672025,0.0029370000120252,0.0029909999575465,74705371,0.022036740287025625,0.0032934285367705427,0.002810266645004297,0.00031118311632399024,0.0029949999880045,0.003084999974817,0.0032939999364316,51.19216182457566,0.0001914252227912124,0.00023339365258176186,0.003472999902442
2020-07-18,0.003472999902442,0.0036289999261498,0.0030310000292956,0.0030600000172853,204080851,0.1345964959786914,0.0032451428206903,0.0028436333096275167,0.000234184671599122,0.0030610000248998,0.0029949999880045,0.003084999974817,57.215114675314304,0.00019948944385459778,0.00022661281083632907,0.0033819999080151
2020-07-19,0.0033819999080151,0.0037529999390244,0.0033289999701082,0.0034640000667423,116746163,-0.026202129854053458,0.0032097142455832714,0.0028751999760666938,0.0001783644862823066,0.003472999902442,0.0030610000248998,0.0029949999880045,55.58358342955016,0.00019627492298012307,0.0002205452332650879,0.0032389999832957
2020-07-20,0.0032389999832957,0.0034330000635236,0.0031669999007135,0.0033829999156296,81038624,-0.04228265186539493,0.003218428531129386,0.00290159997530276,0.0001780466364317864,0.0033819999080151,0.003472999902442,0.0030610000248998,53.02474796001958,0.00018011227105834424,0.00021245864082373918,0.003305000020191
2020-07-21,0.003305000020191,0.003309000050649,0.0031870000530034,0.0032319999299943,77748189,0.02037667095883866,0.003219999971666443,0.00293019997576867,0.0001788714286433599,0.0032389999832957,0.0033819999080151,0.003472999902442,54.07557821902387,0.00017066162339551176,0.00020409923733809372,0.0032850001007318
2020-07-22,0.0032850001007318,0.0033040000125765,0.0032210000790655,0.0033019999973475,54443238,-0.006051412809989776,0.0032485714182257,0.0029572333131605835,0.0001694381168397688,0.003305000020191,0.0032389999832957,0.0033819999080151,53.68367893224487,0.00015971697283790904,0.0001952227844380568,0.0032949999440461
2020-07-23,0.0032949999440461,0.0033209999091923,0.0032649999484419,0.0032830000855028,58737115,0.003044092239775642,0.0032914285548030714,0.002984266642791477,0.0001273156519085485,0.0032850001007318,0.003305000020191,0.0032389999832957,53.8637174922539,0.00015011967602340196,0.00018620216275512584,0.003220000071451
2020-07-24,0.003220000071451,0.0033229999244213,0.0031769999768584,0.0032949999440461,58910215,-0.02276172196318882,0.003314142847167529,0.0030105999748532434,8.72246129471297e-05,0.0032949999440461,0.0032850001007318,0.003305000020191,52.22405640327108,0.0001349067650241267,0.00017594308320892604,0.0032339999452233
2020-07-25,0.0032339999452233,0.0032949999440461,0.0031890000682324,0.0032190000638365,63203396,0.004347786789331121,0.0032799999961362855,0.0030378333060070333,5.5791246936585995e-05,0.003220000071451,0.0032949999440461,0.0032850001007318,52.51463646501282,0.0001225672176757707,0.000165267910102295,0.0032349999528378
2020-07-26,0.0032349999528378,0.0032699999865144,0.0031840000301599,0.0032379999756813,62592233,0.00030921695468100197,0.0032590000025395287,0.00306703330328062,3.4665071673006554e-05,0.0032339999452233,0.003220000071451,0.0032949999440461,52.53684280743312,0.0001115824764270669,0.00015453082336724938,0.0031530000269412
2020-07-27,0.0031530000269412,0.0032430000137537,0.0030400000978261,0.0032339999452233,83138808,-0.025347736349939698,0.003246714294488886,0.0030950333069388533,5.3212509283566204e-05,0.0032349999528378,0.0032339999452233,0.003220000071451,50.45330344984731,9.516329786807406e-05,0.00014265731826741432,0.0031969998963177
2020-07-28,0.0031969998963177,0.0032190000638365,0.0031320000998675,0.0031550000421702,63084930,0.013954921979238089,0.0032312857053641286,0.00312406663627669,4.8985427924637565e-05,0.0031530000269412,0.0032349999528378,0.0032339999452233,51.56333314888696,8.472474814541454e-05,0.00013107080424301437,0.0031920000910758
2020-07-29,0.0031920000910758,0.0032619999255985,0.0031749999616295,0.0031979999039322,55817191,-0.0015639053500310363,0.0032179999896989856,0.003153366642072743,4.438465280723199e-05,0.0031969998963177,0.0031530000269412,0.0032349999528378,51.42235291619425,7.51820281651122e-05,0.00011989304902743393,0.0032309999223798
2020-07-30,0.0032309999223798,0.0032440000213682,0.0031630001030862,0.0031920000910758,53506822,0.012217991914547754,0.003208857129460943,0.0031837333071355464,3.0207191350826606e-05,0.0031920000910758,0.0031969998963177,0.0031530000269412,52.51300504612915,6.995986055618976e-05,0.0001099064113331851,0.0032250001095235
2020-07-31,0.0032250001095235,0.0032399999909102,0.0031810000073164,0.0032289999071508,54497306,-0.0018569523368731078,0.003209571420614157,0.0032127666442344034,3.057151621465676e-05,0.0032309999223798,0.0031920000910758,0.0031969998963177,52.318395628401746,6.45925377793957e-05,0.00010084363662242723,0.0036889999173581
2020-08-01,0.0036889999173581,0.0037970000412315,0.0032029999420046,0.0032250001095235,150687884,0.14387590451994026,0.003274571416633415,0.003257033306484367,0.00018497190774098188,0.0032250001095235,0.0032309999223798,0.0031920000910758,63.56419103167389,9.666550274985922e-05,0.00010000800984791363,0.0033360000234097
2020-08-02,0.0033360000234097,0.0037360000424087,0.0032659999560564,0.0036959999706596,101249531,-0.09568986225437581,0.003288999998143686,0.0032910333092634335,0.00018530961710642885,0.0036889999173581,0.0032250001095235,0.0032309999223798,53.27057110827772,9.253275723795874e-05,9.851295932592266e-05,0.0033889999613165
2020-08-03,0.0033889999613165,0.0034409998916089,0.0033080000430345,0.0033360000234097,66931510,0.01588727144331048,0.003322714274483014,0.0033270333117494436,0.00017775702452912226,0.0033360000234097,0.0036889999173581,0.0032250001095235,54.462927758489506,9.246826212874499e-05,9.730401988648714e-05,0.0035349999088793
2020-08-04,0.0035349999088793,0.0035610001068562,0.0033760000951588,0.0033889999613165,74386428,0.04308053975488524,0.003370999990563243,0.0033678999791542136,0.00018372346596110103,0.0033889999613165,0.0033360000234097,0.0036889999173581,57.66737363575064,0.00010301068186723428,9.844535228263657e-05,0.0035129999741911
2020-08-05,0.0035129999741911,0.0035769999958574,0.003484999993816,0.0035429999697953,66465690,-0.006223461175469902,0.0034168571167225714,0.0033977999817579397,0.00017123510682937594,0.0035349999088793,0.0033889999613165,0.0033360000234097,57.01628498113435,0.00010834152098217979,0.00010042458602254521,0.0035600000992417
2020-08-06,0.0035600000992417,0.0036359999794512,0.0034610000438988,0.0035170000046491,62944678,0.013378914146283893,0.003463857141988557,0.0034134666513030137,0.00015621180652972803,0.0035129999741911,0.0035349999088793,0.0033889999613165,58.10456086976535,0.00011503274085140555,0.0001033462169883173,0.0035329998936504
2020-08-07,0.0035329998936504,0.0036110000219196,0.0034250000026077,0.0035629998892545,68990009,-0.007584327201859198,0.003507857111149543,0.0033728999861825934,0.00011589422486465088,0.0035600000992417,0.0035129999741911,0.0035349999088793,57.20847796198685,0.0001168103726009069,0.00010603904811083523,0.0035099999513477
2020-08-08,0.0035099999513477,0.0035359999164938,0.0034529999829828,0.0035339999012649,62509900,-0.006510031982745357,0.0034822856874337713,0.0033433333116893397,8.485617212762006e-05,0.0035329998936504,0.0035600000992417,0.0035129999741911,56.41040690393038,0.00011503717845912304,0.0001078386741804928,0.0034630000591278
2020-08-09,0.0034630000591278,0.0035329998936504,0.0034300000406801,0.0035079999361187,57020040,-0.013390282869335746,0.0035004285496792143,0.0033415999806795968,5.7549566311580286e-05,0.0035099999513477,0.0035329998936504,0.0035600000992417,54.73019910992527,0.0001085876796415035,0.00010798847527269495,0.0034990001004189
2020-08-10,0.0034990001004189,0.0035570000763982,0.0034539999905973,0.0034680000972002,68038181,0.0103956224881403,0.0035161428552652717,0.003331199986860103,3.0899972649188435e-05,0.0034630000591278,0.0035099999513477,0.0035329998936504,55.81577898937136,0.00010516898523335377,0.00010742457726482673,0.003393999999389
2020-08-11,0.003393999999389,0.0035709999501705,0.0033460000995546,0.0034950000699609,78539442,-0.030008601890960107,0.0034960000110523712,0.0033233333223809266,5.393205512191134e-05,0.0034990001004189,0.0034630000591278,0.0035099999513477,51.906084084178325,9.291593756380464e-05,0.00010452284932462231,0.0034839999862015
2020-08-12,0.0034839999862015,0.0035339999012649,0.0033410000614821,0.0033970000222325,70865885,0.0265173797373901,0.0034918571556252853,0.003333533322438547,5.352080360338506e-05,0.003393999999389,0.0034990001004189,0.0034630000591278,54.82689367545887,8.943658648508318e-05,0.00010150559675671449,0.0035170000046491
2020-08-13,0.0035170000046491,0.0035490000154823,0.0033650000113993,0.003482999978587,73302994,0.00947187674463179,0.0034857142849691997,0.003340966658045797,4.638860597020846e-05,0.0034839999862015,0.003393999999389,0.0034990001004189,55.884825134293095,8.83238589179723e-05,9.886924918896606e-05,0.0035610001068562
2020-08-14,0.0035610001068562,0.0035790000110864,0.0034759999252855,0.0035139999818056,61334640,0.01251069154078377,0.0034897143154271715,0.00335683332911377,5.201192341882135e-05,0.0035170000046491,0.0034839999862015,0.003393999999389,57.32006826806535,8.995550377601013e-05,9.708650010637488e-05,0.0035389999393373
2020-08-15,0.0035389999393373,0.0036069999914616,0.0035000001080334,0.0035629998892545,64309678,-0.006178086733707788,0.0034938571708542573,0.0033749666608248632,5.496796644142559e-05,0.0035610001068562,0.0035170000046491,0.0034839999862015,56.33320067934309,8.845372494503375e-05,9.535994507410665e-05,0.0035240000579506
2020-08-16,0.0035240000579506,0.0035520000383257,0.0034690001048147,0.0035399999469518,52637926,-0.00423845200446904,0.0035025714564003714,0.00339039999525989,5.408900827738037e-05,0.0035389999393373,0.0035610001068562,0.0035170000046491,55.629954450893905,8.507252620678241e-05,9.33024613006418e-05,0.0035910001024603
2020-08-17,0.0035910001024603,0.0037179999053478,0.0035000001080334,0.0035240000579506,77628715,0.019012498129374,0.003515714313834857,0.0033943333352604997,6.34447960148899e-05,0.0035240000579506,0.0035389999393373,0.0035610001068562,58.14345132528918,8.679868429346425e-05,9.20017058992063e-05,0.0035139999818056
2020-08-18,0.0035139999818056,0.003709000069648,0.003482999978587,0.0035929998848587,62570291,-0.021442528114088533,0.0035328571684658003,0.0033987333377201836,3.4839812445016356e-05,0.0035910001024603,0.0035240000579506,0.0035389999393373,54.33401047225645,8.101946879013637e-05,8.980525847739232e-05,0.0034239999949932
2020-08-19,0.0034239999949932,0.0035379999317228,0.0033680000342428,0.0035079999361187,53306857,-0.025611834740578376,0.0035242857411503284,0.003404900004776767,5.2011937061424685e-05,0.0035139999818056,0.0035910001024603,0.0035240000579506,50.19447096088149,6.838880847867546e-05,8.552196847764894e-05,0.0034590000286698
2020-08-20,0.0034590000286698,0.0034990001004189,0.003389999968931,0.0034239999949932,43536656,0.010221972467225227,0.003516000030296143,0.0034100333383927264,5.767729311797463e-05,0.0034239999949932,0.0035139999818056,0.0035910001024603,51.73449611482277,6.050565783302956e-05,8.051870634872508e-05,0.0033929999917745
2020-08-21,0.0033929999917745,0.0035540000535547,0.0033889999613165,0.0034570000134408,60621268,-0.019080669658358196,0.0034920000138559,0.0034136333347608164,6.956054666079564e-05,0.0034590000286698,0.0034239999949932,0.0035139999818056,48.67787063849276,4.837491683031426e-05,7.408994844504292e-05,0.0034419998992234
2020-08-22,0.0034419998992234,0.0034469999372959,0.0033539999276399,0.00339199998416,44884852,0.014441469958057285,0.0034781428652682,0.003418533333266727,6.828725162823536e-05,0.0033929999917745,0.0034590000286698,0.0034239999949932,50.99290137508114,4.2228318441428665e-05,6.771762244432007e-05,0.0034139999188482
2020-08-23,0.0034139999188482,0.0034529999829828,0.003387999953702,0.0034380001015961,39485548,-0.00813479988233512,0.003462428559682143,0.003424999994846633,6.863156715874557e-05,0.0034419998992234,0.0033929999917745,0.0034590000286698,49.61563544914627,3.4697756386685256e-05,6.111364923279312e-05,0.0034179999493062
2020-08-24,0.0034179999493062,0.0034650000743567,0.0033859999384731,0.0034099998883903,46470522,0.00117165511220918,0.0034377142520886994,0.0034311333283160634,3.964305923448197e-05,0.0034139999188482,0.0034419998992234,0.0033929999917745,49.82412930068607,2.8721418102420522e-05,5.46352030067186e-05,0.003305000020191
2020-08-25,0.003305000020191,0.0034340000711381,0.0032389999832957,0.0034179999493062,76826314,-0.03306024891490633,0.0034078571147151855,0.003433466663894503,4.99714036517935e-05,0.0034179999493062,0.0034139999188482,0.0034419998992234,44.25303985063401,1.4697552815217362e-05,4.664767296841835e-05,0.003303000004962
2020-08-26,0.003303000004962,0.0033450000919401,0.0032510000746697,0.0033009999897331,80416711,-0.0006051483258038282,0.0033905714018535858,0.003438466663161863,6.275042748296483e-05,0.003305000020191,0.0034179999493062,0.0034139999188482,44.15892487810821,3.3831551181978323e-06,3.799476939837425e-05,0.0032029999420046
2020-08-27,0.0032029999420046,0.0033140000887215,0.0031649998854845,0.0032999999821186,89847093,-0.030275526129934227,0.0033539999609014143,0.00343866666468476,8.637513186142368e-05,0.003303000004962,0.003305000020191,0.0034179999493062,39.62160564303929,-1.349716895576291e-05,2.769638172754682e-05,0.0032679999712854
2020-08-28,0.0032679999712854,0.0032709999941289,0.0031820000149309,0.0032029999420046,64056957,0.0202934843764373,0.0033361428151172574,0.0034411999940250804,8.982096325601185e-05,0.0032029999420046,0.003303000004962,0.003305000020191,43.67292088918351,-2.138349267272535e-05,1.7880406847492387e-05,0.0032820000778883
2020-08-29,0.0032820000778883,0.0033009999897331,0.0032420000061392,0.0032669999636709,78149363,0.004283998386142462,0.003313285697783671,0.003442899999208697,7.796945095250179e-05,0.0032679999712854,0.0032029999420046,0.003303000004962,44.53615173676877,-2.620173217868704e-05,9.063979042256503e-06,0.0032999999821186
2020-08-30,0.0032999999821186,0.0033440000843256,0.0032740000169724,0.0032840000931173,79325829,0.005484431384255695,0.0032969999925365856,0.0034453999949618664,6.409887965654022e-05,0.0032820000778883,0.0032679999712854,0.0032029999420046,45.688607316491456,-2.8242221115941032e-05,1.6027390106169963e-06,0.0032210000790655
2020-08-31,0.0032210000790655,0.0033080000430345,0.0032039999496191,0.0033009999897331,85369757,-0.023939364691263454,0.0032688571539307714,0.003429800000352113,4.131759107845014e-05,0.0032999999821186,0.0032820000778883,0.0032679999712854,41.602800665013454,-3.5821032679382754e-05,-5.882015327382954e-06,0.0032560001127421
2020-09-01,0.0032560001127421,0.0032810000702738,0.0031940001063048,0.003220000071451,81863764,0.010866200812623017,0.0032618571671523574,0.0034271333366631936,3.820745568056257e-05,0.0032210000790655,0.0032999999821186,0.0032820000778883,43.992496850151376,-3.855860563175932e-05,-1.2417333388258227e-05,0.0031220000237226
2020-09-02,0.0031220000237226,0.0032659999560564,0.0030650000553578,0.0032579998951405,56647412,-0.041154817069907756,0.0032360000269753,0.0034182333387433963,6.047865132403173e-05,0.0032560001127421,0.0032210000790655,0.0032999999821186,37.641537497488486,-5.095347922697956e-05,-2.0124562556002496e-05,0.0028019999153912
2020-09-03,0.0028019999153912,0.0031340001150965,0.0027900000568479,0.0031220000237226,59904548,-0.10249843238304646,0.0031787143088876715,0.003393800005627127,0.00017618244349020492,0.0031220000237226,0.0032560001127421,0.0032210000790655,27.450118328775105,-8.561097026702803e-05,-3.32218440982076e-05,0.0028989999555051
2020-09-04,0.0028989999555051,0.0029579999390989,0.0027530000079423,0.0027989998925477,53434717,0.034618145268700884,0.0031260000209190576,0.0033733333383375932,0.00019877044433686138,0.0028019999153912,0.0031220000237226,0.0032560001127421,33.34165155362109,-0.0001040507566822872,-4.7387626615023526e-05,0.0027580000460147
2020-09-05,0.0027580000460147,0.0029339999891817,0.0027199999894946,0.0028999999631196,62295889,-0.04863743071904725,0.003051142873508543,0.0033466000032300264,0.00022690708574853798,0.0028989999555051,0.0028019999153912,0.0031220000237226,29.581207560044803,-0.0001285599752099179,-6.36220963340024e-05,0.0027870000340044
2020-09-06,0.0027870000340044,0.0028140000067651,0.0027040001004934,0.0027580000460147,89557154,0.010514861314670831,0.002977857166635086,0.0033217333412418264,0.00021570310178164095,0.0027580000460147,0.0028989999555051,0.0028019999153912,31.2974881835719,-0.00014398389410036566,-7.969445588727506e-05,0.0028109999839216
2020-09-07,0.0028109999839216,0.0028319999109953,0.0027079998981207,0.0027870000340044,102610335,0.00861139204319139,0.0029192857244716712,0.003298433342327623,0.00019316466007336398,0.0027870000340044,0.0027580000460147,0.0028989999555051,32.75810689096117,-0.00015251279301999564,-9.425812331381918e-05,0.0027560000307857
2020-09-08,0.0027560000307857,0.0028339999262243,0.0027000000700354,0.002820000052452,57144396,-0.019565974190853486,0.0028478571413350427,0.00327486667471622,0.0001300300327356385,0.0028109999839216,0.0027870000340044,0.0027580000460147,31.125015508521102,-0.0001618444019049624,-0.00010777537903204783,0.0027789999730885
2020-09-09,0.0027789999730885,0.0028069999534636,0.0027040001004934,0.0027580000460147,77050464,0.008345407128403703,0.0027988571341015997,0.003250866670471873,4.8694354861764876e-05,0.0027560000307857,0.0028109999839216,0.0027870000340044,32.63739123968156,-0.00016547635760657967,-0.0001193155747469542,0.0028049999382346
2020-09-10,0.0028049999382346,0.002858999883756,0.0027520000003278,0.0027920000720769,104276032,0.009355870960014778,0.0027992857087935146,0.0032312333351000597,4.873980646750183e-05,0.0027789999730885,0.0027560000307857,0.0028109999839216,34.391234406197455,-0.00016436206519469245,-0.00012832487283650186,0.0028059999458491
2020-09-11,0.0028059999458491,0.0028250000905245,0.0027419999241828,0.0028049999382346,134077501,0.00035650896132621845,0.002785999993128371,0.00320863333375498,2.2803474529743108e-05,0.0028049999382346,0.0027789999730885,0.0027560000307857,34.46191185258391,-0.00016153619941904106,-0.0001349671381530097,0.0028190000448375
2020-09-12,0.0028190000448375,0.0028309999033808,0.0027809999883174,0.0028019999153912,117125272,0.004632964803734652,0.0027947142786744856,0.0031853666684279265,2.195990919134981e-05,0.0028059999458491,0.0028049999382346,0.0027789999730885,35.43564473761505,-0.00015644428871347017,-0.0001392625682651018,0.002775999950245
2020-09-13,0.002775999950245,0.00282400008291,0.0027459999546408,0.0028190000448375,124253232,-0.015253669353871513,0.002793142838137429,0.0031591999965408864,2.2974102123768843e-05,0.0028190000448375,0.0028059999458491,0.0028049999382346,33.65450999154585,-0.0001541022660630541,-0.00014223050782469226,0.0028029999230057
2020-09-14,0.0028029999230057,0.0028429999947547,0.0027419999241828,0.002775999950245,128520946,0.009726215145759332,0.0027919999722923,0.0031346666626631665,2.212087129282963e-05,0.002775999950245,0.0028190000448375,0.0028059999458491,35.835384282775436,-0.00014835735287098504,-0.00014345587683395084,0.0028319999109953
2020-09-15,0.0028319999109953,0.0028780000284314,0.0027850000187754,0.0027989998925477,100194174,0.01034605379457254,0.0028028570980365287,0.00311159999109799,2.0061807546956727e-05,0.0028029999230057,0.002775999950245,0.0028190000448375,38.18570601139477,-0.00013985228106753317,-0.0001427351576806673,0.002826000098139
2020-09-16,0.002826000098139,0.002858999883756,0.0027910000644624,0.0028309999033808,148555505,-0.002118578052564768,0.0028095714016151715,0.0030860999909539466,1.855496190349392e-05,0.0028319999109953,0.0028029999230057,0.002775999950245,37.87658600430471,-0.0001320736226337921,-0.00014060285067129228,0.0028140000067651
2020-09-17,0.0028140000067651,0.002858999883756,0.0027809999883174,0.00282400008291,161305349,-0.0042463166868969004,0.0028108571256909567,0.003062766658452597,1.849712738409826e-05,0.002826000098139,0.0028319999109953,0.0028029999230057,37.227471428729395,-0.00012543139186073013,-0.00013756855890917986,0.0028039999306201
2020-09-18,0.0028039999306201,0.0028250000905245,0.0027489999774843,0.0028140000067651,147868185,-0.003553687320880905,0.002810571409229672,0.0030420999896401597,1.8599819980003594e-05,0.0028140000067651,0.002826000098139,0.0028319999109953,36.663588507009244,-0.00011959567420268165,-0.00013397398196788023,0.0027940000873059
2020-09-19,0.0027940000873059,0.0028140000067651,0.0027729999274015,0.0027960001025348,147046520,-0.0035662780176989317,0.0028069999867251574,0.00301993332492803,1.91049784998688e-05,0.0028039999306201,0.0028140000067651,0.002826000098139,36.075140621493105,-0.00011445832537084009,-0.00013007085064847221,0.002777999965474
2020-09-20,0.002777999965474,0.0028059999458491,0.0027220000047236,0.0027940000873059,145951917,-0.005726600333548326,0.0028072857031864427,0.0029994333240513467,1.8571612541750506e-05,0.0027940000873059,0.0028039999306201,0.0028140000067651,35.10429958189077,-0.00011040533158466776,-0.00012613774683571132,0.0026300000026822
2020-09-21,0.0026300000026822,0.0028019999153912,0.0026159998960793,0.002777999965474,78753428,-0.05327572520921442,0.002782571428854514,0.0029723666608333066,6.97683225105911e-05,0.002777999965474,0.0027940000873059,0.0028039999306201,27.68305008556304,-0.00011777799352379655,-0.00012446579617332836,0.0026559999678283
2020-09-22,0.0026559999678283,0.0026720000896602,0.002604000037536,0.0026249999646097,36467574,0.009885918296419938,0.002757428579830657,0.00294709999579931,7.995595960273396e-05,0.0026300000026822,0.002777999965474,0.0027940000873059,30.464179182105383,-0.00012013802496275506,-0.00012360024193121372,0.0025599999353289
2020-09-23,0.0025599999353289,0.0026509999297559,0.0025400000158697,0.0026479999069124,79707709,-0.03614459098728651,0.0027194285565720717,0.0029184999953334,0.00010208308464928817,0.0026559999678283,0.0026300000026822,0.002777999965474,26.423497431361,-0.0001282760803925152,-0.00012453540962347403,0.0026279999874532
2020-09-24,0.0026279999874532,0.0026499999221414,0.0025359999854117,0.0025569999124854,111915974,0.02656252103208101,0.0026928571252418,0.002895933327575473,9.746698103120086e-05,0.0025599999353289,0.0026559999678283,0.0026300000026822,33.18384739325684,-0.00012776570848976182,-0.0001251814693967316,0.0026980000548064
2020-09-25,0.0026980000548064,0.0027209999971091,0.0026159998960793,0.0026279999874532,124575712,0.026636251022602586,0.002677714285839843,0.0028757666625702865,8.47225489358179e-05,0.0026279999874532,0.0025599999353289,0.0026559999678283,39.36058222056495,-0.00012032577403646872,-0.00012421033032467902,0.0027159999590367
2020-09-26,0.0027159999590367,0.0027530000079423,0.0026779999025166,0.0026990000624209,108180296,0.006671572966884698,0.0026665714103728147,0.00285953332980469,7.087750139373055e-05,0.0026980000548064,0.0026279999874532,0.0025599999353289,40.87418206408798,-0.00011168964187336337,-0.0001217061926344159,0.0026920000091195
2020-09-27,0.0026920000091195,0.0027340000960975,0.0026640000287443,0.0026970000471919,76293172,-0.008836505993804367,0.0026542857023221715,0.0028403333310658267,5.372063788565836e-05,0.0027159999590367,0.0026980000548064,0.0026279999874532,39.459897414675766,-0.00010556515094838981,-0.00011847798429721068,0.0026519999373704
2020-09-28,0.0026519999373704,0.0027399999089539,0.0026400000788271,0.0027089999057352,102662350,-0.01485886761277655,0.0026574285501347714,0.002819333326381896,5.269681944363734e-05,0.0026920000091195,0.0027159999590367,0.0026980000548064,37.15255746600747,-0.00010275462787378425,-0.0001153333130125254,0.002684999955818
2020-09-29,0.002684999955818,0.0027099999133497,0.0026360000483691,0.0026620000135153,109463113,0.01244344616399995,0.0026615714055618716,0.0027988333255052097,5.369625605068716e-05,0.0026519999373704,0.0026920000091195,0.0027159999590367,40.25630106551009,-9.674917809160627e-05,-0.00011161648602834158,0.0026300000026822
2020-09-30,0.0026300000026822,0.002684999955818,0.0026169999036937,0.002682999940589,106684832,-0.02048415420515115,0.0026715714151837712,0.0027791333229591,3.483225528778915e-05,0.002684999955818,0.0026519999373704,0.0026920000091195,36.97851562717001,-9.53289595313129e-05,-0.00010835898072893584,0.0026159998960793
2020-10-01,0.0026159998960793,0.0026819999329745,0.0025839998852461,0.0026310000102967,116194992,-0.005323234444342906,0.0026698571164160715,0.002757799982403673,3.7525255339672993e-05,0.0026300000026822,0.002684999955818,0.0026519999373704,36.17116378092725,-9.424670039363597e-05,-0.00010553652466187588,0.0025830001104623
2020-10-02,0.0025830001104623,0.0026279999874532,0.0025390000082552,0.0026140001136809,128239855,-0.012614597449509879,0.002653428552938343,0.00273983331862833,4.71021927059756e-05,0.0026159998960793,0.0026300000026822,0.002684999955818,34.27177268946586,-9.495720162679914e-05,-0.00010342066005486054,0.0025989999994635
2020-10-03,0.0025989999994635,0.0026400000788271,0.0025740000419318,0.0025830001104623,116046378,0.006194304420039876,0.0026367142729993146,0.0027330666547640734,4.1640156582602354e-05,0.0025830001104623,0.0026159998960793,0.0026300000026822,36.02584309184223,-9.31553843634917e-05,-0.00010136760491658677,0.0026350000407546
2020-10-04,0.0026350000407546,0.0026819999329745,0.0025899999309331,0.002606000052765,92364518,0.013851497229138587,0.0026285714203757573,0.0027242666576057233,3.387649006129235e-05,0.0025989999994635,0.0025830001104623,0.0026159998960793,39.91143886550433,-8.781030618396383e-05,-9.86561451700622e-05,0.0026120000984519
2020-10-05,0.0026120000984519,0.0026620000135153,0.0025989999994635,0.0026320000179111,127881032,-0.008728630719912034,0.0026228571576731143,0.0027193999926869634,3.261605736271925e-05,0.0026350000407546,0.0025989999994635,0.0025830001104623,38.31048389986783,-8.44566328516835e-05,-9.581624270638646e-05,0.0026110000908374
2020-10-06,0.0026110000908374,0.0026279999874532,0.0025740000419318,0.0026120000984519,105669881,-0.0003828512928053529,0.0026122857483901712,0.00271353332791473,1.7698507471946774e-05,0.0026120000984519,0.0026350000407546,0.0025989999994635,38.238663853219855,-8.094641494690337e-05,-9.284227715448985e-05,0.0025949999690055
2020-10-07,0.0025949999690055,0.0026120000984519,0.0025649999734014,0.0025929999537765,125523508,-0.006127966784853056,0.0026072857435792142,0.0027063333274175267,1.6780077609341166e-05,0.0026110000908374,0.0026120000984519,0.0026350000407546,37.04212019874373,-7.855014095172093e-05,-8.998384991393607e-05,0.00259599997662
2020-10-08,0.00259599997662,0.0026310000102967,0.0025599999353289,0.0025839998852461,109356096,0.000385359393620055,0.0026044286122278854,0.00270099999227867,1.6751695001824018e-05,0.0025949999690055,0.0026110000908374,0.0026120000984519,37.17444062891744,-7.569778731728212e-05,-8.712663739460528e-05,0.0026529999449849
2020-10-09,0.0026529999449849,0.0026670000515878,0.0025949999690055,0.0026159998960793,100051523,0.021956844714272394,0.0026144285885882574,0.0026967999913418833,2.1923019484945406e-05,0.00259599997662,0.0025949999690055,0.0026110000908374,44.35354553229515,-6.805337844845811e-05,-8.331198560537585e-05,0.0026549999602138
2020-10-10,0.0026549999602138,0.0027159999590367,0.0026539999525994,0.0026539999525994,96632426,0.0007538693065864965,0.002622428582981157,0.002691799992074523,2.5310433162420256e-05,0.0026529999449849,0.00259599997662,0.0025949999690055,44.592790924134356,-6.112908677002654e-05,-7.887540583830599e-05,0.0026740001048892
2020-10-11,0.0026740001048892,0.0027060001157224,0.0026489999145269,0.0026670000515878,107632465,0.0071563634501410345,0.0026280000207146714,0.00268739999737586,3.1958311526240244e-05,0.0026549999602138,0.0026529999449849,0.00259599997662,46.927248446838306,-5.349176309606693e-05,-7.379867728985818e-05,0.0026730000972747
2020-10-12,0.0026730000972747,0.0027079998981207,0.0026289999950677,0.0026740001048892,101246789,-0.00037397441109721097,0.002636714306260786,0.0026825333324571,3.503674267486549e-05,0.0026740001048892,0.0026549999602138,0.0026529999449849,46.815448917339694,-4.6978284892314204e-05,-6.843459881034939e-05,0.0026350000407546
2020-10-13,0.0026350000407546,0.0026769998949021,0.0026269999798387,0.0026670000515878,76963142,-0.014216257065925109,0.0026401428705346715,0.0026778333354740866,3.32286836034589e-05,0.0026730000972747,0.0026740001048892,0.0026549999602138,42.6566558648533,-4.4371110923543435e-05,-6.36219012329882e-05,0.0026370000559836
2020-10-14,0.0026370000559836,0.0026529999449849,0.0026179999113082,0.0026340000331401,87293434,0.0007590190504995764,0.0026461428829601145,0.0026723000065733502,2.6909933621881224e-05,0.0026350000407546,0.0026730000972747,0.0026740001048892,42.94394131358654,-4.166325419557165e-05,-5.9230171825504895e-05,0.0025929999537765
2020-10-15,0.0025929999537765,0.0026509999297559,0.0025690000038594,0.0026499999221414,83794207,-0.016685666011746925,0.002645714308268186,0.0026643333413327234,2.784912116303247e-05,0.0026370000559836,0.0026350000407546,0.0026730000972747,38.38750255780124,-4.2576898767720736e-05,-5.589951721394806e-05,0.0026120000984519
2020-10-16,0.0026120000984519,0.0026159998960793,0.0025569999124854,0.0025949999690055,117882236,0.007327475902083158,0.0026398571873349,0.00265720000800982,3.0267880883587576e-05,0.0025929999537765,0.0026370000559836,0.0026350000407546,41.28460294750761,-4.1291829284413e-05,-5.297797962804105e-05,0.0025810000952333
2020-10-17,0.0025810000952333,0.0026120000984519,0.0025730000343173,0.0026030000299215,125692391,-0.011868300938033371,0.0026292857780519717,0.0026494333442920936,3.639926404865518e-05,0.0026120000984519,0.0025929999537765,0.0026370000559836,38.13398034553483,-4.228738103675923e-05,-5.0839859909784694e-05,0.0025859999004751
2020-10-18,0.0025859999004751,0.0026010000146925,0.0025770000647753,0.0025810000952333,72298803,0.001937158100471903,0.0026167143202785285,0.002642166676620594,3.34600355124081e-05,0.0025810000952333,0.0026120000984519,0.0025929999537765,38.94329548381841,-4.21866193871228e-05,-4.910921180525232e-05,0.0025899999309331
2020-10-19,0.0025899999309331,0.0026189999189227,0.0025720000267028,0.0025949999690055,91049562,0.0015468022474653953,0.0026048571536583,0.0026353666714081666,2.337686521316588e-05,0.0025859999004751,0.0025810000952333,0.0026120000984519,39.62379248009325,-4.1307825130648245e-05,-4.754893447033151e-05,0.0026010000146925
2020-10-20,0.0026010000146925,0.0026229999493807,0.0025810000952333,0.0025899999309331,65577101,0.00424713669989818,0.002600000007078,0.002629466673048783,1.923541755612448e-05,0.0025899999309331,0.0025859999004751,0.0025810000952333,41.55297208357714,-3.927106710695542e-05,-4.58933609976563e-05,0.0026300000026822
2020-10-21,0.0026300000026822,0.0026569999754428,0.002593999961391,0.002600000007078,45017115,0.011149553181809102,0.002598999999463514,0.002629466673048783,1.7048967427104375e-05,0.0026010000146925,0.0025899999309331,0.0025859999004751,46.41417000140004,-3.491439363500354e-05,-4.369756752512574e-05,0.0026549999602138
2020-10-22,0.0026549999602138,0.002688999986276,0.0026239999569952,0.0026269999798387,44976453,0.009505687264678153,0.0026078571432402715,0.0026294333394616333,2.67546127692496e-05,0.0026300000026822,0.0026010000146925,0.0025899999309331,50.255257454286735,-2.9108862038959224e-05,-4.077982642789244e-05,0.0026469998992979
2020-10-23,0.0026469998992979,0.002691000001505,0.0026370000559836,0.0026489999145269,46856082,-0.0030132056631954063,0.0026128571147897004,0.0026323333382606,3.064541589436267e-05,0.0026549999602138,0.0026300000026822,0.0026010000146925,49.04374858739024,-2.4866825197298638e-05,-3.759722618177368e-05,0.0026459998916834
2020-10-24,0.0026459998916834,0.0026529999449849,0.0026239999569952,0.0026469998992979,44797614,-0.0003777890640515036,0.0026221427999968574,0.0026329333350682735,2.9197189958608683e-05,0.0026469998992979,0.0026549999602138,0.0026300000026822,48.885107249590185,-2.133968212311146e-05,-3.4345717370041236e-05,0.0026529999449849
2020-10-25,0.0026529999449849,0.0026759998872876,0.0026239999569952,0.0026449998840689,58532388,0.002645522897979591,0.0026317142349268287,0.0026314333314075566,2.6202490509863688e-05,0.0026459998916834,0.0026469998992979,0.0026549999602138,50.10185302600172,-1.7774654868592428e-05,-3.1031504869751476e-05,0.002678999910131
2020-10-26,0.002678999910131,0.0028929999098181,0.0026360000483691,0.0026529999449849,122152251,0.009800213224749443,0.002644428517669386,0.002630199996444033,2.409600269666582e-05,0.0026529999449849,0.0026459998916834,0.0026469998992979,54.439890094876,-1.270491088409785e-05,-2.7366186072620753e-05,0.0026769998949021
2020-10-27,0.0026769998949021,0.0027079998981207,0.0026300000026822,0.002678999910131,78927089,-0.0007465529287017381,0.0026552856434136143,0.0026296999926367867,1.748057762101889e-05,0.002678999910131,0.0026529999449849,0.0026459998916834,54.050616707208626,-8.747649308988442e-06,-2.364247871989429e-05,0.0025949999690055
2020-10-28,0.0025949999690055,0.0026970000471919,0.0025750000495463,0.0026769998949021,72848720,-0.030631277219231534,0.002650285638602657,0.00262779999369129,2.7849063834243556e-05,0.0026769998949021,0.002678999910131,0.0026529999449849,41.08063272990505,-1.2088847014725661e-05,-2.1331752378860565e-05,0.0025810000952333
2020-10-29,0.0025810000952333,0.0026229999493807,0.0025180000811815,0.0025949999690055,58929515,-0.005394941787828067,0.0026397142293197286,0.0026243333316718002,3.79679710870582e-05,0.0025949999690055,0.0026769998949021,0.002678999910131,39.344747943851736,-1.568562891398652e-05,-2.0202527685885758e-05,0.002597999991849
2020-10-30,0.002597999991849,0.0026070000603795,0.0025329999625682,0.0025810000952333,63444097,0.006586554044339721,0.0026327142425413143,0.0026232666646440264,4.0811352357021496e-05,0.0025810000952333,0.0025949999690055,0.0026769998949021,42.520895079816036,-1.6968749715699262e-05,-1.9555772091848458e-05,0.0025760000571608
2020-10-31,0.0025760000571608,0.0026030000299215,0.0025559999048709,0.002597999991849,56189318,-0.00846802723526674,0.0026227142661809427,0.0026219333366800765,4.533834386595705e-05,0.002597999991849,0.0025810000952333,0.0025949999690055,39.62885988495863,-1.9535648270906786e-05,-1.9551747327660126e-05,0.0025820001028478
2020-11-01,0.0025820001028478,0.0025899999309331,0.0025609999429434,0.0025760000571608,45528682,0.002329210230535672,0.0026125714315899285,0.0026219000030929264,4.537560586843116e-05,0.0025760000571608,0.002597999991849,0.0025810000952333,40.81124306789254,-2.084548653404723e-05,-1.981049516893755e-05,0.002517000073567
2020-11-02,0.002517000073567,0.0025919999461621,0.002515000058338,0.0025820001028478,50142376,-0.025174293838760353,0.0025894285977950716,0.00261916667222971,4.712692094799909e-05,0.0025820001028478,0.0025760000571608,0.002597999991849,33.220579418548326,-2.6819345212366046e-05,-2.121226517762325e-05,0.0025279999244958
2020-11-03,0.0025279999244958,0.0025299999397248,0.0024520000442862,0.002517000073567,62871653,0.004370222728365514,0.0025681428877370287,0.0026156000016877502,3.229772883090829e-05,0.002517000073567,0.0025820001028478,0.0025760000571608,35.40997046875543,-3.0316604271289106e-05,-2.3033132996356422e-05,0.0025329999625682
2020-11-04,0.0025329999625682,0.0025579999200999,0.0024969999212771,0.0025279999244958,52552651,0.0019778632206237656,0.002559285743960271,0.0026129666638249603,3.220620832954116e-05,0.0025279999244958,0.002517000073567,0.0025820001028478,36.430211194329935,-3.231227024875702e-05,-2.4888960446836543e-05,0.0026169999036937
2020-11-05,0.0026169999036937,0.0026390000712126,0.0024959999136626,0.0025329999625682,31611963,0.03316223543893493,0.002564428573740329,0.002613166657586837,3.8509110232289104e-05,0.0025329999625682,0.0025279999244958,0.002517000073567,50.55924895076831,-2.680674520971066e-05,-2.5272517399411365e-05,0.0027600000612437
2020-11-06,0.0027600000612437,0.0028009999077767,0.0026080000679939,0.0026169999036937,54267546,0.05464278288591684,0.0025875714407967145,0.0026186666606614435,8.393423017123084e-05,0.0026169999036937,0.0025329999625682,0.0025279999244958,64.87280414222579,-1.0780389716899975e-05,-2.2374091862909088e-05,0.0026710000820457
2020-11-07,0.0026710000820457,0.0028190000448375,0.0026120000984519,0.0027600000612437,44610219,-0.032246368559099015,0.002601142872923128,0.002621166664175633,8.926261333680184e-05,0.0027600000612437,0.0026169999036937,0.0025329999625682,54.330323321824785,-5.2009882871378e-06,-1.893947114775483e-05,0.0027109999209642
2020-11-08,0.0027109999209642,0.0027419999241828,0.0026579999830573,0.0026710000820457,22754531,0.01497560377754259,0.002619571418368328,0.0026230999967082765,9.758050623788646e-05,0.0026710000820457,0.0027600000612437,0.0026169999036937,57.66058260153425,2.420478482239013e-06,-1.4667481221756061e-05,0.0026700000744313
2020-11-09,0.0026700000744313,0.0027860000263899,0.0026630000211298,0.0027109999209642,28124348,-0.01512351447001059,0.002641428561348943,0.0026236000005155267,8.737825517912783e-05,0.0027109999209642,0.0026710000820457,0.0027600000612437,53.36506205252744,5.093486301978138e-06,-1.0715287717009222e-05,0.0027530000079423
2020-11-10,0.0027530000079423,0.0028510000556707,0.0026549999602138,0.0026700000744313,39633173,0.031086116553265875,0.0026735714304127285,0.002626233330617297,7.97493371800079e-05,0.0026700000744313,0.0027109999209642,0.0026710000820457,59.88087262090182,1.3750755086958978e-05,-5.822079156215582e-06,0.0027689998969435
2020-11-11,0.0027689998969435,0.0028369999490678,0.0027530000079423,0.0027530000079423,33138759,0.005811801291333518,0.0027072857067520573,0.00262943332393959,5.70809780527641e-05,0.0027530000079423,0.0026700000744313,0.0027109999209642,61.01174792591208,2.1653156191105572e-05,-3.270320867513514e-07,0.0027789999730885
2020-11-12,0.0027789999730885,0.0027910000644624,0.0027469999622553,0.0027689998969435,24028261,0.0036114396956239414,0.002730428573808457,0.0026342333216840532,4.617302969250802e-05,0.0027689998969435,0.0027530000079423,0.0026700000744313,61.737695710095885,2.8395463344769306e-05,5.41746699955278e-06,0.0028210000600665
2020-11-13,0.0028210000600665,0.0028359999414533,0.0027769999578595,0.0027789999730885,29217750,0.015113381570609485,0.0027391428593545714,0.0026403666551534834,5.713848946742626e-05,0.0027789999730885,0.0027689998969435,0.0027530000079423,64.70975745782788,3.6704736989392073e-05,1.167492099752064e-05,0.0027729999274015
2020-11-14,0.0027729999274015,0.0028210000600665,0.0027209999971091,0.0028210000600665,30334380,-0.017015289487044005,0.002753714265833971,0.0026463666542743164,4.933799013195925e-05,0.0028210000600665,0.0027789999730885,0.0027689998969435,59.06323726933917,3.89674936551853e-05,1.7133435529053574e-05,0.0027749999426305
2020-11-15,0.0027749999426305,0.0028129999991506,0.0027389999013394,0.0027729999274015,25131683,0.0007212460444865343,0.0027628571260720144,0.0026517999824136034,4.5914495073766814e-05,0.0027729999274015,0.0028210000600665,0.0027789999730885,59.2228997968014,4.045578007935745e-05,2.179790443911435e-05,0.0028860000893473
2020-11-16,0.0028860000893473,0.0030090000946074,0.0027570000384002,0.0027749999426305,52063283,0.04000005369786774,0.0027937142710600144,0.00266196664888407,4.569000389292496e-05,0.0027749999426305,0.0027729999274015,0.0028210000600665,66.93154910160106,5.001549447935854e-05,2.744142244716319e-05,0.0029360000044107
2020-11-17,0.0029360000044107,0.0029760000761598,0.0028860000893473,0.0029080000240355,46631464,0.017324987358093846,0.002819857127698357,0.0026736333190152564,6.62431062524579e-05,0.0028860000893473,0.0027749999426305,0.0027729999274015,69.70934898056845,6.0923919276675235e-05,3.41379218130656e-05,0.00290900003165
2020-11-18,0.00290900003165,0.0029990000184625,0.0028550000861287,0.0029360000044107,49460064,-0.009196175994597544,0.002839857146942143,0.00268426665570582,6.93888665090483e-05,0.0029360000044107,0.0028860000893473,0.0027749999426305,66.46263948277681,6.662227228196229e-05,4.063479190684494e-05,0.002911000046879
2020-11-19,0.002911000046879,0.0029599999543279,0.0028679999522864,0.00290900003165,40330643,0.0006875267126984497,0.0028587143003407857,0.002694599990112037,6.801649277238673e-05,0.00290900003165,0.0029360000044107,0.0028860000893473,66.5867833731239,7.048711106754074e-05,4.66052557389841e-05,0.0029839999042451
2020-11-20,0.0029839999042451,0.0030110001098364,0.0029080000240355,0.002911000046879,57656465,0.02507724362435715,0.0028819999923663,0.0027063999868308,7.982899868760043e-05,0.002911000046879,0.00290900003165,0.0029360000044107,70.83094763413929,7.853519718724073e-05,5.299124402863543e-05,0.0035069999285042
2020-11-21,0.0035069999285042,0.0035490000154823,0.0029839999042451,0.0029839999042451,162641694,0.17526811026872657,0.002986857135380972,0.0027347999857738133,0.00023805278725191873,0.0029839999042451,0.002911000046879,0.00290900003165,85.26836024685454,0.00012566648941921606,6.752629310675156e-05,0.0033289999701082
2020-11-22,0.0033289999701082,0.0036599999293684,0.0031810000073164,0.0035069999285042,121660410,-0.05075562076555851,0.003065999996449214,0.00275753332146749,0.00024777270469089434,0.0035069999285042,0.0029839999042451,0.002911000046879,72.17485711753298,0.00014696119190077796,8.341327286555685e-05,0.0036480000708252
2020-11-23,0.0036480000708252,0.0036480000708252,0.0032319999299943,0.0033289999701082,101561039,0.09582460305838691,0.003174857136660343,0.0027909333274388835,0.0003140389732531577,0.0033289999701082,0.0035069999285042,0.0029839999042451,78.53598934188591,0.00018741760567542957,0.00010421413942753138,0.0042039998807013
2020-11-24,0.0042039998807013,0.0042039998807013,0.0035790000110864,0.0036450000479817,266716036,0.1524122256254039,0.003355999976130429,0.002842633325296097,0.00047681509698519685,0.0036480000708252,0.0033289999701082,0.0035069999285042,84.98082247044968,0.0002613316741707523,0.00013563764637617557,0.0037269999738782
2020-11-25,0.0037269999738782,0.0042559998109936,0.0036420000251382,0.0041999998502433,174459927,-0.11346334927667223,0.003472857110734457,0.002877566660754337,0.00044839691102234935,0.0042039998807013,0.0036480000708252,0.0033289999701082,66.5256448589827,0.0002782121435396514,0.00016415254580887074,0.0032500000670552
2020-11-26,0.0032500000670552,0.0037930000107735,0.0029800001066178,0.0037269999738782,175520294,-0.12798495040681446,0.003521285685045343,0.002896666666492773,0.0003924120608346531,0.0037269999738782,0.0042039998807013,0.0036480000708252,53.916075488336446,0.00025021579912724336,0.00018136519647254527,0.0032750000245869
2020-11-27,0.0032750000245869,0.0033549999352544,0.0030930000357329,0.0032500000670552,92323023,0.007692294466428162,0.003562857130808457,0.0029193333350121535,0.0003375911416463395,0.0032500000670552,0.0037269999738782,0.0042039998807013,54.40387877478092,0.00022742417776247525,0.00019057699273053127,0.0034050000831484
2020-11-28,0.0034050000831484,0.0034700001124292,0.0032470000442117,0.0032750000245869,58033650,0.03969467407191796,0.003548285724329057,0.00294680000127599,0.00034256853639032307,0.0032750000245869,0.0032500000670552,0.0037269999738782,56.95542061442599,0.00021734614087746398,0.00019593082235991782,0.0034479999449104
2020-11-29,0.0034479999449104,0.0035300001036375,0.0033579999580979,0.0034050000831484,46319972,0.012628446611443467,0.0035652857207293712,0.0029751333330447034,0.00033268283423148716,0.0034050000831484,0.0032750000245869,0.0032500000670552,57.79667939935816,0.00021040355233742977,0.00019882536835542022,0.0035510000307112
2020-11-30,0.0035510000307112,0.0035800000187009,0.0034139999188482,0.0034479999449104,68622736,0.02987241515268546,0.0035514285721416567,0.00300763333216305,0.0003306774567491251,0.0034479999449104,0.0034050000831484,0.0032750000245869,59.822270343202476,0.00021078297212251016,0.00020121688910883822,0.0033350000157952
2020-12-01,0.0033350000157952,0.003571999957785,0.0032689999788999,0.0035510000307112,80163603,-0.06082793946716447,0.003427285734297928,0.0030327333292612967,0.00016792725624712425,0.0035510000307112,0.0034479999449104,0.0034050000831484,53.972017283444316,0.00019144738276284917,0.00019926298783964043,0.0033740000799298
2020-12-02,0.0033740000799298,0.0034360000863671,0.0032929999288171,0.0033350000157952,58705661,0.011694172098916988,0.0033768571780195857,0.0030612999961400567,0.00010360730418279515,0.0033350000157952,0.0035510000307112,0.0034479999449104,54.83093019577654,0.0001772277964118829,0.00019485594955408894,0.0034280000254511
2020-12-03,0.0034280000254511,0.0035000001080334,0.0033519999124109,0.0033750000875443,47907032,0.016004725620049065,0.003402285743504714,0.0030912999995052334,8.794261530766313e-05,0.0033740000799298,0.0033350000157952,0.0035510000307112,56.053747897282584,0.00016837509282907137,0.00018955977820908542,0.0032979999668896
2020-12-04,0.0032979999668896,0.0034469999372959,0.0032850001007318,0.0034290000330656,45062222,-0.03792300396625381,0.0034055714495479575,0.0031167999996492795,8.266571179282278e-05,0.0034280000254511,0.0033740000799298,0.0033350000157952,52.377535941146725,0.00014915003443502148,0.00018147782945427264,0.0033970000222325
2020-12-05,0.0033970000222325,0.0034139999188482,0.0032679999712854,0.0032969999592751,43386583,0.030018209926262918,0.003404428583702829,0.0031428000036005732,8.273020342007923e-05,0.0032979999668896,0.0034280000254511,0.0033740000799298,54.808238030445324,0.00014028539156749282,0.0001732393418769167,0.003387999953702
2020-12-06,0.003387999953702,0.0034419998992234,0.0033430000767111,0.0033970000222325,40936574,-0.0026494166828369137,0.0033958571563873427,0.003163733333349183,8.054281485667217e-05,0.0033970000222325,0.0032979999668896,0.0034280000254511,54.53571953569667,0.00013102351044585667,0.0001647961755907047,0.0033420000690966
2020-12-07,0.0033420000690966,0.003400000045076,0.0033199999015778,0.003387999953702,36923814,-0.013577297884888373,0.0033660000190138288,0.003186099999584213,4.380639980490907e-05,0.003387999953702,0.0033970000222325,0.0032979999668896,53.08293672866514,0.00011860439899518804,0.00015555782027160136,0.0031789999920874
2020-12-08,0.0031789999920874,0.0033609999809414,0.0031379999127238,0.0033430000767111,52702701,-0.04877321174121385,0.003343714301341286,0.0032017000019549866,8.371125110448926e-05,0.0033420000690966,0.003387999953702,0.0033970000222325,48.18465102504656,9.451985369270284e-05,0.00014335022695582166,0.0031580000650137
2020-12-09,0.0031580000650137,0.0031820000149309,0.0030159999150782,0.0031789999920874,45746722,-0.00660582797293785,0.0033128571563532717,0.003217966668307733,0.00010720140451600094,0.0031789999920874,0.0033420000690966,0.003387999953702,47.57555232796093,7.289783850461789e-05,0.0001292597492655809,0.0031049998942762
2020-12-10,0.0031049998942762,0.0031649998854845,0.0030660000629723,0.0031580000650137,33740988,-0.01678282762710137,0.003266714280471143,0.0032296999978521966,0.00011831839312676716,0.0031580000650137,0.0031789999920874,0.0033420000690966,45.995264346428215,5.089883476845896e-05,0.00011358756636615652,0.00307899992913
2020-12-11,0.00307899992913,0.0031099999323487,0.0030090000946074,0.0031049998942762,41712942,-0.008373580042346784,0.0032354285607911998,0.003240033332258413,0.00013626063423094077,0.0031049998942762,0.0031580000650137,0.0031789999920874,45.20204973134428,3.100903308580604e-05,9.707185971008644e-05,0.0031630001030862
2020-12-12,0.0031630001030862,0.0031840000301599,0.0030749998986721,0.00307899992913,35466155,0.02728164205574868,0.0032020000009131576,0.00325283333659167,0.00011741665602369301,0.00307899992913,0.0031049998942762,0.0031580000650137,48.30394475568314,2.17733444125897e-05,8.20121566505871e-05,0.0032560001127421
2020-12-13,0.0032560001127421,0.0032740000169724,0.0031530000269412,0.0031640001107007,37464323,0.02940246810778091,0.003183142880776029,0.003267333338347523,8.995454356853561e-05,0.0031630001030862,0.00307899992913,0.0031049998942762,51.572404779702964,2.1708080901422337e-05,6.995134150075416e-05,0.0032309999223798
2020-12-14,0.0032309999223798,0.0032790000550448,0.0031989999115467,0.0032560001127421,36238516,-0.00767819087734789,0.0031672857169593427,0.0032826000048468,6.30416027867375e-05,0.0032560001127421,0.0031630001030862,0.00307899992913,50.645423454986634,1.9415245803640954e-05,5.984412236133152e-05,0.0032059999648481
2020-12-15,0.0032059999648481,0.0032500000670552,0.0031779999844729,0.0032299999147653,37127782,-0.007737529598356163,0.0031711428559251576,0.0032969666722540538,6.468241413801463e-05,0.0032309999223798,0.0032560001127421,0.0031630001030862,49.68370442384905,1.5403310060074175e-05,5.095595990108005e-05,0.0034159999340772
2020-12-16,0.0034159999340772,0.0034219999797642,0.0031860000453889,0.0032049999572336,50989880,0.06550217452639617,0.003207999980077086,0.00331463333374505,0.0001120833103508934,0.0032059999648481,0.0032309999223798,0.0032560001127421,57.05994747374409,2.8836653560626157e-05,4.6532098632989276e-05,0.0037299999967217
2020-12-17,0.0037299999967217,0.0041129998862743,0.0034060000907629,0.0034159999340772,172736659,0.09192039481971603,0.0032972857089978718,0.0033411000001554165,0.0002165823248924308,0.0034159999340772,0.0032059999648481,0.0032309999223798,65.26053352393166,6.408116809753558e-05,5.004191252589854e-05,0.0038580000400543
2020-12-18,0.0038580000400543,0.003969999961555,0.003618000075221,0.0037299999967217,101799430,0.03431636553487927,0.0034085714391299147,0.0033727333337688933,0.0002773408564616357,0.0037299999967217,0.0034159999340772,0.0032059999648481,67.94776856506567,0.00010117495168321215,6.026852035736126e-05,0.0039269998669624
2020-12-19,0.0039269998669624,0.0040179998613893,0.0038099999073892,0.0038590000476688,98447179,0.017884869412061688,0.0035177142625407998,0.00340659999443834,0.00031267271663330603,0.0038580000400543,0.0037299999967217,0.0034159999340772,69.32525107823068,0.00013458830163408202,7.513247661270541e-05,0.0046250000596046
2020-12-20,0.0046250000596046,0.0046780002303421,0.0038270000368356,0.0039260000921785,508066004,0.17774387988001505,0.003713285683521157,0.00346129999961699,0.0004960570601596714,0.0039269998669624,0.0038580000400543,0.0037299999967217,79.10706661142326,0.00021491400939457894,0.00010308878316908011,0.0047869998961687
2020-12-21,0.0047869998961687,0.0054060001857578,0.0043629999272525,0.0046270000748336,664160057,0.03502699123812558,0.003935571394062428,0.0035039666652058065,0.0005846397376264154,0.0046250000596046,0.0039269998669624,0.0038580000400543,80.64939455486149,0.00028832115760071353,0.0001401352580554068,0.0045079998672008
2020-12-22,0.0045079998672008,0.004842999856919,0.0043700002133846,0.0047840001061558,239288785,-0.05828285669928657,0.004121571380112815,0.0035432666617755603,0.0005170508775304074,0.0047869998961687,0.0046250000596046,0.0039269998669624,70.93703612016425,0.00032029175678926873,0.00017616655780217918,0.0037680000532418
2020-12-23,0.0037680000532418,0.0047349999658763,0.0036400000099092,0.0045079998672008,205080908,-0.16415258113538855,0.004171857111422043,0.0035472666611894464,0.0004497278239930607,0.0045079998672008,0.0047869998961687,0.0046250000596046,52.78124225350851,0.0002826585743358318,0.0001974649611089097,0.0045699998736381
2020-12-24,0.0045699998736381,0.0045770001597702,0.0036969999782741,0.0037680000532418,143405580,0.2128449599426887,0.004291857093838671,0.003559466660954006,0.00042347976592256484,0.0037680000532418,0.0045079998672008,0.0047869998961687,63.642181137781755,0.0003139299005439746,0.0002207579489959227,0.004581999965012
2020-12-25,0.004581999965012,0.0046129999682307,0.0043950001709163,0.0045699998736381,136819917,0.002625840635821941,0.004395285654546914,0.0035879666606584665,0.0003866693991120361,0.0045699998736381,0.0037680000532418,0.0045079998672008,63.7764387511926,0.0003358099508674285,0.00024376834937022386,0.0044940002262592
2020-12-26,0.0044940002262592,0.0046399999409914,0.0044229999184608,0.0045810001902282,151728507,-0.019205530210554933,0.0044762857058750286,0.0036294333326319333,0.0003270079700523544,0.004581999965012,0.0045699998736381,0.0037680000532418,61.96926884246503,0.00034210562423039577,0.0002634358043422583,0.0045480001717805
2020-12-27,0.0045480001717805,0.0048050000332295,0.0044289999641478,0.004492999985814,154526399,0.012016008634305297,0.004465285721900157,0.00367186667087172,0.00032243482104898355,0.0044940002262592,0.004581999965012,0.0045699998736381,62.66832619258603,0.00034744718022039836,0.00028023807951788634,0.004592000041157
2020-12-28,0.004592000041157,0.0047160000540316,0.0045230002142488,0.0045480001717805,99641525,0.009674553147449583,0.004437428599755628,0.0037114333361386734,0.000297464187466197,0.0045480001717805,0.0044940002262592,0.004581999965012,63.260909322129976,0.0003511826090492054,0.0002944269854241502,0.0044860001653432
2020-12-29,0.0044860001653432,0.0046080001629889,0.0042779999785125,0.004592000041157,90876497,-0.023083596442454057,0.0044342857852045425,0.0037460333434864335,0.0002967095687596545,0.004592000041157,0.0045480001717805,0.0044940002262592,60.75872595955351,0.0003416513155134176,0.0003038718514420037,0.0046359999105334
2020-12-30,0.0046359999105334,0.0047030001878738,0.0044530001468956,0.0044869999401271,94834499,0.033437302644130584,0.004558285764817628,0.0037822000061471734,5.375772238010653e-05,0.0044860001653432,0.004592000041157,0.0045480001717805,62.989611041561886,0.00034225610719698044,0.00031154870259299906,0.0046819997951388
2020-12-31,0.0046819997951388,0.0047430000267922,0.0045529999770224,0.0046359999105334,85498337,0.009922322151233232,0.004574285753603443,0.0038270999987919598,7.154870108046027e-05,0.0046359999105334,0.0044860001653432,0.004592000041157,63.67168313572487,0.0003424990988013755,0.00031773878183467434,0.0056850002147257
2021-01-01,0.0056850002147257,0.0056850002147257,0.0046149999834597,0.0046810000203549,228961515,0.21422478929373057,0.0047318572178482576,0.0039041333366184898,0.00042632949707092227,0.0046819997951388,0.0046359999105334,0.0044860001653432,74.64431900440408,0.00041879778268865894,0.00033795058200547127,0.0106149995699524
2021-01-02,0.0106149995699524,0.0136980004608631,0.0055840001441538,0.0056859999895095,3421562680,0.8671942249811455,0.005606285695518715,0.004143699988101867,0.0022469591632983538,0.0056850002147257,0.0046819997951388,0.0046359999105334,90.24333930579311,0.0008670796313627223,0.0004437763918769215,0.0097709996625781
2021-01-03,0.0097709996625781,0.0138670001178979,0.0094090001657605,0.010602000169456,2707003608,-0.07951012167380456,0.006352428479918371,0.004359466644624817,0.0026652305617546673,0.0106149995699524,0.0056850002147257,0.0046819997951388,81.05034232610898,0.001141088726671657,0.0005832388588358687,0.0097669996321201
2021-01-04,0.0097669996321201,0.0114209996536374,0.0078779999166727,0.0097850002348423,1372398979,-0.00040937781149674723,0.007091714135770242,0.004571799964954403,0.0028093625784353263,0.0097709996625781,0.0106149995699524,0.0056850002147257,81.0082234619477,0.0013424452664165176,0.0007350801403519984,0.0099200000986456
2021-01-05,0.0099200000986456,0.0102190002799034,0.0089720003306865,0.0097669996321201,687256067,0.015665042724311906,0.00786799984052773,0.00478953330311919,0.0027186463637540914,0.0097669996321201,0.0097709996625781,0.0106149995699524,81.40624183098575,0.0014971098830173285,0.0008874860888850645,0.0104649998247623
2021-01-06,0.0104649998247623,0.0108540002256631,0.0096850004047155,0.0099229998886585,749915516,0.05493948797350412,0.008700714113989,0.005026966628308047,0.002442366415622635,0.0099200000986456,0.0097669996321201,0.0097709996625781,82.78984196320567,0.0016447005450242278,0.0010389289801128973,0.0097420001402497
2021-01-07,0.0097420001402497,0.0105320001021027,0.0091620003804564,0.0104539999738335,520644706,-0.06908740531479385,0.0094235713061477,0.005245733299913457,0.0016865880952944329,0.0104649998247623,0.0099200000986456,0.0097669996321201,74.83428586726609,0.0016839160399115425,0.0011679263920726264,0.0098460000008344
2021-01-08,0.0098460000008344,0.0102850003167986,0.0089859999716281,0.0097430003806948,394462164,0.010675411526121836,0.01001799984702037,0.00546866663110748,0.00036414090317342656,0.0097420001402497,0.0104649998247623,0.0099200000986456,75.20340358763568,0.0017037467892868615,0.0012750904715154734,0.0101939998567104
2021-01-09,0.0101939998567104,0.0107399998232722,0.0097399996593594,0.0098329996690154,485842353,0.03534428761390496,0.009957857030842942,0.0057049666298552865,0.0002722862495149359,0.0098460000008344,0.0097420001402497,0.0104649998247623,76.44823376621312,0.0017276284556275827,0.0013655980683378952,0.009859999641776
2021-01-10,0.009859999641776,0.0108669996261596,0.0091770002618432,0.0101929996162652,458583519,-0.03276439274369203,0.0099705713135855,0.005930999953610154,0.000264060482866455,0.0101939998567104,0.0098460000008344,0.0097420001402497,72.67713258714458,0.001700007197516543,0.0014324798941736249,0.0088349999859929
2021-01-11,0.0088349999859929,0.0098580000922083,0.0067699998617172,0.0098580000922083,637956958,-0.1039553441199188,0.0098374285069959,0.00612006661637371,0.0005070107483410108,0.009859999641776,0.0101939998567104,0.0098460000008344,62.48957742875993,0.0015772269549737252,0.0014614293063336448,0.0080629996955394
2021-01-12,0.0080629996955394,0.0091450000181794,0.0079039996489882,0.0088299997150897,333308457,-0.08737977268561825,0.009572142735123584,0.006280299935800287,0.0008358132912991594,0.0088349999859929,0.009859999641776,0.0101939998567104,56.11001355487088,0.0014014734431450427,0.0014494381336959245,0.0086160004138946
2021-01-13,0.0086160004138946,0.0086460001766681,0.0077869999222457,0.0080620003864169,240079033,0.06858498564264237,0.009307999962142486,0.006459799952184113,0.0007979262363332861,0.0080629996955394,0.0088349999859929,0.009859999641776,59.314209563596876,0.0012919176328558043,0.0014179340335279005,0.0093970000743865
2021-01-14,0.0093970000743865,0.010029999539256,0.0083489995449781,0.0086190002039074,428369039,0.09064526729042632,0.009258714238447744,0.006666166622502061,0.0007770327062223708,0.0086160004138946,0.0080629996955394,0.0088349999859929,63.3803101937487,0.001253662567707113,0.001385079740363743,0.0093689998611807
2021-01-15,0.0093689998611807,0.009796000085771,0.0084600001573562,0.0093890000134706,398965925,-0.0029796970292805813,0.009190571361354356,0.00686459995340551,0.000736821229926809,0.0093970000743865,0.0086160004138946,0.0080629996955394,63.13669052138946,0.001207170262417994,0.0013494978447745932,0.009265000000596
2021-01-16,0.009265000000596,0.0095309996977448,0.0091399997472763,0.009367000311613,258630480,-0.011100422897390771,0.009057857096195157,0.007049099953534654,0.0005962119999120523,0.0093689998611807,0.0093970000743865,0.0086160004138946,62.18066505866725,0.001148691455863716,0.0013093365669924178,0.0090669998899102
2021-01-17,0.0090669998899102,0.009367000311613,0.0088409995660185,0.0092630004510283,254487989,-0.021370762080201056,0.008944571417357185,0.007222733281863183,0.00048298169480017736,0.009265000000596,0.0093689998611807,0.0093970000743865,60.30833527492108,0.0010739893455358439,0.0012622671227011033,0.0091709997504949
2021-01-18,0.0091709997504949,0.0092949997633695,0.008980999700725,0.009069999679923,205025648,0.01147015130114104,0.008992571383714615,0.007397533277980933,0.00048695718825450784,0.0090669998899102,0.009265000000596,0.0093689998611807,60.97306249542759,0.0010115191414733441,0.0012121175264555514,0.0090979998931288
2021-01-19,0.0090979998931288,0.009612999856472,0.0090199997648596,0.00917199999094,249242632,-0.007959858178183898,0.009140428554798814,0.007546633272431741,0.0002635473597571046,0.0091709997504949,0.0090669998899102,0.009265000000596,60.210820915803126,0.0009452246152929136,0.0011587389442230239,0.0090600000694394
2021-01-20,0.0090600000694394,0.0091530000790953,0.0085289999842643,0.0090960003435611,220205442,-0.0041767228111421195,0.0092038570770195,0.007689066611540763,0.00014143602162397477,0.0090979998931288,0.0091709997504949,0.0090669998899102,59.79179539516194,0.000879481343999202,0.0011028874241782597,0.0081660002470016
2021-01-21,0.0081660002470016,0.0090889995917677,0.0080610001459717,0.0090619996190071,215419839,-0.09867547633397744,0.009027999958821658,0.007810999957534123,0.0003965239356612761,0.0090600000694394,0.0090979998931288,0.0091709997504949,50.829446600996114,0.0007466342784435715,0.001031636795031322,0.0085239997133612
2021-01-22,0.0085239997133612,0.0087689999490976,0.0076540000736713,0.0081650000065565,185490003,0.04384024681986176,0.0089072856519903,0.007969533279538104,0.00040396350829679774,0.0081660002470016,0.0090600000694394,0.0090979998931288,53.81490948629801,0.0006626015289179187,0.0009578297418086415,0.0085789998993277
2021-01-23,0.0085789998993277,0.0088080000132322,0.0083879996091127,0.0085199996829032,154393737,0.00645239181323376,0.0088092856375234,0.008103166613727756,0.0003855089831566836,0.0085239997133612,0.0081660002470016,0.0090600000694394,54.27424908704823,0.0005936003692935208,0.0008849838673056175,0.0087270000949501
2021-01-24,0.0087270000949501,0.0089509999379515,0.0085159996524453,0.0085779996588826,162191977,0.01725145091026281,0.008760714238243386,0.008241333284725694,0.00036867851067566646,0.0085789998993277,0.0085239997133612,0.0081660002470016,55.555209670103636,0.0005445812385343855,0.0008169033415513711,0.0083830002695322
2021-01-25,0.0083830002695322,0.0088790003210306,0.008275999687612,0.0087270000949501,180820875,-0.0394178780423019,0.008648142883820143,0.00837096661950146,0.00034185048806543246,0.0087270000949501,0.0085789998993277,0.0085239997133612,51.914827714145424,0.00047252830114235915,0.0007480283334695688,0.0082550002261996
2021-01-26,0.0082550002261996,0.0084560001268982,0.0080220000818371,0.008382000029087,161173749,-0.015269001457367759,0.008527714359973114,0.008494533287982097,0.00030327082288180335,0.0083830002695322,0.0087270000949501,0.0085789998993277,50.58653535097718,0.00040048080199509527,0.000678518827174674,0.0074820001609623
2021-01-27,0.0074820001609623,0.0082590002566576,0.0072940001264214,0.0082550002261996,204797186,-0.09364022338654376,0.008302285801619243,0.008590866625308939,0.0004095328674495488,0.0082550002261996,0.0083830002695322,0.0087270000949501,43.36975731746171,0.0002778056245018711,0.0005983761866401135,0.0340839996933937
2021-01-28,0.0340839996933937,0.0341770015656948,0.0073509998619556,0.0074809999205172,10971544561,3.5554663138379263,0.012004857151103828,0.00957746660957729,0.009744410861923862,0.0074820001609623,0.0082550002261996,0.0083830002695322,90.99280894860229,0.0023006235464375843,0.0009388256585996077,0.0471620000898838
2021-01-29,0.0471620000898838,0.0779730007052421,0.0323409996926784,0.04373399913311,25403310432,0.38369911143453406,0.017524571490607054,0.01099499994888897,0.016229391365994876,0.0340839996933937,0.0074820001609623,0.0082550002261996,93.76762466890075,0.004902493761389985,0.0017315592791576832,0.028176000341773
2021-01-30,0.028176000341773,0.0499010011553764,0.0224879998713731,0.0468030013144016,8735576553,-0.4025698594615642,0.020324142982384958,0.011778133300443442,0.016118960607400066,0.0471620000898838,0.0340839996933937,0.0074820001609623,63.28642087134487,0.005370574505319466,0.00245936232439004,0.0371959991753101
2021-01-31,0.0371959991753101,0.0452889986336231,0.0271019991487264,0.0281910002231597,8548997882,0.32013056232698456,0.024391142851007814,0.012828499932462925,0.01629574453193741,0.028176000341773,0.0471620000898838,0.0340839996933937,68.52178601704085,0.006395645371126784,0.0032466189337373892,0.034875001758337
2021-02-01,0.034875001758337,0.0432499982416629,0.0333670005202293,0.0370539985597133,6319224026,-0.06239911464762393,0.028175714492265642,0.013637166672075743,0.014981641711476142,0.0371959991753101,0.028176000341773,0.0471620000898838,65.91700869349634,0.006940727932201594,0.00398544073343023,0.0315200015902519
2021-02-02,0.0315200015902519,0.0349260009825229,0.0291949994862079,0.034910000860691,3090896595,-0.09620071681524922,0.031499286115701686,0.014362133402998202,0.01213619950943592,0.034875001758337,0.0371959991753101,0.028176000341773,62.234244417132885,0.007021054963142859,0.004592563579372756,0.0371199995279312
2021-02-03,0.0371199995279312,0.0391050018370151,0.0311459992080926,0.0314930006861686,3146856788,0.17766490022675607,0.035733286025268665,0.015273900066191908,0.005958175604274047,0.0315200015902519,0.034875001758337,0.0371959991753101,65.68085988586515,0.007450700706479883,0.005164191004794182,0.0532889999449253
2021-02-04,0.0532889999449253,0.0578689984977245,0.0359449982643127,0.0372259989380836,13040837601,0.435587301255961,0.03847685748977319,0.01671953339440123,0.008810900392379603,0.0371199995279312,0.0315200015902519,0.034875001758337,73.26702016386793,0.008992244262797829,0.005929801656394912,0.046934999525547
2021-02-05,0.046934999525547,0.0537399984896183,0.0435400009155273,0.0530430004000663,6136160058,-0.11923662342969887,0.03844442883772507,0.017935200051094054,0.008773947208804813,0.0532889999449253,0.0371199995279312,0.0315200015902519,66.9993655424003,0.009590658761925035,0.006661973077500936,0.0575949996709823
2021-02-06,0.0575949996709823,0.0583080016076564,0.0449040010571479,0.0469309985637664,5946101275,0.22712262177893483,0.04264714302761211,0.019530300035451805,0.00999630757886247,0.046934999525547,0.0532889999449253,0.0371199995279312,71.41708119005351,0.01080057715589789,0.007489693893180327,0.0787819996476173
2021-02-07,0.0787819996476173,0.0843570008873939,0.0542390011250972,0.0575020015239715,14261024073,0.36786179525424156,0.04858800023794172,0.021828166690344573,0.01647479587209154,0.0575949996709823,0.046934999525547,0.0532889999449253,77.78296271429824,0.013315566469472597,0.008654868408438782,0.0788249969482421
2021-02-08,0.0788249969482421,0.0849450007081031,0.064701996743679,0.0783519968390464,12844375210,0.0005457756951730008,0.054866570979356724,0.024115866593395627,0.01861361456494911,0.0787819996476173,0.0575949996709823,0.046934999525547,77.79377165628512,0.01513768532922373,0.009951431792595772,0.0700699985027313
2021-02-09,0.0700699985027313,0.0831279978156089,0.0656210035085678,0.0787729993462562,7348840814,-0.11106880792218099,0.06037371339542522,0.02612286655542747,0.01608612997853071,0.0788249969482421,0.0787819996476173,0.0575949996709823,70.29451766905086,0.01569435766153246,0.01110001696638311,0.0728960037231445
2021-02-10,0.0728960037231445,0.0810910016298294,0.0685250014066696,0.0701109990477562,6785088422,0.04033117283858734,0.06548457113759855,0.028258233346665853,0.01281800780485787,0.0700699985027313,0.0788249969482421,0.0787819996476173,71.25767385404961,0.016177080188342553,0.012115429610774999,0.0696759968996048
2021-02-11,0.0696759968996048,0.0743009969592094,0.068290002644062,0.072843998670578,3818556739,-0.04417261110456938,0.06782557070255275,0.030311999920134707,0.011663919331092655,0.0728960037231445,0.0700699985027313,0.0788249969482421,68.53110566377714,0.016114060766861907,0.012915155841992381,0.0700690001249313
2021-02-12,0.0700690001249313,0.0726099982857704,0.0614450015127658,0.0696500018239021,4190843784,0.005640439216000992,0.07113042793103622,0.032360433243835925,0.00716989687676255,0.0696759968996048,0.0728960037231445,0.0700699985027313,68.68858061543604,0.01591240124074942,0.01351460492174379,0.0664499998092651
2021-02-13,0.0664499998092651,0.0716459974646568,0.0661349967122078,0.0700249969959259,2618049766,-0.051649093168357085,0.07239542795079092,0.034262199901665215,0.004759928942232234,0.0700690001249313,0.0696759968996048,0.0728960037231445,65.44102011918817,0.015284372797779083,0.013868558496950848,0.0625369995832443
2021-02-14,0.0625369995832443,0.0664480030536651,0.0567229986190795,0.0664480030536651,3984667628,-0.05888638430778759,0.07007471365588049,0.03603446655906733,0.005076774717274293,0.0664499998092651,0.0700690001249313,0.0696759968996048,62.02630443341022,0.01430599866861515,0.01395604653128371,0.0565910004079341
2021-02-15,0.0565910004079341,0.0639239996671676,0.0485469996929168,0.0625680014491081,4944804938,-0.09507970025641144,0.06689842843583649,0.037611999905978605,0.005616395638997556,0.0625369995832443,0.0664499998092651,0.0700690001249313,57.14658940750396,0.012902110186839566,0.013745259262394881,0.0535200014710426
2021-02-16,0.0535200014710426,0.0596680007874965,0.0509830005466938,0.056487999856472,3409478696,-0.05426656031443733,0.06453414314559523,0.039093766625349684,0.007292209732196489,0.0565910004079341,0.0625369995832443,0.0664499998092651,54.75080059519683,0.011410184991772314,0.013278244408270369,0.0493759997189044
2021-02-17,0.0493759997189044,0.0549830012023448,0.0480340011417865,0.0535219982266426,2976148723,-0.07742902911503735,0.06117414257356094,0.040433933290963335,0.008163733924980945,0.0535200014710426,0.0565910004079341,0.0625369995832443,51.60674899385218,0.009780691494135706,0.012578733825443437,0.0595409981906414
2021-02-18,0.0595409981906414,0.0617990009486675,0.048989001661539,0.0493629984557628,4551943638,0.2058692184382278,0.0597262856151376,0.04211536656754709,0.007252481354418352,0.0493759997189044,0.0535200014710426,0.0565910004079341,57.98084469321755,0.009203444996648595,0.011903676059684471,0.0551390014588832
2021-02-19,0.0551390014588832,0.0594969987869262,0.0543150007724761,0.0594340004026889,2949251418,-0.07393219572274656,0.05759342866284501,0.04365133328052854,0.005741933411660231,0.0595409981906414,0.0493759997189044,0.0535200014710426,54.62536063580017,0.008295147346264603,0.011181970317000498,0.0543840005993843
2021-02-20,0.0543840005993843,0.0602860003709793,0.0516280010342597,0.0551320016384124,3175468554,-0.01369268284740155,0.0558697144900049,0.04519193329227464,0.004259930320224727,0.0551390014588832,0.0595409981906414,0.0493759997189044,54.04762432417877,0.007428758550519235,0.010431327963704247,0.0559800006449222
2021-02-21,0.0559800006449222,0.0584280006587505,0.0535559989511966,0.0543689988553524,2450293068,0.029346867239405938,0.05493300035595889,0.046773799989993335,0.0031171428407545114,0.0543840005993843,0.0551390014588832,0.0595409981906414,55.12801485047572,0.006792621935826949,0.009703586758128787,0.0537250004708766
2021-02-22,0.0537250004708766,0.0604659989476203,0.0470959991216659,0.0560440011322498,3366757324,-0.040282246303442126,0.054523571793522095,0.04827866667571164,0.0030505833937636197,0.0559800006449222,0.0543840005993843,0.0551390014588832,53.223964693039164,0.006036929452473777,0.008970255296997786,0.0473919995129108
2021-02-23,0.0473919995129108,0.0537680014967918,0.0424100011587142,0.0536979995667934,2394345361,-0.11787809962698481,0.053648142942360415,0.04956749998964365,0.00408908902530331,0.0537250004708766,0.0559800006449222,0.0543840005993843,48.18999528601241,0.00487086911755908,0.008150378061110044,0.0565549992024898
2021-02-24,0.0565549992024898,0.0598729997873306,0.0462159998714923,0.0474140010774135,4148511571,0.19334486376931115,0.05467371429715833,0.05117323328740891,0.0037229003861235705,0.0473919995129108,0.0537250004708766,0.0559800006449222,54.84464782944403,0.004632732145298218,0.00744684887794768,0.0501670017838478
2021-02-25,0.0501670017838478,0.0578080005943775,0.0498690009117126,0.0566149987280368,2356982022,-0.11295194958398602,0.053334571953330676,0.05257030000599718,0.0033473077084088068,0.0565549992024898,0.0473919995129108,0.0537250004708766,50.02099723073182,0.003883779086395339,0.006734234919637212,0.0504800006747245
2021-02-26,0.0504800006747245,0.052471999078989,0.0487079992890358,0.0501380003988742,1694323466,0.006239138871110939,0.052669000412736575,0.054003566689789256,0.003391620222038206,0.0501670017838478,0.0565549992024898,0.0473919995129108,50.251874438713216,0.003277701483548265,0.0060429282324194235,0.0500830002129077
2021-02-27,0.0500830002129077,0.0519200004637241,0.0492970012128353,0.050500001758337,1286229526,-0.007864509835784905,0.052054571786097056,0.054536866707106384,0.00341862643020812,0.0504800006747245,0.0501670017838478,0.0565549992024898,49.93677555225427,0.0027338320828416834,0.005381109002503876,0.0480520017445087
2021-02-28,0.0480520017445087,0.0501339994370937,0.0450880005955696,0.0500969998538494,1408101260,-0.04055265179332368,0.05092200051460941,0.05456653342892722,0.0032081820249957246,0.0500830002129077,0.0504800006747245,0.0501670017838478,48.26926513097747,0.002114551824605647,0.00472779756692423,0.0505990013480186
2021-03-01,0.0505990013480186,0.0514790005981922,0.048029001802206,0.0480699986219406,1494427207,0.05300506765674884,0.05047542921134398,0.05531396679580207,0.0029610282458834318,0.0480520017445087,0.0500830002129077,0.0504800006747245,50.50152053717473,0.001808442737953067,0.004143926601129998,0.0502620004117488
2021-03-02,0.0502620004117488,0.0523819997906684,0.0492990016937255,0.050595998764038,1346282318,-0.006660229002385054,0.05088542933974942,0.05574950017035003,0.0026447256331481985,0.0505990013480186,0.0480520017445087,0.0500830002129077,50.19290027202939,0.00152112138183675,0.0036193655572713487,0.0505920015275478
2021-03-03,0.0505920015275478,0.0521260015666484,0.0500780008733272,0.0502780005335807,1093877445,0.006565618421384256,0.05003357252904341,0.056273400162657056,0.0008972085709430963,0.0502620004117488,0.0505990013480186,0.0480520017445087,50.511826615851994,0.0013050022159764654,0.003156492889012372,0.0500480011105537
2021-03-04,0.0500480011105537,0.0510869994759559,0.0478789992630481,0.050586998462677,1170617084,-0.010752696089675107,0.05001657243285854,0.05689100014666711,0.0008953845648358021,0.0505920015275478,0.0502620004117488,0.0505990013480186,49.944083733391096,0.001077410218394359,0.0027406763548887695,0.049609001725912
2021-03-05,0.049609001725912,0.0508540011942386,0.0481470003724098,0.0500280000269413,1173113591,-0.008771566793886021,0.049892144011599616,0.05730730021993315,0.0008806486468658712,0.0500480011105537,0.0505920015275478,0.0502620004117488,49.46094660835631,0.0008517993267173687,0.0023629009492544895,0.0509839989244937
2021-03-06,0.0509839989244937,0.0523970015347003,0.0493829995393753,0.049600999802351,1480482384,0.02771668751124068,0.050020858113254754,0.05723046685258542,0.0009740809392139135,0.049609001725912,0.0500480011105537,0.0505920015275478,51.05789752447714,0.0007750179279773298,0.002045324344999058,0.0521220006048679
2021-03-07,0.0521220006048679,0.05214099958539,0.0505720004439353,0.0509800016880035,945455832,0.0223207615012615,0.050602286521877496,0.05740336688856278,0.0008025992634013957,0.0509839989244937,0.049609001725912,0.0500480011105537,52.39853260311867,0.0007968102091313323,0.0017956215178255128,0.061948999762535
2021-03-08,0.061948999762535,0.061948999762535,0.0516720004379749,0.0521229989826679,3554150800,0.18853841072150468,0.05222371486680842,0.057548500224947875,0.004362905662033094,0.0521220006048679,0.0509839989244937,0.049609001725912,62.06256930610936,0.00158872363618405,0.0017542419414972204,0.0579980015754699
2021-03-09,0.0579980015754699,0.0622680000960826,0.0560510009527206,0.0621040016412735,2466159943,-0.06377824020097489,0.053328857890197146,0.05685570028920963,0.004746127378723707,0.061948999762535,0.0521220006048679,0.0509839989244937,57.04783431788462,0.001875884173668213,0.001778570387931419,0.0560039989650249
2021-03-10,0.0560039989650249,0.0586160011589527,0.0546920001506805,0.0579640008509159,1534489620,-0.034380539954472544,0.0541020003812653,0.05609500035643573,0.004666120844456273,0.0579980015754699,0.061948999762535,0.0521220006048679,54.647921527375374,0.001920424168030073,0.0018069411439511497,0.0559180006384849
2021-03-11,0.0559180006384849,0.0566979981958866,0.054501999169588,0.0559770017862319,1233383425,-0.0015355747469695258,0.054940571742398324,0.05562326709429418,0.004331601623797684,0.0560039989650249,0.0579980015754699,0.061948999762535,54.54135246070029,0.0019265747339396733,0.0018308678619488544,0.0553489997982978
2021-03-12,0.0553489997982978,0.0569799989461898,0.0545129999518394,0.0559209994971752,1287767221,-0.010175629201511383,0.055760571467024865,0.05503836696346596,0.00364259553892453,0.0559180006384849,0.0560039989650249,0.0579980015754699,53.79387528477081,0.001864047905347485,0.0018375038706285806,0.0624319985508918
2021-03-13,0.0624319985508918,0.0624319985508918,0.0547560006380081,0.0553530007600784,1869833076,0.12796976961473172,0.05739599998508175,0.05479690035184218,0.0037099173975245676,0.0553489997982978,0.0559180006384849,0.0560039989650249,60.96538895274595,0.0023588424796733773,0.0019417715924375401,0.0585919991135597
2021-03-14,0.0585919991135597,0.0630519986152648,0.0585919991135597,0.0623839981853961,2752132530,-0.061506911943590925,0.05832028548632342,0.05441433365146313,0.002892984076950019,0.0624319985508918,0.0553489997982978,0.0559180006384849,55.89990404582993,0.00241329590923358,0.0020360764557967484,0.0570879988372325
2021-03-15,0.0570879988372325,0.059689000248909,0.0551409982144832,0.0585310012102127,1738710876,-0.02566903841960122,0.05762585678270878,0.05410226695239538,0.002421827331212131,0.0585919991135597,0.0624319985508918,0.0553489997982978,54.00716603367588,0.0023084796749172284,0.0020905570996208444,0.0586070008575916
2021-03-16,0.0586070008575916,0.0589210018515586,0.0554930008947849,0.0570859983563423,1393771913,0.02660807965418499,0.057712856680154745,0.053971266994873625,0.0024482189038511812,0.0570879988372325,0.0585919991135597,0.0624319985508918,55.640812738671194,0.0023212251832744543,0.0021366907163515663,0.0576529987156391
2021-03-17,0.0576529987156391,0.0588660016655921,0.0564710013568401,0.0586099997162818,861926643,-0.016277955329442984,0.05794842807309963,0.054006666938463795,0.0023330089985604792,0.0586070008575916,0.0570879988372325,0.0585919991135597,54.3354625955911,0.002228655536808559,0.002155083680442965,0.0573830008506774
2021-03-18,0.0573830008506774,0.0588279999792575,0.0541430003941059,0.0576400011777877,909777445,-0.00468315388577456,0.058157713817698554,0.054135433584451616,0.0021812861129984302,0.0576529987156391,0.0586070008575916,0.0570879988372325,53.94970164180742,0.002109193385400339,0.00214590562143444,0.0583279989659786
2021-03-19,0.0583279989659786,0.0597210004925727,0.0566040016710758,0.0573769994080066,964747809,0.016468258914522194,0.05858328512736725,0.054433833559354085,0.00179909239396858,0.0573830008506774,0.0576529987156391,0.0586070008575916,55.149901564068095,0.0020669457559119447,0.0021301136483299413,0.0589610002934932
2021-03-20,0.0589610002934932,0.0606390014290809,0.0581200011074543,0.0583150014281272,1012934488,0.010852443744621132,0.058087428233453156,0.05441450029611582,0.0007105579929208087,0.0583279989659786,0.0573830008506774,0.0576529987156391,55.97756462418703,0.0020607866563035412,0.0021162482499246615,0.0572340004146099
2021-03-21,0.0572340004146099,0.0595210008323192,0.0567979998886585,0.0589700005948543,759592996,-0.02929054578936452,0.05789342841931748,0.05448433359464004,0.0007348074284637546,0.0589610002934932,0.0583279989659786,0.0573830008506774,53.098541622528145,0.0018947100305877068,0.0020719406060572708,0.0549620017409324
2021-03-22,0.0549620017409324,0.0577320009469985,0.0549089983105659,0.0572590008378028,696918565,-0.039696660328106925,0.05758971454841745,0.054503600299358315,0.0013252988652227092,0.0572340004146099,0.0589610002934932,0.0583279989659786,49.49218854977041,0.0015617588195986076,0.0019699042487655383,0.0535559989511966
2021-03-23,0.0535559989511966,0.0560810007154941,0.0529399998486042,0.0549409985542297,1040781777,-0.025581360671016018,0.05686814284750389,0.05442280024290079,0.0019204961399109765,0.0549620017409324,0.0572340004146099,0.0589610002934932,47.349005319741366,0.001170942020701178,0.0018101118031526662,0.0517020002007484
2021-03-24,0.0517020002007484,0.0564940012991428,0.0512420013546943,0.0535279996693134,934537959,-0.03461794732160017,0.056018000202519506,0.05435536690056318,0.0026815314665196294,0.0535559989511966,0.0549620017409324,0.0572340004146099,44.6060165898901,0.0007035051181594476,0.0015887904661540226,0.0514479987323284
2021-03-25,0.0514479987323284,0.0524070002138614,0.0496970005333423,0.0516990013420581,1084214116,-0.004912797714474615,0.055170142757041074,0.054490566874543775,0.0030858093743434084,0.0517020002007484,0.0535559989511966,0.0549620017409324,44.227990439369314,0.00030900024697034373,0.001332832422317287,0.0539520010352134
2021-03-26,0.0539520010352134,0.0540280006825923,0.0513309985399246,0.0514330007135868,776280028,0.048670548215348886,0.054545000195503186,0.05440380026896789,0.0027661497859878155,0.0514479987323284,0.0517020002007484,0.0535559989511966,48.83174525830302,0.00019614333504981013,0.0011054946048637917,0.0543770007789135
2021-03-27,0.0543770007789135,0.0554350018501281,0.0535279996693134,0.0539399981498718,753844053,0.007877367577575178,0.0538901431219918,0.054544133568803416,0.0019763101250627703,0.0539520010352134,0.0514479987323284,0.0517020002007484,49.59230159496391,0.0001393905393383063,0.0009122737917586946,0.0536979995667934
2021-03-28,0.0536979995667934,0.0547519996762275,0.0530130006372928,0.054381001740694,460472975,-0.012486919145849651,0.0533850001437323,0.05465140019853904,0.0013231377992968339,0.0543770007789135,0.0539520010352134,0.0514479987323284,48.35565773761142,3.917226322041473e-05,0.0007376534860510387,0.054051999002695
2021-03-29,0.054051999002695,0.0546509996056556,0.0531749986112117,0.053677998483181,537919140,0.006592413847023693,0.053254999752555536,0.054783700158198625,0.0011792522025922075,0.0536979995667934,0.0543770007789135,0.0539520010352134,49.068726836517015,-1.1553465497700366e-05,0.0005878120957412909,0.0538999997079372
2021-03-30,0.0538999997079372,0.0554339997470378,0.0536970011889934,0.054051999002695,728906171,-0.002812093864469678,0.05330414271780419,0.05497863342364624,0.001200856205070451,0.054051999002695,0.0536979995667934,0.0543770007789135,48.75743096091907,-6.328948198975476e-05,0.0004575917801950818,0.0536569990217685
2021-03-31,0.0536569990217685,0.054467998445034,0.0522690005600452,0.0539020001888275,653389282,-0.004508361548894668,0.053583428263664204,0.055080566679437906,0.0009715947170281943,0.0538999997079372,0.054051999002695,0.0536979995667934,48.23063532304604,-0.00012248682050849252,0.000341576060054367,0.0619859993457794
2021-04-01,0.0619859993457794,0.0701109990477562,0.0536440014839172,0.0536549985408782,5816046822,0.15522672672453863,0.05508885692272863,0.05547136664390559,0.0030507625041103267,0.0536569990217685,0.0538999997079372,0.054051999002695,62.99055491211149,0.000496951037786901,0.00037265105560087383,0.0576639994978904
2021-04-02,0.0576639994978904,0.0622490011155605,0.0573330000042915,0.0619679987430572,2166925111,-0.06972542015140193,0.05561914241739677,0.055707099909583675,0.003141480812487374,0.0619859993457794,0.0536569990217685,0.0538999997079372,54.333754168421216,0.000631827422798853,0.0004244863290404697,0.0558039993047714
2021-04-03,0.0558039993047714,0.0594840012490749,0.0558039993047714,0.0576580017805099,1136931403,-0.03225583048895264,0.055822999349662186,0.0558989665160576,0.0030933736396876184,0.0576639994978904,0.0619859993457794,0.0536569990217685,51.08027423341346,0.0005819234079263713,0.00045597374481765,0.0574040003120899
2021-04-04,0.0574040003120899,0.0581069998443126,0.0552950017154216,0.0557760000228881,938035097,0.02867179820894461,0.056352428027561685,0.05615879980226353,0.002984282150965109,0.0558039993047714,0.0576639994978904,0.0619859993457794,53.651308400280875,0.0006638286229784518,0.0004975447204498104,0.0596960000693798
2021-04-05,0.0596960000693798,0.0601530000567436,0.0564350001513958,0.0574110001325607,1513832721,0.0399275267373167,0.05715871389423094,0.0564491998404264,0.003021381079028221,0.0574040003120899,0.0558039993047714,0.0576639994978904,57.1273366152599,0.0009032719644357853,0.0005786901692470055,0.0644579976797103
2021-04-06,0.0644579976797103,0.0650499984622001,0.058093998581171,0.059689000248909,2608613912,0.07977079879382232,0.05866699931876996,0.05686039974292115,0.003685745354925533,0.0596960000693798,0.0574040003120899,0.0558039993047714,63.28782591396718,0.0014604507796274688,0.0007550422913230982,0.0590279996395111
2021-04-07,0.0590279996395111,0.0672990009188652,0.0576409995555877,0.0644539967179298,2857060849,-0.08424087367995337,0.059434285121304616,0.05676303307215368,0.002955713074266874,0.0644579976797103,0.0596960000693798,0.0574040003120899,53.795439919701515,0.001447181337842926,0.0008934701006270637,0.061464000493288
2021-04-08,0.061464000493288,0.061744999140501,0.0588169991970062,0.0590360015630722,1055257541,0.04126856523435918,0.05935971385666299,0.056878566369414275,0.002886376377561196,0.0590279996395111,0.0644579976797103,0.0596960000693798,56.91734784454864,0.001614617810958681,0.0010376996426933872,0.061684001237154
2021-04-09,0.061684001237154,0.063910000026226,0.0602959990501403,0.0614629983901977,1060465774,0.0035793430642385715,0.05993399981941493,0.057067899778485254,0.002892670209026161,0.061464000493288,0.0590279996395111,0.0644579976797103,57.19861850561643,0.0017449499468311785,0.0011791497035209455,0.0638450011610984
2021-04-10,0.0638450011610984,0.0650679990649223,0.060818001627922,0.0615909993648529,1369793118,0.03503339408278805,0.06108271437031878,0.05733213312923904,0.0025562817084133316,0.061684001237154,0.061464000493288,0.0590279996395111,59.96360047486812,0.001999564007936744,0.0013432325644041052,0.0746489986777305
2021-04-11,0.0746489986777305,0.0792429968714714,0.0632029995322227,0.0637490004301071,6646627317,0.16922229336907146,0.0635462855654103,0.057975466425220126,0.005279430344758398,0.0638450011610984,0.061684001237154,0.061464000493288,70.29534108276968,0.003038118256478012,0.0016822097028188867,0.0707670003175735
2021-04-12,0.0707670003175735,0.0749860033392906,0.0688889995217323,0.0745439976453781,2687720380,-0.05200335475250106,0.06512785702943798,0.05825329981744286,0.005583289855322957,0.0746489986777305,0.0638450011610984,0.061684001237154,63.91322409267204,0.0035075028469011976,0.002047268331635349,0.0934450030326843
2021-04-13,0.0934450030326843,0.0951810032129287,0.0706780031323432,0.0706780031323432,7176815090,0.3204601383885306,0.06926885779414854,0.059415066614747006,0.012030624731206694,0.0707670003175735,0.0746489986777305,0.0638450011610984,77.03204273998062,0.005644354205880893,0.002766685506484458,0.12151700258255
2021-04-14,0.12151700258255,0.1425099968910217,0.0924519971013069,0.0942559987306594,20977679327,0.30041199249623807,0.07819585821458266,0.061562700072924255,0.022119258920226353,0.0934450030326843,0.0707670003175735,0.0746489986777305,84.52938634501605,0.009493564161129148,0.004112061237413396,0.1822070032358169
2021-04-15,0.1822070032358169,0.1873259991407394,0.1207360029220581,0.1211669966578483,17916620386,0.49943628762599235,0.09544485860637252,0.06568270015219843,0.04357223277748284,0.12151700258255,0.0934450030326843,0.0707670003175735,91.2098779828563,0.017242505754691037,0.006738150140868925,0.3658699989318847
2021-04-16,0.3658699989318847,0.4377000033855438,0.1804880052804947,0.1815869957208633,69410680685,1.0079908699138556,0.13890000113419118,0.07595660015940661,0.10813783793556253,0.1822070032358169,0.12151700258255,0.0934450030326843,96.34857235399942,0.03776829719258465,0.012944179551212071,0.2841730117797851
2021-04-17,0.2841730117797851,0.3744550049304962,0.2365240007638931,0.3660979866981506,31413404067,-0.22329512501873494,0.17037543122257498,0.08351626719037687,0.11452716392964064,0.3658699989318847,0.1822070032358169,0.12151700258255,75.26970924046785,0.04690221119939837,0.01973578588084933,0.3204750120639801
2021-04-18,0.3204750120639801,0.349918007850647,0.2464399933815002,0.2851049900054931,23464350388,0.1277461221839271,0.20549343313489635,0.09225450096031025,0.11792104953414585,0.2841730117797851,0.3658699989318847,0.1822070032358169,77.61339477197743,0.05641979956131757,0.027072588616942977,0.4073179960250854
2021-04-19,0.4073179960250854,0.431751012802124,0.3090800046920776,0.320466011762619,30641432779,0.27098207564391275,0.25357214680739804,0.10386640081803002,0.12236097353508685,0.3204750120639801,0.2841730117797851,0.3658699989318847,82.00652458450813,0.0701612843254015,0.035690327758634684,0.3194999992847442
2021-04-20,0.3194999992847442,0.4223470091819763,0.2716180086135864,0.4084349870681762,28130646191,-0.215600581357404,0.28586571770054947,0.11260860078036782,0.10102714451929513,0.4073179960250854,0.3204750120639801,0.2841730117797851,67.56697234993143,0.07312242182993692,0.043176746572895136,0.3069249987602234
2021-04-21,0.3069249987602234,0.3469659984111786,0.2970359921455383,0.3169530034065246,12723463706,-0.03935837418676724,0.31235257429736,0.12100736734767752,0.07042847640158094,0.3194999992847442,0.4073179960250854,0.3204750120639801,65.780838931,0.07360596345882839,0.049262589950081793,0.2609669864177704
2021-04-22,0.2609669864177704,0.3087570071220398,0.25627601146698,0.3059900104999542,11879823706,-0.14973694722845443,0.3236040004662105,0.12792106692989663,0.0492907506003112,0.3069249987602234,0.3194999992847442,0.4073179960250854,59.581714644057016,0.06947982599022767,0.05330603715811097,0.2485090047121048
2021-04-23,0.2485090047121048,0.2683779895305633,0.163669005036354,0.2610230147838592,16165566164,-0.04773776896715265,0.3068381441490991,0.13448130041360853,0.052381063313534496,0.2609669864177704,0.3069249987602234,0.3194999992847442,57.986464828626445,0.06446150520508595,0.05553713076750597,0.2702119946479797
2021-04-24,0.2702119946479797,0.2893899977207184,0.2298910021781921,0.2495439946651458,11057578568,0.08733281098211143,0.30484371313026964,0.1417734336107969,0.05363856989063746,0.2485090047121048,0.2609669864177704,0.3069249987602234,59.99591222201167,0.061526460992750304,0.05673499681255484,0.2511110007762909
2021-04-25,0.2511110007762909,0.2887710034847259,0.2263009995222091,0.2697890102863312,6849914675,-0.0706889192560557,0.2949345686605998,0.1483454002688328,0.05659520878011918,0.2702119946479797,0.2485090047121048,0.2609669864177704,57.394101174682724,0.05700204267146655,0.05678840598433719,0.2706739902496338
2021-04-26,0.2706739902496338,0.280452013015747,0.2480259984731674,0.2512399852275848,5118886527,0.07790574452280219,0.2754139964069639,0.15555529991785683,0.027414344396294095,0.2511110007762909,0.2702119946479797,0.2485090047121048,59.338996037985034,0.05436825491139452,0.05630437576974866,0.2721880078315735
2021-04-27,0.2721880078315735,0.2796289920806885,0.2649280130863189,0.2714270055294037,3590611310,0.005593509670224872,0.2686551404850824,0.1628383001933495,0.019392155162209893,0.2706739902496338,0.2511110007762909,0.2702119946479797,59.49310777049607,0.05180594106133443,0.05540468882806581,0.3236820101737976
2021-04-28,0.3236820101737976,0.3446620106697082,0.2562310099601745,0.2722730040550232,14464343767,0.18918541912429876,0.2710489992584501,0.17182596723238625,0.025098454492800307,0.2721880078315735,0.2706739902496338,0.2511110007762909,64.4309806983333,0.05331583277805926,0.0549869176180645,0.3051689863204956
2021-04-29,0.3051689863204956,0.3238810002803802,0.2969039976596832,0.3232319951057434,5027354503,-0.05719509664241651,0.2773635706731251,0.18020160011947153,0.02757717763145316,0.3236820101737976,0.2721880078315735,0.2706739902496338,61.52707410026733,0.05241438612020918,0.05447241131849344,0.3375610113143921
2021-04-30,0.3375610113143921,0.3397569954395294,0.3029809892177582,0.3047020137310028,5290390982,0.1061445508747656,0.2900852859020233,0.1896650671958923,0.032200558926577846,0.3051689863204956,0.3236820101737976,0.2721880078315735,64.53861660572738,0.05369478875393993,0.05431688680558274,0.3929870128631592
2021-05-01,0.3929870128631592,0.3971349895000458,0.3282899856567383,0.3375590145587921,10123343703,0.16419550745197098,0.3076245742184775,0.2006984343131383,0.04875395237804874,0.3375610113143921,0.3051689863204956,0.3236820101737976,69.00886267286593,0.05850749420301593,0.05515500828506938,0.3760460019111633
2021-05-02,0.3760460019111633,0.4000290036201477,0.364874005317688,0.391086995601654,8040406918,-0.043108322660766585,0.3254724315234593,0.21131116772691405,0.047468538609857815,0.3929870128631592,0.3375610113143921,0.3051689863204956,66.25948580663632,0.06025996062759703,0.056175998753574916,0.4417069852352142
2021-05-03,0.4417069852352142,0.4455670118331909,0.3736310005187988,0.3736310005187988,10526649978,0.17460891218187347,0.34990571652139935,0.22417460059126215,0.05751561722194738,0.3760460019111633,0.3929870128631592,0.3375610113143921,71.07037116942784,0.06618416563421475,0.05817763212970289,0.5413339734077454
2021-05-04,0.5413339734077454,0.6059979796409607,0.4007999897003174,0.4402740001678467,38238126181,0.225549949407023,0.3883551401751382,0.24030559969445064,0.08175624887630396,0.4417069852352142,0.3760460019111633,0.3929870128631592,76.53691391019504,0.07801885333539399,0.06214587637084111,0.6576330065727234
2021-05-05,0.6576330065727234,0.6952620148658752,0.523822009563446,0.5373550057411194,42525098292,0.2148378614275126,0.43606242537498474,0.2602368332445621,0.12416424978057224,0.5413339734077454,0.4417069852352142,0.3760460019111633,81.04068505138403,0.0956793565636051,0.06885257240939391,0.5808039903640747
2021-05-06,0.5808039903640747,0.6636160016059875,0.5451020002365112,0.6528419852256775,18989900291,-0.11682658175727167,0.4754388545240675,0.27744836633404096,0.11934827996364579,0.6576330065727234,0.5413339734077454,0.4417069852352142,71.30345156498171,0.10229675971933577,0.07554140987138229,0.684777021408081
2021-05-07,0.684777021408081,0.7319719791412354,0.5201740264892578,0.5811100006103516,28615083657,0.1790156968081973,0.5250411416803088,0.29830666705965997,0.12453482231219543,0.5808039903640747,0.6576330065727234,0.5413339734077454,75.57970555640692,0.11460970472839777,0.08335506884278539,0.6364390254020691
2021-05-08,0.6364390254020691,0.7375670075416565,0.6081680059432983,0.6878010034561157,25555125135,-0.07058939551829058,0.5598200006144387,0.317472501223286,0.1151504408507195,0.684777021408081,0.5808039903640747,0.6576330065727234,70.33233780224853,0.11909448299167447,0.0905029516725632,0.5700700283050537
2021-05-09,0.5700700283050537,0.6976249814033508,0.425705999135971,0.6358199715614319,46138063928,-0.1042817841899103,0.5875377186707088,0.3344187021255493,0.08217057601642765,0.6364390254020691,0.684777021408081,0.5808039903640747,63.78429700243426,0.11595660313901907,0.09559368196585437,0.4499639868736267
2021-05-10,0.4499639868736267,0.569687008857727,0.4212909936904907,0.569687008857727,16514521828,-0.210686469149289,0.5887172903333392,0.3472893349826336,0.07975191796891086,0.5700700283050537,0.6364390254020691,0.684777021408081,53.98846010395494,0.10259559877401547,0.0969940653274866,0.4952310025691986
2021-05-11,0.4952310025691986,0.5466510057449341,0.445033997297287,0.4504880011081695,14566975476,0.10060141926043786,0.5821311516421181,0.3613087351123492,0.08597778514956421,0.4499639868736267,0.5700700283050537,0.6364390254020691,56.68828060488393,0.09456943878542273,0.09650914001907383,0.3853760063648224
2021-05-12,0.3853760063648224,0.5199750065803528,0.3853760063648224,0.4937419891357422,8621337859,-0.22182576541949472,0.5432372944695609,0.3717957019805908,0.10549566298365087,0.4952310025691986,0.4499639868736267,0.5700700283050537,49.15087315111069,0.07844006087736799,0.09289532419073267,0.4903739988803863
2021-05-13,0.4903739988803863,0.5194609761238098,0.3571749925613403,0.3921760022640228,18663174069,0.27245596711115905,0.5303187242576054,0.38502666850884754,0.10566539534148131,0.3853760063648224,0.4952310025691986,0.4499639868736267,55.272281106045405,0.07328508829107527,0.0889732770108012,0.5596039891242981
2021-05-14,0.5596039891242981,0.5896900296211243,0.4646219909191131,0.4870699942111969,20466177002,0.1411779384754832,0.5124368625027793,0.39962956806023914,0.08341961096067871,0.4903739988803863,0.3853760063648224,0.4952310025691986,58.79453457615768,0.0739337547082683,0.08596537255029461,0.507972002029419
2021-05-15,0.507972002029419,0.5626760125160217,0.4912990033626556,0.5596680045127869,9836892944,-0.09226522344073351,0.4940844305924007,0.41048840135335923,0.06329653128088836,0.5596039891242981,0.4903739988803863,0.3853760063648224,55.29705557849068,0.06948062823316403,0.08266842368686851,0.5148950219154358
2021-05-16,0.5148950219154358,0.5481449961662292,0.4510230123996734,0.5079100131988525,9541552064,0.013628743037723323,0.48620228682245525,0.4154559021194776,0.05517106359881882,0.507972002029419,0.5596039891242981,0.4903739988803863,55.67777161336849,0.06575217314262877,0.07928517357802056,0.4878920018672943
2021-05-17,0.4878920018672943,0.5152209997177124,0.4585509896278381,0.5134130120277405,7330830504,-0.052443738818233054,0.4916205746786935,0.4222465351223946,0.052831829740617474,0.5148950219154358,0.507972002029419,0.5596039891242981,53.75475357685245,0.05992761928560403,0.07541366271953726,0.4761149883270263
2021-05-18,0.4761149883270263,0.5155990123748779,0.4703840017318725,0.486954003572464,4802902841,-0.02413856651716817,0.48888971550124033,0.4274345343311628,0.05310743557179863,0.4878920018672943,0.5148950219154358,0.507972002029419,52.8966548848488,0.05374180969314901,0.07107929211425962,0.3331229984760284
2021-05-19,0.3331229984760284,0.6847350001335144,0.2182669937610626,0.4764350056648254,15072620946,-0.30033078847915173,0.4814250000885555,0.4249613677461942,0.07080551602613472,0.4761149883270263,0.4878920018672943,0.5148950219154358,43.762233150475154,0.036876166979400715,0.06423866708728784,0.400193989276886
2021-05-20,0.400193989276886,0.4331920146942138,0.2962529957294464,0.3302519917488098,12415484460,0.2013400188749923,0.4685421415737697,0.42765116741259895,0.07685174345440354,0.3331229984760284,0.4761149883270263,0.4878920018672943,48.27421779308497,0.028592495549844,0.057109432779799074,0.3593820035457611
2021-05-21,0.3593820035457611,0.4119749963283539,0.314765989780426,0.3981240093708038,7452862203,-0.10198050651602342,0.43993900077683584,0.4293997342387835,0.07453616666057976,0.400193989276886,0.3331229984760284,0.4761149883270263,45.86298284066943,0.018520942199989454,0.04939173466383715,0.3423709869384765
2021-05-22,0.3423709869384765,0.3605169951915741,0.3181689977645874,0.3587169945240021,5243222352,-0.04733408028072983,0.41628171290670124,0.4321132009228071,0.07561657448608475,0.3593820035457611,0.400193989276886,0.3331229984760284,44.85724654691172,0.009062055006217595,0.04132579873231324,0.3080709874629974
2021-05-23,0.3080709874629974,0.3508630096912384,0.249437004327774,0.342521995306015,7143545371,-0.10018372112133078,0.3867354222706386,0.4340986003478368,0.07092401024688702,0.3423709869384765,0.3593820035457611,0.400193989276886,42.818327183789805,-0.0011882076251942264,0.03282299746081175,0.3661620020866394
2021-05-24,0.3661620020866394,0.3714849948883056,0.2962909936904907,0.3067150115966797,6821088755,0.1885637303987262,0.3693454223019736,0.43729693392912544,0.05515888974439331,0.3080709874629974,0.3423709869384765,0.3593820035457611,47.19591150741874,-0.004571458290936414,0.025344106310462116,0.3463020026683807
2021-05-25,0.3463020026683807,0.3800100088119507,0.3234969973564148,0.3660410046577453,5544552739,-0.054238286073057806,0.3508007100650242,0.44046996732552846,0.02880663465991155,0.3661620020866394,0.3080709874629974,0.3423709869384765,45.902116914257725,-0.008754330324060644,0.018524418983557566,0.3536930084228515
2021-05-26,0.3536930084228515,0.3659200072288513,0.3388569951057434,0.3463959991931915,3355793260,0.021342659578981626,0.3537392829145704,0.4432372679313024,0.02773190290561894,0.3463020026683807,0.3661620020866394,0.3080709874629974,46.49001865434982,-0.011342148918612627,0.01255110540312353,0.3329449892044067
2021-05-27,0.3329449892044067,0.3534629940986633,0.3281440138816833,0.3534629940986633,2485942309,-0.058661095142824804,0.3441322829042162,0.4452625006437302,0.0193332718213231,0.3536930084228515,0.3463020026683807,0.3661620020866394,45.011239790684876,-0.014895499505347076,0.0070617844214294085,0.3112049996852875
2021-05-28,0.3112049996852875,0.3478789925575256,0.3015179932117462,0.3336510062217712,3289455640,-0.0652960405593378,0.3372498537812914,0.44484660029411316,0.021458213586770483,0.3329449892044067,0.3536930084228515,0.3463020026683807,43.45162651204522,-0.019243958536304062,0.0018006358298827143,0.3031100034713745
2021-05-29,0.3031100034713745,0.317918986082077,0.2817929983139038,0.3113979995250702,2470710737,-0.026011780730062828,0.3316411418574197,0.4447779675324758,0.024771722488447032,0.3112049996852875,0.3329449892044067,0.3536930084228515,42.85616829782089,-0.023077321195442313,-0.0031749555751822917,0.3022240102291107
2021-05-30,0.3022240102291107,0.3103240132331848,0.2876800000667572,0.3029690086841583,1929947933,-0.0029230089146413674,0.3308058593954359,0.44360006749629977,0.025777124832523698,0.3031100034713745,0.3112049996852875,0.3329449892044067,42.78705587788837,-0.025888356116424205,-0.0077176356834306745,0.3258099853992462
2021-05-31,0.3258099853992462,0.3291630148887634,0.2943300008773803,0.301948994398117,2440829325,0.0780413678987828,0.32504128558295114,0.44136083324750264,0.020530671121101584,0.3022240102291107,0.3031100034713745,0.3112049996852875,45.31528720013649,-0.025914207609417206,-0.011356950068627981,0.3700770139694214
2021-06-01,0.3700770139694214,0.3830789923667907,0.3123599886894226,0.3257440030574798,5796031087,0.13586762393402574,0.3284377157688141,0.44116186698277793,0.025898839466786207,0.3258099853992462,0.3022240102291107,0.3031100034713745,49.79907875887996,-0.02210787008853543,-0.013507134072609471,0.4233739972114563
2021-06-02,0.4233739972114563,0.4445900022983551,0.3525879979133606,0.3703019917011261,11425588479,0.14401592433524857,0.3383921427386148,0.440550767381986,0.04416999873102789,0.3700770139694214,0.3258099853992462,0.3022240102291107,54.62322079619462,-0.014622144078924038,-0.013730136073872384,0.3999629914760589
2021-06-03,0.3999629914760589,0.440762996673584,0.3788189888000488,0.4237389862537384,6809900030,-0.055296276789773335,0.3479661430631365,0.43583840131759644,0.049708483991703155,0.4233739972114563,0.3700770139694214,0.3258099853992462,52.248124448879466,-0.01045816952516987,-0.013075742764131882,0.3763230144977569
2021-06-04,0.3763230144977569,0.400981992483139,0.3514420092105865,0.400981992483139,5889983048,-0.05910541095579602,0.3572687166077749,0.42646140158176415,0.047736369184929704,0.3999629914760589,0.4233739972114563,0.3700770139694214,49.88915800525756,-0.008962425009527042,-0.012253079213210914,0.3721770048141479
2021-06-05,0.3721770048141479,0.393885999917984,0.3604879975318908,0.3767519891262054,3464039041,-0.011017156867597633,0.367135431085314,0.4195071687300999,0.04139281766269737,0.3763230144977569,0.3999629914760589,0.4233739972114563,49.46732801144951,-0.008019145320926402,-0.011406292434754012,0.3718070089817047
2021-06-06,0.3718070089817047,0.376798003911972,0.3672539889812469,0.3716759979724884,1836611411,-0.000994139421988005,0.3770758594785417,0.40907483498255404,0.02999121646507127,0.3721770048141479,0.3763230144977569,0.3999629914760589,49.427162974636616,-0.007218237593460686,-0.010568681466495347,0.3310500085353851
2021-06-07,0.3310500085353851,0.3796780109405517,0.3298059999942779,0.3715659976005554,3043974994,-0.10961869857683382,0.37782443421227585,0.39889520108699794,0.028528070828957714,0.3718070089817047,0.3721770048141479,0.3763230144977569,45.084582873315746,-0.009759757357192977,-0.010406896644634874,0.327686995267868
2021-06-08,0.327686995267868,0.3414349853992462,0.2966600060462951,0.331822007894516,3918487504,-0.01015862613142815,0.37176871725491106,0.39081576665242507,0.03435147561057358,0.3310500085353851,0.3718070089817047,0.3721770048141479,44.73532691829934,-0.011908028801888348,-0.01070712307608557,0.3433310091495514
2021-06-09,0.3433310091495514,0.3537620007991791,0.3131310045719147,0.3264229893684387,3154332929,0.04774072241986649,0.36033400467463894,0.38726133406162255,0.02680321193464558,0.327686995267868,0.3310500085353851,0.3718070089817047,46.79991028421826,-0.012207487899884184,-0.011007196040845293,0.32635098695755
2021-06-10,0.32635098695755,0.3445290029048919,0.32327800989151,0.3433389961719513,2114010549,-0.04945671011209207,0.34981800402913776,0.38163200020790095,0.022806278489708075,0.3433310091495514,0.327686995267868,0.3310500085353851,44.84177644748426,-0.013657521864913702,-0.011537261205658976,0.3193590044975281
2021-06-11,0.3193590044975281,0.3332229852676391,0.3115020096302032,0.3263640105724334,1834446577,-0.021424732081265052,0.34168028831481934,0.3794314334789911,0.021918166683127786,0.32635098695755,0.3433310091495514,0.327686995267868,44.02492563995076,-0.01519571206948378,-0.012268951378423938,0.3120839893817901
2021-06-12,0.3120839893817901,0.3193320035934448,0.3018040060997009,0.3188929855823517,1605633791,-0.02278005321060006,0.3330955718244825,0.37348843316237124,0.01963180190937141,0.3193590044975281,0.32635098695755,0.3433310091495514,43.14427955634827,-0.016808019423385445,-0.013176764987416241,0.3243820071220398
2021-06-13,0.3243820071220398,0.3300260007381439,0.3078919947147369,0.312485009431839,1484851447,0.039406115528742625,0.3263205715588161,0.36564770042896266,0.009733895418419809,0.3120839893817901,0.3193590044975281,0.32635098695755,45.1419730671087,-0.01689864035758043,-0.01392114006144908,0.3320850133895874
2021-06-14,0.3320850133895874,0.3369269967079162,0.3200869858264923,0.3239029943943023,1613812023,0.023746712513094348,0.3264684293951307,0.3597848008076349,0.009825142085716419,0.3243820071220398,0.3120839893817901,0.3193590044975281,46.4120546458478,-0.01616257773644636,-0.014369427596448537,0.3283810019493103
2021-06-15,0.3283810019493103,0.3304949998855591,0.3169760107994079,0.326784998178482,1687965230,-0.011153804872042539,0.3265675732067653,0.35356766680876406,0.009842973183513534,0.3320850133895874,0.3243820071220398,0.3120839893817901,45.86220604238123,-0.015697178273683166,-0.014634977731895465,0.307761013507843
2021-06-16,0.307761013507843,0.3213930130004883,0.3054850101470947,0.3203780055046081,1391720788,-0.06279287875688444,0.32148614525794983,0.3475633005301157,0.008880993372144055,0.3283810019493103,0.3320850133895874,0.3243820071220398,42.82084259757385,-0.016798563205325523,-0.015067694826581476,0.3064959943294525
2021-06-17,0.3064959943294525,0.3140110075473785,0.3033159971237182,0.3077490031719208,1120766442,-0.0041103945037478384,0.3186497177396502,0.3419093340635299,0.010148505245333594,0.307761013507843,0.3283810019493103,0.3320850133895874,42.6340484220462,-0.017570948220639704,-0.015568345505393122,0.2934719920158386
2021-06-18,0.2934719920158386,0.3077520132064819,0.2804810106754303,0.3064279854297638,1846213589,-0.042493221949303495,0.31495157309940885,0.34058763384819024,0.013878243289077413,0.3064959943294525,0.307761013507843,0.3283810019493103,40.66714150874965,-0.019014806201010148,-0.01625763764451653,0.2873559892177582
2021-06-19,0.2873559892177582,0.2978030145168304,0.2861889898777008,0.2936489880084991,1003248258,-0.020840158394912045,0.31141900164740427,0.33682636717955267,0.017423994981499744,0.2934719920158386,0.3064959943294525,0.307761013507843,39.739964609045906,-0.02041722727834372,-0.017089555571281966,0.2809000015258789
2021-06-20,0.2809000015258789,0.2897270023822784,0.2564670145511627,0.2863940000534057,1963503800,-0.02246686317363278,0.30520728656223844,0.3342103004455566,0.0196419857875897,0.2873559892177582,0.2934719920158386,0.3064959943294525,38.736011208010396,-0.02179832284109584,-0.018031309025244743,0.1786909997463226
2021-06-21,0.1786909997463226,0.2808890044689178,0.1664910018444061,0.2806600034236908,5640232167,-0.36386258890831635,0.283293856041772,0.3287543008724848,0.04871244742385929,0.2809000015258789,0.2873559892177582,0.2934719920158386,27.074446948866907,-0.030785388477050257,-0.02058212491560585,0.1910309940576553
2021-06-22,0.1910309940576553,0.2161220014095306,0.1646540015935897,0.1786819994449615,5992850344,0.0690577271874413,0.2636724263429642,0.3248529677589734,0.05480571237801343,0.1786909997463226,0.2809000015258789,0.2873559892177582,29.821435738389226,-0.03649131911882231,-0.023763963756249142,0.2321739941835403
2021-06-23,0.2321739941835403,0.2471099942922592,0.1809789985418319,0.1906709969043731,5098674891,0.2153734284263189,0.2528742807252066,0.32038670082887005,0.05204828643416904,0.1910309940576553,0.1786909997463226,0.2809000015258789,38.18237642073887,-0.037263859422204726,-0.02646394288944026,0.2627820074558258
2021-06-24,0.2627820074558258,0.2686899900436401,0.2225269973278045,0.2349700033664703,3844648059,0.13183222083042168,0.24662942545754568,0.31760270098845156,0.046911320741576605,0.2321739941835403,0.1910309940576553,0.1786909997463226,43.56872429677061,-0.03500280179860743,-0.028171714671273697,0.2391529977321624
2021-06-25,0.2391529977321624,0.2891449928283691,0.230005994439125,0.263480007648468,5542163262,-0.08991867423661226,0.23886956913130625,0.3137847006320953,0.042119266020536006,0.2627820074558258,0.2321739941835403,0.1910309940576553,40.625800049924415,-0.034717360825897714,-0.029480843902198503,0.2447839975357055
2021-06-26,0.2447839975357055,0.2551270127296448,0.2309720069169998,0.2376729995012283,2649457302,0.023545595735536162,0.23278785603387012,0.31084600090980524,0.03667272445066465,0.2391529977321624,0.2627820074558258,0.2321739941835403,41.63752535382363,-0.03364888873103172,-0.03031445286796515,0.2644500136375427
2021-06-27,0.2644500136375427,0.2668910026550293,0.240894004702568,0.2460449934005737,2167521670,0.08034028490350398,0.23043785776410777,0.3092875013748804,0.033462388211758586,0.2447839975357055,0.2391529977321624,0.2627820074558258,45.152614420639196,-0.030859504594667853,-0.03042346321330569,0.2568570077419281
2021-06-28,0.2568570077419281,0.2669819891452789,0.2507619857788086,0.2649179995059967,1932994784,-0.028712442821128614,0.2416044303349086,0.30774573485056556,0.02538298747518262,0.2644500136375427,0.2447839975357055,0.2391529977321624,44.049487395151935,-0.028928124278993994,-0.030124395426443355,0.2627690136432647
2021-06-29,0.2627690136432647,0.274940013885498,0.2529880106449127,0.2570610046386719,2192562738,0.023016720288498327,0.2518527188471385,0.306430568297704,0.013043846101446311,0.2568570077419281,0.2644500136375427,0.2447839975357055,45.17265772402856,-0.02661365633265861,-0.029422247607686407,0.2542150020599365
2021-06-30,0.2542150020599365,0.2635380029678345,0.2382680028676986,0.2634170055389404,2047763830,-0.03255334966907897,0.2550014342580523,0.30404406885306035,0.00974490331000927,0.2627690136432647,0.2568570077419281,0.2644500136375427,43.80253198142299,-0.025179408508613943,-0.028573679787871918,0.2445490062236786
2021-07-01,0.2445490062236786,0.2600919902324676,0.2386769950389862,0.2538279891014099,2463946548,-0.038022916656897277,0.25239671979631695,0.2998598019282023,0.009755366161470764,0.2542150020599365,0.2627690136432647,0.2568570077419281,42.24332306079499,-0.02453984183558966,-0.027766912197415467,0.2452639937400818
2021-07-02,0.2452639937400818,0.2479970008134842,0.2388480007648468,0.2439820021390915,1321470954,0.002923698310796752,0.2532697192260197,0.29392280181248975,0.008574649890978113,0.2445490062236786,0.2542150020599365,0.2627690136432647,42.40663355717479,-0.023702064476947726,-0.026953942653321922,0.246410995721817
2021-07-03,0.246410995721817,0.250214010477066,0.2424540072679519,0.2451059967279434,917015819,0.004676601584457263,0.25350214753832134,0.2888044019540151,0.008324703994499588,0.2452639937400818,0.2445490062236786,0.2542150020599365,42.68660801065622,-0.022684078474033476,-0.026099969817464232,0.2464829981327057
2021-07-04,0.2464829981327057,0.2525669932365417,0.2434249967336654,0.2464250028133392,973511519,0.0002922045368867199,0.25093543103763033,0.2844764014085134,0.007060460686853937,0.246410995721817,0.2452639937400818,0.2445490062236786,42.70543699549524,-0.021622259293969603,-0.02520442771276531,0.2316139936447143
2021-07-05,0.2316139936447143,0.2464189976453781,0.2278379946947097,0.2464189976453781,1267949362,-0.06032466580103002,0.24732928616659983,0.2797909677028656,0.009542217921000075,0.2464829981327057,0.246410995721817,0.2452639937400818,39.79774253389057,-0.02173007357878526,-0.024509556885969303,0.2344219982624054
2021-07-06,0.2344219982624054,0.2419099956750869,0.2298420071601867,0.2312159985303878,1265920169,0.012123639739999748,0.24327971254076278,0.2752114673455556,0.007743202478536505,0.2316139936447143,0.2464829981327057,0.246410995721817,40.61999733912947,-0.021342906925548272,-0.0238762268938851,0.2241259962320327
2021-07-07,0.2241259962320327,0.2378509938716888,0.2225760072469711,0.2343010008335113,1148903688,-0.04392080140383259,0.23898128313677652,0.2716473336021105,0.008922741842444546,0.2344219982624054,0.2316139936447143,0.2464829981327057,38.541371626859,-0.021617680713320542,-0.02342451765777219,0.2075970023870468
2021-07-08,0.2075970023870468,0.224930003285408,0.2029870003461837,0.224382996559143,1789637577,-0.07374866870808594,0.2337024254458291,0.2676443338394165,0.014356189722427342,0.2241259962320327,0.2344219982624054,0.2316139936447143,35.40873979470591,-0.022905156201764143,-0.02332064536657058,0.2198639959096908
2021-07-09,0.2198639959096908,0.2291390001773834,0.1966069936752319,0.2070730030536651,3045790264,0.05909041740291254,0.23007385432720182,0.2635287667314211,0.014155491703113029,0.2075970023870468,0.2241259962320327,0.2344219982624054,39.34875852592747,-0.02267427106182368,-0.0231913705056212,0.213919997215271
2021-07-10,0.213919997215271,0.2276809960603714,0.2107450067996978,0.2198459953069687,1264519098,-0.027034888863119333,0.22543228311198096,0.25978106707334514,0.013200399611152365,0.2198639959096908,0.2075970023870468,0.2241259962320327,38.1348882974574,-0.022709147032515503,-0.02309492581100006,0.2158560007810592
2021-07-11,0.2158560007810592,0.2187449932098388,0.2109310030937194,0.2138870060443878,719870047,0.009050128978077554,0.22105699777603147,0.25633096694946284,0.009661556356384833,0.213919997215271,0.2198639959096908,0.2075970023870468,38.79714300181457,-0.022323238781712385,-0.022940588405142525,0.2080480009317398
2021-07-12,0.2080480009317398,0.2189649939537048,0.2045059949159622,0.2160100042819976,973602708,-0.03617226216119418,0.21769042738846367,0.2528631006677945,0.009473834943920232,0.2158560007810592,0.213919997215271,0.2198639959096908,37.07344749048421,-0.022389353515852695,-0.02283034142728456,0.2000029981136322
2021-07-13,0.2000029981136322,0.2080619931221008,0.1981630027294159,0.2080090045928955,1035890377,-0.03866897438128791,0.21277342736721036,0.2487171337008476,0.008187213173065026,0.2080480009317398,0.2158560007810592,0.213919997215271,35.33165706395654,-0.022827770087739258,-0.0228298271593755,0.1973239928483963
2021-07-14,0.1973239928483963,0.2044830024242401,0.1877519935369491,0.1999779939651489,1319171299,-0.01339482553013438,0.2089445697409766,0.2442250996828079,0.008260003120601375,0.2000029981136322,0.2080480009317398,0.2158560007810592,34.74623017206301,-0.02312482314854969,-0.02288882635721034,0.1848880052566528
2021-07-15,0.1848880052566528,0.2008399963378906,0.1807859987020492,0.1977490037679672,1044558931,-0.06302319050120808,0.20570042729377747,0.23944199979305264,0.012332862906377974,0.1973239928483963,0.2000029981136322,0.2080480009317398,32.088281913398575,-0.024086070874183574,-0.023128275260604986,0.1723449975252151
2021-07-16,0.1723449975252151,0.1883219927549362,0.1716119945049286,0.1852380037307739,1144730187,-0.06784111123934788,0.19891199895313807,0.2349281325936317,0.01582190332293031,0.1848880052566528,0.1973239928483963,0.2000029981136322,29.62662719973099,-0.025565281864305595,-0.023615676581345106,0.1861249953508377
2021-07-17,0.1861249953508377,0.204936996102333,0.1692299991846084,0.172117993235588,2393120423,0.07995589093676192,0.1949412844010762,0.2309157659610112,0.014887898774241012,0.1723449975252151,0.1848880052566528,0.1973239928483963,35.4824840540611,-0.025333606524444913,-0.023959262569965067,0.1822330057621002
2021-07-18,0.1822330057621002,0.1957879960536956,0.1808860003948211,0.1868409961462021,1424484163,-0.020910622892971853,0.1901379993983677,0.22720779975255329,0.012196115067664617,0.1861249953508377,0.1723449975252151,0.1848880052566528,34.60659684616057,-0.02517386454132578,-0.024202182964237214,0.1735559999942779
2021-07-19,0.1735559999942779,0.1839500069618225,0.1707119941711425,0.1818179935216903,1084816777,-0.047614896826922104,0.18521057069301602,0.22341446677843727,0.010620020482166943,0.1822330057621002,0.1861249953508377,0.1723449975252151,32.67030735978071,-0.025454011715046465,-0.024452548714399065,0.1708009988069534
2021-07-20,0.1708009988069534,0.1788949966430664,0.1607279926538467,0.1737630069255828,1809479230,-0.01587384583313356,0.18103885650634763,0.21974450002113974,0.00951933530950322,0.1735559999942779,0.1822330057621002,0.1861249953508377,32.05701014005197,-0.02560319820837434,-0.024682678613194124,0.1903489977121353
2021-07-21,0.1903489977121353,0.2142100036144256,0.1687189936637878,0.1705269962549209,4433688120,0.11444897302547896,0.1800424286297389,0.2201330999533335,0.00772689515489176,0.1708009988069534,0.1735559999942779,0.1822330057621002,40.58040592167424,-0.023868923346512777,-0.02451992755985786,0.1913029998540878
2021-07-22,0.1913029998540878,0.1964039951562881,0.1866640001535415,0.1904799938201904,1629442360,0.005011857973611367,0.18095885642937248,0.22014216681321458,0.008714656471292959,0.1903489977121353,0.1708009988069534,0.1735559999942779,40.969608217798324,-0.022162047732915413,-0.024048351594469372,0.1947640031576156
2021-07-23,0.1947640031576156,0.199531003832817,0.1835400015115738,0.1913589984178543,1447257649,0.018091735655831886,0.18416157151971543,0.21889516711235046,0.009131020824585695,0.1913029998540878,0.1903489977121353,0.1708009988069534,42.4425467713567,-0.02029610164411283,-0.023297901604398066,0.1973190009593963
2021-07-24,0.1973190009593963,0.2043689936399459,0.1913439929485321,0.1948229968547821,1695867808,0.013118429280348343,0.18576071517808093,0.2167130668958028,0.010421255051040582,0.1947640031576156,0.1913029998540878,0.1903489977121353,43.562120888047396,-0.01839906597617258,-0.02231813447875297,0.1978639960289001
2021-07-25,0.1978639960289001,0.2004510015249252,0.1916970014572143,0.197172999382019,1256116971,0.00276199994351245,0.18799371378762378,0.21533676683902742,0.011185973621249198,0.1973190009593963,0.1947640031576156,0.1913029998540878,43.813177968935406,-0.016659633114251338,-0.021186434205852644,0.2044190019369125
2021-07-26,0.2044190019369125,0.2327670007944107,0.197062999010086,0.1980299949645996,4863225852,0.03312884627608037,0.192402714065143,0.21399126698573429,0.010614640535679482,0.1978639960289001,0.1973190009593963,0.1947640031576156,46.87424008616018,-0.014584069766930274,-0.01986596131806817,0.2058990001678466
2021-07-27,0.2058990001678466,0.2092929929494857,0.1953500062227249,0.2038359940052032,2229903212,0.007240022781203281,0.1974167142595563,0.2120395665367444,0.005993855367975208,0.2044190019369125,0.1978639960289001,0.1973190009593963,47.568785083075646,-0.012673653385029515,-0.01842749973146044,0.2053920030593872
2021-07-28,0.2053920030593872,0.2137459963560104,0.2020110040903091,0.2061109989881515,2076707890,-0.0024623582826827084,0.1995657150234494,0.2103240663806597,0.0057283359610617235,0.2058990001678466,0.2044190019369125,0.1978639960289001,47.34045840378423,-0.011072903528830197,-0.016956580490934393,0.2046190053224563
2021-07-29,0.2046190053224563,0.2063550055027008,0.2007160037755966,0.2055909931659698,1169322798,-0.003763524019517961,0.20146800151893066,0.2083857327699661,0.004633490779037695,0.2053920030593872,0.2058990001678466,0.2044190019369125,46.97027653685425,-0.009754231483428272,-0.01551611068943317,0.2088209986686706
2021-07-30,0.2088209986686706,0.2106429934501648,0.1965350061655044,0.2050230056047439,1523981522,0.020535694324153475,0.20347614373479564,0.20687259932359056,0.004276095332156787,0.2046190053224563,0.2053920030593872,0.2058990001678466,49.29154250149039,-0.00827472278794894,-0.014067833109136325,0.2083140015602111
2021-07-31,0.2083140015602111,0.2143449932336807,0.2048970013856887,0.208637997508049,1349212924,-0.002427902901010137,0.20504685810634066,0.20566476583480833,0.003604034856046621,0.2088209986686706,0.2046190053224563,0.2053920030593872,49.01277021553199,-0.0070617089321889925,-0.012666608273746858,0.2044370025396347
2021-08-01,0.2044370025396347,0.2176109999418258,0.2013889998197555,0.2077530026435852,1711494501,-0.018611322290094767,0.2059858590364456,0.20430386612812676,0.0018502594603251829,0.2083140015602111,0.2088209986686706,0.2046190053224563,46.83159272167815,-0.0063401429108596585,-0.011401315201169418,0.2036000043153762
2021-08-02,0.2036000043153762,0.2099590003490448,0.2021880000829696,0.2042790055274963,1181469976,-0.004094162083482122,0.2058688593762261,0.2028768330812454,0.0019867141867662046,0.2044370025396347,0.2083140015602111,0.2088209986686706,46.35200963887604,-0.005769330155219243,-0.010274918191979383,0.1959670037031173
2021-08-03,0.1959670037031173,0.2050770074129104,0.1937499940395355,0.2034309953451156,1121632377,-0.037490179029836423,0.2044500027384076,0.20119296660025912,0.00423548418626048,0.2036000043153762,0.2044370025396347,0.2083140015602111,42.116261006445484,-0.005865265165821143,-0.009392987586747736,0.2014899998903274
2021-08-04,0.2014899998903274,0.2031099945306778,0.1944500058889389,0.1963119953870773,1095300718,0.028183296589956663,0.20389257371425623,0.20018883347511288,0.004346169198070266,0.1959670037031173,0.2036000043153762,0.2044370025396347,45.96402753479118,-0.0054330064023178914,-0.008600991349861767,0.2009740024805069
2021-08-05,0.2009740024805069,0.2025129944086074,0.1946849972009658,0.2015749961137771,1139204754,-0.002560908283792518,0.2033718590225492,0.19907390028238295,0.00446145471088165,0.2014899998903274,0.1959670037031173,0.2036000043153762,45.658653088007235,-0.005073589712580845,-0.007895511022405583,0.2046879976987838
2021-08-06,0.2046879976987838,0.2117560058832168,0.1986169964075088,0.2009599953889846,1332579279,0.01847997836753601,0.20278143031256532,0.1984259669979413,0.003851976214114526,0.2009740024805069,0.2014899998903274,0.1959670037031173,48.32008237625765,-0.0044379036309861175,-0.0072039895441216905,0.2603409886360168
2021-08-07,0.2603409886360168,0.2619900107383728,0.2037719935178756,0.2048459947109222,6343062404,0.271891813701413,0.21021385703768042,0.20018409987290697,0.022304083950163776,0.2046879976987838,0.2009740024805069,0.2014899998903274,71.13409165981544,0.0005502702527888925,-0.005653137584739574,0.2400449961423874
2021-08-08,0.2400449961423874,0.2813790142536163,0.2353480011224746,0.2619560062885284,6984782653,-0.07795926642195117,0.2153007132666451,0.20085679988066352,0.024698937337023923,0.2603409886360168,0.2046879976987838,0.2009740024805069,60.62349771322727,0.00283305927616595,-0.00395589821255847,0.2568970024585724
2021-08-09,0.2568970024585724,0.2662650048732757,0.2314099967479705,0.2401220053434372,4607903346,0.07020353095045939,0.22291457014424457,0.2022893667221069,0.028424678251411418,0.2400449961423874,0.2603409886360168,0.2046879976987838,65.2188555882422,0.005933603211143723,-0.0019779979278180316,0.2573249936103821
2021-08-10,0.2573249936103821,0.2627910077571869,0.2453519999980926,0.2563660144805908,3424415504,0.0016660029027730783,0.23167999727385383,0.20367166648308432,0.0281893919730043,0.2568970024585724,0.2400449961423874,0.2603409886360168,65.32952049220796,0.008329326634291867,8.346698460394821e-05,0.2652629911899566
2021-08-11,0.2652629911899566,0.2824819982051849,0.2563819885253906,0.257423996925354,4732068476,0.03084814058751517,0.24079042460237227,0.2055788328250249,0.027090075841041335,0.2573249936103821,0.2568970024585724,0.2400449961423874,67.4012266514489,0.01074462739513704,0.002215699066710567,0.2639209926128387
2021-08-12,0.2639209926128387,0.2941420078277588,0.2527750134468078,0.2648530006408691,5264857508,-0.005059124799497217,0.24978285176413392,0.2077094326416651,0.02155173131685458,0.2652629911899566,0.2573249936103821,0.2568970024585724,66.6758515296799,0.012407457137281142,0.004254050680824682,0.2868080139160156
2021-08-13,0.2868080139160156,0.2871879935264587,0.261907011270523,0.2642489969730377,3565092106,0.08671921500670954,0.26151428265230997,0.2106922333439191,0.013909194866064293,0.2639209926128387,0.2652629911899566,0.2573249936103821,72.17559723364664,0.01539459373850463,0.006482159292360672,0.2931129932403564
2021-08-14,0.2931129932403564,0.2984560132026672,0.2771539986133575,0.2868010103702545,4677579997,0.021983274589346014,0.266195997595787,0.21429973294337587,0.018277795815449173,0.2868080139160156,0.2639209926128387,0.2652629911899566,73.47435619779287,0.018062467275439087,0.008798220888976355,0.3414410054683685
2021-08-15,0.3414410054683685,0.3487220108509063,0.2870630025863647,0.2940860092639923,8046171669,0.1648784371301566,0.2806811417852129,0.21993626654148096,0.030314098580906296,0.2931129932403564,0.2868080139160156,0.2639209926128387,80.85210290468645,0.023802067548771122,0.011798990220935309,0.3207150101661682
2021-08-16,0.3207150101661682,0.3509530127048492,0.3108280003070831,0.3401649892330169,6681324187,-0.06070154132122929,0.2897980000291552,0.22442260036865863,0.03154064320045664,0.3414410054683685,0.2931129932403564,0.2868080139160156,71.64834630949937,0.026374300986120452,0.014714052373972338,0.2994419932365417
2021-08-17,0.2994419932365417,0.339462012052536,0.2957629859447479,0.3196310102939605,5699700481,-0.06632996977161931,0.29581471426146366,0.2283295666178067,0.028148349711924085,0.3207150101661682,0.3414410054683685,0.2931129932403564,63.64066325295871,0.0263920289556277,0.017049647690303413,0.3037390112876892
2021-08-18,0.3037390112876892,0.3242270052433014,0.2820160090923309,0.2992030084133148,6347995770,0.014350084985418565,0.3013112885611397,0.23266900032758706,0.024738222607021944,0.2994419932365417,0.3207150101661682,0.3414410054683685,64.50365592040947,0.02644793659444289,0.018929305471131308,0.3171440064907074
2021-08-19,0.3171440064907074,0.319018006324768,0.2940880060195923,0.3033759891986847,3760495939,0.044133268052030106,0.3089145762579781,0.2375471005837122,0.01879649251791798,0.3037390112876892,0.2994419932365417,0.3207150101661682,67.12509532707116,0.027259682235414084,0.020595380823987864,0.3274909853935241
2021-08-20,0.3274909853935241,0.3332229852676391,0.3141419887542724,0.3175710141658783,3512291078,0.032625490915969335,0.3147264293261936,0.24211850017309183,0.017028349944740766,0.3171440064907074,0.3037390112876892,0.2994419932365417,69.02651447278298,0.028410413664486156,0.022158387392087524,0.3167969882488251
2021-08-21,0.3167969882488251,0.3293560147285461,0.315432995557785,0.3273949921131134,2600396651,-0.03265432522317757,0.3181098571845463,0.24630163311958306,0.014123276988421718,0.3274909853935241,0.3171440064907074,0.3037390112876892,64.85162116671583,0.028135136081253398,0.0233537371299207,0.3149630129337311
2021-08-22,0.3149630129337311,0.3215410113334656,0.306546002626419,0.3170849978923797,2237836352,-0.005789118530550863,0.31432728682245525,0.2503082667787869,0.009679936260448703,0.3167969882488251,0.3274909853935241,0.3171440064907074,64.1352071989157,0.027452534404510842,0.02417349658483873,0.3179140090942383
2021-08-23,0.3179140090942383,0.3280940055847168,0.3133679926395416,0.3149259984493255,2836628655,0.009369341920564267,0.31392714381217957,0.25432810038328163,0.009426450040325178,0.3149630129337311,0.3167969882488251,0.3274909853935241,64.80886040389649,0.026840290227222896,0.024706855313315564,0.2887389957904815
2021-08-24,0.2887389957904815,0.3197570145130157,0.2777769863605499,0.3183859884738922,3143768703,-0.09177014057001975,0.3123981441770281,0.257357267042001,0.012526013575425706,0.3179140090942383,0.3149630129337311,0.3167969882488251,54.00810574415482,0.023727387998823346,0.024510961850417123,0.2922259867191314
2021-08-25,0.2922259867191314,0.2968150079250335,0.2799949944019317,0.289218008518219,2518743227,0.012076619298004854,0.31075342638151987,0.2602841665347417,0.014459171105065748,0.2887389957904815,0.3179140090942383,0.3149630129337311,54.97395196479935,0.021296271421037072,0.023868023764541117,0.2689090073108673
2021-08-26,0.2689090073108673,0.2960020005702972,0.2653129994869232,0.2927939891815185,2410285454,-0.07979091685187756,0.3038627122129713,0.2623845001061757,0.020944959915746634,0.2922259867191314,0.2887389957904815,0.3179140090942383,47.752436027124745,0.017288813962328342,0.022552181804098563,0.2944329977035522
2021-08-27,0.2944329977035522,0.2948450148105621,0.265392005443573,0.2688190042972564,2382150423,0.0949168294804581,0.2991401425429752,0.26535253326098124,0.018287762973511142,0.2689090073108673,0.2922259867191314,0.2887389957904815,54.75843405662944,0.015988146366889444,0.021239374716656743,0.285629004240036
2021-08-28,0.285629004240036,0.2991699874401092,0.2832730114459991,0.2946310043334961,1534807298,-0.02990151760225057,0.2946875733988625,0.2680528665582339,0.017022841035557602,0.2944329977035522,0.2689090073108673,0.2922259867191314,52.16030962139246,0.014084590836428768,0.019808417940611146,0.281125009059906
2021-08-29,0.281125009059906,0.2916629910469055,0.2774859964847564,0.2858630120754242,1473623363,-0.015768689850366058,0.28985357284545893,0.27046300023794173,0.014988548268568606,0.285629004240036,0.2944329977035522,0.2689090073108673,50.83155373584073,0.012073399955328912,0.018261414343554702,0.2721250057220459
2021-08-30,0.2721250057220459,0.289559006690979,0.2703750133514404,0.281233012676239,1748987269,-0.032014239387511245,0.2833122866494315,0.2725900337100029,0.009792297221834135,0.281125009059906,0.285629004240036,0.2944329977035522,48.18981573790383,0.009642143016343585,0.016537560078112478,0.27845299243927
2021-08-31,0.27845299243927,0.2858189940452575,0.2700470089912414,0.2718780040740967,1745967018,0.023253969992333756,0.2818428575992584,0.27505723337332405,0.009612349047530371,0.2721250057220459,0.281125009059906,0.285629004240036,50.15144314111763,0.00813222677074793,0.014856493416639568,0.2944009900093078
2021-09-01,0.2944009900093078,0.2948890030384063,0.2735260128974914,0.2780619859695434,1937809622,0.05727357221171192,0.2821535723549979,0.2780839328964551,0.010029997000345897,0.27845299243927,0.2721250057220459,0.281125009059906,54.796574647139856,0.008128773942654655,0.013510949521842588,0.2959550023078918
2021-09-02,0.2959550023078918,0.3092269897460937,0.2920100092887878,0.2943930029869079,2981069411,0.005278556633029119,0.2860172859260014,0.28141686618328093,0.009257141626755163,0.2944009900093078,0.27845299243927,0.2721250057220459,55.234322035823006,0.008157399928022446,0.012440239603078562,0.2962729930877685
2021-09-03,0.2962729930877685,0.3044939935207367,0.2885409891605377,0.2947539985179901,2384046931,0.0010744565133111728,0.28628014240946087,0.28457629928986233,0.009557193595538882,0.2959550023078918,0.2944009900093078,0.27845299243927,55.32964912722489,0.008112232657653762,0.011574638213993602,0.2993879914283752
2021-09-04,0.2993879914283752,0.3087309896945953,0.2933419942855835,0.296068012714386,2263193245,0.010513946303853272,0.288245712007795,0.2878567655881245,0.010742339709465523,0.2962729930877685,0.2959550023078918,0.2944009900093078,56.31110374805955,0.00823288799541727,0.010906288170278337,0.3145270049571991
2021-09-05,0.3145270049571991,0.3150089979171753,0.2965820133686065,0.2993240058422088,2393033527,0.05056653560684232,0.2930174257074083,0.2915180658300717,0.013982157450384997,0.2993879914283752,0.2962729930877685,0.2959550023078918,60.816923674441426,0.009441267040176116,0.010613283944257893,0.3087649941444397
2021-09-06,0.3087649941444397,0.3197509944438934,0.3004510104656219,0.314314991235733,2611846129,-0.018319606017751955,0.2982517097677503,0.2931321993470191,0.011494295347895459,0.3145270049571991,0.2993879914283752,0.2962729930877685,58.350277487148816,0.009820762386018644,0.010454779632610045,0.2537440061569214
2021-09-07,0.2537440061569214,0.3110300004482269,0.2165270000696182,0.3089509904384613,5653327525,-0.17819697514602184,0.29472185458455763,0.29358883301417027,0.019555222161970143,0.3087649941444397,0.3145270049571991,0.2993879914283752,41.17636027139213,0.0056170316364805295,0.009487230033384142,0.2571130096912384
2021-09-08,0.2571130096912384,0.2632899880409241,0.2348639965057373,0.2542659938335418,3226346052,0.01327717483987989,0.2893950002534048,0.2935960332552591,0.02418723803820552,0.2537440061569214,0.3087649941444397,0.3145270049571991,42.296282836637936,0.0025282510561157046,0.008095434237930455,0.252595990896225
2021-09-09,0.252595990896225,0.2595579922199249,0.2492700070142746,0.2503620088100433,1763183557,-0.017568223406656203,0.2832008557660239,0.2934383998314539,0.02754601115921617,0.2571130096912384,0.2537440061569214,0.3087649941444397,41.16467509837497,-0.0002808776905656729,0.006420171852231231,0.2399819940328598
2021-09-10,0.2399819940328598,0.2616220116615295,0.2359090000391006,0.2525849938392639,1840815800,-0.049937438906334175,0.2751592844724655,0.2925956999262173,0.031083268645066116,0.252595990896225,0.2571130096912384,0.2537440061569214,38.09921779930239,-0.003484805914922784,0.004439176298800428,0.2414319962263107
2021-09-11,0.2414319962263107,0.2480179965496063,0.2384870052337646,0.2398259937763214,1196337689,0.006042129115955142,0.2668798565864563,0.2918460667133331,0.03127212493263657,0.2399819940328598,0.252595990896225,0.2571130096912384,38.66465195219974,-0.005839623512136127,0.0023834163366131178,0.2506169974803924
2021-09-12,0.2506169974803924,0.2547940015792846,0.2392330020666122,0.2413289994001388,1419288866,0.03804384421968643,0.25774985551834106,0.2906396994988123,0.02337522259690158,0.2414319962263107,0.2399819940328598,0.252595990896225,42.26247116110537,-0.006885311005215389,0.0005296708682474163,0.2359060049057006
2021-09-13,0.2359060049057006,0.252030998468399,0.2289109975099563,0.2506240010261535,1759116002,-0.058699101507840634,0.24734142848423546,0.2887327998876571,0.008110365343244236,0.2506169974803924,0.2414319962263107,0.2399819940328598,38.37940996007592,-0.008799643223640796,-0.0013361919501302263,0.2407090067863464
2021-09-14,0.2407090067863464,0.2416779994964599,0.2339619994163513,0.236063003540039,967948743,0.020359811877471046,0.24547928571701047,0.28537506659825634,0.007888717079163743,0.2359060049057006,0.2506169974803924,0.2414319962263107,40.307789322516214,-0.009816049874678767,-0.0030321635350399347,0.2476969957351684
2021-09-15,0.2476969957351684,0.248321995139122,0.23921500146389,0.2405900061130523,980188820,0.029030857806764843,0.24413414086614332,0.2829411327838897,0.006195427675013656,0.2407090067863464,0.2359060049057006,0.2506169974803924,43.097885437252216,-0.009943069643823244,-0.0044143447567965965,0.2425550073385238
2021-09-16,0.2425550073385238,0.2477329969406128,0.2338519990444183,0.24754199385643,1140048496,-0.02075918757667239,0.24269971464361456,0.2810448999206224,0.0049461710967384324,0.2476969957351684,0.2407090067863464,0.2359060049057006,41.5585767057601,-0.010339462330562543,-0.0055993682715497865,0.2399300038814544
2021-09-17,0.2399300038814544,0.259535014629364,0.2380259931087494,0.2420980036258697,2246768047,-0.010822301653850341,0.2426922874791281,0.2789179330070813,0.004950968884265018,0.2425550073385238,0.2476969957351684,0.2407090067863464,40.7582473591897,-0.010741599756001252,-0.00662781456844008,0.2413859963417053
2021-09-18,0.2413859963417053,0.2473279982805252,0.2382279932498932,0.2399280071258545,999151515,0.00606840510439155,0.24268571606704162,0.27639266600211454,0.004952950594802826,0.2399300038814544,0.2425550073385238,0.2476969957351684,41.431972270104,-0.010818105750544371,-0.0074658728048609384,0.233142003417015
2021-09-19,0.233142003417015,0.2412849962711334,0.2313369959592819,0.2412810027599334,892763953,-0.03415273897256299,0.24018928834370198,0.273247699936231,0.0046858383136647455,0.2413859963417053,0.2399300038814544,0.2425550073385238,38.74517150926613,-0.011412403549372063,-0.008255178953763164,0.2070710062980651
2021-09-20,0.2070710062980651,0.2336059957742691,0.2000219970941543,0.2331610023975372,2244003542,-0.11182453928011149,0.2360700028283255,0.269590167204539,0.01348725930124807,0.233142003417015,0.2413859963417053,0.2399300038814544,31.736131264187648,-0.013827703263932511,-0.009369683815797034,0.2010270059108734
2021-09-21,0.2010270059108734,0.2180940061807632,0.1981610059738159,0.2087730020284652,1766963639,-0.029188057252649613,0.23040114556040076,0.26579230030377704,0.018587525641855975,0.2070710062980651,0.233142003417015,0.2413859963417053,30.36473794753445,-0.01604459391717966,-0.01070466583607356,0.2248580008745193
2021-09-22,0.2248580008745193,0.2294230014085769,0.2002239972352981,0.2008219957351684,2016471206,0.11854623639080364,0.22713843200887945,0.26269043336311976,0.0169805750718557,0.2010270059108734,0.2070710062980651,0.233142003417015,41.16104800232271,-0.015697581652200088,-0.011703248999298865,0.224831998348236
2021-09-23,0.224831998348236,0.2270949929952621,0.2181150019168853,0.2247480005025863,1169581249,-0.00011563976457218406,0.2246065735816955,0.2605602001150449,0.015560721225223879,0.2248580008745193,0.2010270059108734,0.2070710062980651,41.153550588246404,-0.01524889040222216,-0.012412377279883525,0.2094510048627853
2021-09-24,0.2094510048627853,0.2282669991254806,0.197720006108284,0.2247260063886642,1883155313,-0.06841105180067608,0.2202524308647428,0.2578010340531667,0.014804222965873014,0.224831998348236,0.2248580008745193,0.2010270059108734,36.874876778506284,-0.015950548984101948,-0.01312001162072721,0.208639994263649
2021-09-25,0.208639994263649,0.2126040011644363,0.2048750072717666,0.2093479931354522,1067132277,-0.0038720778621598173,0.2155744305678776,0.25579206695159273,0.011902558494869627,0.2094510048627853,0.224831998348236,0.2248580008745193,36.65845406417058,-0.016383204855487554,-0.013772650267679279,0.2049620002508163
2021-09-26,0.2049620002508163,0.2090680003166198,0.1944890022277832,0.2087299972772598,1147321467,-0.017628422708759195,0.2115487158298492,0.25280970036983486,0.009491968532252582,0.208639994263649,0.2094510048627853,0.224831998348236,35.636945742547056,-0.01682887829585336,-0.014383895873314097,0.2002619951963424
2021-09-27,0.2002619951963424,0.2092809975147247,0.2000779956579208,0.2052409946918487,838297166,-0.022931104539975156,0.21057599995817453,0.24996413340171175,0.010338453676625458,0.2049620002508163,0.208639994263649,0.2094510048627853,34.32081992723161,-0.017361199733011368,-0.014979356645253553,0.1968040019273758
2021-09-28,0.1968040019273758,0.2025790065526962,0.1963520050048828,0.2000010013580322,866301240,-0.017267346535603578,0.20997271367481773,0.24715343316396074,0.011084814752695914,0.2002619951963424,0.2049620002508163,0.208639994263649,33.34506882179653,-0.017856263572947145,-0.015554738030792273,0.1988759934902191
2021-09-29,0.1988759934902191,0.20414400100708,0.195041999220848,0.1969799995422363,926737135,0.010528198321942073,0.20626099833420342,0.24471179942289986,0.009507596235457647,0.1968040019273758,0.2002619951963424,0.2049620002508163,34.54585878410218,-0.017875356843405688,-0.016018861793314958,0.204244002699852
2021-09-30,0.204244002699852,0.2058060020208358,0.197854995727539,0.1988690048456192,916819792,0.026991740508373052,0.20331985609871997,0.2422381664315859,0.004847685416452472,0.1988759934902191,0.1968040019273758,0.2002619951963424,37.678307412081374,-0.017258390929253964,-0.01626676762050276,0.2230100035667419
2021-10-01,0.2230100035667419,0.2246070057153701,0.2019940018653869,0.2044270038604736,1435469263,0.09188030306313366,0.20525685591357093,0.23985846688350038,0.008801964435544448,0.204244002699852,0.1988759934902191,0.1968040019273758,47.19275358636304,-0.01508133333842307,-0.016029680764086826,0.2191330045461654
2021-10-02,0.2191330045461654,0.2249550074338913,0.2154929935932159,0.2227409929037094,1166058975,-0.017384865963719798,0.20675585738250182,0.23729773362477619,0.010248742243958687,0.2230100035667419,0.204244002699852,0.1988759934902191,45.64243234706413,-0.013513070665328919,-0.015526358744335247,0.2217479944229126
2021-10-03,0.2217479944229126,0.2262279987335205,0.2158720046281814,0.2188110053539276,1070267896,0.011933345605163126,0.2091538565499442,0.2348135670026143,0.01162980191203327,0.2191330045461654,0.2230100035667419,0.204244002699852,46.909278879635536,-0.011921776550482405,-0.01480544230556468,0.2408519983291626
2021-10-04,0.2408519983291626,0.2479240000247955,0.2132840007543563,0.2219299972057342,3684051106,0.08615186782621032,0.21495242842606135,0.23286236723264056,0.01582117093425277,0.2217479944229126,0.2191330045461654,0.2230100035667419,55.13558827068536,-0.009015209322107115,-0.013647395708873168,0.252016007900238
2021-10-05,0.252016007900238,0.2677870094776153,0.2335879951715469,0.241239994764328,4628329381,0.04635215671251358,0.22283985785075594,0.23077866733074184,0.018755974323482062,0.2408519983291626,0.2217479944229126,0.2191330045461654,59.12178579669737,-0.005744670595378504,-0.012066850686174236,0.2551339864730835
2021-10-06,0.2551339864730835,0.2715089917182922,0.2430959939956665,0.2520079910755157,4659725421,0.012372144923745498,0.23087671399116513,0.22899096707502997,0.01882917058260267,0.252016007900238,0.2408519983291626,0.2217479944229126,60.18576424481269,-0.0028680887370549912,-0.010227098296350387,0.2429230064153671
2021-10-07,0.2429230064153671,0.2567389905452728,0.2391269952058792,0.2543399930000305,2936116763,-0.04786104833196991,0.23640228595052443,0.22863026708364484,0.014996189633086994,0.2551339864730835,0.252016007900238,0.2408519983291626,54.2324078524978,-0.001555767015199938,-0.008492832040120298,0.2438510060310363
2021-10-08,0.2438510060310363,0.2547639906406402,0.2416920065879821,0.2430229932069778,1952117191,0.0038201388553640303,0.2393795720168522,0.22818820029497144,0.013924766893408748,0.2429230064153671,0.2551339864730835,0.252016007900238,54.5999493642795,-0.00043583672799285544,-0.00688143297769481,0.2465959936380386
2021-10-09,0.2465959936380386,0.2519659996032715,0.2417570054531097,0.2434950023889541,1484990033,0.011256822974324399,0.24330285617283412,0.22798820038636522,0.010784270450554629,0.2438510060310363,0.2429230064153671,0.2551339864730835,55.73238043526243,0.0006655417018931187,-0.005372038041777225,0.2298049926757812
2021-10-10,0.2298049926757812,0.248662993311882,0.2278580069541931,0.2465720027685165,1466060853,-0.0680911344687285,0.2444538559232439,0.22764896700779594,0.008227085205313948,0.2465959936380386,0.2438510060310363,0.2429230064153671,47.867112035417826,0.0001814074411178035,-0.00426134894519822,0.2315029948949813
2021-10-11,0.2315029948949813,0.2393810003995895,0.2255209982395172,0.2294500023126602,1463611233,0.007388883067461105,0.24311828400407512,0.2273180002967516,0.009560114562069849,0.2298049926757812,0.2465959936380386,0.2438510060310363,48.656226651225644,-6.45141809337002e-05,-0.0034219819923453163,0.2262420058250427
2021-10-12,0.2262420058250427,0.2317180037498474,0.2164469957351684,0.2315250039100647,1881102059,-0.022725360733778843,0.23943628370761869,0.22650550057490662,0.010481047450846727,0.2315029948949813,0.2298049926757812,0.2465959936380386,46.31694743670656,-0.0006761326518701927,-0.0028728121242502917,0.232572004199028
2021-10-13,0.232572004199028,0.2339430004358291,0.2210610061883926,0.226174995303154,1457486924,0.02797888195386844,0.23621314338275362,0.2263943672180175,0.008032166168850753,0.2262420058250427,0.2315029948949813,0.2298049926757812,49.46510108104242,-0.0006426585619228042,-0.0024267814117847944,0.2322729974985122
2021-10-14,0.2322729974985122,0.2398799955844879,0.2314970046281814,0.2325610071420669,1337117776,-0.0012856521641353424,0.2346917135374886,0.22611316690842304,0.0075431360237681695,0.232572004199028,0.2262420058250427,0.2315029948949813,49.31797625259112,-0.0006329610651456541,-0.0020680173424569665,0.2337819933891296
2021-10-15,0.2337819933891296,0.2434689998626709,0.2257499992847442,0.2326440066099167,1837803539,0.006496647939574052,0.23325328316007335,0.22564933349688843,0.006375013523511018,0.2322729974985122,0.232572004199028,0.2262420058250427,50.124224072902166,-0.0004977743391867129,-0.0017539687418029158,0.237292006611824
2021-10-16,0.237292006611824,0.2444469928741455,0.2336830049753189,0.2338809967041015,1541850812,0.0150140443744613,0.23192414215632842,0.22547390013933175,0.0034098347495579075,0.2337819933891296,0.2322729974985122,0.232572004199028,52.03556990094995,-0.00010618511630666738,-0.0014244120167036663,0.2378980070352554
2021-10-17,0.2378980070352554,0.2419729977846145,0.2263800054788589,0.2371930032968521,1397143121,0.002553817265419811,0.23308028706482475,0.2254061669111251,0.003907288229288848,0.237292006611824,0.2337819933891296,0.2322729974985122,52.37490929662546,0.00025016755780535305,-0.0010894961018018626,0.2472810000181198
2021-10-18,0.2472810000181198,0.2713940143585205,0.2374880015850067,0.2378060072660446,5003365533,0.03944124248789471,0.23533428779670168,0.22560266703367227,0.00652188840927425,0.2378980070352554,0.237292006611824,0.2337819933891296,57.40035019307514,0.0012750112007392234,-0.0006165946412936455,0.2457879930734634
2021-10-19,0.2457879930734634,0.2546109855175018,0.2406509965658188,0.2473780065774917,1675967829,-0.006037693735252647,0.2381265716893332,0.2260242000222206,0.0061541664442344565,0.2472810000181198,0.2378980070352554,0.237292006611824,56.38087817594452,0.001944321065563942,-0.000104411499922128,0.2540929913520813
2021-10-20,0.2540929913520813,0.2615549862384796,0.2423840016126632,0.2455019950866699,1853058770,0.03378927576879476,0.24120099842548368,0.2275915995240211,0.008011982966063837,0.2457879930734634,0.2472810000181198,0.2378980070352554,60.57546989958554,0.003109058616463767,0.000538282523355051,0.2423910051584243
2021-10-21,0.2423910051584243,0.2582609951496124,0.2422730028629303,0.2547929883003235,1742570934,-0.04605395108061938,0.24264642809118545,0.2289703994989395,0.006978935846937179,0.2540929913520813,0.2457879930734634,0.2472810000181198,52.86182490132419,0.0030526796381424026,0.0010411619463125215,0.2442210018634796
2021-10-22,0.2442210018634796,0.2527720034122467,0.2364719957113266,0.242478996515274,1829875043,0.007549771510123593,0.24413771501609258,0.22961583286523815,0.005781677906175982,0.2423910051584243,0.2540929913520813,0.2457879930734634,53.8515071658148,0.003119702345124181,0.0014568700260748535,0.2517330050468445
2021-10-23,0.2517330050468445,0.2531400024890899,0.2415889948606491,0.2445140033960342,1502684867,0.030759038436686703,0.24620071479252406,0.2305125330885251,0.005501510807900152,0.2442210018634796,0.2423910051584243,0.2540929913520813,57.770951140730396,0.003735908966701701,0.001912677814200223,0.2770479917526245
2021-10-24,0.2770479917526245,0.2819350063800812,0.2460280060768127,0.2514320015907287,5278760541,0.10056284316420583,0.2517935697521482,0.23276576598485307,0.01186914122540354,0.2517330050468445,0.2442210018634796,0.2423910051584243,67.7204469860494,0.0061955466100887535,0.0027692515733779293,0.2647069990634918
2021-10-25,0.2647069990634918,0.2794719934463501,0.2602199912071228,0.2757450044155121,3364560707,-0.04454460258333848,0.25428299818720135,0.23463466614484785,0.012571606062958469,0.2770479917526245,0.2517330050468445,0.2442210018634796,60.26594215701402,0.0070675419667707295,0.0036289096520564896,0.255731999874115
2021-10-26,0.255731999874115,0.2743169963359833,0.2537209987640381,0.2647829949855804,2513384162,-0.03390540945698273,0.2557035705872944,0.23632699946562447,0.01200055544834062,0.2647069990634918,0.2770479917526245,0.2517330050468445,55.48266745099835,0.00695423307194995,0.004293974336035181,0.2376900017261505
2021-10-27,0.2376900017261505,0.2633169889450073,0.220328003168106,0.255836009979248,5022822846,-0.07055041276354046,0.2533602863550186,0.23757459968328473,0.013829544564095568,0.255731999874115,0.2647069990634918,0.2770479917526245,47.34719902024214,0.005346960061959866,0.004504571481220118,0.3004469871520996
2021-10-28,0.3004469871520996,0.3388429880142212,0.2333340048789978,0.2373809963464737,20359592492,0.2640287137456174,0.2616539980684008,0.2410293658574422,0.021458760841797847,0.2376900017261505,0.255731999874115,0.2647069990634918,66.01448581574935,0.009033021811052339,0.005410261547186563,0.2878530025482178
2021-10-29,0.2878530025482178,0.3063119947910309,0.2797710001468658,0.2999640107154846,5866664030,-0.04191749340959838,0.26788714102336336,0.24399526615937547,0.021883724860294922,0.3004469871520996,0.2376900017261505,0.255731999874115,61.316388029068854,0.010813373163894302,0.006490883870528111,0.2683449983596802
2021-10-30,0.2683449983596802,0.2946470081806183,0.2598879933357239,0.2877640128135681,3637334331,-0.0677707163581518,0.27026028292519705,0.24613196601470308,0.020709158156700578,0.2878530025482178,0.3004469871520996,0.2376900017261505,54.809504294297135,0.010528811944797212,0.007298469485381932,0.2802439928054809
2021-10-31,0.2802439928054809,0.2847070097923279,0.2526139914989471,0.2692390084266662,4224104205,0.04434215103145589,0.27071685450417654,0.2480397656559944,0.020917925558222573,0.2683449983596802,0.2878530025482178,0.3004469871520996,57.75433757306446,0.011135086193946875,0.00806579282709492,0.2717280089855194
2021-11-01,0.2717280089855194,0.2855510115623474,0.2640889883041382,0.2801229953765869,2784956027,-0.03038774795744681,0.2717198559216091,0.24979293247063952,0.020749376079052185,0.2802439928054809,0.2683449983596802,0.2878530025482178,54.99232932074412,0.010803854076515074,0.008613405076978952,0.2731209993362427
2021-11-02,0.2731209993362427,0.2806859910488128,0.2675969898700714,0.2718920111656189,2336414476,0.005126414299077675,0.27420399870191303,0.2515053659677505,0.019520820297066095,0.2717280089855194,0.2802439928054809,0.2683449983596802,55.36832384987283,0.010532342627000701,0.008997192586983303,0.2694070041179657
2021-11-03,0.2694070041179657,0.277103990316391,0.2639789879322052,0.2735039889812469,2091380862,-0.013598351014030396,0.2787349990436009,0.25245719949404394,0.011778539691885187,0.2731209993362427,0.2717280089855194,0.2802439928054809,54.0713240514064,0.009903320161940232,0.00917841810197469,0.2632800042629242
2021-11-04,0.2632800042629242,0.2708649933338165,0.2547110021114349,0.2691119909286499,1902957818,-0.02274254106756135,0.273425430059433,0.2528326660394668,0.008190540886734047,0.2694070041179657,0.2731209993362427,0.2717280089855194,51.91095109903467,0.008808874422679414,0.009104509366115635,0.2614650130271911
2021-11-05,0.2614650130271911,0.2707889974117279,0.257887989282608,0.2636550068855285,1559898586,-0.006893767875818413,0.2696557172707149,0.2530437002579371,0.006297239424324465,0.2632800042629242,0.2694070041179657,0.2731209993362427,51.25762270606215,0.007706231030690902,0.008824853699030688,0.261898010969162
2021-11-06,0.261898010969162,0.2676970064640045,0.2505210041999817,0.2612639963626861,1353526462,0.001656045437810949,0.2687347190720694,0.25367620040973027,0.006957702032372101,0.2614650130271911,0.2632800042629242,0.2694070041179657,51.414721635390315,0.006789057484980265,0.008417694456220603,0.2663150131702423
2021-11-07,0.2663150131702423,0.2698490023612976,0.2589670121669769,0.2619709968566894,1155873526,0.01686535222140506,0.26674486483846394,0.2544250006477038,0.004763273753617437,0.261898010969162,0.2614650130271911,0.2632800042629242,53.07616848209902,0.006345459498142414,0.008003247464604965,0.2823590040206909
2021-11-08,0.2823590040206909,0.29653200507164,0.2649179995059967,0.266728013753891,4093381450,0.06024441002953318,0.268263578414917,0.2556171009937922,0.0075161696964157415,0.2663150131702423,0.261898010969162,0.2614650130271911,58.6124812860796,0.007205460807087061,0.007843690133101384,0.2735260128974914
2021-11-09,0.2735260128974914,0.2896679937839508,0.2717519998550415,0.2825390100479126,2353452396,-0.031282838504956056,0.2683214374950954,0.25707446833451586,0.0075612177854744635,0.2823590040206909,0.2663150131702423,0.261898010969162,54.7804188747855,0.007092511420425662,0.0076934543905662406,0.2557089924812317
2021-11-10,0.2557089924812317,0.2769890129566192,0.2380300015211105,0.2735970020294189,2820521435,-0.0651383034012818,0.2663645786898477,0.25788133492072424,0.008889341239611673,0.2735260128974914,0.2823590040206909,0.2663150131702423,47.96793542640555,0.005501891196297848,0.0072551417517125625,0.2611669898033142
2021-11-11,0.2611669898033142,0.2699649930000305,0.2532829940319061,0.2557049989700317,1628781435,0.021344565434018303,0.266062719481332,0.2590455010533333,0.009046038027882612,0.2557089924812317,0.2735260128974914,0.2823590040206909,50.01849487919876,0.004628374952987235,0.006729788391967498,0.2594139873981476
2021-11-12,0.2594139873981476,0.268436998128891,0.2494570016860962,0.2609370052814483,1563007446,-0.0067121898004293135,0.26576971582004,0.2599402338266373,0.009250681053019762,0.2611669898033142,0.2557089924812317,0.2735260128974914,49.34585003362938,0.0037514104684657767,0.006134112807267154,0.261705994606018
2021-11-13,0.261705994606018,0.2622509896755218,0.2545399963855743,0.2596180140972137,923837904,0.008835326232246254,0.2657422849110195,0.2609213337302208,0.009264349807530882,0.2594139873981476,0.2611669898033142,0.2557089924812317,50.287179713270724,0.0032044170972495567,0.005548173665263635,0.2629120051860809
2021-11-14,0.2629120051860809,0.2712570130825043,0.2602750062942505,0.2615909874439239,1264556615,0.0046082650184549045,0.2652561409132821,0.26189233412345253,0.009318415261320972,0.261705994606018,0.2594139873981476,0.2611669898033142,50.8052223961516,0.00283554943562081,0.00500564881933507,0.2565290033817291
2021-11-15,0.2565290033817291,0.265170007944107,0.2563669979572296,0.2628700137138366,1028469310,-0.024278091827088955,0.26156614082200186,0.262533567349116,0.005906768380466151,0.2629120051860809,0.261705994606018,0.2594139873981476,47.956790842684065,0.0020050512726229597,0.004405529309992648,0.2372490018606186
2021-11-16,0.2372490018606186,0.257093995809555,0.2263939976692199,0.257093995809555,2248804980,-0.07515719964194789,0.25638371067387716,0.2625119338432948,0.00884704383515239,0.2565290033817291,0.2629120051860809,0.261705994606018,40.55972891053911,-0.00020647933280726338,0.003483127581432666,0.2374870032072067
2021-11-17,0.2374870032072067,0.2409060001373291,0.2328590005636215,0.2370100021362304,1543405154,0.0010031711186204717,0.25378056934901644,0.262185467282931,0.011393104660771008,0.2372490018606186,0.2565290033817291,0.2629120051860809,40.68136356745882,-0.0019178211033417658,0.0024029378444777798,0.2213830053806305
2021-11-18,0.2213830053806305,0.2410909980535507,0.2160989940166473,0.2375559955835342,1860661769,-0.06781001742872439,0.24809714300291877,0.2613719676931699,0.016061084446600805,0.2374870032072067,0.2372490018606186,0.2565290033817291,35.40240459693251,-0.004521409825927969,0.00101806831039663,0.2331099957227707
2021-11-19,0.2331099957227707,0.2368319928646087,0.2165179997682571,0.2209949940443039,1296123511,0.05297150213485291,0.24433942990643634,0.26067253450552624,0.016049150362390675,0.2213830053806305,0.2374870032072067,0.2372490018606186,41.368888337850926,-0.005574246093242946,-0.0003003945703312852,0.233024001121521
2021-11-20,0.233024001121521,0.235953003168106,0.2254509925842285,0.2331739962100982,805305660,-0.000368901389162124,0.24024200226579392,0.26036030103762947,0.014458966827758785,0.2331099957227707,0.2213830053806305,0.2374870032072067,41.338735471685936,-0.006342453608837367,-0.0015088063780325017,0.2263280004262924
2021-11-21,0.2263280004262924,0.2333499938249588,0.2256799936294555,0.233254998922348,751789838,-0.028735240417302244,0.23501571587153844,0.25976386765638987,0.011126861333560759,0.233024001121521,0.2331099957227707,0.2213830053806305,38.95764223876354,-0.007406200821998388,-0.002688285266825679,0.2196760028600692
2021-11-22,0.2196760028600692,0.2275310009717941,0.2168979942798614,0.2261600047349929,921753721,-0.02939096158537191,0.22975100151130132,0.2586953009168307,0.007317866190946988,0.2263280004262924,0.233024001121521,0.2331099957227707,36.69631730964627,-0.008685863534777682,-0.00388780092041608,0.226511999964714
2021-11-23,0.226511999964714,0.2362010031938552,0.2145660072565078,0.2196660041809082,1907278849,0.031118542834190466,0.22821714409760063,0.2570107678572337,0.006571517903715355,0.2196760028600692,0.2263280004262924,0.233024001121521,40.51746849114218,-0.009044142375077224,-0.004919069211348309,0.2218250036239624
2021-11-24,0.2218250036239624,0.2302449941635131,0.2118359953165054,0.2266799956560135,1957665360,-0.020692044313244895,0.2259797155857086,0.25558136800924935,0.005461923544794617,0.226511999964714,0.2196760028600692,0.2263280004262924,38.7886578574389,-0.009595669466596096,-0.005854389262397867,0.2163259983062744
2021-11-25,0.2163259983062744,0.2288099974393844,0.2143169939517974,0.2171320021152496,1344826632,-0.024789835356026524,0.22525728600365771,0.2542678346236547,0.0064214073476888175,0.2218250036239624,0.226511999964714,0.2196760028600692,36.80448252303021,-0.010357092319007943,-0.006754929873719883,0.200886994600296
2021-11-26,0.200886994600296,0.2217590063810348,0.1903440058231353,0.2210469990968704,2231733479,-0.07136915501076224,0.22065400012901848,0.25304106771945956,0.010257689808108577,0.2163259983062744,0.2218250036239624,0.226511999964714,31.874567733184904,-0.012067220577995447,-0.007817388014574995,0.2053470015525818
2021-11-27,0.2053470015525818,0.2096129953861236,0.200871005654335,0.2014289945363998,917785649,0.0222015713917163,0.21670014304774146,0.2498710681994756,0.010026444877810304,0.200886994600296,0.2163259983062744,0.2218250036239624,34.59989155928265,-0.012913762441943005,-0.008836662900048597,0.2074719965457916
2021-11-28,0.2074719965457916,0.2074719965457916,0.1930640041828155,0.2052949965000152,1027555437,0.010348312744492105,0.2140064282076699,0.24719170133272808,0.009529322588804396,0.2053470015525818,0.200886994600296,0.2163259983062744,35.91532858780896,-0.013260326837976982,-0.009721395687634275,0.2151750028133392
2021-11-29,0.2151750028133392,0.2236919999122619,0.2032520025968551,0.2074439972639084,1869737827,0.03712793242362933,0.2133634282009942,0.24541936814785,0.009230161436099742,0.2074719965457916,0.2053470015525818,0.200886994600296,40.58089846583011,-0.012766251983464483,-0.010330366946800318,0.2147150039672851
2021-11-30,0.2147150039672851,0.2268899977207183,0.213250994682312,0.2151110023260116,1897635999,-0.002137789427395287,0.21167814305850438,0.24323506851991014,0.007305657583505978,0.2151750028133392,0.2074719965457916,0.2053470015525818,40.391784001820454,-0.0122703670112842,-0.010718366959697094,0.2094870060682296
2021-12-01,0.2094870060682296,0.2184959948062896,0.2062979936599731,0.2144870012998581,988030934,-0.024348544826667373,0.20991557197911395,0.24116036842266717,0.005778285510867469,0.2147150039672851,0.2151750028133392,0.2074719965457916,38.2122243838692,-0.012159068167349296,-0.011006507201227535,0.2097260057926178
2021-12-02,0.2097260057926178,0.2230110019445419,0.2021690011024475,0.2094759941101074,1879305770,0.001140880901750796,0.20897271590573444,0.23904720197121299,0.005050594474712101,0.2094870060682296,0.2147150039672851,0.2151750028133392,38.37593345732018,-0.011914237833918012,-0.011188053327765632,0.1999929994344711
2021-12-03,0.1999929994344711,0.2119909971952438,0.1932740062475204,0.2094630002975464,1260948451,-0.046408199695420316,0.2088450023106166,0.2367334018150965,0.005294545476657491,0.2097260057926178,0.2094870060682296,0.2147150039672851,34.38088928199535,-0.012363066566108444,-0.011423055975434195,0.1788530051708221
2021-12-04,0.1788530051708221,0.2005620002746582,0.1328260004520416,0.2003560066223144,4388513696,-0.10570367124563107,0.20506014568465095,0.23391916851202643,0.01261745600482902,0.1999929994344711,0.2097260057926178,0.2094870060682296,27.648406131445995,-0.01426020467001185,-0.011990485714349727,0.1712550073862075
2021-12-05,0.1712550073862075,0.1811330020427703,0.1629489958286285,0.1782629936933517,1645331135,-0.04248180105980193,0.1998862900904246,0.23091216832399367,0.017817547787850045,0.1788530051708221,0.1999929994344711,0.2097260057926178,25.70045539651629,-0.016190165062782785,-0.01283042158403634,0.1783999949693679
2021-12-06,0.1783999949693679,0.180527001619339,0.1595579981803894,0.1713829934597015,1896979202,0.04172133528946875,0.19463271754128586,0.22812890112400053,0.01797918252051428,0.1712550073862075,0.1788530051708221,0.1999929994344711,30.648682076745345,-0.016947768468573043,-0.01365389096094368,0.1768050044775009
2021-12-07,0.1768050044775009,0.1835390031337738,0.1755049973726272,0.1783740073442459,1085087124,-0.008940529915042239,0.18921700332845953,0.22514523416757581,0.016576717741959162,0.1783999949693679,0.1712550073862075,0.1788530051708221,30.165714085714114,-0.017475431136636604,-0.014418198996082267,0.1791509985923767
2021-12-08,0.1791509985923767,0.1821680068969726,0.1726299971342086,0.176608994603157,1014713070,0.013268821896805338,0.1848832879747663,0.22170496731996533,0.014187490061601183,0.1768050044775009,0.1783999949693679,0.1712550073862075,31.86638956763369,-0.017502547016848585,-0.015035068600235532,0.1694840043783188
2021-12-09,0.1694840043783188,0.181889995932579,0.1694840043783188,0.1789609938859939,1071039221,-0.05396003533339655,0.17913443062986642,0.21823690036932625,0.009969461927895447,0.1791509985923767,0.1768050044775009,0.1783999949693679,28.7584830197398,-0.018095488660679143,-0.015647152612324255,0.1644220054149627
2021-12-10,0.1644220054149627,0.1746100038290023,0.1640650033950805,0.1694660037755966,845450410,-0.02986711921236407,0.17405286005565096,0.21519400080045062,0.005729457121070475,0.1694840043783188,0.1791509985923767,0.1768050044775009,27.259265932379193,-0.018757633869752238,-0.016269248863809854,0.1690189987421035
2021-12-11,0.1690189987421035,0.1700800061225891,0.1618169993162155,0.1644989997148513,692929162,0.027958504188895228,0.17264800199440541,0.21212240109841027,0.005559422284205312,0.1644220054149627,0.1694840043783188,0.1791509985923767,30.787980853031897,-0.01869593467845923,-0.01675458602673973,0.1698909997940063
2021-12-12,0.1698909997940063,0.17289899289608,0.1658989936113357,0.1689040064811706,593132337,0.005159189549059695,0.1724531437669481,0.20913830151160556,0.005639708855629486,0.1690189987421035,0.1644220054149627,0.1694840043783188,31.46713073261928,-0.0183649744340926,-0.017076663708210305,0.1575649976730346
2021-12-13,0.1575649976730346,0.1706150025129318,0.1519960016012191,0.1698800027370453,968464045,-0.07255241381778332,0.16947671558175764,0.20566693494717278,0.0072470209690649965,0.1698909997940063,0.1690189987421035,0.1644220054149627,27.377633433056104,-0.01887965846386469,-0.017437262659341184,0.1801570057868957
2021-12-14,0.1801570057868957,0.2196319997310638,0.1554470062255859,0.1574649959802627,6411471551,0.14338214989056186,0.1699555729116712,0.20290843496719993,0.007893832274694146,0.1575649976730346,0.1698909997940063,0.1690189987421035,42.20381282870557,-0.01726553666085545,-0.01740291745964404,0.1810819953680038
2021-12-15,0.1810819953680038,0.1911440044641494,0.1712660044431686,0.1911440044641494,2466135011,0.005134352544703402,0.1702314295939036,0.20039353470007576,0.00829240890563468,0.1801570057868957,0.1575649976730346,0.1698909997940063,42.719436473392356,-0.015730364721419587,-0.017068406911999148,0.173454001545906
2021-12-16,0.173454001545906,0.1849330067634582,0.1726550012826919,0.1811710000038147,1057988990,-0.04212452931389332,0.17079857204641608,0.19826703468958534,0.008368184235069001,0.1810819953680038,0.1801570057868957,0.1575649976730346,39.58324074952728,-0.014956832199448655,-0.01664609196948905,0.1690099984407425
2021-12-17,0.1690099984407425,0.1765590012073516,0.1622630059719085,0.1733810007572174,1026719015,-0.025620643314979263,0.17145399962152746,0.19598446786403653,0.007954981046974886,0.173454001545906,0.1810819953680038,0.1801570057868957,37.84030654212303,-0.014534847340772816,-0.016223843043745804,0.1723999977111816
2021-12-18,0.1723999977111816,0.1748739928007125,0.1662440001964569,0.1691000014543533,658993272,0.020057980603009673,0.17193699947425295,0.19435170094172155,0.007884827221157974,0.1690099984407425,0.173454001545906,0.1810819953680038,40.0102896119425,-0.013768165844843333,-0.01573270760396531,0.1695760041475296
2021-12-19,0.1695760041475296,0.1743779927492141,0.1693820059299469,0.1725330054759979,541018118,-0.016380473324500766,0.17189200009618483,0.19223390122254683,0.00789933553617156,0.1723999977111816,0.1690099984407425,0.173454001545906,38.795292370820945,-0.01323586312410907,-0.015233338707994063,0.1673219949007034
2021-12-20,0.1673219949007034,0.1708330065011978,0.1614969968795776,0.169523000717163,912233179,-0.013292029483518375,0.17328585684299466,0.1900438343485196,0.005422470287570714,0.1695760041475296,0.1723999977111816,0.1690099984407425,37.80840270558101,-0.012847787791381904,-0.014756228524671632,0.1711750030517578
2021-12-21,0.1711750030517578,0.1723400056362152,0.1661079972982406,0.1670980006456375,621397179,0.023027505459404463,0.17200271359511782,0.18820540110270176,0.004511779469237978,0.1673219949007034,0.1695760041475296,0.1723999977111816,40.59051268597848,-0.012089964156353411,-0.01422297565100799,0.1732140034437179
2021-12-22,0.1732140034437179,0.1795849949121475,0.1700550019741058,0.1711290031671524,932537493,0.011911788261184109,0.1708787147487913,0.1866566677888234,0.0023211769864402835,0.1711750030517578,0.1673219949007034,0.1695760041475296,42.067467344765696,-0.011195795018937055,-0.013617539524593802,0.1844899952411651
2021-12-23,0.1844899952411651,0.1845220029354095,0.1717399954795837,0.1732089966535568,1184481683,0.06509861543100404,0.1724552852766854,0.1852559342980384,0.0056798328579133845,0.1732140034437179,0.1711750030517578,0.1673219949007034,49.53869487570584,-0.009468138428641415,-0.012787659305403326,0.1866219937801361
2021-12-24,0.1866219937801361,0.1952899992465973,0.1797610074281692,0.1849790066480636,1853415104,0.011556174285679122,0.1749712846108845,0.18408250063657755,0.007506406904049692,0.1844899952411651,0.1732140034437179,0.1711750030517578,50.82987720945892,-0.007836588357025887,-0.011797445115727837,0.1906570047140121
2021-12-25,0.1906570047140121,0.1948760002851486,0.1855709999799728,0.1867119967937469,1010443046,0.021621304392609453,0.17757942846843172,0.18322686751683548,0.009397608435274403,0.1866219937801361,0.1844899952411651,0.1732140034437179,53.26709516925932,-0.006147121322066046,-0.01066738035699548,0.1900199949741363
2021-12-26,0.1900199949741363,0.1925459951162338,0.1856459975242614,0.1905670017004013,650674078,-0.0033411294844966077,0.18049999858651838,0.1828646341959635,0.009668635298705777,0.1906570047140121,0.1866219937801361,0.1844899952411651,52.82195825101228,-0.004804227740340422,-0.00949474983366447,0.1877049952745437
2021-12-27,0.1877049952745437,0.1929229944944381,0.1872390061616897,0.1899860054254531,666773423,-0.012182926854132803,0.1834118557827813,0.1822765673200289,0.00795607588625814,0.1900199949741363,0.1906570047140121,0.1866219937801361,51.14908879465075,-0.0038820264459036302,-0.0083722051561123,0.1741169989109039
2021-12-28,0.1741169989109039,0.1878850013017654,0.1727380007505417,0.1878470033407211,954075337,-0.07239016917885188,0.18383214090551642,0.18116473406553263,0.007248128303966623,0.1877049952745437,0.1900199949741363,0.1906570047140121,42.61758551971226,-0.004199207176468239,-0.007537605560183489,0.1677650064229965
2021-12-29,0.1677650064229965,0.1773390024900436,0.1667599976062774,0.1740950047969818,823628336,-0.03648117373742321,0.1830537127596991,0.17958440085252123,0.008721415196122108,0.1741169989109039,0.1877049952745437,0.1900199949741363,39.31618463278117,-0.004906568036470521,-0.007011398055440896,0.171313002705574
2021-12-30,0.171313002705574,0.1757709980010986,0.1653809994459152,0.1681369990110397,599236772,0.021148607556642274,0.18117128525461465,0.17813766747713086,0.009724154891849395,0.1677650064229965,0.1741169989109039,0.1877049952745437,42.01802859217724,-0.005121821792717196,-0.006633482802896157,0.1704960018396377
2021-12-31,0.1704960018396377,0.1752939969301223,0.1673070043325424,0.171316996216774,644416694,-0.004769053446225802,0.17886757212025775,0.1768379673361778,0.01011975727052527,0.171313002705574,0.1677650064229965,0.1741169989109039,41.55917059950944,-0.0052972734167718305,-0.006366240925671292,0.1730349957942962
2022-01-01,0.1730349957942962,0.1734230071306228,0.1703529953956604,0.1705099940299987,371336089,0.01489180935190837,0.17635014227458407,0.17561493366956707,0.008804572465546485,0.1704960018396377,0.171313002705574,0.1677650064229965,43.619768791970635,-0.0051718268988729665,-0.006127358120311627,0.1744029968976974
2022-01-02,0.1744029968976974,0.1759890019893646,0.171201005578041,0.1730269938707351,391041933,0.007905921557206153,0.17411914254937846,0.17476193358500797,0.006418825978849944,0.1730349957942962,0.1704960018396377,0.171313002705574,44.750131080123275,-0.00490547609855127,-0.005882981715959556,0.170087993144989
2022-01-03,0.170087993144989,0.1744060069322586,0.168271005153656,0.1744060069322586,505900382,-0.024741568834619865,0.17160242795944208,0.1744697665174802,0.002399505735243086,0.1744029968976974,0.1730349957942962,0.1704960018396377,41.89680672057565,-0.004985110658645764,-0.005703407504496798,0.1688030064105987
2022-01-04,0.1688030064105987,0.1723390072584152,0.1681279987096786,0.1701509952545166,541922892,-0.007554835062901555,0.1708432861736842,0.17438803315162657,0.002310316963203404,0.170087993144989,0.1744029968976974,0.1730349957942962,41.05725227929898,-0.0050931980944131094,-0.005581365622480061,0.1594199985265731
2022-01-05,0.1594199985265731,0.1707469969987869,0.1518979966640472,0.1688349992036819,994086848,-0.05558554959147022,0.1696511421884809,0.17375536660353338,0.004883520422429927,0.1688030064105987,0.170087993144989,0.1744029968976974,35.468232938070926,-0.005868341892735274,-0.005638760876531104,0.1602129936218261
2022-01-06,0.1602129936218261,0.1617060005664825,0.155141994357109,0.1594360023736953,715345645,0.004974251051199197,0.1680654266050883,0.1732022995750109,0.005941493091047817,0.1594199985265731,0.1688030064105987,0.170087993144989,36.257973961127036,-0.006345513728349406,-0.005780111446894764,0.155022993683815
2022-01-07,0.155022993683815,0.1602949947118759,0.1512989997863769,0.1602050065994262,969384523,-0.032394375891020344,0.1658549968685422,0.1723980327447255,0.007547664143069542,0.1602129936218261,0.1594199985265731,0.1688030064105987,33.378827532562084,-0.007061069848420087,-0.0060363031271998295,0.1519539952278137
2022-01-08,0.1519539952278137,0.1577250063419342,0.1476690024137497,0.1550309956073761,584437036,-0.019797053218188032,0.1628434253590447,0.17181369910637534,0.008366619443194553,0.155022993683815,0.1602129936218261,0.1594199985265731,31.772177803522652,-0.007786043097405243,-0.006386251121240913,0.1510650068521499
2022-01-09,0.1510650068521499,0.1537420004606247,0.1496070027351379,0.1519590020179748,408786249,-0.005850378427569414,0.15950942678110938,0.17136846582094825,0.007608115712689588,0.1519539952278137,0.155022993683815,0.1602129936218261,31.30216616117329,-0.008336228697404913,-0.006776246636473714,0.1433590054512024
2022-01-10,0.1433590054512024,0.1521349996328354,0.1398400068283081,0.1510729938745498,763684873,-0.051011161098940105,0.15569099996771127,0.17051313271125154,0.008105223703468441,0.1510650068521499,0.1519539952278137,0.155022993683815,27.503990660905203,-0.009287009792666528,-0.0072783992677122765,0.1533990055322647
2022-01-11,0.1533990055322647,0.1646209955215454,0.1426469981670379,0.1433510035276413,1628447666,0.07003396856348743,0.15349042841366356,0.16996339956919349,0.005680358367245309,0.1433590054512024,0.1510650068521499,0.1519539952278137,38.05089460686588,-0.009125177199380274,-0.007647754854045876,0.161651998758316
2022-01-12,0.161651998758316,0.161651998758316,0.1520950049161911,0.1534579992294311,896008600,0.0538008261358347,0.15380928558962684,0.17009963293870284,0.006114716763107416,0.1533990055322647,0.1433590054512024,0.1510650068521499,45.11888963309369,-0.008236036224221643,-0.00776541112808103,0.1720429956912994
2022-01-13,0.1720429956912994,0.174792006611824,0.1615619957447052,0.1615619957447052,2301820074,0.06428003991784137,0.15549928588526588,0.1698291659355163,0.009090348059650305,0.161651998758316,0.1533990055322647,0.1433590054512024,52.47156104336788,-0.006616646403170223,-0.007535658183098869,0.1835490018129348
2022-01-14,0.1835490018129348,0.203232005238533,0.1712830066680908,0.1720529943704605,5784004926,0.06687866643685325,0.15957442990371157,0.16991139948368067,0.013941058574332303,0.1720429956912994,0.161651998758316,0.1533990055322647,59.018810596112566,-0.004354632278362275,-0.0068994530021515505,0.1851029992103576
2022-01-15,0.1851029992103576,0.1935999989509582,0.1826760023832321,0.1836439967155456,1878282290,0.008466389803669871,0.16431000190121783,0.17029969940582906,0.016344091777700822,0.1835490018129348,0.1720429956912994,0.161651998758316,59.823789837804355,-0.002408807946272601,-0.006001323990975761,0.1771759986877441
2022-01-16,0.1771759986877441,0.1850930005311966,0.1753270030021667,0.1850930005311966,1102750171,-0.04282480865480187,0.168040143592017,0.17057189941406245,0.015787559957418273,0.1851029992103576,0.1835490018129348,0.1720429956912994,53.99719759465666,-0.00148920421841911,-0.005098900036464431,0.1711450070142746
2022-01-17,0.1711450070142746,0.1778720021247863,0.1668909937143325,0.1771869957447052,1094379303,-0.034039552299059195,0.1720095723867416,0.1705300663908322,0.01144311538804484,0.1771759986877441,0.1851029992103576,0.1835490018129348,50.00664577629639,-0.0012328507278884793,-0.00432569017474924,0.165484994649887
2022-01-18,0.165484994649887,0.1737899929285049,0.162564992904663,0.1710859984159469,979693368,-0.0330714431179141,0.17373614226068765,0.17039369940757745,0.008765642684145062,0.1711450070142746,0.1771759986877441,0.1851029992103576,46.531134443361736,-0.0014694653529465085,-0.0037544452103886942,0.1623560041189193
2022-01-19,0.1623560041189193,0.1686470061540603,0.1601220071315765,0.165484994649887,935006164,-0.018908001523568085,0.17383671445505952,0.17022816638151803,0.008606481729608316,0.165484994649887,0.1711450070142746,0.1771759986877441,44.68229986462961,-0.0018877072200298994,-0.0033810976123169354,0.1552039980888366
2022-01-20,0.1552039980888366,0.168845996260643,0.1551759988069534,0.1623460054397583,469269658,-0.04405137998373099,0.17143114336899343,0.16969579954942066,0.01116454546770199,0.1623560041189193,0.165484994649887,0.1711450070142746,40.7014766908518,-0.0027644076570958187,-0.0032577596212727124,0.1426399946212768
2022-01-21,0.1426399946212768,0.1571560055017471,0.1414960026741027,0.1552630066871643,1163061854,-0.08095154520676928,0.16558699948447084,0.16867666592200595,0.014088364476563742,0.1552039980888366,0.1623560041189193,0.165484994649887,34.83082876991024,-0.004422034684606974,-0.0034906146339395644,0.1328919976949691
2022-01-22,0.1328919976949691,0.1450269967317581,0.1228159964084625,0.1426510065793991,1693524581,-0.06833985764083628,0.1581282849822725,0.16695673267046607,0.015756236988806363,0.1426399946212768,0.1552039980888366,0.1623560041189193,31.084608645762444,-0.006447969749460991,-0.00408208565704385,0.141863003373146
2022-01-23,0.141863003373146,0.1430719941854477,0.1328189969062805,0.1329600065946579,1006234946,0.06750598857553736,0.15308357136590134,0.1654647663235664,0.014219435434202583,0.1328919976949691,0.1426399946212768,0.1552039980888366,37.72306557592652,-0.007246123894327244,-0.0047148933045005285,0.1377979964017868
2022-01-24,0.1377979964017868,0.1419509947299957,0.1272200047969818,0.1418810039758682,1446873574,-0.02865445447159254,0.1483197127069745,0.16370279937982557,0.01266048289924423,0.141863003373146,0.1328919976949691,0.1426399946212768,36.029455381717426,-0.00811315548822747,-0.005394545741245917,0.1430490016937255
2022-01-25,0.1430490016937255,0.1472360044717788,0.1332349926233291,0.1377840042114257,1347567750,0.038106543121483316,0.1451145708560943,0.16213709960381187,0.010189454629403088,0.1377979964017868,0.141863003373146,0.1328919976949691,39.78992018422441,-0.008281112520123063,-0.005971859097021346,0.143788993358612
2022-01-26,0.143788993358612,0.1526030004024505,0.1421519964933395,0.1430139988660812,1253108115,0.005172994261580799,0.14246214074747895,0.1606732328732808,0.006809213736373873,0.1430490016937255,0.1377979964017868,0.141863003373146,40.32232555303505,-0.00825930046050477,-0.0064293473697180316,0.1412470042705536
2022-01-27,0.1412470042705536,0.1450099945068359,0.1369470059871673,0.1437560021877288,608707586,-0.01767860688556777,0.14046828448772425,0.15957756638526913,0.003861902357298237,0.143788993358612,0.1430490016937255,0.1377979964017868,39.045089459163236,-0.008350867914147464,-0.006813651478603918,0.1416559964418411
2022-01-28,0.1416559964418411,0.1424130052328109,0.1383800059556961,0.1412439942359924,506667466,0.0028955812082505084,0.14032771331923347,0.15870726605256397,0.003786857798398182,0.1412470042705536,0.143788993358612,0.1430490016937255,39.37781275500602,-0.008294816054600751,-0.0071098843938032855,0.1430560052394867
2022-01-29,0.1430560052394867,0.1439840048551559,0.1414799988269806,0.14164899289608,397610776,0.009883159434202815,0.14177971439702167,0.1577653661370277,0.001976415609111706,0.1416559964418411,0.1412470042705536,0.143788993358612,40.57360126710068,-0.008044691348253669,-0.007296845784693363,0.1394709944725036
2022-01-30,0.1394709944725036,0.1435150057077407,0.1387539952993393,0.1430570036172866,363976741,-0.02506019066435905,0.14143799883978705,0.1567311992247899,0.0021580537505497483,0.1430560052394867,0.1416559964418411,0.1412470042705536,38.48041944085572,-0.008043031068587198,-0.00744608284147213,0.1418049931526184
2022-01-31,0.1418049931526184,0.1422639936208725,0.1368529945611953,0.1394689977169037,412307174,0.016734652885657564,0.1420104269470487,0.155690199136734,0.001445367626401293,0.1394709944725036,0.1430560052394867,0.1416559964418411,40.62795436963858,-0.007763883877060562,-0.007509643048589817,0.1426309943199157
2022-02-01,0.1426309943199157,0.144128993153572,0.1411249935626983,0.1418049931526184,409432267,0.005824908904359161,0.14195071160793302,0.15463113238414122,0.0014033311773803073,0.1418049931526184,0.1394709944725036,0.1430560052394867,41.40748599880302,-0.007390809672324389,-0.007485876373336732,0.1372350007295608
2022-02-02,0.1372350007295608,0.1452530026435852,0.1369179934263229,0.1426260024309158,483194691,-0.037831844446459484,0.14101442694664,0.15353603263696028,0.002022303838247914,0.1426309943199157,0.1418049931526184,0.1394709944725036,37.90612738686191,-0.007444738947361973,-0.0074776488881417805,0.1375409960746765
2022-02-03,0.1375409960746765,0.1387470066547393,0.1355649977922439,0.1372130066156387,383506507,0.0022297179545232026,0.14048499720437183,0.15249396562576287,0.002400931615431645,0.1372350007295608,0.1426309943199157,0.1418049931526184,38.225132490304176,-0.0073777410134094334,-0.007457667313195312,0.1475030034780502
2022-02-04,0.1475030034780502,0.1475919932126999,0.137250006198883,0.1375229954719543,580740990,0.07242936788072196,0.14132028392383028,0.1520967324574788,0.0035959255009243296,0.1375409960746765,0.1372350007295608,0.1426309943199157,47.65380822666881,-0.006446482884677085,-0.007255430427491667,0.1471409946680069
2022-02-05,0.1471409946680069,0.1501400023698806,0.1454100012779235,0.1475329995155334,587009429,-0.002454247042482649,0.14190385384219031,0.15166099915901815,0.004204524336625069,0.1475030034780502,0.1375409960746765,0.1372350007295608,47.37085991360454,-0.005672278695905336,-0.006938800081174402,0.1537699997425079
2022-02-06,0.1537699997425079,0.1547749936580658,0.1452579945325851,0.1471399962902069,757004142,0.04505206104837045,0.14394656888076235,0.1516192326943079,0.0059406224434949235,0.1471409946680069,0.1475030034780502,0.1375409960746765,52.88732819497018,-0.004472257588264639,-0.006445491582592449,0.1655779927968979
2022-02-07,0.1655779927968979,0.1715860068798065,0.1517409980297088,0.1538030058145523,1791358822,0.07678996601523558,0.14734271168708798,0.15207336594661072,0.009952735155142242,0.1537699997425079,0.1471409946680069,0.1475030034780502,60.77441622209285,-0.002539156048443625,-0.005664224475762685,0.1584050059318542
2022-02-08,0.1584050059318542,0.1691450029611587,0.1537089943885803,0.1656060069799423,1190116000,-0.04332089514964865,0.1495961419173649,0.15231803258260085,0.01047990188568118,0.1655779927968979,0.1537699997425079,0.1471409946680069,54.77548583950804,-0.0015678856341321545,-0.004844956707436579,0.1591230034828186
2022-02-09,0.1591230034828186,0.1607040017843246,0.1550350040197372,0.1583569943904876,778670798,0.004532669575311843,0.15272299945354462,0.15284349918365472,0.009385207107132088,0.1584050059318542,0.1655779927968979,0.1537699997425079,55.2516293434315,-0.0007317749848467225,-0.004022320362918608,0.1518889963626861
2022-02-10,0.1518889963626861,0.1604370027780532,0.1514970064163208,0.1591449975967407,1053630584,-0.0454617306222076,0.1547727137804031,0.15279316554466876,0.006699324685743537,0.1591230034828186,0.1584050059318542,0.1655779927968979,49.58698896582894,-0.0006454350158177635,-0.003346943293498439,0.1448470056056976
2022-02-11,0.1448470056056976,0.1540690064430236,0.1433490067720413,0.1518950015306472,776730555,-0.04636274467291479,0.15439328551292417,0.15223299910624816,0.007233589953453507,0.1518889963626861,0.1591230034828186,0.1584050059318542,44.77460551747828,-0.0011321886045626006,-0.0029039923557112714,0.1444050073623657
2022-02-12,0.1444050073623657,0.1470129936933517,0.1416780054569244,0.1448560059070587,602699408,-0.0030514834703253557,0.15400243018354684,0.15131173282861707,0.00774649968676557,0.1448470056056976,0.1518889963626861,0.1591230034828186,44.48279941275141,-0.0015359049387503043,-0.002630374872319078,0.14894799888134
2022-02-13,0.14894799888134,0.1573539972305297,0.1440310031175613,0.1443790048360824,1581065491,0.031460069162104976,0.15331357291766573,0.15015836606423058,0.007981448552026331,0.1444050073623657,0.1448470056056976,0.1518889963626861,48.2182692453364,-0.0014722998379392838,-0.0023987598654431194,0.1460029929876327
2022-02-14,0.1460029929876327,0.1501320004463195,0.1436489969491958,0.1488689929246902,898042727,-0.01977204068416827,0.15051714437348498,0.14885503252347307,0.006198247355129081,0.14894799888134,0.1444050073623657,0.1448470056056976,46.054939051265535,-0.0016406176810988826,-0.002247131428574272,0.151760995388031
2022-02-15,0.151760995388031,0.1521990001201629,0.1452029943466186,0.1459960043430328,674961496,0.039437564138743664,0.14956800001008166,0.14800786574681596,0.005220668888761798,0.1460029929876327,0.14894799888134,0.1444050073623657,50.711126377705035,-0.001294466310538589,-0.0020565984049671355,0.1490949988365173
2022-02-16,0.1490949988365173,0.1518239974975586,0.1467709988355636,0.1517789959907531,505588732,-0.017567073441348557,0.14813542791775292,0.14727286547422405,0.003111593938392688,0.151760995388031,0.1460029929876327,0.14894799888134,48.61867996478568,-0.0012211854310404113,-0.0018895158101817908,0.1385519951581955
2022-02-17,0.1385519951581955,0.1498890072107315,0.1380710005760193,0.1490499973297119,721382126,-0.07071332882119152,0.14623014203139711,0.146375098824501,0.004290186636374971,0.1490949988365173,0.151760995388031,0.1460029929876327,41.351985324990835,-0.0019908923239374543,-0.0019097911129329237,0.1387680023908615
2022-02-18,0.1387680023908615,0.142096996307373,0.1369599997997284,0.1385940015316009,563817289,0.001559033721740155,0.14536171300070627,0.1455888321002324,0.005146608705787231,0.1385519951581955,0.1490949988365173,0.151760995388031,41.54475815695924,-0.002554019457089274,-0.0020386367817641937,0.1412059962749481
2022-02-19,0.1412059962749481,0.145906001329422,0.1387510001659393,0.1387639939785003,655782652,0.017568847587930314,0.14490471141678943,0.14512223203976946,0.005382351247600881,0.1387680023908615,0.1385519951581955,0.1490949988365173,43.790457266390625,-0.0027716264514880407,-0.0021852347157089633,0.1368680000305175
2022-02-20,0.1368680000305175,0.141196995973587,0.1358519941568374,0.141196995973587,490138547,-0.03072104838936096,0.14317899729524336,0.1449298322200775,0.005790972306032568,0.1412059962749481,0.1387680023908615,0.1385519951581955,40.787839499413636,-0.0032565817577494827,-0.0023995041241170675,0.128490000963211
2022-02-21,0.128490000963211,0.1413449943065643,0.1282459944486618,0.1368380039930343,913773124,-0.06121225608205316,0.14067714129175454,0.14478309899568556,0.007801589996403368,0.1368680000305175,0.1412059962749481,0.1387680023908615,35.697013302131225,-0.004267750863377634,-0.002773153471969181,0.1315529942512512
2022-02-22,0.1315529942512512,0.1316960006952285,0.1253650039434433,0.128488004207611,711967119,0.023838378590386844,0.1377902839865003,0.1444394320249557,0.006673947616350739,0.128490000963211,0.1368680000305175,0.1412059962749481,38.708944783874855,-0.00476700068824687,-0.0031719229152247187,0.1278460025787353
2022-02-23,0.1278460025787353,0.1353369951248169,0.1278460025787353,0.1315609961748123,587472906,-0.02817869478087265,0.13475471309253145,0.14410769889752068,0.005382669427975988,0.1315529942512512,0.128490000963211,0.1368680000305175,36.481790340391875,-0.005399540477182774,-0.0036174464276163302,0.1238130033016204
2022-02-24,0.1238130033016204,0.1278509944677353,0.109554998576641,0.127820998430252,2046477370,-0.03154575970907758,0.13264914282730642,0.14346649895111716,0.006430480283966683,0.1278460025787353,0.1315529942512512,0.128490000963211,34.177831464220006,-0.006155307599142484,-0.004125018661921561,0.1275759935379028
2022-02-25,0.1275759935379028,0.1281809955835342,0.1209829971194267,0.1238429993391037,805161073,0.03039252853850405,0.1310502844197409,0.1429260656237602,0.006034738657650765,0.1238130033016204,0.1278460025787353,0.1315529942512512,38.10554626155522,-0.006377105324289034,-0.004575435994395056,0.1276469975709915
2022-02-26,0.1276469975709915,0.1300709992647171,0.1261990070343017,0.1275680065155029,535575654,0.0005565626503829524,0.12911328460488994,0.14247273206710812,0.004096513234988359,0.1275759935379028,0.1238130033016204,0.1278460025787353,38.18050595721118,-0.006472540766430529,-0.00495485694880215,0.1231110021471977
2022-02-27,0.1231110021471977,0.1282349973917007,0.1220529973506927,0.1276389956474304,592809151,-0.0355354650725026,0.1271479991929871,0.14185456559062,0.002873554135688405,0.1276469975709915,0.1275759935379028,0.1238130033016204,35.24397091431875,-0.006835396764690971,-0.005330964911979915,0.1331560015678405
2022-02-28,0.1331560015678405,0.1344790011644363,0.1219540014863014,0.1231179982423782,765755924,0.08159302779968036,0.1278145707079342,0.14152456546823178,0.0036680780825381655,0.1231110021471977,0.1276469975709915,0.1275759935379028,45.28077482461917,-0.006240478897696244,-0.0055128677091231815,0.1339379996061325
2022-03-01,0.1339379996061325,0.1377300024032592,0.1304620057344436,0.1331740021705627,876604512,0.005872796036862082,0.12815528575863153,0.1413401323060194,0.004152042561182863,0.1331560015678405,0.1231110021471977,0.1276469975709915,45.98269635316949,-0.005640876977221876,-0.005538469562742921,0.1329900026321411
2022-03-02,0.1329900026321411,0.1362140029668808,0.1312319934368133,0.1339640021324157,709536320,-0.00707787914392588,0.12889014290911807,0.14104629928867016,0.004526504731753644,0.1339379996061325,0.1331560015678405,0.1231110021471977,45.22531227891106,-0.005182443584721641,-0.005467264367138664,0.129610002040863
2022-03-03,0.129610002040863,0.133649006485939,0.127810001373291,0.1329980045557022,518193386,-0.025415448713294708,0.12971828558615273,0.14061226621270176,0.003934369475963993,0.1329900026321411,0.1339379996061325,0.1331560015678405,42.5352331148894,-0.005033842614007522,-0.005380580016512436,0.122590996325016
2022-03-04,0.122590996325016,0.1298560053110122,0.1215440034866333,0.1296309977769851,650665594,-0.054154815255956,0.1290061431271689,0.14012413273255028,0.0047527954556430725,0.129610002040863,0.1329900026321411,0.1339379996061325,37.54136519988919,-0.005419972308142257,-0.0053884584748384,0.1249959990382194
2022-03-05,0.1249959990382194,0.1253750026226043,0.1215720027685165,0.1226140037178993,334091552,0.019618102350903444,0.1286274290510586,0.13970596616466838,0.004979364021811068,0.122590996325016,0.129610002040863,0.1329900026321411,40.13486865934262,-0.005468877438298381,-0.005404542267530396,0.1207659989595413
2022-03-06,0.1207659989595413,0.1256110072135925,0.1203840002417564,0.1250250041484832,400458464,-0.033841083804488026,0.1282924285956791,0.13881473268071806,0.005467326228494145,0.1249959990382194,0.122590996325016,0.129610002040863,37.20839406325981,-0.005782305937565402,-0.005480095001537398,0.1171049997210502
2022-03-07,0.1171049997210502,0.1225629970431327,0.1150150001049041,0.1207690015435218,513014829,-0.030314817664180538,0.12599942833185193,0.13781353284915285,0.006377685157806554,0.1207659989595413,0.1249959990382194,0.122590996325016,34.84055631511491,-0.006254019875530981,-0.005634879976336115,0.117028996348381
2022-03-08,0.117028996348381,0.1197239980101585,0.1158379986882209,0.1171059980988502,491414294,-0.0006490190243818583,0.12358385643788741,0.1365888327360153,0.006064267349283247,0.1171049997210502,0.1207659989595413,0.1249959990382194,34.79105730084386,-0.006558388387990111,-0.005819581658666915,0.1215879991650581
2022-03-09,0.1215879991650581,0.1237339973449707,0.1167659983038902,0.1170469969511032,519157507,0.038956181450155336,0.12195499879973272,0.13512249961495396,0.0044269562622962005,0.117028996348381,0.1171049997210502,0.1207659989595413,40.272645747161306,-0.006358433141572251,-0.005927351955247982,0.1168849989771843
2022-03-10,0.1168849989771843,0.1216119974851608,0.1155320033431053,0.1215720027685165,513641345,-0.03867980573879981,0.12013714121920718,0.13373849938313162,0.0032031554959420752,0.1215879991650581,0.117028996348381,0.1171049997210502,36.832909722521215,-0.006504480377837976,-0.006042777639765981,0.1156020015478134
2022-03-11,0.1156020015478134,0.1182930022478103,0.1145699992775917,0.1168930009007453,388727358,-0.010976579035786527,0.11913871339389252,0.13228779931863144,0.0033943411459198985,0.1168849989771843,0.1215879991650581,0.117028996348381,35.93129033873669,-0.006647127091467919,-0.006163647530106369,0.1151359975337982
2022-03-12,0.1151359975337982,0.1172389984130859,0.1151319965720176,0.1156079992651939,235277001,-0.004031106795520767,0.11773014175040378,0.13106269935766854,0.002481757828060394,0.1156020015478134,0.1168849989771843,0.1215879991650581,35.59051353855662,-0.0067203107104844145,-0.006274980166181978,0.1116079986095428
2022-03-13,0.1116079986095428,0.1162310019135475,0.1106859967112541,0.1150799989700317,373430106,-0.030642014659400973,0.11642185598611829,0.1299547324577967,0.0029787485531826176,0.1151359975337982,0.1156020015478134,0.1168849989771843,33.0360004059164,-0.006982499377911039,-0.006416484008527791,0.11404799669981
2022-03-14,0.11404799669981,0.1189669966697692,0.1108170002698898,0.1116070002317428,822092169,0.02186221525935128,0.11598514126879825,0.12894283210237817,0.003084129860994619,0.1116079986095428,0.1151359975337982,0.1156020015478134,36.43415725015187,-0.00691370148475777,-0.006515927503773788,0.1127839982509613
2022-03-15,0.1127839982509613,0.1142129972577095,0.1109369993209838,0.1140429973602294,400614617,-0.011083039469564016,0.11537871296916688,0.12773736541469888,0.0032571597599797887,0.11404799669981,0.1116079986095428,0.1151359975337982,35.43109396410085,-0.0068818431657024365,-0.006589110636159518,0.116907998919487
2022-03-16,0.116907998919487,0.116907998919487,0.1123640015721321,0.1127789989113807,537170937,0.03656547677401156,0.11471014150551385,0.12676753227909404,0.0020128381311583926,0.1127839982509613,0.11404799669981,0.1116079986095428,41.12616089379717,-0.0064494772707686665,-0.006561183963081347,0.1165020018815994
2022-03-17,0.1165020018815994,0.118709996342659,0.1162810027599334,0.116907000541687,412838814,-0.0034727909265405144,0.11465542763471602,0.12559223249554632,0.0019480292342592487,0.116907998919487,0.1127839982509613,0.11404799669981,40.745147606968494,-0.006069617974104838,-0.006462870765286045,0.1193059980869293
2022-03-18,0.1193059980869293,0.1193749979138374,0.1145680025219917,0.1164899989962577,410862503,0.024068223378509668,0.11518456999744686,0.12459926580389338,0.002631247146093826,0.1165020018815994,0.116907998919487,0.1127839982509613,44.56498898324544,-0.005479157369466067,-0.00626612808612205,0.1235689967870712
2022-03-19,0.1235689967870712,0.1245729997754097,0.1185299977660179,0.119277998805046,628081786,0.03573163770890875,0.11638928417648585,0.1240998325248559,0.004116585737336759,0.1193059980869293,0.1165020018815994,0.116907998919487,49.85736863557525,-0.004614036972436147,-0.00593570986338487,0.1191539987921714
2022-03-20,0.1191539987921714,0.1239190027117729,0.1179910004138946,0.1235790029168129,428111799,-0.035729010590800026,0.11746728420257567,0.12344603240489957,0.0036130789187074513,0.1235689967870712,0.1193059980869293,0.1165020018815994,45.059451455195166,-0.004235848045895482,-0.005595737499886993,0.1193389967083931
2022-03-21,0.1193389967083931,0.1213319972157478,0.118306003510952,0.1191459968686103,439486516,0.0015525951130215265,0.11822314134665897,0.12271713241934773,0.0033201048216103734,0.1191539987921714,0.1235689967870712,0.1193059980869293,45.29700172796386,-0.003876516739238861,-0.005251893347757367,0.1224810034036636
2022-03-22,0.1224810034036636,0.1253499984741211,0.1190140023827552,0.1193329989910125,610507111,0.026328415538367844,0.11960842779704499,0.12223756586511927,0.002622039854532095,0.1193389967083931,0.1191539987921714,0.1235689967870712,49.306070032419704,-0.003300168124551972,-0.0048615483031162875,0.1297270059585571
2022-03-23,0.1297270059585571,0.1307130008935928,0.1213610023260116,0.1224870011210441,998922753,0.059160215490827506,0.12143971451691216,0.12227879936496414,0.004337214707771954,0.1224810034036636,0.1193389967083931,0.1191539987921714,57.11229696008341,-0.002232975494711173,-0.004335833741435265,0.1365499943494796
2022-03-24,0.1365499943494796,0.1406050026416778,0.1284549981355667,0.129721999168396,2017926806,0.05259497311687111,0.12430371344089504,0.12244536603490506,0.006575088215142415,0.1297270059585571,0.1224810034036636,0.1193389967083931,62.90477105568694,-0.000827124924537681,-0.003634091978055748,0.1310130059719085
2022-03-25,0.1310130059719085,0.1372749954462051,0.1287820041179657,0.1366029977798462,882486375,-0.04054916592233593,0.12597614313874922,0.12255093281467752,0.006580894190369423,0.1365499943494796,0.1297270059585571,0.1224810034036636,56.263629727973644,-0.00015794620110784474,-0.0029388628226661674,0.1358679980039596
2022-03-26,0.1358679980039596,0.1364949941635131,0.1298779994249344,0.1310099959373474,610401998,0.03705732874407963,0.12773314331259042,0.12295276597142217,0.007419502475558097,0.1310130059719085,0.1365499943494796,0.1297270059585571,60.22851426378298,0.0007554318918980285,-0.002200003879753328,0.1447319984436035
2022-03-27,0.1447319984436035,0.1448580026626587,0.1357029974460601,0.135900005698204,1445019558,0.06523979575665462,0.131387143262795,0.12352463280161219,0.008681315640684448,0.1358679980039596,0.1310130059719085,0.1365499943494796,66.24510533297648,0.002169532348647474,-0.0013260966340731678,0.142656996846199
2022-03-28,0.142656996846199,0.1527370065450668,0.1424569934606552,0.1447249948978424,1476875507,-0.014336854460093917,0.13471828613962442,0.12402496611078577,0.007706789451010304,0.1447319984436035,0.1358679980039596,0.1310130059719085,63.811495495232876,0.003087194603588167,-0.00044343838654090095,0.1444700062274933
2022-03-29,0.1444700062274933,0.1485590040683746,0.1412899941205978,0.1425569951534271,961074557,0.012708871078008999,0.13785957225731438,0.12473693291346229,0.006226808016594988,0.142656996846199,0.1447319984436035,0.1358679980039596,65.02063222088879,0.003915606581851916,0.0004283706071376625,0.1432099938392639
2022-03-30,0.1432099938392639,0.1449970006942749,0.1398800015449524,0.144455999135971,884305263,-0.008721619256008672,0.13978571338312965,0.1250720659891764,0.005309693454714142,0.1444700062274933,0.142656996846199,0.1447319984436035,63.434320563201666,0.0044195111995861125,0.0012265987256273527,0.13782599568367
2022-03-31,0.13782599568367,0.1472200006246566,0.1371719986200332,0.1431840062141418,1055136949,-0.03759512874245907,0.13996799928801398,0.12520166585842765,0.0052008827173410255,0.1432099938392639,0.1444700062274933,0.142656996846199,57.03155882793772,0.004334450734406414,0.001848169127383165,0.1413149982690811
2022-04-01,0.1413149982690811,0.1423940062522888,0.1332090049982071,0.137922003865242,877530017,0.025314546563616647,0.14143971247332435,0.1254791657129923,0.0033851639374878843,0.13782599568367,0.1432099938392639,0.1444700062274933,59.859113919790076,0.0044967374624106105,0.0023778827943886542,0.1389130055904388
2022-04-02,0.1389130055904388,0.1440690010786056,0.1388819962739944,0.1413100063800811,682408266,-0.016997436281098843,0.14187471355710707,0.1257892658313115,0.0026699461057500666,0.1413149982690811,0.13782599568367,0.1432099938392639,57.074538672732615,0.0043810283608423095,0.0027785119076793856,0.1464529931545257
2022-04-03,0.1464529931545257,0.1485580056905746,0.1370880007743835,0.1389030069112777,1047399132,0.054278485531565446,0.14212056994438169,0.1265846657256285,0.003031642097748707,0.1389130055904388,0.1413149982690811,0.13782599568367,62.90760812509157,0.0048419273221522174,0.0031911949905739524,0.1485909968614578
2022-04-04,0.1485909968614578,0.1553120017051696,0.1420080065727234,0.1464129984378814,2253509569,0.014598566139759628,0.14296828423227578,0.12737116565306977,0.003909250928331976,0.1464529931545257,0.1389130055904388,0.1413149982690811,64.38546364714456,0.005318404840288143,0.0036166369605167906,0.1729069948196411
2022-04-05,0.1729069948196411,0.1780450046062469,0.1477269977331161,0.1486140042543411,5230288678,0.16364381740338474,0.1470307111740112,0.12910919884840644,0.012043265690892258,0.1485909968614578,0.1464529931545257,0.1389130055904388,76.06542105114015,0.007570842563807689,0.004407478081174971,0.1434170007705688
2022-04-06,0.1434170007705688,0.1734970062971115,0.1432909965515136,0.1724849939346313,3729047979,-0.1705540835975622,0.14706028359276901,0.12998626555005707,0.012032569628864167,0.1729069948196411,0.1485909968614578,0.1464529931545257,53.25469400585584,0.006896817408077266,0.00490534594655543,0.1461019963026046
2022-04-07,0.1461019963026046,0.1480280011892318,0.1413120031356811,0.143432006239891,1420790611,0.018721598678047346,0.148242569395474,0.13095536554853118,0.011361910304083287,0.1434170007705688,0.1729069948196411,0.1485909968614578,54.5899286863432,0.006504326489099571,0.005225142055064258,0.142548993229866
2022-04-08,0.142548993229866,0.1527159959077835,0.1416079998016357,0.1461060047149658,1683800631,-0.02431864835973674,0.14841885438987182,0.13165406535069143,0.011245488484986637,0.1461019963026046,0.1434170007705688,0.1729069948196411,52.45471744157001,0.005839265535504318,0.005347966751152271,0.1443029940128326
2022-04-09,0.1443029940128326,0.1444620043039322,0.141415998339653,0.1425440013408661,523997409,0.012304546971708241,0.1491888527359281,0.1325679985185464,0.01065516252551549,0.142548993229866,0.1461019963026046,0.1434170007705688,53.423254720842586,0.005391582337619244,0.005356689868445666,0.1495350003242492
2022-04-10,0.1495350003242492,0.1569720059633255,0.1438630074262619,0.1443040072917938,1931829669,0.0362570877146966,0.14962913947446002,0.13369909847776093,0.010586727967048798,0.1443029940128326,0.142548993229866,0.1461019963026046,56.283958551442744,0.005396758884487596,0.005364703671654052,0.1346540004014969
2022-04-11,0.1346540004014969,0.1512919962406158,0.1338180005550384,0.1493739932775497,1515679359,-0.09951516294168328,0.14763813998017988,0.13434969857335088,0.012027062204017534,0.1495350003242492,0.1443029940128326,0.142548993229866,47.371985122503666,0.004152224744925742,0.0051222078863083905,0.1380760073661804
2022-04-12,0.1380760073661804,0.1441220045089721,0.1342429965734481,0.1346520036458969,1214105682,0.025413333094301827,0.1426622846296855,0.13523196553190547,0.004958271733552445,0.1346540004014969,0.1495350003242492,0.1443029940128326,49.357784646279455,0.0034028241969255024,0.004778331148431813,0.1400800049304962
2022-04-13,0.1400800049304962,0.1426080018281936,0.1370670050382614,0.1380700021982193,890728707,0.014513727638438612,0.14218557093824655,0.136099699139595,0.005033463550557865,0.1380760073661804,0.1346540004014969,0.1495350003242492,50.53489805140415,0.0029367714456807192,0.004410019207881595,0.1439200043678283
2022-04-14,0.1439200043678283,0.1466329991817474,0.1381009966135025,0.1400530040264129,1759067761,0.02741290192870438,0.1418738578047071,0.13713756601015722,0.004813249907503303,0.1400800049304962,0.1380760073661804,0.1346540004014969,52.79889795074254,0.0028444876618352877,0.004096912898672334,0.146026000380516
2022-04-15,0.146026000380516,0.1492870002985,0.142766997218132,0.1439169943332672,1140382087,0.014633101367237389,0.14237057311194282,0.1381081660588582,0.005067241943518675,0.1439200043678283,0.1400800049304962,0.1380760073661804,54.041283673254874,0.0029077694200985993,0.003859084202957587,0.1437119990587234
2022-04-16,0.1437119990587234,0.1478109955787658,0.1420930027961731,0.1460170000791549,584019179,-0.015846502100740678,0.14228614526135577,0.13901516596476235,0.005034496368121086,0.146026000380516,0.1439200043678283,0.1400800049304962,52.408980713923356,0.0027396194737505097,0.0036351912571161715,0.1394589990377426
2022-04-17,0.1394589990377426,0.1447090059518814,0.1389950066804886,0.1436930000782013,636442285,-0.029593910382131328,0.14084671650614053,0.1396869326631228,0.003937429198119276,0.1437119990587234,0.146026000380516,0.1439200043678283,49.45246930611501,0.0022373866711060952,0.003355630339914157,0.1402859985828399
2022-04-18,0.1402859985828399,0.1404609978199005,0.1343840062618255,0.1394709944725036,909718484,0.005930055075710872,0.14165128767490384,0.14024416605631507,0.0028998109311579087,0.1394589990377426,0.1437119990587234,0.146026000380516,50.04262691208442,0.0018843736222488305,0.0030613789963810914,0.1426649987697601
2022-04-19,0.1426649987697601,0.1441410034894943,0.139500007033348,0.140296995639801,679511647,0.016958215438124258,0.14230685787541522,0.14102786605556802,0.002438920372558273,0.1402859985828399,0.1394589990377426,0.1437119990587234,51.78648348020303,0.0017760998966334651,0.0028043231764315665,0.1408780068159103
2022-04-20,0.1408780068159103,0.1462409943342209,0.1395950019359588,0.1426769942045211,1068542289,-0.012525790973676232,0.14242085814476008,0.14174583305915192,0.0023338724752421615,0.1426649987697601,0.1402859985828399,0.1394589990377426,50.36432820260774,0.0015284775352701063,0.002549154048199275,0.136364996433258
2022-04-21,0.136364996433258,0.1424479931592941,0.1352549940347671,0.140867993235588,740549793,-0.03203488241106078,0.14134157129696434,0.14220863282680504,0.003134585707768443,0.1408780068159103,0.1426649987697601,0.1402859985828399,46.86407798170699,0.0009570406400271347,0.002230731366564847,0.1363950073719024
2022-04-22,0.1363950073719024,0.1379079967737198,0.1349849998950958,0.1363569945096969,505251263,0.00022007802170187496,0.13996571515287667,0.14243089954058324,0.0028351226686396214,0.136364996433258,0.1408780068159103,0.1426649987697601,46.890510959987814,0.0005008212597710782,0.0018847493452060933,0.1342409998178482
2022-04-23,0.1342409998178482,0.1364949941635131,0.1338099986314773,0.1363870054483413,349740069,-0.01579242228552369,0.13861271526132307,0.1423539330561955,0.0030041910973254314,0.1363950073719024,0.136364996433258,0.1408780068159103,45.154273724075736,-3.415260382724772e-05,0.001500968955399425,0.1319469958543777
2022-04-24,0.1319469958543777,0.1346900016069412,0.1315020024776458,0.1342020034790039,436620221,-0.01708869843477967,0.13753957194941382,0.14238506605227783,0.0038687885248942545,0.1342409998178482,0.1363950073719024,0.136364996433258,43.314806293737874,-0.0006358999344580618,0.0010735951774279277,0.1579589992761612
2022-04-25,0.1579589992761612,0.1677349954843521,0.1238690018653869,0.1319359987974167,5177823685,0.1971397927883971,0.14006428633417398,0.1431214327613512,0.008704366930161654,0.1319469958543777,0.1342409998178482,0.1363950073719024,62.1457535935624,0.0009749239391154407,0.0010538609297654302,0.1377670019865036
2022-04-26,0.1377670019865036,0.1652780026197433,0.1374240070581436,0.1577769964933395,4529010503,-0.1278306230236097,0.13936457250799447,0.14288926621278122,0.008657199663295286,0.1579589992761612,0.1319469958543777,0.1342409998178482,48.638358516796316,0.0006150975726363361,0.0009661082583396114,0.1396999955177307
2022-04-27,0.1396999955177307,0.1454049944877624,0.1362719982862472,0.1378470063209533,1765370972,0.014030889134224456,0.1391962851796831,0.1427906995018323,0.008634296119525823,0.1377670019865036,0.1579589992761612,0.1319469958543777,49.7640276599344,0.0004803715834684197,0.0008689609233653731,0.137363001704216
2022-04-28,0.137363001704216,0.1426180005073547,0.1360580027103424,0.1396909952163696,1105137506,-0.016728660619163005,0.13933885736124854,0.1425537993510564,0.008587868006913838,0.1396999955177307,0.1377670019865036,0.1579589992761612,48.38338910271135,0.00018291585659246934,0.0007317519100107924,0.1350270062685012
2022-04-29,0.1350270062685012,0.1446429938077926,0.134099006652832,0.137375995516777,1555397213,-0.01700600166517119,0.13914342863219123,0.14228103309869763,0.008681084050915062,0.137363001704216,0.1396999955177307,0.1377670019865036,46.98031844697071,-0.00023856522750231868,0.0005376884825081702,0.1275569945573806
2022-04-30,0.1275569945573806,0.1365280002355575,0.126239001750946,0.1350329965353012,916612071,-0.05532235304296451,0.13818857073783872,0.14193873306115465,0.009626324089839003,0.1350270062685012,0.137363001704216,0.1396999955177307,42.71458759902943,-0.001161965128150283,0.00019775776037647954,0.1327729970216751
2022-05-01,0.1327729970216751,0.1348209977149963,0.1275330036878585,0.127589002251625,991710768,0.04089154406933071,0.13830657090459547,0.14165399968624112,0.009541753911707892,0.1275569945573806,0.1350270062685012,0.137363001704216,46.37591508602612,-0.001456093456256663,-0.00013301248295014895,0.1309379935264587
2022-05-02,0.1309379935264587,0.1337829977273941,0.1282999962568283,0.1327939927577972,769062732,-0.013820607626389814,0.13444642722606656,0.1413881659507751,0.0042825894311619775,0.1327729970216751,0.1275569945573806,0.1350270062685012,45.279487815142495,-0.001816324266143532,-0.00046967483958882555,0.1295199990272522
2022-05-03,0.1295199990272522,0.1318330019712448,0.1273989975452423,0.1309349983930587,555706527,-0.010829511442910444,0.1332682839461735,0.14082373281319932,0.004350685010396223,0.1309379935264587,0.1327729970216751,0.1275569945573806,44.40581363245772,-0.002190973900422999,-0.0008139346517556603,0.1358090043067932
2022-05-04,0.1358090043067932,0.1358090043067932,0.1293130069971084,0.129513993859291,838050627,0.04855624866255415,0.13271242805889671,0.14039766639471052,0.0035706273071020905,0.1295199990272522,0.1309379935264587,0.1327729970216751,49.097007766517706,-0.0019578474217848696,-0.0010427172057615023,0.1284299939870834
2022-05-05,0.1284299939870834,0.1373129934072494,0.1266970038414001,0.1358129978179931,1258066467,-0.05433373403607744,0.13143628409930636,0.13891509970029192,0.0032095658768497566,0.1358090043067932,0.1295199990272522,0.1309379935264587,44.3664775760437,-0.002341525819617496,-0.0013024789285327012,0.1279010027647018
2022-05-06,0.1279010027647018,0.1293050050735473,0.1245660036802291,0.1284029930830001,839005988,-0.004118907164589736,0.13041828359876356,0.13839789976676303,0.003004400439126607,0.1284299939870834,0.1358090043067932,0.1295199990272522,44.03889092334399,-0.002657643228028278,-0.0015735117884318167,0.1275320053100586
2022-05-07,0.1275320053100586,0.1319199949502945,0.1253650039434433,0.1278900057077407,746383231,-0.0028850239377875564,0.13041471370628901,0.1377789000670115,0.0030083791362440315,0.1279010027647018,0.1284299939870834,0.1358090043067932,43.79596996496186,-0.0029044627241275878,-0.001839701975570971,0.1242069974541664
2022-05-08,0.1242069974541664,0.1280169934034347,0.1239740028977394,0.1275269985198974,728953161,-0.02607194835373572,0.12919099948235918,0.1371675002078215,0.003577568436862935,0.1275320053100586,0.1279010027647018,0.1284299939870834,41.57076209290765,-0.0033299833238306653,-0.0021377582452229097,0.104823999106884
2022-05-09,0.104823999106884,0.1251360028982162,0.104823999106884,0.1242000013589859,1353326367,-0.1560539965104213,0.12546042885099137,0.13585153371095654,0.009747414990494781,0.1242069974541664,0.1275320053100586,0.1279010027647018,31.517602470566203,-0.005171641971542712,-0.0027445349904868703,0.1084769964218139
2022-05-10,0.1084769964218139,0.1177750006318092,0.1008810028433799,0.1047080010175705,1723066438,0.03484886424916023,0.12245428562164304,0.13448293358087537,0.0113927694996613,0.104823999106884,0.1242069974541664,0.1275320053100586,34.72163514950316,-0.006264193639396315,-0.0034484667202687594,0.0845810025930404
2022-05-11,0.0845810025930404,0.11056499928236,0.0800359994173049,0.1084489971399307,2556008051,-0.22028627835392567,0.1151359996625355,0.13281383365392682,0.01663283435349439,0.1084769964218139,0.104823999106884,0.1242069974541664,26.114477624071355,-0.008955027717196334,-0.004549778919654275,0.0826710015535354
2022-05-12,0.0826710015535354,0.089028000831604,0.0700369998812675,0.0846360027790069,2631064083,-0.02258191533499454,0.1085990007434572,0.13096700012683865,0.019313321847991907,0.0845810025930404,0.1084769964218139,0.104823999106884,25.568889832647002,-0.011113544211875409,-0.005862531978098502,0.0883309990167617
2022-05-13,0.0883309990167617,0.0942540019750595,0.0823709964752197,0.0826390013098716,1444350618,0.06846412111701627,0.10294614306518005,0.12924203326304748,0.018495798699857548,0.0826710015535354,0.0845810025930404,0.1084769964218139,30.221254755934538,-0.012226529768054648,-0.007135331536089732,0.0897959992289543
2022-05-14,0.0897959992289543,0.0915979966521263,0.0844829976558685,0.0883409976959228,902479951,0.01658534635065778,0.09755528505359372,0.12743789975841835,0.015370966284717789,0.0883309990167617,0.0826710015535354,0.0845810025930404,31.41619715931965,-0.012842327212315832,-0.008276730671334952,0.0928430035710334
2022-05-15,0.0928430035710334,0.0928430035710334,0.0868759974837303,0.0897850021719932,651900826,0.03393251779859474,0.09307471449886043,0.1256651331981023,0.009907596938477831,0.0897959992289543,0.0883309990167617,0.0826710015535354,33.94968474543043,-0.012935372416715704,-0.009208459020411104,0.0878409966826438
2022-05-16,0.0878409966826438,0.0930610001087188,0.0864280015230178,0.0928670018911361,606521740,-0.05387597014310952,0.09064857129539756,0.12380276645223297,0.00853527757843375,0.0928430035710334,0.0897959992289543,0.0883309990167617,31.868481545261034,-0.013259879922180112,-0.010018743200764907,0.0902130007743835
2022-05-17,0.0902130007743835,0.0911120027303695,0.0874840021133422,0.0878359973430633,560800173,0.027003383173228368,0.08803942906005036,0.12216123317678766,0.003459031579457584,0.0878409966826438,0.0928430035710334,0.0897959992289543,33.93669273067047,-0.01317379425193875,-0.010649753410999677,0.0836490020155906
2022-05-18,0.0836490020155906,0.0907969996333122,0.0836490020155906,0.0902210026979446,558257804,-0.07276111760442394,0.08790628612041466,0.12027333329121269,0.0036281410188160478,0.0902130007743835,0.0878409966826438,0.0928430035710334,31.12128038624664,-0.013479843337186811,-0.011215771396237103,0.0867229998111724
2022-05-19,0.0867229998111724,0.0871239975094795,0.0820870026946067,0.083635002374649,613801947,0.036748768323725756,0.08848514301436282,0.11840859999259308,0.0029047913976231387,0.0836490020155906,0.0902130007743835,0.0878409966826438,33.88743374543682,-0.01332078973837822,-0.011636775064665327,0.083976998925209
2022-05-20,0.083976998925209,0.0877500027418136,0.0828590020537376,0.0867189988493919,518556378,-0.031664044047628015,0.08786314300128385,0.11651189972956971,0.0033719008740104484,0.0867229998111724,0.0836490020155906,0.0902130007743835,32.626915848068165,-0.01326342542550385,-0.011962105136833032,0.0844630002975463
2022-05-21,0.0844630002975463,0.0851100012660026,0.0829320028424263,0.0839719995856285,335246011,0.005787315319164321,0.08710128601108272,0.11478183319171266,0.0034636288224735895,0.083976998925209,0.0867229998111724,0.0836490020155906,33.10121253075364,-0.01302856238798844,-0.012175396587064114,0.0861049965023994
2022-05-22,0.0861049965023994,0.0864799991250038,0.0840580016374588,0.0844480022788047,375026021,0.019440420054564367,0.08613871357270642,0.11310549949606255,0.0023636060046826027,0.0844630002975463,0.083976998925209,0.0867229998111724,34.7719844272184,-0.012565093787975393,-0.012253336027246372,0.0832530036568641
2022-05-23,0.0832530036568641,0.0881099998950958,0.0828580036759376,0.0860840007662773,507385171,-0.033122268873860716,0.08548328599759504,0.11140589962402975,0.002447524492922239,0.0861049965023994,0.0844630002975463,0.083976998925209,33.22009507847426,-0.012286294812247453,-0.012259927784246588,0.083636999130249
2022-05-24,0.083636999130249,0.084316998720169,0.0808110013604164,0.0832670032978057,462415724,0.00461239182393447,0.08454385719129011,0.10979556639989213,0.0013418361060301598,0.0832530036568641,0.0861049965023994,0.0844630002975463,33.649471329784774,-0.011897215693076682,-0.012187385366012608,0.0829849988222122
2022-05-25,0.0829849988222122,0.0843380019068718,0.0823189988732338,0.0836279988288879,419834752,-0.007795596623707435,0.08444899959223605,0.10729643305142716,0.001435817577396044,0.083636999130249,0.0832530036568641,0.0861049965023994,33.25844985765153,-0.011508812240315316,-0.01205167074087315,0.0782520025968551
2022-05-26,0.0782520025968551,0.0835999995470047,0.0760649964213371,0.0829939991235733,711890873,-0.05703435913154764,0.08323885713304788,0.10531259973843889,0.002427276047262317,0.0829849988222122,0.083636999130249,0.0832530036568641,30.488736482317947,-0.01145091393786335,-0.011931519380271191,0.081335000693798
2022-05-27,0.081335000693798,0.0853839963674545,0.0765819996595382,0.0782110020518302,1310057650,0.03939832840861768,0.08286142881427487,0.10336709991097445,0.0024977544963071183,0.0782520025968551,0.0829849988222122,0.083636999130249,34.32538606732106,-0.011029120104130749,-0.011751039525043104,0.0818390026688575
2022-05-28,0.0818390026688575,0.0830480009317398,0.0811510011553764,0.0822480022907257,535539620,0.006196618562246403,0.08248657201017648,0.10151629994312916,0.002412791114894597,0.081335000693798,0.0782520025968551,0.0829849988222122,34.95741709149334,-0.010532761585627451,-0.011507383937159974,0.082685999572277
2022-05-29,0.082685999572277,0.0830340012907981,0.0802989974617958,0.0818379968404769,394962471,0.01034955065186538,0.08199814387730184,0.09977159971992171,0.0018351297431156805,0.0818390026688575,0.081335000693798,0.0782520025968551,36.07087523165726,-0.00995627853085064,-0.011197162855898108,0.0878710001707077
2022-05-30,0.0878710001707077,0.0882750004529953,0.0822689980268478,0.0826840028166771,690696756,0.06270711638308768,0.08265785766499378,0.09844873324036593,0.0028889276859920153,0.082685999572277,0.0818390026688575,0.081335000693798,42.55404294155583,-0.008977537872893127,-0.010753237859297113,0.0858649984002113
2022-05-31,0.0858649984002113,0.0882299989461898,0.0836120024323463,0.0878650024533271,672444588,-0.02282893977079259,0.0829761432749884,0.09688513328631715,0.003127653876554282,0.0878710001707077,0.082685999572277,0.0818390026688575,40.82890657067013,-0.008268433078431614,-0.010256276903124013,0.081055998802185
2022-06-01,0.081055998802185,0.0886470004916191,0.0798069983720779,0.0858549997210502,830748610,-0.056006518227740054,0.08270057184355595,0.09522240012884135,0.003210623296394795,0.0858649984002113,0.0878710001707077,0.082685999572277,36.96052869325361,-0.008002263385993136,-0.009805474199697838,0.0827720016241073
2022-06-02,0.0827720016241073,0.0830070003867149,0.0804169997572898,0.0810519978404045,434510607,0.021170583883743932,0.08334628599030626,0.09366413354873653,0.002554255216424243,0.081055998802185,0.0858649984002113,0.0878710001707077,39.17510401911618,-0.00756564287893223,-0.009357507935544716,0.0804419964551925
2022-06-03,0.0804419964551925,0.082856997847557,0.079755999147892,0.0827770009636879,403339248,-0.028149677707397625,0.08321871395621974,0.09181856662034985,0.0026901370800399903,0.0827720016241073,0.081055998802185,0.0858649984002113,37.261040093150385,-0.007323212490818659,-0.008950648846599504,0.0817769989371299
2022-06-04,0.0817769989371299,0.0823369994759559,0.0797270014882087,0.0804539993405342,350329772,0.016595839744989682,0.08320985628025868,0.0902634667853514,0.002695533800173505,0.0804419964551925,0.0827720016241073,0.081055998802185,39.0971298671231,-0.006943322815067224,-0.008549183640293048,0.0812290012836456
2022-06-05,0.0812290012836456,0.0821380019187927,0.080835998058319,0.0817760005593299,282624184,-0.0067011220833085305,0.08300171366759704,0.08870773340264952,0.0027970672749607008,0.0817769989371299,0.0804419964551925,0.0827720016241073,38.59778534175263,-0.006610277180325461,-0.008161402348299531,0.0825299993157386
2022-06-06,0.0825299993157386,0.0845590010285377,0.0811259970068931,0.081225000321865,503707292,0.016016422848164735,0.0822387135454586,0.08720766653617217,0.0017971686583634998,0.0812290012836456,0.0817769989371299,0.0804419964551925,40.53941855260047,-0.006170229877835762,-0.007763167854206778,0.0805130004882812
2022-06-07,0.0805130004882812,0.0825299993157386,0.0783319994807243,0.0825299993157386,509642725,-0.024439583717199342,0.08147414241518287,0.08575119997064266,0.0009233139349437214,0.0825299993157386,0.0812290012836456,0.0817769989371299,38.50645148135087,-0.0059160476541115364,-0.00739374381418773,0.0794389992952346
2022-06-08,0.0794389992952346,0.0814199969172477,0.0791559964418411,0.0804919973015785,328046389,-0.013339475445371285,0.08124314248561852,0.08490503331025435,0.0012047467507141274,0.0805130004882812,0.0825299993157386,0.0812290012836456,37.430091556495576,-0.005735157999594995,-0.007062026651269183,0.0793360024690628
2022-06-09,0.0793360024690628,0.0808980017900466,0.0790819972753524,0.0794359967112541,274673852,-0.0012965524123611516,0.08075228546346933,0.08393366684516265,0.0011776867767075492,0.0794389992952346,0.0805130004882812,0.0825299993157386,37.32234665578381,-0.005536293680912324,-0.006756880057197811,0.0754539966583252
2022-06-10,0.0754539966583252,0.0795210003852844,0.0748040005564689,0.0793349966406822,431520761,-0.04893120008474594,0.08003971406391684,0.08362943331400548,0.0023360563585533532,0.0793360024690628,0.0794389992952346,0.0805130004882812,33.41779921890425,-0.005627072314357537,-0.006530918508629757,0.0698949992656707
2022-06-11,0.0698949992656707,0.0763989984989166,0.0685959979891777,0.0754719972610473,497184012,-0.07367399526663976,0.07834228553942267,0.08320356657107665,0.0043295725404615786,0.0754539966583252,0.0793360024690628,0.0794389992952346,28.775348282986187,-0.006077521778557901,-0.006440239162615386,0.0643360018730163
2022-06-12,0.0643360018730163,0.0703449994325637,0.06386099755764,0.0699189975857734,708156957,-0.07953354962526948,0.07592899990933277,0.08240373333295183,0.006577061298277694,0.0698949992656707,0.0754539966583252,0.0793360024690628,25.030579071257293,-0.00680463130145019,-0.006513117590382347,0.0539209991693496
2022-06-13,0.0539209991693496,0.0657019987702369,0.0530019998550415,0.0642749965190887,1465281537,-0.1618845187834861,0.07184199988842006,0.08120789999763166,0.009860699190379837,0.0643360018730163,0.0698949992656707,0.0754539966583252,19.825035913373625,-0.008127584775217286,-0.006836011027349335,0.0555920004844665
2022-06-14,0.0555920004844665,0.0581540018320083,0.0502669997513294,0.0539410002529621,908921329,0.030989806213879367,0.06828185703073224,0.07996619989474608,0.010673598582441737,0.0539209991693496,0.0643360018730163,0.0698949992656707,22.606056592077977,-0.008938165485649768,-0.007256441919009422,0.0630000010132789
2022-06-15,0.0630000010132789,0.0634720027446746,0.050670001655817,0.0555769987404346,1122284662,0.13325659203219975,0.06593342870473858,0.07913816670576726,0.009560026241744518,0.0555920004844665,0.0539209991693496,0.0643360018730163,33.60193141174577,-0.008880424797956296,-0.007581238494798798,0.0550290010869503
2022-06-16,0.0550290010869503,0.0629770010709762,0.0545080006122589,0.0629770010709762,724479688,-0.1265238063194397,0.062460999935865354,0.07796536671618615,0.00819794524800975,0.0630000010132789,0.0555920004844665,0.0539209991693496,28.85192599522385,-0.009369848187214619,-0.007938960433281963,0.0569950006902217
2022-06-17,0.0569950006902217,0.0579110011458396,0.0548980012536048,0.0550470016896724,383830484,0.03572660895960955,0.05982400051185057,0.07707690000534052,0.005994729072609397,0.0550290010869503,0.0630000010132789,0.0555920004844665,31.426706296931073,-0.009489688786660719,-0.008249106103957713,0.0530119985342025
2022-06-18,0.0530119985342025,0.0577550008893013,0.049720000475645,0.0569790005683898,652345943,-0.0698833600804315,0.05741214326449797,0.07595319996277487,0.004469892379329095,0.0569950006902217,0.0550290010869503,0.0630000010132789,29.12694007421669,-0.0097931687583689,-0.008557918634839951,0.0603960007429122
2022-06-19,0.0603960007429122,0.0624720007181167,0.0513079985976219,0.053006999194622,1166163984,0.13928926305137623,0.056849285960197386,0.07516716669003164,0.00361998057781179,0.0530119985342025,0.0569950006902217,0.0550290010869503,38.161549510116345,-0.00933029769096834,-0.008712394446065629,0.0601769983768463
2022-06-20,0.0601769983768463,0.0611569993197917,0.0577070005238056,0.0603989996016025,499018791,-0.003626107082787322,0.05774300013269692,0.07435763329267497,0.003548081348794739,0.0603960007429122,0.0530119985342025,0.0569950006902217,38.00679932780616,-0.008878791514190035,-0.00874567385969051,0.0655710026621818
2022-06-21,0.0655710026621818,0.0693240016698837,0.0593149997293949,0.0601750016212463,1051899538,0.08963564868351592,0.059168571872370526,0.07367316683133439,0.004433928434361515,0.0601769983768463,0.0603960007429122,0.0530119985342025,44.02724968508201,-0.007993573609175256,-0.00859525380958746,0.0617109984159469
2022-06-22,0.0617109984159469,0.0657510012388229,0.0613889992237091,0.0656059980392456,633619298,-0.05886754951912865,0.05898442864418024,0.07295509998997046,0.004272100391581369,0.0655710026621818,0.0601769983768463,0.0603960007429122,40.96159681334085,-0.007516852528203208,-0.00837957355331061,0.0640320032835006
2022-06-23,0.0640320032835006,0.0646149963140487,0.0617030002176761,0.0617030002176761,434169751,0.03761087856510725,0.060270571815116004,0.07230160012841219,0.004237894589701069,0.0617109984159469,0.0655710026621818,0.0601769983768463,43.50875276878531,-0.0068725395832697905,-0.008078166759302447,0.0671240016818046
2022-06-24,0.0671240016818046,0.0681620016694068,0.0640039965510368,0.064019002020359,514729444,0.048288328331915986,0.061717571956770696,0.07177290022373194,0.004642951148322356,0.0640320032835006,0.0617109984159469,0.0655710026621818,46.80157011447107,-0.006042761311639361,-0.00767108566976983,0.0685029998421669
2022-06-25,0.0685029998421669,0.0691120028495788,0.0653840005397796,0.067110002040863,432671864,0.020544039774316847,0.06393057214362276,0.07144793346524232,0.003299378890472929,0.0671240016818046,0.0640320032835006,0.0617109984159469,48.25035193587143,-0.005213781202137752,-0.007179624776243414,0.0731770023703575
2022-06-26,0.0731770023703575,0.0769660025835037,0.0675040036439895,0.0684880018234252,883689355,0.06823062550486325,0.06575642951897208,0.07117600018779431,0.004377640103273414,0.0685029998421669,0.0671240016818046,0.0640320032835006,52.92946213875848,-0.004132024148830529,-0.006570104650760838,0.0722389966249466
2022-06-27,0.0722389966249466,0.0783889964222908,0.0710180029273033,0.0731540024280548,962250061,-0.012818313336525389,0.06747957212584356,0.07085599998633062,0.004185122032294081,0.0731770023703575,0.0685029998421669,0.0671240016818046,51.91496763212145,-0.0033122317688211167,-0.005918530074372894,0.0659570023417472
2022-06-28,0.0659570023417472,0.0729509964585304,0.0657230019569397,0.072221003472805,534793983,-0.08696126159966633,0.06753471493721004,0.07029836674531297,0.004158240308781738,0.0722389966249466,0.0731770023703575,0.0685029998421669,45.60992153943997,-0.003133325809709181,-0.0053614892214401515,0.0694679990410804
2022-06-29,0.0694679990410804,0.0713350027799606,0.0646350011229515,0.0659959986805915,592828738,0.05323159899143781,0.06864285788365768,0.0696849333743254,0.0032906894559088886,0.0659570023417472,0.0722389966249466,0.0731770023703575,49.314962535556774,-0.0026773703978119068,-0.004824665456714503,0.0660860016942024
2022-06-30,0.0660860016942024,0.0695130005478859,0.0627460032701492,0.0694810003042221,566648029,-0.048684248770114125,0.06893628622804367,0.06902563348412509,0.0028765330593187753,0.0694679990410804,0.0659570023417472,0.0722389966249466,46.06014842345705,-0.0025594179928249555,-0.0043716159639365934,0.0661749988794326
2022-07-01,0.0661749988794326,0.0678619965910911,0.0642239972949028,0.0662079975008964,472441458,0.0013466873914087518,0.06880071439913336,0.06852960015336668,0.0029960621140542303,0.0660860016942024,0.0694679990410804,0.0659570023417472,46.16084932876469,-0.0024307384927418907,-0.003983440469697654,0.0666979998350143
2022-07-02,0.0666979998350143,0.0676919966936111,0.065932996571064,0.0662050023674964,352589827,0.007903301313757272,0.06854285725525443,0.06799380009373023,0.003101764862724894,0.0661749988794326,0.0660860016942024,0.0694679990410804,46.789532159212975,-0.0022604996230834867,-0.0036388523003748206,0.0671790018677711
2022-07-03,0.0671790018677711,0.0673559978604316,0.0651109963655471,0.0666979998350143,280878240,0.007211641037911276,0.06768600004059923,0.06755170027414951,0.0023441786816065955,0.0666979998350143,0.0661749988794326,0.0660860016942024,47.397899094876685,-0.002062990379306906,-0.003323679916161238,0.069472000002861
2022-07-04,0.069472000002861,0.0696050003170967,0.0659269988536834,0.0671740025281906,379581122,0.03413266156593431,0.0672907148088727,0.06714153364300723,0.001545817325072427,0.0671790018677711,0.0666979998350143,0.0661749988794326,50.31426312617268,-0.001701819577773267,-0.002999307848483644,0.0671550035476684
2022-07-05,0.0671550035476684,0.0698409974575042,0.0656969994306564,0.0694309994578361,403220687,-0.033351515072218674,0.06746185783829002,0.06667240038514133,0.0014359611334567087,0.069472000002861,0.0671790018677711,0.0666979998350143,47.4514407831248,-0.001584288671826098,-0.002716304013152135,0.068582996726036
2022-07-06,0.068582996726036,0.0690580010414123,0.0664480030536651,0.06717199832201,398926503,0.021264136742304984,0.06733542893614082,0.0662075002988179,0.0012578000814770318,0.0671550035476684,0.069472000002861,0.0671790018677711,49.36371667282873,-0.001360237495709099,-0.002445090709663528,0.0706209987401962
2022-07-07,0.0706209987401962,0.0711240023374557,0.0680529996752739,0.0685790032148361,402591742,0.0297158495756793,0.06798328565699709,0.06587776690721507,0.0016221507563980173,0.068582996726036,0.0671550035476684,0.069472000002861,52.04584257650179,-0.0010066218837105345,-0.0021573969444729293,0.0692569985985755
2022-07-08,0.0692569985985755,0.0730089992284774,0.0685409978032112,0.0706180036067962,444369733,-0.019314370597315556,0.06842357133116037,0.0655383668839931,0.0014596644433118422,0.0706209987401962,0.068582996726036,0.0671550035476684,50.13191235155105,-0.0008269102686989382,-0.0018912996093181313,0.0695120021700859
2022-07-09,0.0695120021700859,0.0700090005993843,0.0689949989318847,0.0692239999771118,254272147,0.0036819899312767745,0.06882557166474201,0.06521090020736053,0.0012818981074841369,0.0692569985985755,0.0706209987401962,0.068582996726036,50.49841380691798,-0.0006563449262337734,-0.0016443086727012599,0.0672629997134208
2022-07-10,0.0672629997134208,0.0695089995861053,0.0665329992771148,0.0695089995861053,299810124,-0.0323541602378552,0.06883757135697768,0.06493786697586372,0.001264186669120452,0.0695120021700859,0.0692569985985755,0.0706209987401962,47.20341856509096,-0.0006946390000336783,-0.0014543747381677435,0.0618470013141632
2022-07-11,0.0618470013141632,0.0672679990530014,0.0615350008010864,0.0672679990530014,326125900,-0.080519727373636,0.06774828583002086,0.06466960037748014,0.002879490021641638,0.0672629997134208,0.0695120021700859,0.0692569985985755,40.371734898715474,-0.0011487708218970855,-0.001393253954913612,0.0600869990885257
2022-07-12,0.0600869990885257,0.0628610029816627,0.0600869990885257,0.0618509985506534,298462083,-0.028457357482818635,0.06673857090728619,0.06452796695133046,0.004101939334040748,0.0618470013141632,0.0672629997134208,0.0695120021700859,38.425508782424046,-0.001631879739397643,-0.0014409791118104183,0.0619530007243156
2022-07-13,0.0619530007243156,0.0620109997689724,0.058398000895977,0.0600849986076355,446505400,0.0310549979878465,0.06579142862132613,0.064795700336496,0.004362255983761759,0.0600869990885257,0.0618470013141632,0.0672629997134208,41.637912971714414,-0.0018429321255883646,-0.0015213697145660078,0.0623940005898475
2022-07-14,0.0623940005898475,0.0626320019364357,0.0597410015761852,0.0619329996407032,348090510,0.007118297102254978,0.06461614317127631,0.06502243367334201,0.003931165265742684,0.0619530007243156,0.0600869990885257,0.0618470013141632,42.40270362199865,-0.0019521050072556223,-0.001607516773103931,0.0630419999361038
2022-07-15,0.0630419999361038,0.0642590001225471,0.0617469996213912,0.062399998307228,374357844,0.01038560342549566,0.06372828621949464,0.06502383363743618,0.003370131553798396,0.0623940005898475,0.0619530007243156,0.0600869990885257,43.572798457534596,-0.0019637008498034764,-0.00167875358844384,0.0642800033092498
2022-07-16,0.0642800033092498,0.0647249966859817,0.0618700012564659,0.0630370005965232,279644299,0.019637755375793375,0.06298085781080377,0.0653322003781795,0.0022762980584939614,0.0630419999361038,0.0623940005898475,0.0619530007243156,45.83669244128329,-0.0018516494505252945,-0.001713332760860131,0.0631069988012313
2022-07-17,0.0631069988012313,0.0653939992189407,0.0631010010838508,0.0642879977822303,249697026,-0.018248357928284387,0.0623871433947767,0.06553593364854648,0.00131027298220303,0.0642800033092498,0.0630419999361038,0.0623940005898475,44.03401351834434,-0.0018363314836333106,-0.0017379325054147669,0.0677149966359138
2022-07-18,0.0677149966359138,0.0686739981174469,0.0631140023469924,0.0631140023469924,564795959,0.07301880809126016,0.06322542844074107,0.06602603358527019,0.0023620649755098848,0.0631069988012313,0.0642800033092498,0.0630419999361038,52.017384251146844,-0.0014358138021491607,-0.0016775087647616458,0.0690129995346069
2022-07-19,0.0690129995346069,0.0698999986052513,0.0657519996166229,0.0676899999380111,552211168,0.019168617930709564,0.06450057136160982,0.06631326687832668,0.00276105112165638,0.0677149966359138,0.0631069988012313,0.0642800033092498,54.00758299160111,-0.0010021109566216713,-0.0015424292031336509,0.0701199993491172
2022-07-20,0.0701199993491172,0.0765739977359771,0.0679280012845993,0.0690149962902069,1019375521,0.016040453566362967,0.06566728545086718,0.06664470024406906,0.00319634484400227,0.0690129995346069,0.0677149966359138,0.0631069988012313,55.69537213744942,-0.0005625875345338233,-0.0013464608694136854,0.0699599981307983
2022-07-21,0.0699599981307983,0.0707319974899292,0.0672369971871376,0.0701240003108978,492434239,-0.0022818200200241945,0.06674814224243159,0.06679100009302294,0.00318420452427937,0.0701199993491172,0.0690129995346069,0.0677149966359138,55.379043991889766,-0.0002245839530541499,-0.0011220854861417784,0.067562997341156
2022-07-22,0.067562997341156,0.0712699964642524,0.06700299680233,0.0699699968099594,479456105,-0.03426244788001309,0.0673939990145819,0.06698606672386324,0.002733847470778344,0.0699599981307983,0.0701199993491172,0.0690129995346069,50.73049516018418,-0.0001484207091534684,-0.0009273525307441164,0.0681240037083625
2022-07-23,0.0681240037083625,0.0693320035934448,0.0662769973278045,0.0675309970974922,427922351,0.008303455875021681,0.06794314192874086,0.0671224667380253,0.0023653246422639515,0.067562997341156,0.0699599981307983,0.0701199993491172,51.751298010593366,-4.230460319597229e-05,-0.0007503429452344877,0.0677239969372749
2022-07-24,0.0677239969372749,0.0688539966940879,0.0675889998674392,0.0681160017848014,369141492,-0.005871744896263187,0.0686027130910328,0.06714246657987431,0.001094156397294679,0.0681240037083625,0.067562997341156,0.0699599981307983,50.940870317458085,9.407527746044253e-06,-0.0005983928506383813,0.0623060017824173
2022-07-25,0.0623060017824173,0.0678799971938133,0.0623060017824173,0.0677160024642944,448572441,-0.08000111334060345,0.0678299995405333,0.06693589997788266,0.002641464193457906,0.0677239969372749,0.0681240037083625,0.067562997341156,41.468346652565415,-0.00038238921994041,-0.0005551921244987871,0.0625120028853416
2022-07-26,0.0625120028853416,0.0625120028853416,0.0604249984025955,0.0623189993202686,416488015,0.00330628024638302,0.0669012857334954,0.06658039999504879,0.003232853038284982,0.0623060017824173,0.0677239969372749,0.0681240037083625,41.9106411517227,-0.0006685616354735469,-0.000577866026693739,0.0670209974050521
2022-07-27,0.0670209974050521,0.0670209974050521,0.0618860013782978,0.0625139996409416,499204589,0.07213006001392741,0.06645857117005753,0.06640646668771898,0.00291519790223143,0.0625120028853416,0.0623060017824173,0.0677239969372749,50.693223015249,-0.000525459986407531,-0.0005673848186364974,0.0691080018877983
2022-07-28,0.0691080018877983,0.0705770030617713,0.065591000020504,0.0670310035347938,650983024,0.031139561682931305,0.06633685742105754,0.06651150000592068,0.0027582018769747867,0.0670209974050521,0.0625120028853416,0.0623060017824173,54.14868246601825,-0.00024087047371329495,-0.000502081949651857,0.0689089968800544
2022-07-29,0.0689089968800544,0.072003997862339,0.0675489977002143,0.0691040009260177,696887711,-0.0028796232318651915,0.06652914306947158,0.06649286660055315,0.00290114148407288,0.0691080018877983,0.0670209974050521,0.0625120028853416,53.761782977296726,-3.103156297556975e-05,-0.0004078718723165995,0.069643996655941
2022-07-30,0.069643996655941,0.0739099979400634,0.0681859999895095,0.0689050033688545,760571682,0.01066623821510504,0.06674628491912567,0.06661146643261111,0.003091073432515306,0.0689089968800544,0.0691080018877983,0.0670209974050521,55.03954176283449,0.00019235823881817715,-0.0002878258500896442,0.0682720020413398
2022-07-31,0.0682720020413398,0.0720280036330223,0.0680539980530738,0.069641999900341,521194035,-0.019700113153746646,0.0668245713625635,0.066681366538008,0.0031266968824200853,0.069643996655941,0.0689089968800544,0.0691080018877983,52.142912172660694,0.00025573975827450357,-0.00017911272841681465,0.0687249973416328
2022-08-01,0.0687249973416328,0.0707210004329681,0.0671869963407516,0.0682659968733787,444088167,0.006635154774261576,0.06774157072816571,0.06674893312156197,0.002448310075777116,0.0682720020413398,0.069643996655941,0.0689089968800544,53.02201268411402,0.00033861960792007373,-7.556626114943698e-05,0.0666939988732338
2022-08-02,0.0666939988732338,0.0688960030674934,0.0658089965581893,0.0687080025672912,336642237,-0.02955254342612612,0.06833899872643603,0.06673276635507738,0.001096655433552156,0.0687249973416328,0.0682720020413398,0.069643996655941,48.702414585235104,0.00023767807830663013,-1.2917393258223557e-05,0.0661950036883354
2022-08-03,0.0661950036883354,0.0683199986815452,0.0655160024762153,0.0666920021176338,286819387,-0.007481860337192225,0.06822099962404793,0.06662353314459318,0.0012895761295037974,0.0666939988732338,0.0687249973416328,0.0682720020413398,47.674760172462236,0.00011607836852292608,1.288175909800637e-05,0.0673570036888122
2022-08-04,0.0673570036888122,0.0675019994378089,0.0660070031881332,0.0661970004439354,256457805,0.01755419496534527,0.06797085702419277,0.06663026648263132,0.0012582895984288018,0.0661950036883354,0.0666939988732338,0.0687249973416328,50.3044731752058,0.00011218026695238026,3.274146066888115e-05,0.0697650015354156
2022-08-05,0.0697650015354156,0.0701169967651367,0.0672560036182403,0.0673329979181289,336216727,0.03574977678235647,0.0680931434035301,0.06666966664294398,0.0013984471572116442,0.0673570036888122,0.0661950036883354,0.0666939988732338,55.316142766024065,0.0002999387874799836,8.618092603110165e-05,0.0686739981174469
2022-08-06,0.0686739981174469,0.0709989964962005,0.0685859993100166,0.0697659999132156,277979112,-0.015638262652583168,0.06795457218374522,0.06660476662218566,0.001260407289766338,0.0697650015354156,0.0673570036888122,0.0661950036883354,52.72189845617964,0.0003565933239245561,0.00014026340560979256,0.0689399987459182
2022-08-07,0.0689399987459182,0.0698990002274513,0.0677469968795776,0.0686689987778663,204862521,0.003873382004297987,0.06805000028439927,0.06659419996043042,0.0013126510931926747,0.0686739981174469,0.0697650015354156,0.0673570036888122,53.29700060718173,0.0004181364630235912,0.0001958380170925523,0.0700550004839897
2022-08-08,0.0700550004839897,0.0720579996705055,0.0689229965209961,0.0689459964632988,399183407,0.016173509694725974,0.0682400007333074,0.06661229990422722,0.0015083114694776452,0.0689399987459182,0.0686739981174469,0.0697650015354156,55.72803618491968,0.0005505349418444966,0.0002667774020429412,0.0691249966621398
2022-08-09,0.0691249966621398,0.0738859996199607,0.068461999297142,0.0700609982013702,611327142,-0.013275338168935558,0.06858728613172253,0.06667436646918451,0.0013661909908440307,0.0700550004839897,0.0689399987459182,0.0686739981174469,53.2387859471933,0.0005738037022335885,0.0003281826620810707,0.0711949989199638
2022-08-10,0.0711949989199638,0.0713090002536773,0.0673889964818954,0.0691189989447593,431172729,0.029945784560995836,0.06930157116481231,0.06698596638937787,0.0012044774716537946,0.0691249966621398,0.0700550004839897,0.0689399987459182,57.76126430910467,0.0007506235242197429,0.0004126708345088051,0.0709299966692924
2022-08-11,0.0709299966692924,0.0746460035443306,0.0707269981503486,0.0712049975991249,563908591,-0.0037222031700472336,0.06981199873345234,0.0673473996420701,0.000979053004477649,0.0711949989199638,0.0691249966621398,0.0700550004839897,57.00122106112481,0.0008594636778679332,0.0005020294031806308,0.0723450034856796
2022-08-12,0.0723450034856796,0.0724800005555152,0.0700270012021064,0.070931002497673,320410367,0.019949342772206835,0.0701805704406329,0.06769379973411556,0.0013671294335398597,0.0709299966692924,0.0711949989199638,0.0691249966621398,60.025865552622584,0.0010478208812885054,0.0006111876988022058,0.0728399977087974
2022-08-13,0.0728399977087974,0.0748599991202354,0.0719510018825531,0.072343997657299,446287445,0.006842134207869499,0.07077571323939727,0.06804199963808055,0.0015020922020927666,0.0723450034856796,0.0709299966692924,0.0711949989199638,61.0578297872429,0.00122293992876088,0.0007335381447939407,0.0816870033740997
2022-08-14,0.0816870033740997,0.0840130001306533,0.0727540031075477,0.0728560015559196,1530403447,0.1214580717131708,0.07259671390056606,0.06866349975268042,0.004203407085285681,0.0728399977087974,0.0723450034856796,0.0709299966692924,73.9847374893825,0.002051948865992581,0.0009972202890336688,0.0767199993133544
2022-08-15,0.0767199993133544,0.0818200036883354,0.0751509964466095,0.0816980004310607,855017472,-0.06080531609169282,0.07354885659047529,0.06907816628615057,0.004285769715727038,0.0816870033740997,0.0728399977087974,0.0723450034856796,61.61776649066429,0.0022818450157757048,0.0012541452343820762,0.0869639962911605
2022-08-16,0.0869639962911605,0.088638998568058,0.076393999159336,0.0766950026154518,1947377918,0.13352446649491778,0.07609728510890683,0.06987339953581488,0.006125642190360515,0.0767199993133544,0.0816870033740997,0.0728399977087974,72.00956056082657,0.003253144094139876,0.0016539450063336363,0.080154001712799
2022-08-17,0.080154001712799,0.0881130024790763,0.079926997423172,0.0869330018758773,996272861,-0.07830820648537407,0.07737714265074043,0.07028803303837772,0.005860876582620094,0.0869639962911605,0.0767199993133544,0.0816870033740997,60.31807338043855,0.0034338131026283997,0.0020099186255925893,0.0750790014863014
2022-08-18,0.0750790014863014,0.0820870026946067,0.0749889984726905,0.0801739990711212,621394159,-0.0633156189092332,0.07796985762459885,0.07049023310343419,0.005281348156865588,0.080154001712799,0.0869639962911605,0.0767199993133544,53.36452857297421,0.003131387799442914,0.0022342124603626544,0.0679389983415603
2022-08-19,0.0679389983415603,0.0751829966902732,0.0675359964370727,0.075044997036457,965543533,-0.09509986818409988,0.0773404283182961,0.07041753306984896,0.00623914677973863,0.0750790014863014,0.080154001712799,0.0869639962911605,45.42957343554871,0.0022891866666037847,0.0022452073016108807,0.0695400014519691
2022-08-20,0.0695400014519691,0.0709609985351562,0.0678969994187355,0.0678969994187355,537299425,0.02356530342646268,0.07686900028160634,0.07040353318055466,0.006740410325100132,0.0679389983415603,0.0750790014863014,0.080154001712799,47.32107690684577,0.0017309702247071262,0.00214235988623013,0.0694480016827583
2022-08-21,0.0694480016827583,0.0706460028886795,0.0678469985723495,0.0695289969444274,421455865,-0.0013229762336767203,0.07512057146855756,0.07046636665860807,0.006868500944032206,0.0695400014519691,0.0679389983415603,0.0750790014863014,47.21979005064914,0.0012665559912076463,0.001967199107225633,0.0683910027146339
2022-08-22,0.0683910027146339,0.0694890022277832,0.0656059980392456,0.0694409981369972,453413439,-0.015220005507902479,0.0739307148115975,0.07047526662548378,0.007255761451464079,0.0694480016827583,0.0695400014519691,0.0679389983415603,46.00152110690973,0.000803945993245625,0.0017345484844296316,0.0687699988484382
2022-08-23,0.0687699988484382,0.0691689997911453,0.0672129988670349,0.0683950036764144,335476543,0.005541608088211358,0.07133157231978003,0.0705101333558559,0.004570817153799257,0.0683910027146339,0.0694480016827583,0.0695400014519691,46.53416915666377,0.0004625737947669545,0.0014801535464970964,0.0679899975657463
2022-08-24,0.0679899975657463,0.0694150030612945,0.0672980025410652,0.0687709972262382,345474347,-0.01134217385128855,0.06959385744162964,0.07069959988196686,0.0025015830713956966,0.0687699988484382,0.0683910027146339,0.0694480016827583,45.538572457956576,0.00012762312332513515,0.0012096474618627042,0.0690940022468566
2022-08-25,0.0690940022468566,0.0715790018439292,0.0679569989442825,0.0679910033941268,469798193,0.016237751443405113,0.06873885755028039,0.07091899986068403,0.0006574424568040335,0.0679899975657463,0.0687699988484382,0.0683910027146339,47.25855404319928,-4.818826148600408e-05,0.0009580803171929626,0.063571996986866
2022-08-26,0.063571996986866,0.0692960023880004,0.0632539987564086,0.069081999361515,620512451,-0.079920182366362,0.0681150002138955,0.07080403318007783,0.0020786883283661003,0.0690940022468566,0.0679899975657463,0.0687699988484382,40.38791957744758,-0.0006258849140696465,0.0006412872709404408,0.0635870024561882
2022-08-27,0.0635870024561882,0.0640650019049644,0.0626069977879524,0.063570998609066,380887727,0.00023603897995072565,0.06726457178592679,0.07061999986569083,0.002560442884428381,0.063571996986866,0.0690940022468566,0.0679899975657463,40.413271062802785,-0.0010701666424548228,0.0002989964882613881,0.0617859996855258
2022-08-28,0.0617859996855258,0.0642680004239082,0.0617859996855258,0.0635579973459243,295086067,-0.028323441915717118,0.06617000007203643,0.0703825666258732,0.003060391643605119,0.0635870024561882,0.063571996986866,0.0690940022468566,38.307540127304115,-0.0015497247231233552,-7.074775401556059e-05,0.0638870000839233
2022-08-29,0.0638870000839233,0.0639820024371147,0.0612460002303123,0.0617530010640621,315005254,0.034004473652462286,0.06552657112479206,0.07019066674013927,0.0029882328281031953,0.0617859996855258,0.0635870024561882,0.063571996986866,42.097811371790925,-0.0017401850141097464,-0.0004046352060343978,0.061524998396635
2022-08-30,0.061524998396635,0.0644079968333244,0.0605500005185604,0.0638990029692649,328934727,-0.03697155421581111,0.06449157106024875,0.06996576661864912,0.0029317627682192526,0.0638870000839233,0.0617859996855258,0.0635870024561882,39.18322372798945,-0.0020579966585795167,-0.0007353074965434215,0.0613300018012523
2022-08-31,0.0613300018012523,0.0633329972624778,0.0610579997301101,0.0615339986979961,309748693,-0.003169388061184608,0.06354014309389246,0.0697192667673031,0.002676796079694472,0.061524998396635,0.0638870000839233,0.0617859996855258,38.94351477470029,-0.002299096716316229,-0.001048065340497983,0.0623719990253448
2022-09-01,0.0623719990253448,0.0624790005385875,0.0601940006017684,0.0613359995186328,328765413,0.016990008046456895,0.06257985691939077,0.06957520010570681,0.0010844035095348536,0.0613300018012523,0.061524998396635,0.0638870000839233,41.019927170018775,-0.0023786699548852958,-0.0013141862633754458,0.061634998768568
2022-09-02,0.061634998768568,0.0627119988203048,0.0609470009803772,0.0623719990253448,273453013,-0.011816203878239118,0.062303142888205335,0.06942319994171456,0.0010350528372383104,0.0623719990253448,0.0613300018012523,0.061524998396635,39.984175323310374,-0.0024726983536793173,-0.00154588868143622,0.0626939982175827
2022-09-03,0.0626939982175827,0.0636010020971298,0.0613440014421939,0.0616290010511875,297123402,0.01718178746122989,0.062175570854118845,0.0692677664260069,0.0008961544125023741,0.061634998768568,0.0623719990253448,0.0613300018012523,42.24097726195492,-0.002433709839950629,-0.001723452913139102,0.0632259994745254
2022-09-04,0.0632259994745254,0.0637139976024627,0.0620659999549388,0.0626970008015632,250044436,0.008485680799880546,0.06238128510969021,0.0690497996906439,0.0009551581450941988,0.0626939982175827,0.061634998768568,0.0623719990253448,43.392579865909475,-0.0023329898518321263,-0.001845360300877707,0.0627380013465881
2022-09-05,0.0627380013465881,0.0636399984359741,0.0612969994544982,0.063230000436306,231918999,-0.007718314174439023,0.06221714243292804,0.06885193313161528,0.0007240432370299147,0.0632259994745254,0.0626939982175827,0.061634998768568,42.55443741822853,-0.002266420026881502,-0.0019295722460784663,0.0589830018579959
2022-09-06,0.0589830018579959,0.064641997218132,0.0586519986391067,0.0627499967813491,471485708,-0.059852073830790053,0.061854000070265314,0.06852003323535119,0.0014261210161983667,0.0627380013465881,0.0632259994745254,0.0626939982175827,36.68300951282574,-0.002487980151416075,-0.0020412538271459882,0.0611039996147155
2022-09-07,0.0611039996147155,0.0614500008523464,0.0579439997673034,0.0589639991521835,324781387,0.03595947459279869,0.0618217140436172,0.06822166653970871,0.0014424260062960545,0.0589830018579959,0.0627380013465881,0.0632259994745254,41.58568531257824,-0.00246401769116876,-0.0021258065999505424,0.0609770007431507
2022-09-08,0.0609770007431507,0.0612929984927177,0.0599230006337165,0.0610890015959739,268099702,-0.002078405216771051,0.061622428574732324,0.06795006667574242,0.0014500736081284478,0.0611039996147155,0.0589830018579959,0.0627380013465881,41.379081612522015,-0.0024272946742773943,-0.002186104214815913,0.064018003642559
2022-09-09,0.064018003642559,0.0646219998598098,0.0609339997172355,0.0609739981591701,487988732,0.0498713098766157,0.061962857842445325,0.06771083349982893,0.0017099540980951983,0.0609770007431507,0.0611039996147155,0.0589830018579959,48.03634280810661,-0.002128274476198566,-0.002174538267092444,0.0647760033607482
2022-09-10,0.0647760033607482,0.0652410015463829,0.0634040012955665,0.0640090033411979,413101249,0.011840414806145061,0.06226028714861182,0.06750570038954411,0.0020126114966787546,0.064018003642559,0.0609770007431507,0.0611039996147155,49.57357012623488,-0.0018092783380624644,-0.002101486281286448,0.0637139976024627
2022-09-11,0.0637139976024627,0.0651869997382164,0.06300999969244,0.0647709965705871,327741964,-0.01639504914143919,0.06233000116688858,0.06721800019343688,0.0020595421698436224,0.0647760033607482,0.064018003642559,0.0609770007431507,47.45537340974512,-0.001623452440319778,-0.0020058795130931143,0.0639050006866455
2022-09-12,0.0639050006866455,0.0651940032839775,0.0628779977560043,0.0637150034308433,383630739,0.002997819809934743,0.06249671535832535,0.06692016695936516,0.002143590744731851,0.0637139976024627,0.0647760033607482,0.064018003642559,47.886657280811896,-0.001444124753716844,-0.0018935285612178604,0.0601290017366409
2022-09-13,0.0601290017366409,0.0639809966087341,0.0595239996910095,0.0639029964804649,461644993,-0.0590876912515812,0.06266042962670322,0.0662015669047832,0.0018548205836692996,0.0639050006866455,0.0637139976024627,0.0647760033607482,40.76336027773587,-0.0015883878812651409,-0.0018325004252273164,0.0611729994416236
2022-09-14,0.0611729994416236,0.0614250004291534,0.0595420002937316,0.0597169995307922,369554274,0.017362631589250332,0.06267028674483295,0.0656833335757255,0.0018453297094487434,0.0601290017366409,0.0639050006866455,0.0637139976024627,43.27575358400075,-0.0016000313935477656,-0.0017860066188914064,0.0587910003960132
2022-09-15,0.0587910003960132,0.0612110011279583,0.0587849989533424,0.0611680001020431,327176374,-0.03893873224057787,0.06235800098095616,0.06474423371255393,0.0023068896348348053,0.0611729994416236,0.0601290017366409,0.0639050006866455,39.19147340557682,-0.0017809368453444094,-0.0017849926641820071,0.0604230016469955
2022-09-16,0.0604230016469955,0.0604230016469955,0.0584530010819435,0.0587919987738132,247011315,0.02775937201253975,0.06184442926730423,0.06408653371036048,0.0022756962661386374,0.0587910003960132,0.0611729994416236,0.0601290017366409,43.15026738757616,-0.0017721881753592073,-0.0017824317664174472,0.0622100010514259
2022-09-17,0.0622100010514259,0.062314998358488,0.0603299997746944,0.0604300014674663,209604119,0.029574820113546174,0.06147785750882961,0.06365756702919796,0.001900511030377479,0.0604230016469955,0.0587910003960132,0.0611729994416236,47.203418782066386,-0.0016025852686030323,-0.0017464624668545644,0.0575199984014034
2022-09-18,0.0575199984014034,0.0622100010514259,0.0572380013763904,0.0622100010514259,265405124,-0.07538985003625875,0.06059300048010686,0.06331026703119273,0.0021156234513116517,0.0622100010514259,0.0604230016469955,0.0587910003960132,39.286728892551494,-0.0018255736838972553,-0.0017622847102631025,0.0586120001971721
2022-09-19,0.0586120001971721,0.0587439984083175,0.0561800003051757,0.0575190000236034,301268389,0.01898473272109924,0.05983685755303923,0.06294600032269951,0.0016231619038280137,0.0575199984014034,0.0622100010514259,0.0604230016469955,41.73691245683611,-0.001892364194406651,-0.0017883006070918122,0.0584169998764991
2022-09-20,0.0584169998764991,0.0602619983255863,0.0577379986643791,0.0586120001971721,294929293,-0.003326969221610243,0.05959228585873325,0.06257830026249087,0.0016990128407528575,0.0586120001971721,0.0575199984014034,0.0622100010514259,41.41549129701467,-0.0019386831191681927,-0.0018183771095070882,0.0574040003120899
2022-09-21,0.0574040003120899,0.060478001832962,0.056377999484539,0.05842300131917,406017754,-0.017340835143037303,0.059053857411657015,0.06221206684907273,0.00171174714119934,0.0584169998764991,0.0586120001971721,0.0575199984014034,39.7048599339589,-0.002033688702177329,-0.0018614394280411365,0.0595990009605884
2022-09-22,0.0595990009605884,0.0598380006849765,0.0569449998438358,0.0573859997093677,241738855,0.03823776455586514,0.05916928606373918,0.06190636691947773,0.00171829813646346,0.0574040003120899,0.0584169998764991,0.0586120001971721,45.00544025569475,-0.0019098475693022435,-0.001871121056293358,0.0633359998464584
2022-09-23,0.0633359998464584,0.0640320032835006,0.0595650002360343,0.0595929995179176,704823247,0.06270237463109818,0.059585428663662454,0.061751233662168135,0.002319941423604993,0.0595990009605884,0.0574040003120899,0.0584169998764991,52.63911905654987,-0.0014929482228001958,-0.0017954864895947257,0.0632340013980865
2022-09-24,0.0632340013980865,0.0679730027914047,0.0630289986729621,0.0633329972624778,969527521,-0.0016104340125545624,0.05973171442747111,0.06155590030054247,0.002535306535071952,0.0633359998464584,0.0595990009605884,0.0574040003120899,52.42521959506958,-0.001157440654068434,-0.0016678773224894675,0.0611519999802112
2022-09-25,0.0611519999802112,0.063679002225399,0.0604569986462593,0.0632229968905448,367453955,-0.032925346678097545,0.06025057179587223,0.061475233733653975,0.0023737350263112523,0.0632340013980865,0.0633359998464584,0.0595990009605884,48.126332991316914,-0.0010474739751026307,-0.0015437966530121002,0.0610890015959739
2022-09-26,0.0610890015959739,0.0617970004677772,0.0600510016083717,0.0611670017242431,323710024,-0.0010301933584786482,0.060604429138558194,0.0613919670383135,0.002271168948788438,0.0611519999802112,0.0632340013980865,0.0633359998464584,47.998078478297025,-0.0009544062319192595,-0.001425918568793532,0.0606090016663074
2022-09-27,0.0606090016663074,0.0629310011863708,0.0599270015954971,0.0610839985311031,337427597,-0.00785738704392469,0.060917572251387955,0.06135273377100622,0.0020606638991416564,0.0610890015959739,0.0611519999802112,0.0632340013980865,46.9709710523826,-0.000908904077296914,-0.0013225156704942086,0.060623001307249
2022-09-28,0.060623001307249,0.061039000749588,0.0587540008127689,0.0605969987809658,277399298,0.00023098286651679345,0.061377429536410684,0.06124393381178374,0.0013987683535730227,0.0606090016663074,0.0610890015959739,0.0611519999802112,47.00658944323574,-0.0008617795793576105,-0.001230368452266889,0.0607279986143112
2022-09-29,0.0607279986143112,0.0610359981656074,0.0594229996204376,0.060623999685049,229157795,0.001731971443149849,0.061538714915513944,0.06121736715237295,0.0012121729078006357,0.060623001307249,0.0606090016663074,0.0610890015959739,47.29253195099108,-0.0008066619729516777,-0.0011456271564038469,0.0616529993712902
2022-09-30,0.0616529993712902,0.0620400011539459,0.0599579997360706,0.0607380010187625,369084722,0.015231866323370369,0.061298286276204206,0.06122813373804088,0.0009304448085068579,0.0607279986143112,0.060623001307249,0.0606090016663074,49.85935189502649,-0.0006804966998780193,-0.0010526010650986815,0.0606269985437393
2022-10-01,0.0606269985437393,0.0628060027956962,0.0604000017046928,0.0616500005125999,347895211,-0.016641539552229467,0.06092585729701174,0.0611699670553207,0.00039308099778987153,0.0616529993712902,0.0607279986143112,0.060623001307249,47.11838402538841,-0.0006557405354240611,-0.0009732289591637575,0.0592879988253116
2022-10-02,0.0592879988253116,0.0609080009162426,0.059128001332283,0.0606280006468296,198168354,-0.022085865218309908,0.06065957141774037,0.061091733723878806,0.0007143946969988136,0.0606269985437393,0.0616529993712902,0.0607279986143112,43.73895610795235,-0.0007356866458213263,-0.0009257204964952713,0.0603840015828609
2022-10-03,0.0603840015828609,0.0604670010507106,0.059078000485897,0.0592870004475116,195766522,0.01848608115073347,0.0605588571301528,0.06101473383605475,0.0006931430324312346,0.0592879988253116,0.0606269985437393,0.0616529993712902,47.08438999363391,-0.0007025081744953532,-0.0008810780320952877,0.0659620016813278
2022-10-04,0.0659620016813278,0.0662520006299018,0.0600409992039203,0.0603809989988803,826424315,0.09237546290821075,0.06132357141801286,0.06110593390961483,0.002159499346007258,0.0603840015828609,0.0592879988253116,0.0606269985437393,60.09106656598054,-0.00022353918569279624,-0.0007495702628147894,0.0647350028157234
2022-10-05,0.0647350028157234,0.0664649978280067,0.0629969984292984,0.0659380033612251,606625264,-0.01860160144217904,0.061911000204937776,0.06117250062525268,0.0024736000146773044,0.0659620016813278,0.0603840015828609,0.0592879988253116,56.78460506231787,5.6388621790255666e-05,-0.0005883784858937805,0.0634440034627914
2022-10-06,0.0634440034627914,0.0666180029511451,0.0632229968905448,0.0647400021553039,387962671,-0.019942833038982033,0.0622990008975778,0.061321200678745864,0.0024701206670394073,0.0647350028157234,0.0659620016813278,0.0603840015828609,53.45199844671169,0.00017207697133037742,-0.0004362873944489489,0.0624089986085891
2022-10-07,0.0624089986085891,0.0637170001864433,0.0615699999034404,0.0634490028023719,299717356,-0.016313675015942275,0.0624070007886205,0.061364700645208305,0.002453640504353232,0.0634440034627914,0.0647350028157234,0.0659620016813278,50.87418235563041,0.00017819051070515346,-0.0003133918134181284,0.0616779997944831
2022-10-08,0.0616779997944831,0.0625760033726692,0.0613810010254383,0.06241400167346,169254316,-0.011713035466097033,0.06255714382444104,0.06138806728025272,0.002356810849674139,0.0624089986085891,0.0634440034627914,0.0647350028157234,49.07407232886957,0.0001226363639538,-0.00022618617794374274,0.0621559992432594
2022-10-09,0.0621559992432594,0.0623419992625713,0.0612920001149177,0.0616719983518123,158280272,0.007749918129139166,0.06296685816986217,0.06132600046694274,0.001898503415966677,0.0616779997944831,0.0624089986085891,0.0634440034627914,50.31214813479908,0.00011584448006007192,-0.0001577800463429798,0.0595129989087581
2022-10-10,0.0595129989087581,0.0624690018594265,0.0595129989087581,0.0621509999036788,254559947,-0.04252204721474129,0.0628424292164189,0.06115056698520974,0.002112483097286861,0.0621559992432594,0.0616779997944831,0.0624089986085891,43.949770981034256,-0.00010163459503124972,-0.00014655095608063378,0.060258001089096
2022-10-11,0.060258001089096,0.0606530010700225,0.0578869991004467,0.0595079995691776,295967661,0.012518310184302717,0.06202757198895721,0.06103536710143084,0.0017830264202280813,0.0595129989087581,0.0621559992432594,0.0616779997944831,46.02186489246003,-0.00021143558141451663,-0.00015952788114741035,0.0598810017108917
2022-10-12,0.0598810017108917,0.0608659982681274,0.0595399998128414,0.060258999466896,199133108,-0.0062564202494349574,0.061334143259695544,0.06090123380223906,0.0014712113914718194,0.060258001089096,0.0595129989087581,0.0621559992432594,45.112995492379355,-0.0003251264974243745,-0.0001926476044028032,0.059673998504877
2022-10-13,0.059673998504877,0.0601590014994144,0.0557410009205341,0.0598709993064403,466439562,-0.003456909538923969,0.060795571122850625,0.06088606702784693,0.0012423719688980247,0.0598810017108917,0.060258001089096,0.0595129989087581,44.59225917739641,-0.00042700850791276,-0.0002395197851047946,0.0586429983377456
2022-10-14,0.0586429983377456,0.0609430000185966,0.0583150014281272,0.0596660003066062,242691429,-0.01727720938705224,0.0602575710841587,0.06080173365771766,0.0012426612374678572,0.059673998504877,0.0598810017108917,0.060258001089096,41.992380723083905,-0.000584209429657305,-0.0003084577140152967,0.0585799999535083
2022-10-15,0.0585799999535083,0.0595670007169246,0.0581459999084472,0.0586379989981651,182208164,-0.001074269495472735,0.05981499967830516,0.06079470030963416,0.001203521412283786,0.0586429983377456,0.059673998504877,0.0598810017108917,41.831887614094164,-0.000705740399799086,-0.00038791425117205456,0.0589139983057975
2022-10-16,0.0589139983057975,0.0594150014221668,0.0585829988121986,0.0585829988121986,162246280,0.0057015765202164115,0.05935185668723917,0.0607444001982609,0.0006481765754640848,0.0585799999535083,0.0586429983377456,0.059673998504877,43.074098711902074,-0.0007662706030062,-0.00046358552153888367,0.0599349997937679
2022-10-17,0.0599349997937679,0.0600569993257522,0.0586250014603138,0.0589129999279975,174261450,0.01733037168298801,0.059412142527954855,0.06066856682300563,0.0006842813294353154,0.0589139983057975,0.0585799999535083,0.0586429983377456,46.81331100988875,-0.0007235147107177639,-0.0005155713593746597,0.0597760006785392
2022-10-18,0.0597760006785392,0.0607730001211166,0.0587520003318786,0.0599349997937679,239236218,-0.002652859193723267,0.05934328532644674,0.06074376689891015,0.0006045897335902813,0.0599349997937679,0.0589139983057975,0.0585799999535083,46.303235394701574,-0.0006944550127240684,-0.0005513480900445415,0.058713000267744
2022-10-19,0.058713000267744,0.0606799982488155,0.058628000319004,0.0597789995372295,287297160,-0.017783063415563016,0.05917642797742564,0.06074713356792922,0.0005925092399340171,0.0597760006785392,0.0599349997937679,0.0589139983057975,42.93501694956553,-0.000748571179399575,-0.0005907927079155482,0.0595359988510608
2022-10-20,0.0595359988510608,0.0602370016276836,0.0584490001201629,0.0587109997868537,241388629,0.014017314386315594,0.05915671374116619,0.06078443353374794,0.0005752387072689246,0.058713000267744,0.0597760006785392,0.0599349997937679,46.19816188558603,-0.0007167868511525552,-0.0006159915365629495,0.059333998709917
2022-10-21,0.059333998709917,0.0595260001718997,0.0574179999530315,0.0595260001718997,224787600,-0.0033929075692361588,0.059255428080047814,0.06084876681367551,0.0005298918477026408,0.0595359988510608,0.058713000267744,0.0597760006785392,45.5102806641803,-0.000699830059926021,-0.0006327592412355639,0.0596939995884895
2022-10-22,0.0596939995884895,0.0598459988832473,0.0591839998960495,0.0593370012938976,159431212,0.006067362497048867,0.05941457088504513,0.06085193343460555,0.0004552598175382798,0.059333998709917,0.0595359988510608,0.058713000267744,47.02420039471805,-0.0006498515344928874,-0.0006361776998870286,0.0603469982743263
2022-10-23,0.0603469982743263,0.0603789985179901,0.0589269995689392,0.0596829988062381,182523575,0.010939100920333011,0.05961928516626353,0.06075230004886781,0.0005113807093601465,0.0596939995884895,0.059333998709917,0.0595359988510608,49.75133298546238,-0.0005511977913717561,-0.0006191817181839741,0.0595059990882873
2022-10-24,0.0595059990882873,0.0608140006661415,0.0588579997420311,0.0603410005569458,226574582,-0.013936056640563521,0.05955799935119487,0.060628033305207836,0.0004925998597537659,0.0603469982743263,0.0596939995884895,0.059333998709917,46.43582662435111,-0.0005347117705321452,-0.0006022877286536083,0.0628819987177848
2022-10-25,0.0628819987177848,0.0640489980578422,0.0592270009219646,0.0595020018517971,475512798,0.056733769388337185,0.06000171335680138,0.06068569992979363,0.0013588720880411756,0.0595059990882873,0.0603469982743263,0.0596939995884895,58.41599574703204,-0.0002463912792530776,-0.0005311084387735022,0.0728000029921531
2022-10-26,0.0728000029921531,0.0732740014791488,0.0627600029110908,0.0628560036420822,1357027720,0.15772406215776358,0.062014142317431256,0.061076066642999596,0.004913680630364565,0.0628819987177848,0.0595059990882873,0.0603469982743263,75.64785984219021,0.0007734885495248936,-0.00027018904111382306,0.0770180001854896
2022-10-27,0.0770180001854896,0.0848250016570091,0.0720330029726028,0.0727989971637725,2652784687,0.057939519505118,0.06451157107949251,0.061623033260305674,0.007305021639909896,0.0728000029921531,0.0628819987177848,0.0595059990882873,79.5323995362035,0.0019002034216880348,0.0001638894514465485,0.0838970020413398
2022-10-28,0.0838970020413398,0.0879010036587715,0.0729300007224083,0.0770279988646507,3172500998,0.08931680697087518,0.06802057155541005,0.062398833284775364,0.009857113628506643,0.0770180001854896,0.0728000029921531,0.0628819987177848,84.0116866742888,0.0033100547838587485,0.0007931225179289885,0.1216029971837997
2022-10-29,0.1216029971837997,0.1493919938802719,0.0833870023488998,0.0839330032467842,12157642295,0.44943197283593594,0.0768647140690258,0.0644279999037583,0.021745454208505863,0.0838970020413398,0.0770180001854896,0.0728000029921531,93.02383544749117,0.007384803414771532,0.002111458697297497,0.1178020015358924
2022-10-30,0.1178020015358924,0.1416569948196411,0.1128920018672943,0.1216439977288246,7908593943,-0.03125741746449062,0.08507257167782097,0.06629963330924506,0.02506203222935703,0.1216029971837997,0.0838970020413398,0.0770180001854896,87.65972799379794,0.010189899658932577,0.0037271468896245136,0.1270260065793991
2022-10-31,0.1270260065793991,0.1302450001239776,0.1150759980082511,0.1177520006895065,5814247122,0.07830091953655227,0.09471828703369409,0.06851293357710038,0.026532354619003645,0.1178020015358924,0.1216029971837997,0.0838970020413398,89.27584613839993,0.01300731849006291,0.005583181209712193,0.1425749957561493
2022-11-01,0.1425749957561493,0.1572030037641525,0.1251769959926605,0.1269849985837936,7877293443,0.12240791941318796,0.10610300089631756,0.07128916680812832,0.02766835857571771,0.1270260065793991,0.1178020015358924,0.1216029971837997,91.33574888790801,0.016306841571400776,0.007727913282049911,0.1278299987316131
2022-11-02,0.1278299987316131,0.1473910063505172,0.1240670010447502,0.1425240039825439,4675647398,-0.1034192352336103,0.11396442885909756,0.07353736671308671,0.024233540172934106,0.1425749957561493,0.1270260065793991,0.1178020015358924,76.35745529738841,0.01752986597138738,0.009688303819917404,0.1225920021533966
2022-11-03,0.1225920021533966,0.1359899938106537,0.1214110031723976,0.1278010010719299,2570574344,-0.040976270282330085,0.12047500056879858,0.07542503339548899,0.017964179344757494,0.1278299987316131,0.1425749957561493,0.1270260065793991,71.84978422616857,0.01787045953811303,0.01132473496355653,0.1262799948453903
2022-11-04,0.1262799948453903,0.128599002957344,0.1164449974894523,0.1225550025701522,2957002544,0.030083468963815196,0.12652971382652006,0.07747653312981123,0.007909925737405009,0.1225920021533966,0.1278299987316131,0.1425749957561493,73.05586007520773,0.01822785323632649,0.012705358618110521,0.124388001859188
2022-11-05,0.124388001859188,0.1351449936628341,0.1233920007944107,0.1262789964675903,1907421740,-0.014982523467147235,0.12692757163728982,0.07950799974302444,0.007687738163658151,0.1262799948453903,0.1225920021533966,0.1278299987316131,71.36657896592807,0.018149209505414043,0.013794128795571226,0.114606000483036
2022-11-06,0.114606000483036,0.1267019957304,0.1136339977383613,0.1243819966912269,1316810628,-0.07864103635353514,0.12647100005831033,0.08124789980550601,0.00838345385491061,0.124388001859188,0.1262799948453903,0.1225920021533966,63.2263294305493,0.017100434854260674,0.014455390007309117,0.1112990006804466
2022-11-07,0.1112990006804466,0.1185770034790039,0.108814001083374,0.1146259978413581,1337977256,-0.02885538094559814,0.12422428492988856,0.08290193316837145,0.010134439813740561,0.114606000483036,0.124388001859188,0.1262799948453903,60.705396607421775,0.015820062310224425,0.01472832446789218,0.0884099975228309
2022-11-08,0.0884099975228309,0.1122960001230239,0.080654002726078,0.1112779974937439,3545838435,-0.20565326748380164,0.11648642803941449,0.08377706644435719,0.013802383923765045,0.1112990006804466,0.114606000483036,0.124388001859188,46.79745319135362,0.01281073243197911,0.014344806060709567,0.0742880031466484
2022-11-09,0.0742880031466484,0.0910959988832473,0.0721089988946914,0.0884049981832504,2807794508,-0.15973300273575564,0.10883757152727669,0.0842695665856202,0.019939618174431146,0.0884099975228309,0.1112990006804466,0.114606000483036,40.61481376609117,0.009180463233179989,0.013311937495203652,0.0897890031337738
2022-11-10,0.0897890031337738,0.0932559967041015,0.0737349987030029,0.0742959976196289,2421832556,0.20866087834566804,0.10415142881018771,0.08525393332044279,0.020022796585772534,0.0742880031466484,0.0884099975228309,0.1112990006804466,48.636324340989276,0.007468161572316834,0.01214318231062629,0.0848850011825561
2022-11-11,0.0848850011825561,0.0918650031089782,0.081396996974945,0.0897789970040321,1305192050,-0.0546169550842589,0.09823785828692568,0.08608739996949827,0.018449046421213845,0.0897890031337738,0.0742880031466484,0.0884099975228309,46.496519883265236,0.005650304997784836,0.010844606848057999,0.0880390033125877
2022-11-12,0.0880390033125877,0.0939939990639686,0.0793000012636184,0.0849089995026588,1842469589,0.03715617701705054,0.09304514420883993,0.0870329001297553,0.014569606266545682,0.0848850011825561,0.0897890031337738,0.0742880031466484,48.07869649509079,0.004413268763179282,0.009558339231082257,0.0848930031061172
2022-11-13,0.0848930031061172,0.0911369994282722,0.0838100016117096,0.0880530029535293,949584216,-0.035734164269220825,0.08880043029785153,0.08790790028870102,0.011173661504867774,0.0880390033125877,0.0848850011825561,0.0897890031337738,46.598477067147655,0.0031428241895313652,0.008275236222772079,0.0858789980411529
2022-11-14,0.0858789980411529,0.0907739996910095,0.0801009982824325,0.084926001727581,1212678659,0.011614560670013985,0.08516900134938099,0.08881786689162248,0.005150120261824659,0.0848930031061172,0.0880390033125877,0.0848850011825561,47.14768656339957,0.0021903008381629757,0.007058249145850258,0.0869709998369216
2022-11-15,0.0869709998369216,0.088919997215271,0.0853599980473518,0.0858789980411529,640084422,0.012715586123226652,0.08496343025139395,0.0897531002759933,0.005026426137360244,0.0858789980411529,0.0848930031061172,0.0880390033125877,47.78813905545429,0.001506172420221566,0.00594783380072452,0.0855830013751983
2022-11-16,0.0855830013751983,0.090658999979496,0.0839859992265701,0.0869639962911605,712826081,-0.01595932511211695,0.08657700142690108,0.09060803366204098,0.0018158376958379858,0.0869709998369216,0.0858789980411529,0.0848930031061172,47.00840103219592,0.000842286489899563,0.004926724338559529,0.0847650021314621
2022-11-17,0.0847650021314621,0.0869539976119995,0.0831779986619949,0.0855939984321594,461654197,-0.009557963971724592,0.08585928699799941,0.09144100037713841,0.0012345166191198062,0.0855830013751983,0.0869709998369216,0.0858789980411529,46.52658815706688,0.00024729573313955755,0.003990838617475534,0.0846719965338707
2022-11-18,0.0846719965338707,0.0865039974451065,0.083805002272129,0.0847639963030815,337485766,-0.0010972169557331712,0.08582885776247294,0.09230630025267597,0.0012647879878140151,0.0847650021314621,0.0855830013751983,0.0869709998369216,46.46827046889898,-0.00022910255111720235,0.003146850383756987,0.0845810025930404
2022-11-19,0.0845810025930404,0.0849049985408783,0.0833870023488998,0.0846719965338707,246661551,-0.0010746639332391839,0.08533485765968045,0.09314113371074195,0.0008719975520784698,0.0846719965338707,0.0847650021314621,0.0855830013751983,46.40698316741861,-0.0006069969907450817,0.002396080908856574,0.077174000442028
2022-11-20,0.077174000442028,0.0856819972395896,0.0770429968833923,0.0845820009708404,499031478,-0.08757288189939083,0.084232142993382,0.09373580043514565,0.003226318232353503,0.0845810025930404,0.0846719965338707,0.0847650021314621,41.597524892862765,-0.0014870227547423287,0.0016194601761367934,0.0747110024094581
2022-11-21,0.0747110024094581,0.0771880000829696,0.072403997182846,0.077174998819828,660061266,-0.03191486794079135,0.08263671504599703,0.0942363671958446,0.0047006565169468734,0.077174000442028,0.0845810025930404,0.0846719965338707,40.10898402254491,-0.0023560339769424232,0.00082436134552095,0.0784879997372627
2022-11-22,0.0784879997372627,0.0789629966020584,0.0734070017933845,0.0747079998254776,556392479,0.05055476711588658,0.0814248578889029,0.09484106724460915,0.004485581712954895,0.0747110024094581,0.077174000442028,0.0845810025930404,43.45083271931854,-0.002708734902921714,0.0001177420958324172,0.081785999238491
2022-11-23,0.081785999238491,0.0831279978156089,0.077965997159481,0.0785000026226043,529744394,0.04201915595082428,0.08088242901223043,0.09558373391628261,0.00411305486711915,0.0784879997372627,0.0747110024094581,0.077174000442028,46.27005975652155,-0.002691110484113232,-0.0004440284201567127,0.0814810022711753
2022-11-24,0.0814810022711753,0.0836659967899322,0.0807589963078498,0.0817919969558715,360326829,-0.0037292075679887793,0.0804132861750466,0.09620370070139563,0.003769318527001293,0.081785999238491,0.0784879997372627,0.0747110024094581,46.04145644888344,-0.0026709644954410194,-0.0008894156352135741,0.0894749984145164
2022-11-25,0.0894749984145164,0.0909899994730949,0.0809369981288909,0.0814689993858337,1022484210,0.09810871148511935,0.08109942930085313,0.09675953388214106,0.004931683975664115,0.0814810022711753,0.081785999238491,0.0784879997372627,52.64532481924972,-0.0019870445613094784,-0.001108941420432755,0.0889879986643791
2022-11-26,0.0889879986643791,0.0947400033473968,0.0883909985423088,0.0894649997353553,902063657,-0.005442858438299503,0.08172900016818722,0.09715853383143738,0.00567542507497975,0.0894749984145164,0.0814810022711753,0.081785999238491,52.22597713297581,-0.0014674144555329172,-0.0011806360274527875,0.0987119972705841
2022-11-27,0.0987119972705841,0.1064329966902732,0.088978998363018,0.088978998363018,1965264746,0.10927314640347574,0.08480585685798096,0.09765236700574552,0.008110358984433363,0.0889879986643791,0.0894749984145164,0.0814810022711753,59.2122428452106,-0.0002678705869163245,-0.000998082939345495,0.0951220020651817
2022-11-28,0.0951220020651817,0.0993269979953765,0.091448999941349,0.0986760035157203,1375600313,-0.036368377752115544,0.08772171395165575,0.09676966716845826,0.007524058574580792,0.0987119972705841,0.0889879986643791,0.0894749984145164,55.95871389999626,0.0003886142577160384,-0.0007207434999331883,0.101852998137474
2022-11-29,0.101852998137474,0.104712001979351,0.0940190032124519,0.0951310023665428,1352427444,0.07076171575614998,0.09105957086597168,0.09623803372184431,0.007917401064390742,0.0951220020651817,0.0987119972705841,0.0889879986643791,60.35696674155459,0.0014354711388192137,-0.0002895005721827079,0.1068599969148635
2022-11-30,0.1068599969148635,0.1089420020580291,0.1003040000796318,0.1018270030617713,1388624554,0.049159071101975815,0.09464157053402487,0.09556583339969313,0.008659779817538254,0.101852998137474,0.0951220020651817,0.0987119972705841,63.29356938800425,0.0026387182143605553,0.0002961431851259448,0.1015840023756027
2022-12-01,0.1015840023756027,0.1073810011148452,0.1010710000991821,0.1068570017814636,891639200,-0.04937296174043737,0.09751342769180023,0.09419946695367491,0.006673512032164151,0.1068599969148635,0.101852998137474,0.0951220020651817,58.38566518809772,0.0031304852394805627,0.0008630115959968684,0.1021479964256286
2022-12-02,0.1021479964256286,0.1032600030303001,0.0976390019059181,0.1015940010547638,776013992,0.0055519967400041725,0.09932385597910195,0.0933434002101421,0.0057898460699039546,0.1015840023756027,0.1068599969148635,0.101852998137474,58.75385748248264,0.003525088727659484,0.0013954270223293917,0.0998239964246749
2022-12-03,0.0998239964246749,0.1028229966759681,0.098650999367237,0.1021500006318092,632114946,-0.02275130283779725,0.10087185565914424,0.09258446668585137,0.003600462425120093,0.1021479964256286,0.1015840023756027,0.1068599969148635,56.53418371721797,0.0036086887399439938,0.0018380793658523123,0.1042860001325607
2022-12-04,0.1042860001325607,0.1052640005946159,0.0998060032725334,0.0998110026121139,759219556,0.04469870840377266,0.10166814178228374,0.09185133352875705,0.0036590725406311993,0.0998239964246749,0.1021479964256286,0.1015840023756027,59.68348516172849,0.003989005982790894,0.0022682646892400286,0.1014740020036697
2022-12-05,0.1014740020036697,0.1110119968652725,0.1000630035996437,0.1042520031332969,1051327257,-0.02696429171045589,0.10257557034492489,0.0910875335335731,0.002300530012459141,0.1042860001325607,0.0998239964246749,0.1021479964256286,56.886160964364066,0.00401719763590426,0.002618051278572875,0.1002779975533485
2022-12-06,0.1002779975533485,0.1026270017027854,0.0985080003738403,0.1014799997210502,534648134,-0.011786313998712106,0.10235057026147835,0.09060993343591686,0.0024548246680128343,0.1014740020036697,0.1042860001325607,0.0998239964246749,55.690596635100576,0.003898097320957153,0.0028740604870497307,0.0957830026745796
2022-12-07,0.0957830026745796,0.100950002670288,0.0950170010328292,0.1002810001373291,622336382,-0.04482533545185252,0.10076814251286638,0.09009273350238796,0.002627624310832999,0.1002779975533485,0.1014740020036697,0.1042860001325607,51.32469645778326,0.003401787256855124,0.0029796058410108094,0.0985400006175041
2022-12-08,0.0985400006175041,0.0988740026950836,0.0953669995069503,0.0957849994301796,492909327,0.028783791131411274,0.1003332851188523,0.0904304002722104,0.0027203473868737684,0.0957830026745796,0.1002779975533485,0.1014740020036697,53.72113635691796,0.00319410499402438,0.003022505671613524,0.0966619998216629
2022-12-09,0.0966619998216629,0.0990860015153884,0.096000999212265,0.0985379964113235,423432535,-0.019058258413564566,0.09954957131828578,0.09117620016137755,0.0028950373281891512,0.0985400006175041,0.0957830026745796,0.1002779975533485,51.84856395366807,0.0028451788842291936,0.002987040314136658,0.0964569970965385
2022-12-10,0.0964569970965385,0.0973559990525245,0.0962579995393753,0.0966629981994628,242190274,-0.0021208202344522586,0.09906857141426628,0.09139846662680304,0.0031133215545989298,0.0966619998216629,0.0985400006175041,0.0957830026745796,51.63697025687137,0.002523026542251783,0.002894237559759683,0.0928749963641166
2022-12-11,0.0928749963641166,0.0970930010080337,0.0926679968833923,0.0964640006422996,300470314,-0.037135727217766035,0.09743842801877427,0.09166479979952172,0.0029067124515583676,0.0964569970965385,0.0966619998216629,0.0985400006175041,47.95444619403294,0.001956131896324126,0.002706616427072572,0.0902580022811889
2022-12-12,0.0902580022811889,0.0930050015449523,0.087287999689579,0.0928720012307167,749817261,-0.028177595535700206,0.09583614234413416,0.09173876643180842,0.0033663849146024385,0.0928749963641166,0.0964569970965385,0.0966619998216629,45.406642379785666,0.0012809285073287352,0.0024214788431238046,0.0909399986267089
2022-12-13,0.0909399986267089,0.094379998743534,0.0877180024981498,0.0902549996972084,766352149,0.007556076229067399,0.09450214249747135,0.09194033294916147,0.003156489105144006,0.0902580022811889,0.0928749963641166,0.0964569970965385,46.20871376526679,0.0007917297941421736,0.0020955290333274784,0.0885140001773834
2022-12-14,0.0885140001773834,0.092239998281002,0.0882439985871315,0.0909579992294311,549320298,-0.02667691319508103,0.09346371356930049,0.0920281663537025,0.0037958188401987242,0.0909399986267089,0.0902580022811889,0.0928749963641166,43.746586252976364,0.00020590494546983418,0.0017176042157559497,0.0847219973802566
2022-12-15,0.0847219973802566,0.0887620002031326,0.0844189971685409,0.0885080024600029,412364377,-0.0428407120854053,0.09148971310683654,0.091953199605147,0.004278270892136542,0.0885140001773834,0.0909399986267089,0.0902580022811889,40.14585897172476,-0.0005579170815567386,0.0012624999562934121,0.0759420022368431
2022-12-16,0.0759420022368431,0.0867310017347335,0.0753879994153976,0.0847219973802566,699338853,-0.10363300459037061,0.0885297134518623,0.09163183296720183,0.006626577657350955,0.0847219973802566,0.0885140001773834,0.0909399986267089,33.30950489650249,-0.001850393586176835,0.0006399212477993627,0.0792670026421547
2022-12-17,0.0792670026421547,0.0793749988079071,0.0758929997682571,0.075943998992443,495547979,0.04378341770528782,0.08607399995837887,0.09144856631755824,0.006379805024711409,0.0759420022368431,0.0847219973802566,0.0885140001773834,37.64032129535589,-0.002576688324288215,-3.4006666181527964e-06,0.0786409974098205
2022-12-18,0.0786409974098205,0.079865001142025,0.0779199972748756,0.0792620033025741,256971055,-0.007897425302685557,0.0840405715363366,0.09124753301342324,0.006113695413618835,0.0792670026421547,0.0759420022368431,0.0847219973802566,37.151163260359404,-0.003166296433088328,-0.0006359798199121879,0.0714289993047714
2022-12-19,0.0714289993047714,0.0793420001864433,0.0709130018949508,0.0786480009555816,581773249,-0.09170786666737374,0.08135071396827695,0.09080913290381427,0.007000138124742418,0.0786409974098205,0.0792670026421547,0.0759420022368431,31.99281511320281,-0.004167473045991604,-0.0013422784651280712,0.074934996664524
2022-12-20,0.074934996664524,0.0752469971776008,0.0714220032095909,0.071442000567913,438099132,0.049083669012263575,0.07906428511653625,0.09073449944456415,0.005868338103693381,0.0714289993047714,0.0786409974098205,0.0792670026421547,36.60131071038331,-0.004624697405796047,-0.0019987622532616663,0.0736790001392364
2022-12-21,0.0736790001392364,0.0749640017747879,0.0720100030303001,0.0749320015311241,349830700,-0.016761147410342403,0.07694499939680097,0.09070009936889008,0.004375860456679052,0.074934996664524,0.0714289993047714,0.0786409974098205,35.668798774443815,-0.005030411969987186,-0.0026050921966067706,0.0769670009613037
2022-12-22,0.0769670009613037,0.0773620009422302,0.0733909979462623,0.0736780017614364,593083646,0.044626023912563095,0.07583714276552198,0.09064939940969145,0.00276334008776357,0.0736790001392364,0.074934996664524,0.0714289993047714,39.979848309245035,-0.00502866221002915,-0.0030898061992912468,0.0771289989352226
2022-12-23,0.0771289989352226,0.0786380022764206,0.0767420008778572,0.0769610032439231,398842519,0.0021047718099389545,0.07600671372243333,0.09049416606624919,0.0028069232067728686,0.0769670009613037,0.0736790001392364,0.074934996664524,40.19250512798553,-0.004957061708324578,-0.003463257301097913,0.0776479989290237
2022-12-24,0.0776479989290237,0.0779760032892227,0.0768179967999458,0.0771280005574226,165055617,0.006728986515655233,0.07577542747770032,0.09036639928817745,0.002548293132425949,0.0771289989352226,0.0769670009613037,0.0736790001392364,40.91478168913787,-0.004803072008528322,-0.0037312202425839954,0.0759520009160041
2022-12-25,0.0759520009160041,0.0776439979672432,0.0742290019989013,0.0776320025324821,423876257,-0.021842134200649177,0.07539128512144085,0.08991563270489371,0.002226713461088243,0.0776479989290237,0.0771289989352226,0.0769670009613037,39.24678690943926,-0.004762982233276092,-0.003937572640722415,0.0757829993963241
2022-12-26,0.0757829993963241,0.0763610005378723,0.0747720003128051,0.0759650021791458,248935710,-0.0022251095118204223,0.07601328513451978,0.0894754660626252,0.0013841399310900112,0.0759520009160041,0.0776479989290237,0.0771289989352226,39.07583550397065,-0.00469077546810108,-0.004088213206198148,0.0737240016460418
2022-12-27,0.0737240016460418,0.0760219991207122,0.0731310024857521,0.075763002038002,290428818,-0.027169652384888,0.0758402858461652,0.08864253287514047,0.0016001912220481851,0.0757829993963241,0.0759520009160041,0.0776479989290237,36.96336793977075,-0.004744997618278776,-0.0042195700886142745,0.0703810006380081
2022-12-28,0.0703810006380081,0.0738210007548332,0.0700519979000091,0.0737269967794418,496350491,-0.04534481218320008,0.07536914306027544,0.08781783282756801,0.0025476290313045766,0.0737240016460418,0.0757829993963241,0.0759520009160041,33.77114723786457,-0.0050000834560300494,-0.00437567276209743,0.071042001247406
2022-12-29,0.071042001247406,0.0713019967079162,0.0697709992527961,0.0703800022602081,285144119,0.009391747821228646,0.07452271452971862,0.08679079959789908,0.002889590503926506,0.0703810006380081,0.0737240016460418,0.0757829993963241,34.96707432453067,-0.005090226631227587,-0.0045185835359234615,0.0684039965271949
2022-12-30,0.0684039965271949,0.0713080018758773,0.0669530034065246,0.0710320025682449,419889739,-0.037133029389532224,0.0732762856142861,0.08550893291831012,0.0034124599139462508,0.071042001247406,0.0703810006380081,0.0737240016460418,32.44873830625471,-0.005313282468322536,-0.004677523322403277,0.0702940002083778
2022-12-31,0.0702940002083778,0.0711089968681335,0.0681620016694068,0.0683939978480339,289371049,0.02763001837811485,0.07222571436847955,0.08446593284606929,0.002941811950826904,0.0684039965271949,0.071042001247406,0.0703810006380081,36.00483303944248,-0.005276721563065273,-0.0047973629705356765,0.0702250003814697
2023-01-01,0.0702250003814697,0.0706849992275238,0.0692889988422393,0.0702869966626167,185279750,-0.0009815891356809159,0.07140757143497463,0.08340183297793066,0.0024952516683430168,0.0702940002083778,0.0684039965271949,0.071042001247406,35.93046732453645,-0.00519344765980434,-0.0048765799083894095,0.0714540034532547
2023-01-02,0.0714540034532547,0.0724790021777153,0.0693579986691474,0.0702250003814697,405800240,0.017500933643416428,0.07078914344310758,0.08245616654555,0.001609259620120354,0.0702250003814697,0.0702940002083778,0.0684039965271949,38.37209268492637,-0.004970979853405624,-0.004895459897392653,0.0704680010676384
2023-01-03,0.0704680010676384,0.0721969977021217,0.0697740018367767,0.0714560002088546,283398864,-0.013799120244694874,0.07032400050333566,0.08132889991005259,0.0009586042999027248,0.0714540034532547,0.0702250003814697,0.0702940002083778,37.1489320794189,-0.004818687832391325,-0.004880105484392388,0.0732370018959045
2023-01-04,0.0732370018959045,0.0732500031590461,0.0703099966049194,0.0704680010676384,343264145,0.03929444267346671,0.07073200068303515,0.08038766657312708,0.0014623390107441415,0.0704680010676384,0.0714540034532547,0.0702250003814697,42.675297672378804,-0.004423567945496906,-0.004788797976613292,0.0715499967336654
2023-01-05,0.0715499967336654,0.0750269964337349,0.0714000016450882,0.0732330009341239,424927580,-0.023034874702229424,0.07080457146678648,0.0794300665458043,0.0014925796378765194,0.0732370018959045,0.0704680010676384,0.0714540034532547,40.3476197917239,-0.004198165962205555,-0.004670671573731745,0.0724700018763542
2023-01-06,0.0724700018763542,0.0725700035691261,0.0703440010547638,0.0715550035238266,306914647,0.01285821362247419,0.07138542937380923,0.07865296651919679,0.0011558467966448652,0.0715499967336654,0.0732370018959045,0.0704680010676384,42.19918416468732,-0.003900335895968443,-0.004516604438179085,0.072222001850605
2023-01-07,0.072222001850605,0.072843998670578,0.0718759968876838,0.0724690034985542,173703551,-0.0034221059656150965,0.0716608581798417,0.07777569989363348,0.0010796218164490603,0.0724700018763542,0.0715499967336654,0.0732370018959045,41.82233679548503,-0.003642328456999494,-0.004341749241943167,0.0736010000109672
2023-01-08,0.0736010000109672,0.0736119970679283,0.0715460032224655,0.0722099989652633,246133445,0.019093878943077902,0.07214314384119848,0.07700699989994363,0.0010853391246520622,0.072222001850605,0.0724700018763542,0.0715499967336654,44.77551562739507,-0.003288672308752766,-0.004131133855305087,0.0757839977741241
2023-01-09,0.0757839977741241,0.0792109966278076,0.0732579976320266,0.0735919997096061,853703837,0.02965989270297431,0.07276171445846555,0.07631789992252981,0.001691659033798212,0.0736010000109672,0.072222001850605,0.0724700018763542,49.173912751454175,-0.0027999712621110118,-0.0038649013366662717,0.0777290016412735
2023-01-10,0.0777290016412735,0.0777309983968734,0.0746899992227554,0.0757689997553825,492952309,0.025665099813637626,0.07379900025469913,0.07581303343176837,0.0022004298744996292,0.0757839977741241,0.0736010000109672,0.072222001850605,52.782348781844966,-0.002230020318649148,-0.003537925133062847,0.0781529992818832
2023-01-11,0.0781529992818832,0.0781809985637664,0.0751779973506927,0.077734000980854,394318759,0.00545481907212042,0.07450128559555323,0.07540953333179151,0.0027153999787976886,0.0777290016412735,0.0757839977741241,0.0736010000109672,53.55642833880969,-0.0017242410461030394,-0.003175188315670886,0.0802860036492347
2023-01-12,0.0802860036492347,0.080716997385025,0.0769879966974258,0.0792139992117881,706796194,0.027292674458444743,0.0757492865834917,0.07505440016587572,0.0031115562564454262,0.0781529992818832,0.0777290016412735,0.0757839977741241,57.34490903632711,-0.0011381715691217709,-0.002767784966361063,0.0844380035996437
2023-01-13,0.0844380035996437,0.0849160030484199,0.0791840031743049,0.0802839994430542,575039277,0.05171511548325225,0.0774590011153902,0.0749185336132844,0.004130555304765572,0.0802860036492347,0.0781529992818832,0.0777290016412735,63.57371285910259,-0.0003348160390425903,-0.0022811911808973684,0.0873230025172233
2023-01-14,0.0873230025172233,0.0918700024485588,0.0843620002269744,0.0844390019774437,1101070507,0.034167066896306775,0.0796162869249071,0.07500523378451662,0.004824660793996685,0.0844380035996437,0.0802860036492347,0.0781529992818832,67.16197235532013,0.0005285514954878057,-0.0017192426456203336,0.0861309990286827
2023-01-15,0.0861309990286827,0.087686002254486,0.0831300020217895,0.0873339995741844,501123418,-0.013650509650140585,0.08140628678458074,0.07534486701091128,0.004536761166982081,0.0873230025172233,0.0844380035996437,0.0802860036492347,64.3417810466234,0.0011038670747891555,-0.0011546207015384357,0.083636000752449
2023-01-16,0.083636000752449,0.0879039987921714,0.0823080018162727,0.0861269980669021,537067710,-0.0289674833029957,0.08252800149577001,0.07549050028125442,0.003830730886000287,0.0861309990286827,0.0873230025172233,0.0844380035996437,58.778265554683266,0.0013430020157412098,-0.0006550961580825067,0.0829820036888122
2023-01-17,0.0829820036888122,0.0847200006246566,0.0827559977769851,0.0836519971489906,366437449,-0.007819564036455229,0.0832784303597041,0.07563520049055414,0.0031958490983042633,0.083636000752449,0.0861309990286827,0.0873230025172233,57.377743602091996,0.0014628828787526804,-0.00023150035071546935,0.0801910012960434
2023-01-18,0.0801910012960434,0.0894580036401748,0.0801739990711212,0.0829780027270317,1094371447,-0.03363382744088994,0.08356957350458415,0.07592726722359654,0.002706459339209437,0.0829820036888122,0.083636000752449,0.0861309990286827,51.71462534729902,0.0013174915363470263,7.829802669702976e-05,0.0816600024700164
2023-01-19,0.0816600024700164,0.0820519998669624,0.0801320001482963,0.0801709964871406,337970684,0.018318778294709848,0.08376585905041009,0.07615143408377961,0.0024679433867549074,0.0801910012960434,0.0829820036888122,0.083636000752449,54.272817851324604,0.001305752070718244,0.00032378883550127264,0.0864029973745346
2023-01-20,0.0864029973745346,0.0867599993944168,0.0807669982314109,0.0816489979624748,444441989,0.05808222827644083,0.08404657244682308,0.07657556732495621,0.0026613150737428747,0.0816600024700164,0.0801910012960434,0.0829820036888122,61.3861891735241,0.0016600326860906761,0.0005910376056191533,0.0847650021314621
2023-01-21,0.0847650021314621,0.0887060016393661,0.0847610011696815,0.0864079967141151,716057148,-0.018957620601658398,0.08368114382028577,0.07683550069729482,0.002285533058474628,0.0864029973745346,0.0816600024700164,0.0801910012960434,58.028890575099666,0.0017880189301847649,0.0008304338705322756,0.0883039981126785
2023-01-22,0.0883039981126785,0.0928919985890388,0.0847709998488426,0.0847709998488426,794717541,0.04175067412524536,0.0839915722608566,0.0772080006698767,0.0027699698770281738,0.0847650021314621,0.0864029973745346,0.0816600024700164,62.76694537944333,0.002150229838672496,0.0010943930641603198,0.0886050015687942
2023-01-23,0.0886050015687942,0.0911500006914138,0.0873270034790039,0.0883100032806396,661273714,0.0034087183202238247,0.08470142952033448,0.07757323409120237,0.0032574636426155974,0.0883039981126785,0.0847650021314621,0.0864029973745346,63.14799961545412,0.002433520941950762,0.0013622186397184083,0.0839499980211258
2023-01-24,0.0839499980211258,0.0905919969081878,0.0836599990725517,0.088577002286911,559881331,-0.052536577679017205,0.08483971442495072,0.07783983399470644,0.003192198338704304,0.0886050015687942,0.0883039981126785,0.0847650021314621,53.95200093947905,0.0022564009143126035,0.0015410550946372474,0.0865940004587173
2023-01-25,0.0865940004587173,0.0878800004720687,0.0824460014700889,0.0839660018682479,542521010,0.03149496724140666,0.08575442859104698,0.07820020069678621,0.0024749024592077133,0.0839499980211258,0.0886050015687942,0.0883039981126785,57.71832754562732,0.002302835264725203,0.0016934111286548387,0.0863730013370513
2023-01-26,0.0863730013370513,0.0873579978942871,0.085548996925354,0.086568996310234,424196515,-0.002552129714475604,0.08642771414348054,0.07862183401981987,0.0016929247882125692,0.0865940004587173,0.0839499980211258,0.0886050015687942,57.29648674004752,0.002295342757311858,0.0018137974543862426,0.0871229991316795
2023-01-27,0.0871229991316795,0.0877460017800331,0.0845249965786933,0.0863649994134903,400056534,0.008683243409610242,0.0865305715373584,0.07917990063627559,0.0017129272616921017,0.0863730013370513,0.0865940004587173,0.0839499980211258,58.40746201385921,0.0023231436908778685,0.001915666701684568,0.0877880007028579
2023-01-28,0.0877880007028579,0.092969000339508,0.0871239975094795,0.0871239975094795,642333816,0.007632904948247976,0.08696242847612921,0.07973810061812397,0.0015686038746472114,0.0871229991316795,0.0863730013370513,0.0865940004587173,59.41566185162918,0.002371499035493649,0.0020068331684463844,0.0902329981327056
2023-01-29,0.0902329981327056,0.0908590033650398,0.0875440016388893,0.0877830013632774,458157342,0.02785115745058886,0.08723799990756166,0.08046573400497432,0.001963345282309649,0.0877880007028579,0.0871229991316795,0.0863730013370513,62.96975051768594,0.002577401176983976,0.0021209467701539027,0.0883369967341423
2023-01-30,0.0883369967341423,0.0918369963765144,0.0853990018367767,0.0902210026979446,787132771,-0.021012284173189677,0.08719971350261138,0.0810671672224998,0.0019346484489780452,0.0902329981327056,0.0877880007028579,0.0871229991316795,58.67840926045371,0.0025581004506082666,0.0022083775062447753,0.0961669981479644
2023-01-31,0.0961669981479644,0.0973350033164024,0.0883290022611618,0.0883290022611618,1542889216,0.08863784940965491,0.08894499923501689,0.08193190048138296,0.0034396360009166776,0.0883369967341423,0.0902329981327056,0.0877880007028579,68.2894891684412,0.003138442154401039,0.002394390435876028,0.0941710025072097
2023-02-01,0.0941710025072097,0.0965989977121353,0.0887520015239715,0.0961569994688034,1110308356,-0.02075551570907541,0.09002742809908724,0.08268913378318146,0.0037543069521820457,0.0961669981479644,0.0883369967341423,0.0902329981327056,64.19075217008114,0.0033981353794274582,0.0025951394245863142,0.0909790024161338
2023-02-02,0.0909790024161338,0.0957529991865158,0.0909570008516311,0.0941449999809265,776556390,-0.03389578539138438,0.09068542825324188,0.08337283382813131,0.0033933472523189085,0.0941710025072097,0.0961669981479644,0.0883369967341423,58.177125827917436,0.0033082410569614668,0.002737759751061345,0.0929870009422302
2023-02-03,0.0929870009422302,0.0932089984416961,0.0906670019030571,0.0909840017557144,548668917,0.022071010593322393,0.09152314279760627,0.0840311671296755,0.003076329236839134,0.0909790024161338,0.0941710025072097,0.0961669981479644,60.673093405817596,0.003360292498057485,0.0028622663004605727,0.095781996846199
2023-02-04,0.095781996846199,0.0995299965143203,0.0926629975438118,0.0929749980568885,1071858301,0.030057920737816213,0.09266514224665501,0.08483890046675997,0.0029393939734932463,0.0929870009422302,0.0909790024161338,0.0941710025072097,63.90237667553698,0.003585742246263471,0.0030069614896211525,0.0920950025320053
2023-02-05,0.0920950025320053,0.0967260003089904,0.0909660011529922,0.0957470014691352,753364305,-0.03849360459788753,0.09293114287512638,0.08549306715528167,0.0027614809297193867,0.095781996846199,0.0929870009422302,0.0909790024161338,57.226758640753,0.003427394300320935,0.003091048051761109,0.0895489975810051
2023-02-06,0.0895489975810051,0.0930970013141632,0.0890619978308677,0.0921040028333664,488311044,-0.027645419197587784,0.09310428585324963,0.08607063367962835,0.0024453200247594588,0.0920950025320053,0.095781996846199,0.0929870009422302,53.10148647712187,0.0030611737847554554,0.0030850731983599784,0.0925759971141815
2023-02-07,0.0925759971141815,0.0926339998841285,0.0895180031657219,0.089537002146244,512569389,0.033802718231862094,0.09259128570556638,0.08670313358306882,0.002038554981349298,0.0895489975810051,0.0920950025320053,0.095781996846199,57.06435148704663,0.0029808337562922255,0.003064225309946428,0.0901559963822364
2023-02-08,0.0901559963822364,0.093138001859188,0.0891690030694007,0.0925640016794204,462925887,-0.02614069313193923,0.09201771340199875,0.08718220020333921,0.002084325273515567,0.0925759971141815,0.0895489975810051,0.0920950025320053,53.194413109710545,0.0026908711826540005,0.002989554484487943,0.0814799964427948
2023-02-09,0.0814799964427948,0.0907580032944679,0.0801720023155212,0.0901629999279975,819008026,-0.09623319898387861,0.09066071254866462,0.08730723336338993,0.00453028457648049,0.0901559963822364,0.0925759971141815,0.0895489975810051,42.15638990819746,0.0017409247701597186,0.0027398285416222984,0.0810900032520294
2023-02-10,0.0810900032520294,0.0828799977898597,0.0804150030016899,0.0814789980649948,516764147,-0.004786367302300976,0.08896114145006451,0.08740513349572814,0.00561408845939781,0.0814799964427948,0.0901559963822364,0.0925759971141815,41.737142716024664,0.000945714593926103,0.0023810057520830593,0.0823720023036003
2023-02-11,0.0823720023036003,0.082514002919197,0.0807880014181137,0.0810659974813461,244141279,0.01580958194793025,0.08704542794397896,0.08747466678420698,0.005168992714161982,0.0810900032520294,0.0814799964427948,0.0901559963822364,43.71861009526802,0.0004141770343934481,0.001987640008545137,0.0821439996361732
2023-02-12,0.0821439996361732,0.0854189991950988,0.0817420035600662,0.0823550000786781,448723137,-0.0027679631555723727,0.08562385610171723,0.08739819998542463,0.004910713534234669,0.0823720023036003,0.0810900032520294,0.0814799964427948,43.43568030143048,-2.5177984686347576e-05,0.00158507640989884,0.0821560025215148
2023-02-13,0.0821560025215148,0.0862049981951713,0.0799779966473579,0.0821439996361732,752090969,0.00014612005009184692,0.08456771395036147,0.08722596665223435,0.004717023489555237,0.0821439996361732,0.0823720023036003,0.0810900032520294,43.45642590173624,-0.00036815757875653665,0.0011944296121677647,0.0835340023040771
2023-02-14,0.0835340023040771,0.0836480036377906,0.0812729969620704,0.0821430012583732,427664094,0.01677296533751682,0.08327600040606085,0.0871394000947475,0.0031293811150163308,0.0821560025215148,0.0821439996361732,0.0823720023036003,45.909186311721854,-0.0005227523483933849,0.0008509932200555348,0.0892909988760948
2023-02-15,0.0892909988760948,0.0893549993634224,0.0828320011496543,0.0835350006818771,846713153,0.06891800240890311,0.08315242933375491,0.08732790003220235,0.002813572174036298,0.0835340023040771,0.0821560025215148,0.0821439996361732,54.74199428881888,-0.0001786687251457003,0.0006450608310152878,0.0850439965724945
2023-02-16,0.0850439965724945,0.0912619978189468,0.0849659964442253,0.0892810001969337,849757697,-0.047563610633292064,0.0836615722094263,0.0873966331283251,0.0027827905610510358,0.0892909988760948,0.0835340023040771,0.0821560025215148,48.455742959566656,-0.00024584363456768565,0.0004668799378986931,0.0877659991383552
2023-02-17,0.0877659991383552,0.0884110033512115,0.084706999361515,0.0850550010800361,447263733,0.032006992563435865,0.08461528590747285,0.08764913305640216,0.0028962592145567365,0.0850439965724945,0.0892909988760948,0.0835340023040771,52.241175179142786,-7.853210667214949e-05,0.00035779752898452456,0.0889270007610321
2023-02-18,0.0889270007610321,0.0898220017552375,0.0869740024209022,0.0877590030431747,397918582,0.013228375841157991,0.08555171425853454,0.08789136633276937,0.0031024232969762686,0.0877659991383552,0.0850439965724945,0.0892909988760948,53.79968348436123,0.00014606289057259025,0.0003154506013021377,0.0869660004973411
2023-02-19,0.0869660004973411,0.0897379964590072,0.0862860009074211,0.0889260023832321,505191212,-0.022051798069302686,0.08624057152441565,0.08791013310352959,0.0027330141532213807,0.0889270007610321,0.0877659991383552,0.0850439965724945,50.78513935118457,0.0001639300281699313,0.00028514648667569644,0.0882079973816871
2023-02-20,0.0882079973816871,0.0886270031332969,0.0858530029654502,0.0869939997792244,449906814,0.014281407414889369,0.08710514221872599,0.08802489961187042,0.0021123005363991383,0.0869660004973411,0.0889270007610321,0.0877659991383552,52.596801094745835,0.0002751370238630313,0.00028314459411316344,0.0854130014777183
2023-02-21,0.0854130014777183,0.0887070000171661,0.0848449990153312,0.0882230028510093,483249308,-0.03168642285205159,0.0873735706721033,0.08792853305737174,0.0016521099888594547,0.0882079973816871,0.0869660004973411,0.0889270007610321,48.28882900895793,0.00013616691106822787,0.00025374905750417633,0.0855339989066124
2023-02-22,0.0855339989066124,0.0874639973044395,0.0832530036568641,0.0854180008172988,765182582,0.001416616051429287,0.08683685639074867,0.08782616630196567,0.0015312229489307342,0.0854130014777183,0.0882079973816871,0.0869660004973411,48.48553716815972,3.538764994626131e-05,0.00021007677599259336,0.0842920020222663
2023-02-23,0.0842920020222663,0.0863690003752708,0.0839319974184036,0.0855349972844123,351385340,-0.014520505298742381,0.08672942859785893,0.08783756643533702,0.0016955340667996913,0.0855339989066124,0.0854130014777183,0.0882079973816871,46.528988474698025,-0.0001430504132161753,0.00013945133815083962,0.0808999985456466
2023-02-24,0.0808999985456466,0.0848999992012977,0.0798889994621276,0.0842880010604858,449138535,-0.04024110704742412,0.08574857137032912,0.087647766371568,0.0026901742376252793,0.0842920020222663,0.0855339989066124,0.0854130014777183,41.59254254341819,-0.0005518092823391246,1.1992140528467636e-06,0.0807859972119331
2023-02-25,0.0807859972119331,0.0817790031433105,0.0790579989552497,0.0809149965643882,316321963,-0.0014091636064638147,0.08458557086331497,0.08746153290073072,0.0028425036559162316,0.0808999985456466,0.0842920020222663,0.0855339989066124,41.43343891615846,-0.0008748676561950719,-0.000174014159996737,0.0822020024061203
2023-02-26,0.0822020024061203,0.0824730023741722,0.0805770009756088,0.080775998532772,218231642,0.01752785436902471,0.08390499970742629,0.08729749967654542,0.0027462603622432683,0.0807859972119331,0.0808999985456466,0.0842920020222663,44.28433587404801,-0.001005048387671889,-0.00034022100553176746,0.0813539996743202
2023-02-27,0.0813539996743202,0.0822020024061203,0.080204002559185,0.0822020024061203,267030813,-0.010316083635171558,0.08292585717780246,0.08708303297559415,0.002102872931426387,0.0822020024061203,0.0807859972119331,0.0808999985456466,42.936384106769886,-0.0011632352369477794,-0.0005048238518149699,0.0807489976286888
2023-02-28,0.0807489976286888,0.082735002040863,0.0802000015974044,0.0813589990139007,370709700,-0.007436660128000705,0.08225957091365539,0.08676689962546028,0.0019138842015553566,0.0813539996743202,0.0822020024061203,0.0807859972119331,41.95519164979733,-0.0013221768320496319,-0.0006682944478619023,0.0819640010595321
2023-03-01,0.0819640010595321,0.0825639963150024,0.080545000731945,0.0807619988918304,260501052,0.015046668894025172,0.08174957122121533,0.08655446643630661,0.0012597950544540437,0.0807489976286888,0.0813539996743202,0.0822020024061203,44.688865176093685,-0.0013347128299448091,-0.0008015781242784838,0.0805199965834617
2023-03-02,0.0805199965834617,0.0821669995784759,0.0798590034246444,0.0819680020213127,225493749,-0.01761754498809276,0.0812107133013861,0.08603289971748986,0.0006503621917433648,0.0819640010595321,0.0807489976286888,0.0813539996743202,42.14825196797438,-0.00144451531835324,-0.0009301655630934351,0.0767770037055015
2023-03-03,0.0767770037055015,0.0805720016360282,0.0742349997162818,0.0805250033736229,564252293,-0.04648525877768095,0.08062171403850825,0.0854530997574329,0.0018106454688040653,0.0805199965834617,0.0819640010595321,0.0807489976286888,36.375494912290115,-0.0018126675224039296,-0.001106665954955534,0.0745560005307197
2023-03-04,0.0745560005307197,0.0771550014615058,0.0731000006198883,0.0767780020833015,267382234,-0.028927974101477627,0.07973171451262061,0.08490566636125242,0.002912382168922267,0.0767770037055015,0.0805199965834617,0.0819640010595321,33.44804598722277,-0.0022576227216011546,-0.001336857308284658,0.0747950002551078
2023-03-05,0.0747950002551078,0.0759169980883598,0.0744149982929229,0.0745650008320808,215772335,0.0032056403600890793,0.07867357134819027,0.08429926633834835,0.003196951049455293,0.0745560005307197,0.0767770037055015,0.0805199965834617,34.06299980912158,-0.0025614409455611414,-0.0015817740357399548,0.0748049989342689
2023-03-06,0.0748049989342689,0.0750610008835792,0.0735519975423812,0.0747900009155273,274994083,0.00013368111674583183,0.07773799981389722,0.08360003307461734,0.003239780700280368,0.0747950002551078,0.0745560005307197,0.0767770037055015,34.09043828813266,-0.00276948734097493,-0.0018193166967869498,0.0740479975938797
2023-03-07,0.0740479975938797,0.0758299976587295,0.0730300024151802,0.0748049989342689,309277502,-0.010119662471412827,0.07678071409463878,0.08299846624334649,0.0031914550187553876,0.0748049989342689,0.0747950002551078,0.0745560005307197,32.97174388510203,-0.0029613131156353,-0.0020477159805566197,0.0711300000548362
2023-03-08,0.0711300000548362,0.0742349997162818,0.0707670003175735,0.0740479975938797,321627782,-0.03940683926454591,0.0752329996653965,0.08238449965914087,0.0028696247297694136,0.0740479975938797,0.0748049989342689,0.0747950002551078,29.018714791562886,-0.0033106315391745605,-0.0023002990922802082,0.0659869983792305
2023-03-09,0.0659869983792305,0.0722030028700828,0.0646279975771904,0.0711319968104362,523758954,-0.07230425518966421,0.07315685706479204,0.08149819970130916,0.00357705892282238,0.0711300000548362,0.0740479975938797,0.0748049989342689,23.63925862665816,-0.003956854009925445,-0.002631610075809256,0.0658330023288726
2023-03-10,0.0658330023288726,0.0660710036754608,0.0630230009555816,0.0659959986805915,475760293,-0.0023337332223065665,0.0715934282967022,0.08068743323286372,0.0040864679762689145,0.0659869983792305,0.0711300000548362,0.0740479975938797,23.498788725969376,-0.004430345898320934,-0.002991357240311592,0.0665939971804618
2023-03-11,0.0665939971804618,0.0681959986686706,0.0644470006227493,0.0658330023288726,449044632,0.011559473587238411,0.07045599924666536,0.08019123325745262,0.0042299839728540374,0.0658330023288726,0.0659869983792305,0.0711300000548362,25.843845929489646,-0.004690120912198351,-0.0033311099746889438,0.0710010007023811
2023-03-12,0.0710010007023811,0.0712499991059303,0.0660689994692802,0.0665820017457008,375272678,0.06617718876337841,0.06991399931056154,0.07985493317246432,0.0038028571667436803,0.0665939971804618,0.0658330023288726,0.0659869983792305,37.74538308612113,-0.004488643836852921,-0.0035626167471217393,0.0730409994721412
2023-03-13,0.0730409994721412,0.0737259984016418,0.0685139968991279,0.0710000023245811,537268873,0.028731972078974932,0.06966199938740045,0.07954389974474903,0.003468478550854424,0.0710010007023811,0.0665939971804618,0.0658330023288726,42.35720059776743,-0.004116903846480585,-0.003673474166993509,0.0747869983315467
2023-03-14,0.0747869983315467,0.0776399970054626,0.0717770010232925,0.0730360001325607,652033915,0.023904367027062,0.06976757092135287,0.07929866636792814,0.003631635931074246,0.0730409994721412,0.0710010007023811,0.0665939971804618,46.04153363166067,-0.003639456322829124,-0.0036666705981606316,0.0698660016059875
2023-03-15,0.0698660016059875,0.0760580003261566,0.0681409984827041,0.0748049989342689,528466415,-0.06580016360254737,0.06958699971437449,0.07888899967074389,0.003583711087350714,0.0747869983315467,0.0730409994721412,0.0710010007023811,38.560663465726115,-0.0036164706077869008,-0.0036566306000858856,0.0727180019021034
2023-03-16,0.0727180019021034,0.0734769999980926,0.0692540034651756,0.0698779970407486,326147102,0.04082100350038487,0.07054857164621346,0.07852846632401143,0.0033523308302191306,0.0698660016059875,0.0747869983315467,0.0730409994721412,44.21759288954033,-0.0033297385212940206,-0.003591252184327513,0.0765089988708496
2023-03-17,0.0765089988708496,0.0772970020771026,0.0718140006065368,0.072731003165245,485591017,0.052132853895653364,0.07207371400935304,0.07810239965716993,0.0032771027877803536,0.0727180019021034,0.0698660016059875,0.0747869983315467,50.713644977296454,-0.0027647294244404347,-0.0034259476323500976,0.0730499997735023
2023-03-18,0.0730499997735023,0.0787639990448951,0.0729459971189498,0.0765099972486496,517840653,-0.04521035627699477,0.07299600009407312,0.0777025997638702,0.0022138944609005917,0.0765089988708496,0.0727180019021034,0.0698660016059875,45.50641707726464,-0.0025664831435094626,-0.003254054734581971,0.07481300085783
2023-03-19,0.07481300085783,0.0766019970178604,0.0730409994721412,0.0730409994721412,338882489,0.02413416960703696,0.07354057154485152,0.07727083315451935,0.002107665962293394,0.0730499997735023,0.0765089988708496,0.0727180019021034,48.41379921382045,-0.002241276048947541,-0.003051498997455085,0.0714870020747184
2023-03-20,0.0714870020747184,0.0756080001592636,0.0710219964385032,0.0748070031404495,409238948,-0.04445749729291204,0.07331857191664827,0.07668949986497556,0.002246334915665747,0.07481300085783,0.0730499997735023,0.0765089988708496,43.679176413215636,-0.002226264398596578,-0.002886452077683384,0.076894000172615
2023-03-21,0.076894000172615,0.0774770006537437,0.0708620026707649,0.071491003036499,631254174,0.0756361008431321,0.07361957217965802,0.07635376652081802,0.002590666783195186,0.0714870020747184,0.07481300085783,0.0730499997735023,51.91237131090975,-0.001757805116026745,-0.0026607226853520563,0.0739990025758743
2023-03-22,0.0739990025758743,0.0776429995894432,0.0721340030431747,0.0768700018525123,693511781,-0.037649200070771216,0.07421000088964184,0.07588013336062426,0.001995150755888823,0.076894000172615,0.0714870020747184,0.07481300085783,47.87683288507745,-0.001601686624681825,-0.00244891547321801,0.0774120017886161
2023-03-23,0.0774120017886161,0.0789339989423751,0.073294997215271,0.0739959999918937,637122733,0.0461222326509374,0.07488057230200082,0.07561343337098753,0.0021894765689942476,0.0739990025758743,0.076894000172615,0.0714870020747184,52.55910016692517,-0.0011888566828716918,-0.0021969037151487463,0.0746800005435943
2023-03-24,0.0746800005435943,0.0774900019168853,0.0733880028128624,0.077403999865055,396748009,-0.03529170131114667,0.07461928682667862,0.07525163342555359,0.002068550664913538,0.0774120017886161,0.0739990025758743,0.076894000172615,48.78154880549299,-0.0010698036177188147,-0.00197148369566276,0.0740439966320991
2023-03-25,0.0740439966320991,0.0759140029549598,0.072963997721672,0.0746819972991943,286831067,-0.008516388683258547,0.07476128637790673,0.07491003324588136,0.0019748654369667598,0.0746800005435943,0.0774120017886161,0.0739990025758743,47.918121423540065,-0.0010150722847670907,-0.0017802014134836262,0.0744170024991035
2023-03-26,0.0744170024991035,0.075375996530056,0.0737209990620613,0.0740550011396408,228916506,0.005037624709235411,0.07470471518380296,0.07469393337766325,0.0019788050209873747,0.0740439966320991,0.0746800005435943,0.0774120017886161,48.49391829973417,-0.0009308683816989516,-0.0016103348071266914,0.0728949978947639
2023-03-27,0.0728949978947639,0.0758310034871101,0.0717559978365898,0.0744260028004646,435284210,-0.020452377188370785,0.07490585744380947,0.07443090006709094,0.0016397259638456997,0.0744170024991035,0.0740439966320991,0.0746800005435943,46.24717793871416,-0.0009757019487957458,-0.0014834082354605023,0.0738229975104332
2023-03-28,0.0738229975104332,0.0739250034093856,0.0719370022416114,0.0728989988565445,276514415,0.012730635056866557,0.07446714277778348,0.07415159990390137,0.0014144956484534385,0.0728949978947639,0.0744170024991035,0.0740439966320991,47.83414691965106,-0.0009256803930057095,-0.0013718626669695438,0.0756269991397857
2023-03-29,0.0756269991397857,0.0767330005764961,0.0736420005559921,0.0738240033388137,423884022,0.024436851525807324,0.07469971371548512,0.07396069988608356,0.0014578679913577293,0.0738229975104332,0.0728949978947639,0.0744170024991035,50.87070447575107,-0.0007320316891990114,-0.0012438964714154375,0.0742449983954429
2023-03-30,0.0742449983954429,0.0766410008072853,0.0736839994788169,0.0756419971585273,372289117,-0.018273906938821805,0.07424728465931751,0.07374389991164201,0.0008336355674524587,0.0756269991397857,0.0738229975104332,0.0728949978947639,48.53967327269143,-0.0006822154514154188,-0.0011315602674154338,0.0770350024104118
2023-03-31,0.0770350024104118,0.0777219980955123,0.0738079994916915,0.0742589980363845,378314248,0.037578342989635694,0.0745837134974343,0.07357959995667133,0.001351636430243983,0.0742449983954429,0.0756269991397857,0.0738229975104332,53.20186486553763,-0.00041284667758272053,-0.000987817549448891,0.0840509980916976
2023-04-01,0.0840509980916976,0.0852790027856826,0.0761440023779869,0.0770249962806701,933070185,0.09107542625762988,0.0760132851345198,0.07369730000694587,0.003785806476664149,0.0770350024104118,0.0742449983954429,0.0756269991397857,62.42171226962743,0.0003625826061504078,-0.0007177375183290314,0.0790890008211135
2023-04-02,0.0790890008211135,0.0852790027856826,0.0778480023145675,0.0818590000271797,929778146,-0.059035554404370916,0.0766807134662355,0.07377436657746629,0.0038684120075147244,0.0840509980916976,0.0770350024104118,0.0742449983954429,54.277209276388646,0.0005701518341437034,-0.00046015964783448443,0.0960789993405342
2023-04-03,0.0960789993405342,0.1026400029659271,0.0766320005059242,0.079086996614933,3497240136,0.21482125634447335,0.07999271367277412,0.07449179987112677,0.007905315760670844,0.0790890008211135,0.0840509980916976,0.0770350024104118,69.12951466491937,0.002081607358090598,4.819375335053211e-05,0.095159001648426
2023-04-04,0.095159001648426,0.1025379970669746,0.0928710028529167,0.0960830003023147,3096545498,-0.009575429577981298,0.08304071426391595,0.0751705999175707,0.009145881075351343,0.0960789993405342,0.0790890008211135,0.0840509980916976,67.84436704643457,0.0031686840084439033,0.0006722918043692063,0.0928170010447502
2023-04-05,0.0928170010447502,0.0989390015602111,0.0920839980244636,0.0951680019497871,1529520651,-0.024611445718278446,0.08549642882176803,0.07577099998792008,0.009131280644198237,0.095159001648426,0.0960789993405342,0.0790890008211135,64.55433687756346,0.0037974456207244267,0.0012973225676402504,0.0854120030999183
2023-04-06,0.0854120030999183,0.0928469970822334,0.0854120030999183,0.0928220003843307,1410995902,-0.07978062059192914,0.08709171520812166,0.0761498001714547,0.007701510541243829,0.0928170010447502,0.095159001648426,0.0960789993405342,55.40557770027926,0.00365607729718867,0.0017690735135499345,0.08245600014925
2023-04-07,0.08245600014925,0.0860980004072189,0.0818910002708435,0.085437998175621,858234171,-0.03460875337638725,0.08786614345652712,0.07652733350793514,0.00673342156372809,0.0854120030999183,0.0928170010447502,0.095159001648426,52.22379991969446,0.0032678474374171623,0.0020688282983233803,0.0814049988985061
2023-04-08,0.0814049988985061,0.0838259980082511,0.0810350030660629,0.0824429988861084,507929909,-0.012746207053962566,0.08748814357178547,0.07704126685857766,0.007050114221108776,0.08245600014925,0.0854120030999183,0.0928170010447502,51.1001738982175,0.0028425977616118453,0.0022235821909810734,0.0832900032401084
2023-04-09,0.0832900032401084,0.0838249996304512,0.0813539996743202,0.0814009979367256,454428407,0.023155879455910133,0.08808828677449905,0.0776231668889522,0.0063611089630140755,0.0814049988985061,0.08245600014925,0.0854120030999183,53.05123684061563,0.0026274013789108625,0.002304346028567031,0.0848520025610923
2023-04-10,0.0848520025610923,0.0852719992399215,0.0824699997901916,0.083296999335289,473882914,0.018753743069032547,0.08648443009172162,0.07823176706830655,0.005344745048811163,0.0832900032401084,0.0814049988985061,0.08245600014925,54.66539817670606,0.0025534622627545606,0.002354169275404537,0.0842370018362999
2023-04-11,0.0842370018362999,0.0857099965214729,0.0838989987969398,0.0848509967327117,472611203,-0.007247922338068591,0.08492414440427502,0.07867296710610386,0.0037451991470519716,0.0848520025610923,0.0832900032401084,0.0814049988985061,53.8799287811169,0.002417373583870827,0.0023668101370977954,0.0834330022335052
2023-04-12,0.0834330022335052,0.0844290032982826,0.0813189968466758,0.0842370018362999,540510658,-0.00954449452459305,0.08358357314552574,0.07901936719814932,0.001384768322038729,0.0842370018362999,0.0848520025610923,0.0832900032401084,52.811585438996445,0.002219066262199129,0.0023372613621180623,0.0874840021133422
2023-04-13,0.0874840021133422,0.0883809998631477,0.0830200016498565,0.0834280028939247,810485328,0.048553926760293464,0.08387957300458629,0.07944260065754251,0.001947749917778942,0.0834330022335052,0.0842370018362999,0.0848520025610923,57.3954416119643,0.0023615654591419566,0.0023421221815228413,0.0887850001454353
2023-04-14,0.0887850001454353,0.0911160036921501,0.0858789980411529,0.0874850004911422,1007326042,0.014871267896586993,0.08478371586118419,0.08007323394219076,0.0025520160029872552,0.0874840021133422,0.0834330022335052,0.0842370018362999,58.78028195137082,0.002550081021026024,0.0023837139494234777,0.0889739990234375
2023-04-15,0.0889739990234375,0.0904470011591911,0.0876530036330223,0.0887850001454353,463978095,0.002128725321761671,0.08586500159331725,0.0806151005129019,0.002484458589625857,0.0887850001454353,0.0874840021133422,0.0834330022335052,58.988833313953094,0.0026837944797669933,0.002443730055492181,0.0904719978570938
2023-04-16,0.0904719978570938,0.0915149971842765,0.0882309973239898,0.0889680013060569,594760862,0.016836366242925616,0.08689100082431518,0.08108053381244337,0.0027160106775306007,0.0889739990234375,0.0887850001454353,0.0874840021133422,60.686628275191254,0.002877469666596272,0.0025304779777129997,0.091448999941349
2023-04-17,0.091448999941349,0.0945950001478195,0.088577002286911,0.0904819965362548,1360494890,0.010798944506547059,0.0878334290214947,0.08169383381803824,0.0030183033227390538,0.0904719978570938,0.0889739990234375,0.0887850001454353,61.79744950882357,0.003074355296427647,0.0026392534414559294,0.0939889997243881
2023-04-18,0.0939889997243881,0.0944949984550476,0.0900859981775283,0.0914580002427101,839983343,0.027775041658937072,0.08922657157693588,0.08233303378025685,0.0033174229106791224,0.091448999941349,0.0904719978570938,0.0889739990234375,64.59806659139336,0.0033961960968350857,0.002790641972531761,0.0878679975867271
2023-04-19,0.0878679975867271,0.0940209999680519,0.086848996579647,0.0939880013465881,1277738666,-0.06512466518007565,0.08986014234168185,0.08287906696399047,0.00229136650501909,0.0939889997243881,0.091448999941349,0.0904719978570938,54.27248310987071,0.0031213624098555964,0.0028567860599965278,0.0839369967579841
2023-04-20,0.0839369967579841,0.0929720029234886,0.0829980000853538,0.087857000529766,1950918834,-0.044737571547172617,0.08935342729091642,0.08311383351683613,0.003139597983398981,0.0878679975867271,0.0939889997243881,0.091448999941349,48.86989592411244,0.0025568816783353987,0.002796805183664302,0.0784789994359016
2023-04-21,0.0784789994359016,0.0846289992332458,0.0775170028209686,0.0839340016245842,853137910,-0.06502492980323771,0.08788114147526874,0.0832631667455037,0.005194534725357589,0.0839369967579841,0.0878679975867271,0.0939889997243881,42.538250544058265,0.001650090644433097,0.002567462275818061,0.080375000834465
2023-04-22,0.080375000834465,0.0809189975261688,0.0783130005002021,0.0784820020198822,396888464,0.024159347241830886,0.08665271316255839,0.08336193338036532,0.005866340468303465,0.0784789994359016,0.0839369967579841,0.0878679975867271,45.1946194334294,0.0010720853517234563,0.00226838689099914,0.0788199976086616
2023-04-23,0.0788199976086616,0.0806280001997947,0.0774369984865188,0.0803800001740455,365182428,-0.01934685175314632,0.08498814169849665,0.08349993328253423,0.006243030957233957,0.080375000834465,0.0784789994359016,0.0839369967579841,43.421681615191304,0.000482968863904254,0.001911303285580163,0.0787839964032173
2023-04-24,0.0787839964032173,0.0799729973077774,0.0775690004229545,0.0788189992308616,392854009,-0.0004567521763073623,0.08317885547876355,0.08365793327490484,0.005883405000991854,0.0788199976086616,0.080375000834465,0.0784789994359016,43.37925295960645,1.3034552342028327e-05,0.0015316495389325361,0.0798470005393028
2023-04-25,0.0798470005393028,0.079925999045372,0.0777560025453567,0.0787829980254173,343833135,0.013492640442419601,0.08115856988089422,0.08383893320957815,0.0034966147409998013,0.0787839964032173,0.0788199976086616,0.080375000834465,45.0855013326665,-0.0002704980917564992,0.0011712200127947292,0.0786229968070983
2023-04-26,0.0786229968070983,0.0833719968795776,0.0761509984731674,0.0798479989171028,722718207,-0.015329363957785835,0.07983785548380438,0.08402986650665596,0.0019390974242267877,0.0798470005393028,0.0787839964032173,0.0788199976086616,43.461437074323285,-0.0005871977762630376,0.0008195364549831759,0.0801900029182434
2023-04-27,0.0801900029182434,0.0809499993920326,0.0785270035266876,0.0786380022764206,435944109,0.019930633208878445,0.07930257064955572,0.08424210002024964,0.0008037342613615358,0.0786229968070983,0.0798470005393028,0.0787839964032173,46.13649709296457,-0.0007036292606567296,0.0005149033118551948,0.0803639963269233
2023-04-28,0.0803639963269233,0.0805760025978088,0.079423002898693,0.0801929980516433,258987983,0.0021697643390448107,0.07957185591970166,0.08439999992648754,0.00079756771968607,0.0801900029182434,0.0786229968070983,0.0798470005393028,46.43952316008406,-0.0007729521259632888,0.0002573322242914981,0.0816299989819526
2023-04-29,0.0816299989819526,0.081845998764038,0.0803029984235763,0.0803660005331039,268639541,0.015753356140717045,0.07975114136934276,0.08464616661270455,0.0010941201798951128,0.0803639963269233,0.0801900029182434,0.0786229968070983,48.70094341423933,-0.0007174646761474168,6.237284420371512e-05,0.0797690004110336
2023-04-30,0.0797690004110336,0.0817010030150413,0.0796279981732368,0.0816269963979721,264245527,-0.0227979737122187,0.07988671319825304,0.08473729987939195,0.0010154823160349912,0.0816299989819526,0.0803639963269233,0.0801900029182434,45.6497393681445,-0.0008142710937593112,-0.00011295594338889015,0.0788199976086616
2023-05-01,0.0788199976086616,0.0799959972500801,0.0776280015707016,0.0797600001096725,325694977,-0.011896887230402609,0.07989185622760223,0.08456293319662407,0.0010090373852378713,0.0797690004110336,0.0816299989819526,0.0803639963269233,44.131336227528436,-0.0009565410622340981,-0.00028167296715793177,0.07880599796772
2023-05-02,0.07880599796772,0.0790449976921081,0.0778319984674453,0.0788220018148422,234651604,-0.0001776153433942218,0.07974314157451898,0.08455349976817762,0.0010901989467015977,0.0788199976086616,0.0797690004110336,0.0816299989819526,44.10802846831233,-0.001058222164877956,-0.0004369828067019366,0.0797130018472671
2023-05-03,0.0797130018472671,0.0805270001292228,0.0773279964923858,0.07880599796772,306950726,0.011509325469345688,0.07989885658025737,0.08400796651840206,0.0009753338251106792,0.07880599796772,0.0788199976086616,0.0797690004110336,46.09441666736016,-0.001053473748753267,-0.0005602809951122027,0.0784490033984184
2023-05-04,0.0784490033984184,0.0797360017895698,0.0781560018658638,0.079703003168106,255462655,-0.015856866753940158,0.07965014236313951,0.08345096657673513,0.0011024180353976173,0.0797130018472671,0.07880599796772,0.0788199976086616,43.760328023014466,-0.0011385798659568486,-0.0006759407692811319,0.0803899988532066
2023-05-05,0.0803899988532066,0.0812920033931732,0.0779099985957145,0.0784519985318183,335482524,0.024742130182718647,0.07965385700975143,0.08303673317035035,0.001105264425579393,0.0784490033984184,0.0797130018472671,0.07880599796772,48.10592511300441,-0.0010374459344271864,-0.0007482418023103429,0.0769980028271675
2023-05-06,0.0769980028271675,0.0803849995136261,0.0764390006661415,0.0803849995136261,341154511,-0.042194253942370974,0.07899214327335355,0.08275626649459199,0.0011115323930649711,0.0803899988532066,0.0784490033984184,0.0797130018472671,41.99852692061471,-0.0012169737800702962,-0.0008419881978623336,0.0767100006341934
2023-05-07,0.0767100006341934,0.0774959996342659,0.0766929984092712,0.0769869983196258,205466114,-0.00374038523597231,0.07855514330523351,0.08256473317742345,0.001334223292977696,0.0769980028271675,0.0803899988532066,0.0784490033984184,41.51657432912434,-0.00136673538643739,-0.000946937635577345,0.0724729970097541
2023-05-08,0.0724729970097541,0.0771069973707199,0.0709460005164146,0.0766969993710517,459549555,-0.05523404496689144,0.07764842893396103,0.08226699978113171,0.0026409704615667487,0.0767100006341934,0.0769980028271675,0.0803899988532066,35.129649524702074,-0.0018064892374046182,-0.0011188479559427998,0.0731389969587326
2023-05-09,0.0731389969587326,0.073303997516632,0.0722879990935325,0.0724729970097541,249148363,0.009189628916393078,0.07683885736124853,0.08192863290508585,0.003062012345530639,0.0724729970097541,0.0767100006341934,0.0769980028271675,36.77611088447099,-0.00207731075733332,-0.001310540516220904,0.0732259973883628
2023-05-10,0.0732259973883628,0.0746079981327056,0.0713199973106384,0.0731429979205131,344464160,0.0011895217769979372,0.07591214243854792,0.08154109939932819,0.003028640081141128,0.0731389969587326,0.0724729970097541,0.0767100006341934,37.001052844403716,-0.0022588795975652526,-0.0015002083324897736,0.0720850005745887
2023-05-11,0.0720850005745887,0.0732330009341239,0.0695670023560524,0.0732330009341239,325440313,-0.015581854183872479,0.07500299917800081,0.08113603269060449,0.0030946600644317424,0.0732259973883628,0.0731389969587326,0.0724729970097541,35.2307061148873,-0.002466411858132775,-0.0016934490376183738,0.0724589973688125
2023-05-12,0.0724589973688125,0.0725670009851455,0.0697240009903907,0.0720760002732276,365130285,0.005188274831694262,0.07386999896594451,0.08077023252844806,0.0020787768369555865,0.0720850005745887,0.0732259973883628,0.0731389969587326,36.306447446287976,-0.0025710665988315506,-0.0018689725498610091,0.0717770010232925
2023-05-13,0.0717770010232925,0.0724610015749931,0.0714730024337768,0.0724610015749931,150685494,-0.009412169230671008,0.07312414156539095,0.0802466658254464,0.0016648317345191745,0.0724589973688125,0.0720850005745887,0.0732259973883628,35.159661839717174,-0.0026781654164138996,-0.002030811123171587,0.0719859972596168
2023-05-14,0.0719859972596168,0.0725819990038871,0.0714220032095909,0.0717779994010925,136339325,0.0029117437806640556,0.07244928394045143,0.07968669906258578,0.0005596048795729935,0.0717770010232925,0.0724589973688125,0.0720850005745887,35.828592563534215,-0.0027148822783865656,-0.002167625354214583,0.0720459967851638
2023-05-15,0.0720459967851638,0.0734409987926483,0.0711980015039444,0.0719809979200363,225262487,0.00083348884270662,0.07238828390836712,0.07912243232131,0.0005795079694613786,0.0719859972596168,0.0717770010232925,0.0724589973688125,36.03261995168132,-0.0027079239342658323,-0.002275685070224833,0.0727289989590644
2023-05-16,0.0727289989590644,0.0731379985809326,0.0711819976568222,0.0720489993691444,191614182,0.009480085006489336,0.07232971276555736,0.078530999024709,0.0005071948229243657,0.0720459967851638,0.0719859972596168,0.0717770010232925,38.432328972680345,-0.0026171282042388028,-0.0023439736970276267,0.0749109983444213
2023-05-17,0.0749109983444213,0.0753080025315284,0.0724660009145736,0.0727299973368644,327166551,0.030001779435807174,0.07257042718785144,0.07797973230481144,0.0010799370825252666,0.0727289989590644,0.0720459967851638,0.0719859972596168,45.47034127530667,-0.0023421044966479704,-0.0023435998569516954,0.0735459998250007
2023-05-18,0.0735459998250007,0.0749019980430603,0.0719090029597282,0.0749019980430603,308943184,-0.018221603630814043,0.07277914136648171,0.07729829897483186,0.0011112122755682211,0.0749109983444213,0.0727289989590644,0.0720459967851638,42.218965793437874,-0.0022088282031143686,-0.00231664552618423,0.0735270008444786
2023-05-19,0.0735270008444786,0.0739559978246688,0.0731619969010353,0.0735350027680397,168839396,-0.00025832785695090177,0.07293171329157687,0.07682026575009024,0.001133035053998537,0.0735459998250007,0.0749109983444213,0.0727289989590644,42.173763125571995,-0.002080753211434666,-0.0022694670632343174,0.0736699998378753
2023-05-20,0.0736699998378753,0.0738440006971359,0.0732249990105629,0.0735400021076202,115557983,0.001944850078941407,0.07320214169366013,0.07647803251941994,0.00103298891240283,0.0735270008444786,0.0735459998250007,0.0749109983444213,42.67128939611446,-0.001945289942566375,-0.002204631639100729,0.0721419975161552
2023-05-21,0.0721419975161552,0.0739789977669715,0.0720819979906082,0.0736659988760948,142232849,-0.020741174495490067,0.07322442744459419,0.07626679912209507,0.001003644888117248,0.0736699998378753,0.0735270008444786,0.0735459998250007,38.82712431112672,-0.001938881128603756,-0.0021514815370013343,0.0729980021715164
2023-05-22,0.0729980021715164,0.0738679990172386,0.0711330026388168,0.0721440017223358,210015266,0.011865552449799033,0.07336042821407314,0.07602089916666345,0.0008733951462324425,0.0721419975161552,0.0736699998378753,0.0735270008444786,41.98050913393653,-0.0018434791949734214,-0.0020898810685957515,0.0728640034794807
2023-05-23,0.0728640034794807,0.0738819986581802,0.0725720003247261,0.0729999989271164,160114643,-0.0018356487581790981,0.0733797145741326,0.07582236602902408,0.0008584914439505934,0.0729980021715164,0.0721419975161552,0.0736699998378753,41.61883527965596,-0.0017584151347134896,-0.0020235878818192993,0.0707350000739097
2023-05-24,0.0707350000739097,0.0728759989142417,0.0700619965791702,0.0728669986128807,240278483,-0.029218863964434072,0.07278314339263094,0.0755540661513805,0.0010472543416293128,0.0728640034794807,0.0729980021715164,0.0721419975161552,36.271950737654144,-0.0018415656140458314,-0.0019871834282646056,0.0708749964833259
2023-05-25,0.0708749964833259,0.0709649994969368,0.0692239999771118,0.0707340016961097,195452304,0.0019791674456763886,0.07240157148667739,0.07525499934951459,0.0011986342778039284,0.0707350000739097,0.0728640034794807,0.0729980021715164,36.846508209036344,-0.00187455769352321,-0.0019646582813163263,0.0709839984774589
2023-05-26,0.0709839984774589,0.0713500007987022,0.0704429969191551,0.0708770006895065,162190615,0.0015379470834773201,0.07203828543424602,0.07500036607185993,0.0011859897060672096,0.0708749964833259,0.0707350000739097,0.0728640034794807,37.32034814036287,-0.0018703483922310749,-0.0019457963034992761,0.072682999074459
2023-05-27,0.072682999074459,0.0732870027422905,0.0709149986505508,0.0709820017218589,152865632,0.023934980184860066,0.07189728532518655,0.07475013261040046,0.001004442305043451,0.0709839984774589,0.0708749964833259,0.0707350000739097,44.3314742747452,-0.0017102031838542447,-0.00189867767957027,0.0736130028963089
2023-05-28,0.0736130028963089,0.0739170014858245,0.0721990019083023,0.0726810023188591,190660985,0.012795341877639865,0.07210742895092279,0.07452509949604666,0.001199173770306922,0.072682999074459,0.0709839984774589,0.0708749964833259,47.77509080228928,-0.0014910554572136747,-0.001817153235098951,0.073184996843338
2023-05-29,0.073184996843338,0.0739189982414245,0.0728309974074363,0.0736159980297088,157791026,-0.0058142724264867995,0.07213414247546872,0.0742435994247595,0.0012241420807462644,0.0736130028963089,0.072682999074459,0.0709839984774589,46.353935509658236,-0.001336509368405056,-0.001721024461760172,0.0723609998822212
2023-05-30,0.0723609998822212,0.0733830034732818,0.0722749978303909,0.073183000087738,248138018,-0.01125909676379,0.07206228481871736,0.0739966660737991,0.001188399872455055,0.073184996843338,0.0736130028963089,0.072682999074459,43.66118616828278,-0.0012659273257135534,-0.0016300050345508484,0.0716599971055984
2023-05-31,0.0716599971055984,0.0726329982280731,0.0708419978618621,0.0723619982600212,189603858,-0.009687577255203639,0.07219442725181575,0.07375799939036365,0.0010607925333650783,0.0723609998822212,0.073184996843338,0.0736130028963089,41.45488959487722,-0.0012521219317033344,-0.0015544284139813458,0.071492001414299
2023-06-01,0.071492001414299,0.0721189975738525,0.070882000029087,0.071662001311779,163467169,-0.0023443440983096364,0.07228257081338334,0.07351419950524961,0.0009530481174728657,0.0716599971055984,0.0723609998822212,0.073184996843338,40.92121082780833,-0.0012404379096998125,-0.0014916303131250392,0.0726120024919509
2023-06-02,0.0726120024919509,0.0731979981064796,0.0711679980158805,0.0714899972081184,172034498,0.01566610327722473,0.07251514281545364,0.07327749952673908,0.0007630433857803248,0.071492001414299,0.0716599971055984,0.0723609998822212,45.91979986429061,-0.0011278029015402147,-0.0014188648308080744,0.072671003639698
2023-06-03,0.072671003639698,0.0729470029473304,0.0723339989781379,0.0726099982857704,112049190,0.0008125536512182396,0.07251342918191635,0.07308489953478173,0.0007626169384173333,0.0726120024919509,0.071492001414299,0.0716599971055984,46.17814554612274,-0.001021997001292435,-0.0013394912649049467,0.0724710002541542
2023-06-04,0.0724710002541542,0.0732500031590461,0.0724660009145736,0.072672002017498,135558595,-0.0027521759096023057,0.07235028594732282,0.07282093291481331,0.0005910351687418649,0.072671003639698,0.0726120024919509,0.071492001414299,45.386642583411366,-0.000943408637252327,-0.0012602747393744228,0.0665730014443397
2023-06-05,0.0665730014443397,0.0726319998502731,0.0648280009627342,0.0724750012159347,506101788,-0.08138426114073705,0.07140571517603735,0.07247343286871906,0.002180623449797901,0.0724710002541542,0.072671003639698,0.0726120024919509,29.389074118871775,-0.0013415810931348415,-0.0012765360101265066,0.070372998714447
2023-06-06,0.070372998714447,0.071783997118473,0.066111996769905,0.0665680021047592,428926152,0.057080155433346214,0.07112171500921245,0.07226219947139416,0.002164873111590508,0.0665730014443397,0.0724710002541542,0.072671003639698,43.26444280543083,-0.0013351172111751436,-0.001288252250336234,0.0672999992966651
2023-06-07,0.0672999992966651,0.070371001958847,0.0668779984116554,0.070371001958847,278793457,-0.043667308114170744,0.07049885817936484,0.0720897662142912,0.0025729413289900713,0.070372998714447,0.0665730014443397,0.0724710002541542,36.94234808515364,-0.0015599774599337757,-0.0013425972922557425,0.0679659992456436
2023-06-08,0.0679659992456436,0.0684259980916976,0.0671539977192878,0.0673020035028457,167825308,0.009895987458227395,0.06999514358384264,0.07191733295718823,0.002688652222192113,0.0672999992966651,0.070372998714447,0.0665730014443397,39.0220407982882,-0.0016652442975334525,-0.0014071266933112845,0.0694890022277832
2023-06-09,0.0694890022277832,0.0709199979901313,0.0676259994506836,0.067962996661663,274101529,0.022408307080650003,0.06954900068896154,0.07179276645183559,0.0024285808194701047,0.0679659992456436,0.0672999992966651,0.070372998714447,43.60272875346967,-0.001607248057219679,-0.0014471509660929634,0.0618599988520145
2023-06-10,0.0618599988520145,0.070591002702713,0.0585360005497932,0.0694890022277832,975736541,-0.10978720561796274,0.06800457143357817,0.07145193306108312,0.0033681113285778134,0.0694890022277832,0.0679659992456436,0.0672999992966651,31.028726979892625,-0.0021520746560981935,-0.0015881357040940095,0.0615869984030723
2023-06-11,0.0615869984030723,0.0625149980187416,0.0613030008971691,0.0618610009551048,235910036,-0.004413198415914699,0.06644971402628078,0.07108953309555845,0.0034731884924272087,0.0618599988520145,0.0694890022277832,0.0679659992456436,30.687687817436668,-0.00257618584879786,-0.0017857457330347798,0.0614590011537075
2023-06-12,0.0614590011537075,0.061634998768568,0.060403998941183,0.0615790002048015,210832319,-0.002078316084299092,0.06571914255619046,0.07074559976657227,0.003948292928642677,0.0615869984030723,0.0618599988520145,0.0694890022277832,30.51832310825857,-0.0028893190612748754,-0.002006460398682799,0.0617230013012886
2023-06-13,0.0617230013012886,0.0624530017375946,0.0607639998197555,0.0614590011537075,204620564,0.004295548945236538,0.06448342864002497,0.07040349990129466,0.003585990051839864,0.0614590011537075,0.0615869984030723,0.0618599988520145,31.359768064874302,-0.0030806647964709,-0.002221301278240419,0.0603870004415512
2023-06-14,0.0603870004415512,0.062109000980854,0.0589490011334419,0.0617230013012886,248200812,-0.021645105253647268,0.06349585737500871,0.0700148666898409,0.003632641890056707,0.0617230013012886,0.0614590011537075,0.0615869984030723,29.41817421650144,-0.003302047822299023,-0.0024374505870521403,0.0615030005574226
2023-06-15,0.0615030005574226,0.0618249997496604,0.0597960017621517,0.0603890009224414,218623835,0.01848080063111568,0.06257257184811998,0.06964066674311953,0.0030875729252123865,0.0603870004415512,0.0617230013012886,0.0614590011537075,33.14193305092776,-0.0033488402370259185,-0.002619728517046896,0.0621020011603832
2023-06-16,0.0621020011603832,0.0626299977302551,0.0609520003199577,0.0615030005574226,198520116,0.009739372023017445,0.061517285981348556,0.06921370017031826,0.0005458432562255174,0.0615030005574226,0.0603870004415512,0.0617230013012886,35.12046952016749,-0.0032995540154273223,-0.0027556936167229817,0.0622170008718967
2023-06-17,0.0622170008718967,0.0628229975700378,0.0618349984288215,0.0621059983968734,153965122,0.001851787532844762,0.06156828626990316,0.06883606687188146,0.0005974404813462606,0.0621020011603832,0.0615030005574226,0.0603870004415512,35.515020372281285,-0.0032141639330236366,-0.002847387679983113,0.0621670000255107
2023-06-18,0.0621670000255107,0.0637490004301071,0.0616049990057945,0.0622139982879161,243548821,-0.0008036524693459945,0.061651143644537214,0.06845740017791586,0.0006392262742324887,0.0622170008718967,0.0621020011603832,0.0615030005574226,35.4141792299732,-0.0031146228940085313,-0.0029008347227881966,0.0623410008847713
2023-06-19,0.0623410008847713,0.0626979991793632,0.0616960003972053,0.0621670000255107,149792820,0.0027989264270302794,0.06177714360611776,0.06807976687947905,0.0006806263929778474,0.0621670000255107,0.0622170008718967,0.0621020011603832,36.09420388441301,-0.002987260212058418,-0.002918119820642241,0.0630450025200843
2023-06-20,0.0630450025200843,0.0630569979548454,0.0609109997749328,0.0623430013656616,190107977,0.011292754773287061,0.06196600092308857,0.06777653371294336,0.0008300982827600297,0.0623410008847713,0.0621670000255107,0.0622170008718967,38.89740395928383,-0.002797272109000659,-0.0028939502783139246,0.0657040029764175
2023-06-21,0.0657040029764175,0.0664699971675872,0.0629649981856346,0.0630450025200843,370299722,0.04217622888485284,0.06272557271378375,0.06753340040644006,0.0013889534818047518,0.0630450025200843,0.0623410008847713,0.0621670000255107,48.148706230254696,-0.00240442928975787,-0.0027960460806027137,0.0656429976224899
2023-06-22,0.0656429976224899,0.0690060034394264,0.0655499994754791,0.0656960010528564,406178282,-0.0009284876288206956,0.06331700086593624,0.06729270021120705,0.0016402908915812567,0.0657040029764175,0.0630450025200843,0.0623410008847713,47.96925748443485,-0.002074112074541834,-0.002651659279390538,0.0681739971041679
2023-06-23,0.0681739971041679,0.0696630030870437,0.0655340030789375,0.0656400024890899,319058221,0.03855703690184398,0.06418442885790547,0.06720733344554898,0.0023448700809415336,0.0656429976224899,0.0657040029764175,0.0630450025200843,55.39658690666914,-0.001589776838161333,-0.002439282791144697,0.0667420029640197
2023-06-24,0.0667420029640197,0.0683090016245842,0.065700002014637,0.068181000649929,276939973,-0.021004990186509698,0.06483085772820876,0.06706956699490543,0.0023358015974740635,0.0681739971041679,0.0656429976224899,0.0657040029764175,50.96388001103477,-0.0013064279451894395,-0.002212711821953646,0.0667639970779419
2023-06-25,0.0667639970779419,0.067962996661663,0.0665450021624565,0.0667390003800392,191028870,0.0003295393147557668,0.06548757159284178,0.0669289002815882,0.0020959402345896317,0.0667420029640197,0.0681739971041679,0.0656429976224899,51.028695319890545,-0.0010677883653095188,-0.0019837271306248202,0.064749002456665
2023-06-26,0.064749002456665,0.0667850002646446,0.0638789981603622,0.0667539983987808,266917426,-0.030180856591383254,0.06583157181739803,0.06666443372766175,0.001641849407852473,0.0667639970779419,0.0667420029640197,0.0681739971041679,45.14172614370111,-0.0010293918167839922,-0.0017928600678566548,0.0655450001358985
2023-06-27,0.0655450001358985,0.0657429993152618,0.0645530000329017,0.0647469982504844,212409649,0.012293589847445885,0.06618871433394291,0.06639550030231472,0.0011253381942355279,0.064749002456665,0.0667639970779419,0.0667420029640197,47.70818106070121,-0.0009240796996039385,-0.0016191039942061117,0.0626019984483718
2023-06-28,0.0626019984483718,0.0655649974942207,0.061583999544382,0.0655499994754791,274764095,-0.04490047572545264,0.06574557082993639,0.06604273368914919,0.001772628410775109,0.0655450001358985,0.064749002456665,0.0667639970779419,40.21679247955687,-0.0010658087486860451,-0.0015084449451020986,0.0634069964289665
2023-06-29,0.0634069964289665,0.0640280023217201,0.0625509992241859,0.0625939965248107,192396033,0.012858982149884124,0.06542614208800447,0.06574426690737403,0.001983155516422515,0.0626019984483718,0.0655450001358985,0.064749002456665,42.859810390322664,-0.0011004876946865694,-0.0014268534950189929,0.0664789974689483
2023-06-30,0.0664789974689483,0.0667119994759559,0.0626429989933967,0.0634019970893859,489091093,0.04844892855669802,0.0651839992829731,0.06557156691948568,0.0016705687709594838,0.0634069964289665,0.0626019984483718,0.0655450001358985,51.64538334365575,-0.0008700567267432985,-0.0013154941413638542,0.0684780031442642
2023-07-01,0.0684780031442642,0.0707890018820762,0.0664680004119873,0.0664810016751289,635045706,0.03006973256853973,0.06543199930872232,0.06547110031048452,0.002030490826937976,0.0664789974689483,0.0634069964289665,0.0626019984483718,56.348687558007846,-0.0005201396270275715,-0.0011564232384965979,0.0680380016565322
2023-07-02,0.0680380016565322,0.0689079985022544,0.066720001399517,0.0684790015220642,374040291,-0.006425442733851705,0.06561399996280663,0.06531863361597057,0.002218201918320738,0.0684780031442642,0.0664789974689483,0.0634069964289665,55.07877390965972,-0.0002751603698382815,-0.0009801706647649345,0.068352997303009
2023-07-03,0.068352997303009,0.0686950013041496,0.0674590021371841,0.0680420026183128,265466622,0.0046297016197940355,0.06612885636942721,0.06517470007141428,0.002395164030937775,0.0680380016565322,0.0684780031442642,0.0664789974689483,55.845951669353404,-5.4961465827577105e-05,-0.0007951288249774632,0.0689409971237182
2023-07-04,0.0689409971237182,0.0714239999651908,0.0679199993610382,0.0683469995856285,493149432,0.008602399951864514,0.0666139987962586,0.06505703330039973,0.002592957439903988,0.068352997303009,0.0680380016565322,0.0684780031442642,57.311540710224165,0.00016509135310721623,-0.0006030847893605274,0.0670330002903938
2023-07-05,0.0670330002903938,0.069132000207901,0.0659400001168251,0.0689470022916793,313972996,-0.027675793982213537,0.0672469990594046,0.0650723665952682,0.0018980323073982653,0.0689409971237182,0.068352997303009,0.0680380016565322,51.354810256630905,0.00018341114929398827,-0.0004457856016296243,0.0650260001420974
2023-07-06,0.0650260001420974,0.0684759989380836,0.0650049969553947,0.0670249983668327,281014235,-0.029940479161038147,0.06747828530413759,0.06489413330952322,0.0013800919377258524,0.0670330002903938,0.0689409971237182,0.068352997303009,45.94526159810296,3.557153448455197e-05,-0.0003495141744067891,0.0654250010848045
2023-07-07,0.0654250010848045,0.0657970011234283,0.0645530000329017,0.065030001103878,202607383,0.0061360216195855966,0.06732771439211704,0.06483163336912787,0.0015538458337532065,0.0650260001420974,0.0670330002903938,0.0689409971237182,47.13743475076616,-4.8833462138631045e-05,-0.0002893780319531575,0.065760999917984
2023-07-08,0.065760999917984,0.0659570023417472,0.0649709999561309,0.0654210001230239,148945060,0.005135633589733901,0.06693957107407701,0.06475813339153921,0.0015579615224816602,0.0654250010848045,0.0650260001420974,0.0670330002903938,48.1740120368547,-8.760290058248965e-05,-0.00024902300567902395,0.0654349997639656
2023-07-09,0.0654349997639656,0.0662939995527267,0.0653320029377937,0.065761998295784,146485995,-0.00495734788742519,0.06656771366085322,0.06462299997607862,0.0015627275389283556,0.065760999917984,0.0654250010848045,0.0650260001420974,47.20679772444981,-0.0001429852033809076,-0.00022781544521940068,0.0652429983019828
2023-07-10,0.0652429983019828,0.0660319998860359,0.0640090033411979,0.0654369965195655,258321415,-0.0029342318740031015,0.06612342808927804,0.0647357666244109,0.0014046713483266244,0.0654349997639656,0.065760999917984,0.0654250010848045,46.61320269623641,-0.00020006279139105076,-0.00022226491445373069,0.0652870014309883
2023-07-11,0.0652870014309883,0.0654549971222877,0.064519003033638,0.0652469992637634,151465120,0.0006744498283453026,0.06560142870460234,0.06485910005867476,0.0006698433110942449,0.0652429983019828,0.0654349997639656,0.065760999917984,46.77837512343346,-0.00023899156040835257,-0.00022561024364465507,0.0650710016489029
2023-07-12,0.0650710016489029,0.0655699968338012,0.0640000030398368,0.0652879998087883,164499091,-0.0033084653506981754,0.06532114318438935,0.06497950007518129,0.00024972525395942577,0.0652870014309883,0.0652429983019828,0.0654349997639656,46.0256130987876,-0.0002839985095152292,-0.00023728789681876992,0.0705069974064827
2023-07-13,0.0705069974064827,0.0712670013308525,0.0646750032901763,0.0650729984045028,625261655,0.08353945105855698,0.06610414279358726,0.06527229994535441,0.0019531398693793055,0.0650710016489029,0.0652870014309883,0.0652429983019828,62.41696823810857,0.00011761677323662845,-0.00016630696280769025,0.0685290023684501
2023-07-14,0.0685290023684501,0.072731003165245,0.0671980008482933,0.0704990029335022,632033705,-0.02805388274626397,0.06654757154839377,0.06554370000958439,0.002118601707464383,0.0705069974064827,0.0650710016489029,0.0652870014309883,55.779089218624826,0.0002731434814956246,-7.841687394702728e-05,0.0719270035624504
2023-07-15,0.0719270035624504,0.0747079998254776,0.0679749995470047,0.0685240030288696,883881437,0.04958486300049647,0.06742842921188898,0.06589116677641864,0.002881523366495356,0.0685290023684501,0.0705069974064827,0.0650710016489029,63.04909498431982,0.0006629477671857842,6.985605427953501e-05,0.0695540010929107
2023-07-16,0.0695540010929107,0.0721350014209747,0.0693989992141723,0.0719290003180503,389882289,-0.032991816035813915,0.06801685797316684,0.06613956677416956,0.0028266475277792403,0.0719270035624504,0.0685290023684501,0.0705069974064827,56.11136700210787,0.0007714956827098302,0.00021018397996559404,0.0699049979448318
2023-07-17,0.0699049979448318,0.0727519989013671,0.0682549998164177,0.0695580020546913,464403123,0.0050463933980196,0.06868285792214528,0.06639583334326739,0.0026046593197162184,0.0695540010929107,0.0719270035624504,0.0685290023684501,56.86738804469632,0.0008757481211487533,0.00034329680820222594,0.068582996726036
2023-07-18,0.068582996726036,0.0702570006251335,0.0677430033683776,0.0699009969830513,284882933,-0.018911397720648093,0.06915371439286637,0.06660969989995157,0.002145992049865838,0.0699049979448318,0.0695540010929107,0.0719270035624504,53.15351433870283,0.0008419885597807375,0.00044303515851792827,0.0701590031385421
2023-07-19,0.0701590031385421,0.071212001144886,0.0684870034456253,0.0685890018939971,418313611,0.022979550147125716,0.06988057174852912,0.06687029997507726,0.001174414894931309,0.068582996726036,0.0699049979448318,0.0695540010929107,56.77748514174716,0.0009316647590253135,0.0005407610786194053,0.0705159977078437
2023-07-20,0.0705159977078437,0.0710219964385032,0.0684870034456253,0.0701479986310005,574227832,0.005088364334319806,0.06988185750586641,0.06711933314800259,0.0011752196635270555,0.0701590031385421,0.068582996726036,0.0699049979448318,57.57803207394054,0.0010197848265369874,0.0006365658282029218,0.073294997215271
2023-07-21,0.073294997215271,0.0763909965753555,0.0704070031642913,0.0705259963870048,762216251,0.03940949001304683,0.0705627139125551,0.0673723662892977,0.0015738061651414104,0.0705159977078437,0.0701590031385421,0.068582996726036,63.27961601880954,0.001298889856359009,0.0007690306338341392,0.070432998239994
2023-07-22,0.070432998239994,0.073294997215271,0.0700810030102729,0.073294997215271,353000261,-0.03904767151939681,0.07034928458077562,0.06753203297654783,0.001454754871783785,0.073294997215271,0.0705159977078437,0.0701590031385421,55.07061473675869,0.0012744521141022092,0.0008701149298877533,0.0718189999461174
2023-07-23,0.0718189999461174,0.0728039965033531,0.0702200010418891,0.0704350024461746,287153173,0.019678300523296333,0.07067285584551943,0.06765353307127948,0.0014995871269201848,0.070432998239994,0.073294997215271,0.0705159977078437,57.91772736897899,0.0013513463026903205,0.0009663612044482669,0.0742679983377456
2023-07-24,0.0742679983377456,0.0772219970822334,0.0705559998750686,0.0718119964003562,1446707666,0.03409958915420108,0.07129614161593568,0.06790439958373701,0.001962507623334996,0.0718189999461174,0.070432998239994,0.073294997215271,62.446067234865225,0.0015915527745323649,0.0010913995184650867,0.0818450003862381
2023-07-25,0.0818450003862381,0.0833410024642944,0.0738900005817413,0.0742660015821456,1525713202,0.10202243520870025,0.07319071356739314,0.06840709969401355,0.004121085274482611,0.0742679983377456,0.0718189999461174,0.070432998239994,72.35706821502662,0.002366044586544408,0.001346328532080951,0.0779580026865005
2023-07-26,0.0779580026865005,0.0820799991488456,0.0772589966654777,0.0818509981036186,846709085,-0.047492182557203444,0.07430485635995862,0.06884739970167474,0.0042179505553156015,0.0818450003862381,0.0742679983377456,0.0718189999461174,63.149710412865836,0.0026358028041070236,0.0016042233864861657,0.0775619968771934
2023-07-27,0.0775619968771934,0.0797329992055893,0.0769160017371177,0.077964000403881,515430911,-0.005079732620903443,0.07531142766986572,0.0692479662597179,0.003998079855220819,0.0779580026865005,0.0818450003862381,0.0742679983377456,62.28019757788321,0.0027855239891574346,0.0018404835070204195,0.0773210003972053
2023-07-28,0.0773210003972053,0.0777819976210594,0.0762009993195533,0.0775619968771934,370256171,-0.0031071464079203137,0.0758865709815706,0.06973859965801235,0.003948939037631802,0.0775619968771934,0.0779580026865005,0.0818450003862381,61.72320815195334,0.002851858258367021,0.00204275845728974,0.0801879987120628
2023-07-29,0.0801879987120628,0.0813160017132759,0.0770770013332367,0.0773150026798248,466582431,0.037079167368883725,0.07728014247758043,0.07029796640078222,0.0033845544120592774,0.0773210003972053,0.0775619968771934,0.0779580026865005,65.65801797688982,0.0031000361609743593,0.002254213998026664,0.0780609995126724
2023-07-30,0.0780609995126724,0.0804390013217926,0.0770390033721923,0.0801900029182434,436209339,-0.02652515630210417,0.07817185670137401,0.07068403313557302,0.00237875428081693,0.0801879987120628,0.0773210003972053,0.0775619968771934,60.674680628647934,0.003089474340433593,0.00242126606650805,0.0778179988265037
2023-07-31,0.0778179988265037,0.07965599745512,0.0771000012755394,0.078063003718853,346973531,-0.0031129589383396272,0.07867899962833946,0.070995366324981,0.0016850113355093023,0.0780609995126724,0.0801879987120628,0.0773210003972053,60.113337748354105,0.00302660705489749,0.002542334264185938,0.0780420005321502
2023-08-01,0.0780420005321502,0.0781679973006248,0.076043002307415,0.0778239965438842,369078156,0.002878533360205271,0.07813571393489833,0.0713288329541683,0.0009444284728001944,0.0778179988265037,0.0780609995126724,0.0801879987120628,60.47633756840136,0.002960729892550168,0.002626013389858784,0.0742129981517791
2023-08-02,0.0742129981517791,0.0781949982047081,0.0741000026464462,0.0780379995703697,364508311,-0.04906335504295145,0.07760071328708097,0.07152416631579395,0.001765607016325344,0.0780420005321502,0.0778179988265037,0.0780609995126724,51.79844223581494,0.0025699287362364875,0.002614796459134325,0.0736149996519088
2023-08-03,0.0736149996519088,0.0748929977416992,0.0730530023574829,0.0742119997739791,374949368,-0.008057867418956532,0.07703685654061176,0.07167996640006696,0.002322465716432041,0.0742129981517791,0.0780420005321502,0.0778179988265037,50.5778010747221,0.002186754972910057,0.0025291881618894714,0.0734160020947456
2023-08-04,0.0734160020947456,0.0747850015759468,0.0727950036525726,0.0736080035567283,307538917,-0.0027032202418553197,0.07647899964026036,0.07189273312687869,0.0026837318843367197,0.0736149996519088,0.0742129981517791,0.0780420005321502,50.154244586290794,0.0018457528748844626,0.0023925011044884695,0.0756860002875328
2023-08-05,0.0756860002875328,0.0768029987812042,0.0729980021715164,0.0734170004725456,443213361,0.03091966503239596,0.07583585700818465,0.07224806646505987,0.0021288200058746844,0.0734160020947456,0.0736149996519088,0.0742129981517791,54.80384211523007,0.0017386342450880637,0.0022617277326083887,0.0742660015821456
2023-08-06,0.0742660015821456,0.0762920007109642,0.0741999968886375,0.0756819993257522,311182997,-0.018761708902473417,0.07529371444668083,0.0725427664816379,0.0019428074488096374,0.0756860002875328,0.0734160020947456,0.0736149996519088,51.563599520473716,0.001521619647010558,0.002113706115488823,0.0734219998121261
2023-08-07,0.0734219998121261,0.0754659995436668,0.0723700001835823,0.0742620006203651,346276669,-0.01136457803084956,0.07466571458748403,0.07279813314477598,0.0016841230150947018,0.0742660015821456,0.0756860002875328,0.0734160020947456,49.68334166786785,0.0012669257933926037,0.001944350051069579,0.0749860033392906
2023-08-08,0.0749860033392906,0.0753839984536171,0.0732100009918212,0.0734250023961067,305594303,0.02130156535052863,0.07422914355993267,0.07311649993062015,0.0008550575272588039,0.0734219998121261,0.0742660015821456,0.0756860002875328,53.09651505445695,0.0011777052402361932,0.0017910210889029018,0.075314000248909
2023-08-09,0.075314000248909,0.076053999364376,0.0744630023837089,0.07498399913311,347481441,0.00437410843373387,0.07438642957380835,0.07345219999551769,0.0009478239446066207,0.0749860033392906,0.0734219998121261,0.0742660015821456,53.80424141196031,0.0011205469507500204,0.0016569262612723258,0.0758029967546463
2023-08-10,0.0758029967546463,0.0767059996724128,0.0751579999923706,0.0753189995884895,341419517,0.006492770323196062,0.07469900058848514,0.07380273317297295,0.0010097751695906845,0.075314000248909,0.0749860033392906,0.0734219998121261,54.896907011463966,0.001102003317556166,0.001545941672529094,0.0756660029292106
2023-08-11,0.0756660029292106,0.0759830027818679,0.0751670002937316,0.0758050009608268,222363416,-0.0018072349550918299,0.075020429279123,0.07415589988231655,0.0008835222057770192,0.0758029967546463,0.075314000248909,0.0749860033392906,54.50792925100679,0.0010639881052748462,0.0014495509590782445,0.0767420008778572
2023-08-12,0.0767420008778572,0.0771500021219253,0.075602002441883,0.0756710022687912,301476614,0.014220361945816773,0.0751712865063122,0.07436373333136236,0.0010836041412783067,0.0756660029292106,0.0758029967546463,0.075314000248909,57.08027286451874,0.0011079134806698532,0.0013812234633965663,0.0747829973697662
2023-08-13,0.0747829973697662,0.0767889991402626,0.07447300106287,0.0767330005764961,271947904,-0.02552713619246072,0.07524514304740085,0.07457219983140624,0.0010277995710074347,0.0767420008778572,0.0756660029292106,0.0758029967546463,51.383541234945255,0.0009734283697991897,0.0012996644446770912,0.0747309997677803
2023-08-14,0.0747309997677803,0.0764139965176582,0.0739519968628883,0.0747810006141662,347333620,-0.0006953131569303883,0.07543214304106574,0.07466566637158391,0.0007110954953702386,0.0747829973697662,0.0767420008778572,0.0756660029292106,51.237370866448614,0.000852821384544955,0.001210295832650664,0.0708630010485649
2023-08-15,0.0708630010485649,0.0748089998960495,0.0705119967460632,0.0747240036725997,400240141,-0.051758958547789446,0.07484314271381921,0.07470929970343905,0.0018834148523746493,0.0747309997677803,0.0747829973697662,0.0767420008778572,41.72802167827911,0.0004400516676756616,0.0010562469996556636,0.0671830028295517
2023-08-16,0.0671830028295517,0.0711160004138946,0.0668070018291473,0.0708639994263649,409310897,-0.051931165270451496,0.07368157165391102,0.07461856653292971,0.0034228354224373507,0.0708630010485649,0.0747309997677803,0.0747829973697662,35.060969556784784,-0.00018191935495148748,0.0008086137287342335,0.061184998601675
2023-08-17,0.061184998601675,0.0682509988546371,0.0583400018513202,0.0671849995851516,684430325,-0.08927859689591555,0.07159328620348655,0.07437196659545099,0.0056484829041257715,0.0671830028295517,0.0708630010485649,0.0747309997677803,27.38183266581153,-0.001145618705900811,0.0004177672418072246,0.0632340013980865
2023-08-18,0.0632340013980865,0.0636529996991157,0.0601960010826587,0.061184000223875,488755203,0.03348864661664663,0.06981728598475455,0.07414113320410247,0.006091572569274827,0.061184998601675,0.0671830028295517,0.0708630010485649,32.79683538898453,-0.0017241451115644346,-1.0615228867107238e-05,0.0637580007314682
2023-08-19,0.0637580007314682,0.0643839985132217,0.0632089972496032,0.0632369965314865,246572116,0.008286670490498915,0.06796242882098469,0.07391586663822329,0.005587535741040972,0.0632340013980865,0.061184998601675,0.0671830028295517,34.149180226679505,-0.0021159576465403646,-0.0004316837124017587,0.0638300031423568
2023-08-20,0.0638300031423568,0.0645869970321655,0.0636230036616325,0.0637610033154487,208195392,0.0011293078525447253,0.0663977153599262,0.07360036683579281,0.004843239671588466,0.0637580007314682,0.0632340013980865,0.061184998601675,34.34469004231778,-0.0023930760198376255,-0.000823962173888932,0.0625289976596832
2023-08-21,0.0625289976596832,0.0639910027384758,0.0613650009036064,0.0638300031423568,277361290,-0.020382350283957185,0.06465457220162661,0.07333690014978246,0.00329128481063724,0.0638300031423568,0.0637580007314682,0.0632340013980865,32.468869368473975,-0.0026867039460263947,-0.0011965105283164247,0.0625990033149719
2023-08-22,0.0625990033149719,0.0631889998912811,0.061074998229742,0.0625289976596832,271392247,0.001119571045576473,0.06347400109682762,0.07302956692874427,0.0018672560971591812,0.0625289976596832,0.0638300031423568,0.0637580007314682,32.68192943510111,-0.0028805521100427056,-0.001533318844661681,0.0637779980897903
2023-08-23,0.0637779980897903,0.0645050033926963,0.0625139996409416,0.0625929981470108,293273521,0.01883408221191951,0.06298757184829028,0.07267990025381245,0.0009660312637987379,0.0625990033149719,0.0625289976596832,0.0638300031423568,36.32549868753877,-0.002905549782320202,-0.0018077650321933854,0.0630360022187233
2023-08-24,0.0630360022187233,0.0640050023794174,0.0622260011732578,0.0637800022959709,210634657,-0.01163404141381763,0.06325200093644003,0.07205293364822861,0.0005572124682395008,0.0637779980897903,0.0625990033149719,0.0625289976596832,35.040108151288905,-0.002951213728579191,-0.0020364547714705468,0.0630839988589286
2023-08-25,0.0630839988589286,0.0630939975380897,0.0618980005383491,0.0630389973521232,202977283,0.0007614163099805005,0.06323057200227462,0.07155713352064288,0.0005608922547602536,0.0630360022187233,0.0637779980897903,0.0625990033149719,35.199840772426285,-0.002949529467556833,-0.0022190697106878043,0.0628679990768432
2023-08-26,0.0628679990768432,0.0632859990000724,0.0627230033278465,0.0630839988589286,127881732,-0.003424002694699446,0.06310342890875675,0.07106733359396454,0.0005208520626454365,0.0630839988589286,0.0630360022187233,0.0637779980897903,34.78529624118772,-0.0029318277702548995,-0.0023616213226012235,0.0631709992885589
2023-08-27,0.0631709992885589,0.0635320022702217,0.0627570003271102,0.0628670006990432,141407750,0.0048196255036738744,0.06300928550107134,0.070595666890343,0.0004168005113945534,0.0628679990768432,0.0630839988589286,0.0630360022187233,35.92526155131188,-0.002860376819351501,-0.0024613724219512793,0.0634379982948303
2023-08-28,0.0634379982948303,0.0635470002889633,0.0622109994292259,0.0631740018725395,169636026,0.004226607292560969,0.06313914273466378,0.07003733354310192,0.00038240770976499176,0.0631709992885589,0.0628679990768432,0.0630839988589286,36.97079832551775,-0.0027505007767548023,-0.002519198092911984,0.0663900002837181
2023-08-29,0.0663900002837181,0.0680650025606155,0.0625419989228248,0.0634339973330497,445903123,0.04653365598277981,0.06368071373019896,0.0696483002354701,0.0012315737999291257,0.0634379982948303,0.0631709992885589,0.0628679990768432,47.22441763284693,-0.0023975834818546204,-0.0024948751707005116,0.0658380016684532
2023-08-30,0.0658380016684532,0.0664379969239234,0.0646750032901763,0.0663940012454986,260654192,-0.008314484303448166,0.06397499995572223,0.0692489669968684,0.0014797995625657641,0.0663900002837181,0.0634379982948303,0.0631709992885589,45.72642840799139,-0.0021377925166194134,-0.002423458639884292,0.0637850016355514
2023-08-31,0.0637850016355514,0.0669199973344802,0.0630849972367286,0.0658409968018531,336593454,-0.031182599423966395,0.06408199987241195,0.06877373370031513,0.0014267141858478286,0.0658380016684532,0.0663900002837181,0.0634379982948303,40.57175110422516,-0.0020736623611068428,-0.0023534993841288023,0.063849002122879
2023-09-01,0.063849002122879,0.064130000770092,0.0625950023531913,0.0637869983911514,238777563,0.0010033783128717833,0.0641912860529763,0.06842826716601845,0.0013655132034107237,0.0637850016355514,0.0658380016684532,0.0663900002837181,40.79581177933526,-0.0019946810053930175,-0.0022817357083816455,0.0634939968585968
2023-09-02,0.0634939968585968,0.0646580010652542,0.062960997223854,0.0638549998402595,208019339,-0.005560075372814444,0.06428071430751252,0.06809090040624138,0.0012823740849536001,0.063849002122879,0.0637850016355514,0.0658380016684532,39.89724206295079,-0.0019383891266381015,-0.0022130663920329366,0.0631730034947395
2023-09-03,0.0631730034947395,0.0637309998273849,0.0629279986023902,0.0634990036487579,163140788,-0.005055491538391577,0.06428100062268119,0.06774946711957451,0.0012820852162377184,0.0634939968585968,0.063849002122879,0.0637850016355514,39.059502831873424,-0.0018978022064781441,-0.0021500135549219783,0.0631849989295005
2023-09-04,0.0631849989295005,0.0637219995260238,0.0624569989740848,0.0631730034947395,181249918,0.00018988229302707715,0.0642448578562055,0.06733276707430677,0.0013130040428907738,0.0631730034947395,0.0634939968585968,0.063849002122879,39.1109557200719,-0.0018434190610558954,-0.002088694656148762,0.0639920011162757
2023-09-05,0.0639920011162757,0.0642170011997222,0.0629080012440681,0.0631859973073005,209934446,0.012772053500794245,0.06390228654657086,0.06699030039211111,0.0009114724791241164,0.0631849989295005,0.0631730034947395,0.0634939968585968,42.62090515358113,-0.001715427316141216,-0.002014041188147253,0.0636129975318908
2023-09-06,0.0636129975318908,0.0644909963011741,0.0628250017762184,0.0639970004558563,208287267,-0.005922671236616606,0.06358442881277623,0.06666333364943659,0.0003199356210245926,0.0639920011162757,0.0631849989295005,0.0631730034947395,41.41348945887186,-0.0016258337584394433,-0.0019363997022056908,0.0635790005326271
2023-09-07,0.0635790005326271,0.0637630000710487,0.0628570020198822,0.0636119991540908,164667102,-0.0005344347945033245,0.06355500008378705,0.06628310022254781,0.0003076498193190376,0.0636129975318908,0.0639920011162757,0.0631849989295005,41.300465362072586,-0.0015398233669227518,-0.0018570844351491031,0.0636489987373352
2023-09-08,0.0636489987373352,0.0639220029115676,0.062679998576641,0.0635859966278076,162864062,0.0011009642196588842,0.06352642817156652,0.06589426683882868,0.0002841873022806184,0.0635790005326271,0.0636129975318908,0.0639920011162757,41.65354663303664,-0.001449304561034967,-0.001775528460326276,0.0634049996733665
2023-09-09,0.0634049996733665,0.0638170018792152,0.0633279979228973,0.0636470019817352,108500870,-0.0038335098557579217,0.06351371428796218,0.0654810002694527,0.0002878472184235984,0.0636489987373352,0.0635790005326271,0.0636129975318908,40.73377372818813,-0.0013813332901741332,-0.0016966894262958475,0.0613269992172718
2023-09-10,0.0613269992172718,0.0634049996733665,0.060844998806715,0.0634049996733665,240746565,-0.03277344794258519,0.06324999939118107,0.06500303347905474,0.0008827944508963832,0.0634049996733665,0.0636489987373352,0.0635790005326271,33.87363903394734,-0.001478104173716091,-0.0016529723757798963,0.0604620017111301
2023-09-11,0.0604620017111301,0.0618689991533756,0.0594860017299652,0.0613240003585815,259096660,-0.014104676850030584,0.06286099978855675,0.06446036684016383,0.0013775229836713763,0.0613269992172718,0.0634049996733665,0.0636489987373352,31.49578936815479,-0.0016060799755711896,-0.001643593895738155,0.0609509982168674
2023-09-12,0.0609509982168674,0.0620860010385513,0.0604479983448982,0.0604639984667301,231017444,0.008087666499590584,0.062426570802926996,0.06399930020173387,0.0014395172581414695,0.0604620017111301,0.0613269992172718,0.0634049996733665,34.30342565559751,-0.0016490347432270847,-0.001644682065235941,0.0612800009548664
2023-09-13,0.0612800009548664,0.0615830011665821,0.0606409981846809,0.0609499998390674,191695350,0.005397823622648401,0.06209328557763779,0.06355093357463674,0.00138820749904516,0.0609509982168674,0.0604620017111301,0.0613269992172718,36.198104482378774,-0.0016376511120831938,-0.0016432758746053916,0.0620720013976097
2023-09-14,0.0620720013976097,0.0623859986662864,0.0611560009419918,0.0612800009548664,189093769,0.012924289007870904,0.06187799998692101,0.06325790025293825,0.0012268787805022007,0.0612800009548664,0.0609509982168674,0.0604620017111301,40.636471194191856,-0.0015468900995199014,-0.0016239987195882937,0.0625530034303665
2023-09-15,0.0625530034303665,0.0628739967942237,0.0615149997174739,0.0620739981532096,155088363,0.007749098175128699,0.06172142922878263,0.06310356693963207,0.001014805524131383,0.0620720013976097,0.0612800009548664,0.0609509982168674,43.21987397924611,-0.001419782134362703,-0.0015831554025431756,0.0621480010449886
2023-09-16,0.0621480010449886,0.0628840029239654,0.0619300007820129,0.0625509992241859,144247521,-0.006474547394494823,0.06154185799615721,0.06313566702107584,0.0007417113983039025,0.0625530034303665,0.0620720013976097,0.0612800009548664,41.57912147482107,-0.0013363241509863621,-0.001533789152231813,0.0615170001983642
2023-09-17,0.0615170001983642,0.0624979995191097,0.0612859986722469,0.0621519982814788,156292597,-0.010153196177100199,0.06156900099345613,0.06307843364775177,0.0007359926640682929,0.0621480010449886,0.0625530034303665,0.0620720013976097,39.08926599793747,-0.001306044326693026,-0.0014882401871240557,0.0620159991085529
2023-09-18,0.0620159991085529,0.0628079995512962,0.0611440017819404,0.0615170001983642,207651893,0.00811156117137779,0.06179100062165938,0.06302036692698793,0.0005596850704857256,0.0615170001983642,0.0621480010449886,0.0625530034303665,42.04486227730317,-0.0012276309407308617,-0.001436118337845417,0.0627090036869049
2023-09-19,0.0627090036869049,0.0632150024175643,0.061974000185728,0.0620159991085529,198507548,0.01117460958967964,0.062042144260236166,0.06298300027847287,0.0005123634722390344,0.0620159991085529,0.0615170001983642,0.0621480010449886,45.96623141678146,-0.0010969234390317967,-0.0013682793580826929,0.0626299977302551
2023-09-20,0.0626299977302551,0.06300900131464,0.0619649998843669,0.0627090036869049,187443142,-0.0012598821860455578,0.06223500094243455,0.06298636694749193,0.00042415629024431027,0.0627090036869049,0.0620159991085529,0.0615170001983642,45.5875271180861,-0.0009883191941965283,-0.0012922873253054601,0.0613459981977939
2023-09-21,0.0613459981977939,0.0633070021867752,0.0612820014357566,0.0626289993524551,518556615,-0.020501350454958267,0.06213128619960373,0.06294460011025266,0.0005428184387258923,0.0626299977302551,0.0627090036869049,0.0620159991085529,39.84243587127625,-0.0009943948147162762,-0.0012327088231876234,0.0615309998393058
2023-09-22,0.0615309998393058,0.061829000711441,0.0610539987683296,0.0613449998199939,144488200,0.003015708390878391,0.06198528568659505,0.06286970016856984,0.000547904551841296,0.0613459981977939,0.0626299977302551,0.0627090036869049,40.99622409170014,-0.0009730648159177804,-0.001180780021733655,0.0615070015192031
2023-09-23,0.0615070015192031,0.0618459992110729,0.0613779984414577,0.0615280009806156,117222607,-0.0003900199926114567,0.06189371432576856,0.06281873347858584,0.000569323962494934,0.0615309998393058,0.0613459981977939,0.0626299977302551,40.88667529824337,-0.0009471786165719531,-0.0011340597407013147,0.0607430003583431
2023-09-24,0.0607430003583431,0.0617429986596107,0.0607019998133182,0.0615070015192031,115250326,-0.012421368982220349,0.06178314292005126,0.06274070019523299,0.0007119720846975263,0.0615070015192031,0.0615309998393058,0.0613459981977939,37.45525179753515,-0.00097704930949985,-0.0011026576544610218,0.0609590001404285
2023-09-25,0.0609590001404285,0.0612000003457069,0.0605450011789798,0.0607419982552528,117409471,0.0035559616879501377,0.06163214306746206,0.0626770668973525,0.0007645050822414431,0.0607430003583431,0.0615070015192031,0.0615309998393058,39.01361747817983,-0.0009720870571317125,-0.00107654353499516,0.060598999261856
2023-09-26,0.060598999261856,0.0611159987747669,0.0599070005118846,0.0609560012817382,141794234,-0.005905623086716938,0.06133071386388363,0.06259133356312907,0.0006805082047758097,0.0609590001404285,0.0607430003583431,0.0615070015192031,37.343568257008215,-0.0009858393561922932,-0.0010584026992345866,0.060504000633955
2023-09-27,0.060504000633955,0.0613319985568523,0.0602749995887279,0.0605930015444755,153818653,-0.0015676600118510464,0.061026999992983624,0.06249353364109989,0.0004336223187846035,0.060598999261856,0.0609590001404285,0.0607430003583431,36.894744320798324,-0.000992957551058736,-0.0010453136695994167,0.0614840015769004
2023-09-28,0.0614840015769004,0.0616610012948513,0.0604059994220733,0.0604970008134841,137019315,0.016197291628273325,0.061046714761427416,0.06233000035087264,0.00045323646890182783,0.060504000633955,0.060598999261856,0.0609590001404285,44.32817807577688,-0.0009090420153936712,-0.0010180593387582677,0.0621780008077621
2023-09-29,0.0621780008077621,0.0623099990189075,0.0613849982619285,0.0614859983325004,141947701,0.011287476629081805,0.06113914347120688,0.062208000322182926,0.0006080041663359465,0.0614840015769004,0.060504000633955,0.060598999261856,48.91715816725917,-0.0007775750101697565,-0.0009699624730405655,0.0621410012245178
2023-09-30,0.0621410012245178,0.0625059977173805,0.0617990009486675,0.0621800012886524,124411353,-0.0005950590685391832,0.06122971485768042,0.06215320030848181,0.0007105152566683442,0.0621780008077621,0.0614840015769004,0.060504000633955,48.68674145554499,-0.0006686640752796846,-0.0009097027934883893,0.0631930008530616
2023-10-01,0.0631930008530616,0.06351900100708,0.0618960000574588,0.0621399991214275,162108911,0.016929235252307828,0.06157971492835449,0.062131333599487894,0.0009822671165254683,0.0621410012245178,0.0621780008077621,0.0614840015769004,55.154776782602994,-0.0004917946935272255,-0.0008261211734961565,0.062059998512268
2023-10-02,0.062059998512268,0.0639609992504119,0.0616259984672069,0.0631899982690811,275648168,-0.01792923781904432,0.06173700041004584,0.06208353365461027,0.0009540533303589991,0.0631930008530616,0.0621410012245178,0.0621780008077621,48.11974576064331,-0.00043799927126563637,-0.0007484967930500526,0.0613860003650188
2023-10-03,0.0613860003650188,0.0622689984738826,0.0612279996275901,0.0620540007948875,156615776,-0.0108604280278215,0.0618494291390691,0.06202396688361959,0.0008367575741688837,0.062059998512268,0.0631930008530616,0.0621410012245178,44.48472903062433,-0.0004446266499436441,-0.0006877227644287709,0.0614879988133907
2023-10-04,0.0614879988133907,0.0615609996020793,0.0604580007493495,0.0613889992237091,141610437,0.0016615913688036166,0.06199000030755992,0.061967400213082585,0.0006302263709235316,0.0613860003650188,0.062059998512268,0.0631930008530616,45.15988020990524,-0.00043661544191590795,-0.0006375012999261983,0.0609229989349842
2023-10-05,0.0609229989349842,0.0616069994866848,0.0608390010893344,0.0614859983325004,114148166,-0.009188783003350132,0.06190985707300046,0.061865100140372865,0.0007326445612726441,0.0614879988133907,0.0613860003650188,0.062059998512268,42.105212968492985,-0.00047043439524949854,-0.0006040879189908584,0.0614259988069534
2023-10-06,0.0614259988069534,0.0615549981594085,0.0608210004866123,0.0609200000762939,109783884,0.008256321598777427,0.06180242821574207,0.061792200182874964,0.0007418489696361465,0.0609229989349842,0.0614879988133907,0.0613860003650188,45.631080807295575,-0.0004514443045674499,-0.0005735591961061767,0.0614550001919269
2023-10-07,0.0614550001919269,0.0616689994931221,0.0611290000379085,0.0614250004291534,97620505,0.00047213534231071996,0.06170442806822908,0.06172140017151829,0.0007349473574769043,0.0614259988069534,0.0609229989349842,0.0614879988133907,45.83590140817324,-0.00042910786315693283,-0.0005446689295163279,0.0610079988837242
2023-10-08,0.0610079988837242,0.0616110004484653,0.0608760006725788,0.0614559985697269,92483679,-0.007273636104575654,0.061392284929752315,0.06163336684306459,0.0003714873283105928,0.0614550001919269,0.0614259988069534,0.0609229989349842,43.13839983367614,-0.00044237590814028005,-0.0005242103252411184,0.0587790012359619
2023-10-09,0.0587790012359619,0.0610300004482269,0.0582600012421608,0.0610099993646144,241183528,-0.03653615408711519,0.06092357103313716,0.0614791668951511,0.0009724177967283892,0.0610079988837242,0.0614550001919269,0.0614259988069534,32.778954063594554,-0.0006255415573573897,-0.0005444765716643727,0.0590250007808208
2023-10-10,0.0590250007808208,0.0592040009796619,0.0586079992353916,0.0587790012359619,123311323,0.004185160341043659,0.06058628537825173,0.06140243361393607,0.0011738806763195943,0.0587790012359619,0.0610079988837242,0.0614550001919269,34.64432485457253,-0.0007422948338509164,-0.0005840402241016815,0.0584699995815753
2023-10-11,0.0584699995815753,0.0594540014863014,0.057812999933958,0.0590410009026527,146066511,-0.009402815618866356,0.06015514263084953,0.061336033542950905,0.0013311877545422708,0.0590250007808208,0.0587790012359619,0.0610079988837242,32.45605943346581,-0.0008695825981790903,-0.0006411486989171633,0.057897001504898
2023-10-12,0.057897001504898,0.0584950000047683,0.0574660003185272,0.0584699995815753,116644185,-0.009799864559223548,0.05972285728369436,0.06123423365255192,0.0015184349793135358,0.0584699995815753,0.0590250007808208,0.0587790012359619,30.32629680259211,-0.0010051089541463151,-0.0007139407499629938,0.058398000895977
2023-10-13,0.058398000895977,0.0587560012936592,0.0578240007162094,0.057897001504898,139290300,0.008653287356109596,0.05929028615355487,0.06113816698392228,0.0013771103586757007,0.057897001504898,0.0584699995815753,0.0590250007808208,34.380777261483246,-0.0010598705755827525,-0.0007831267150869455,0.059859000146389
2023-10-14,0.059859000146389,0.0599300004541873,0.0584000013768672,0.0584000013768672,112567930,0.02501796684811941,0.059062286147049455,0.061064400275548256,0.0010529449460747384,0.058398000895977,0.057897001504898,0.0584699995815753,44.51991284443277,-0.0009741497339336158,-0.0008213313188562795,0.0593499988317489
2023-10-15,0.0593499988317489,0.0598599985241889,0.0591249987483024,0.0598599985241889,105304368,-0.008503338067714195,0.05882542899676727,0.06095763345559434,0.0006527416186855556,0.059859000146389,0.058398000895977,0.057897001504898,42.08039897351949,-0.0009364922023685912,-0.0008443634955587419,0.060113999992609
2023-10-16,0.060113999992609,0.0612259991466999,0.0593510009348392,0.0593569986522197,255254744,0.012872808355497423,0.05901614310485971,0.060889833420515016,0.0008124126929254839,0.0593499988317489,0.059859000146389,0.058398000895977,46.79316829909132,-0.0008353702009613606,-0.0008425648366392658,0.0591199994087219
2023-10-17,0.0591199994087219,0.0601559989154338,0.0588009990751743,0.0601099990308284,154163593,-0.0165352594072814,0.05902971433741701,0.060809933394193605,0.0008133782152966797,0.060113999992609,0.0593499988317489,0.059859000146389,42.00441101851228,-0.0008259171672234805,-0.0008392353027561087,0.0586730018258094
2023-10-18,0.0586730018258094,0.05927399918437,0.0583619996905326,0.0591159984469413,113718362,-0.007560852289970721,0.059058714658021885,0.06069850015143549,0.0007934713610227224,0.0591199994087219,0.060113999992609,0.0593499988317489,40.02091816403973,-0.0008447567096016573,-0.0008403395841252184,0.058883000165224
2023-10-19,0.058883000165224,0.058883000165224,0.0580129995942115,0.0586679987609386,119806282,0.0035791306543007106,0.05919957160949703,0.0605709667007128,0.00062182448916689,0.0586730018258094,0.0591199994087219,0.060113999992609,41.42043224612515,-0.000833138173453464,-0.0008388993019908676,0.0599649995565414
2023-10-20,0.0599649995565414,0.0603369995951652,0.0586999990046024,0.0588780008256435,154146216,0.01837541205919102,0.059423428561006235,0.060482133428255674,0.0005645905540208173,0.058883000165224,0.0586730018258094,0.0591199994087219,48.135405477437274,-0.0007282275378652711,-0.0008167649491657484,0.0611880011856555
2023-10-21,0.0611880011856555,0.0613630004227161,0.0595710016787052,0.0599649995565414,149488431,0.020395257869733063,0.059613285852330014,0.06047686686118439,0.0008740946140936183,0.0599649995565414,0.058883000165224,0.0586730018258094,54.48617254624871,-0.0005401723226133998,-0.0007614464238552787,0.0615959987044334
2023-10-22,0.0615959987044334,0.0616669990122318,0.060563001781702,0.0611889995634555,152154020,0.006667933432568995,0.059934142976999234,0.060479033490021976,0.00113471240878164,0.0611880011856555,0.0599649995565414,0.058883000165224,56.40403163816858,-0.0003541329949481517,-0.0006799837380738533,0.0670849978923797
2023-10-23,0.0670849978923797,0.0672380030155181,0.061769001185894,0.0618279986083507,618990461,0.08911291810179267,0.06092999981982361,0.0606649667024612,0.0029406828860775672,0.0615959987044334,0.0611880011856555,0.0599649995565414,72.93035450736136,0.0002335288977875563,-0.0004972812109015714,0.0665559992194175
2023-10-24,0.0665559992194175,0.0697669982910156,0.0651239976286888,0.067111000418663,676497484,-0.007885498838515859,0.061992285507065835,0.06085873333116367,0.0034728064205006787,0.0670849978923797,0.0615959987044334,0.0611880011856555,70.16961703487291,0.0006490871372981794,-0.00026800754126162125,0.0683609992265701
2023-10-25,0.0683609992265701,0.0694539994001388,0.0650490000844001,0.0665640011429786,536305756,0.02712001965746147,0.06337628513574595,0.061105466634035065,0.0038405076071761665,0.0665559992194175,0.0670849978923797,0.0615959987044334,73.81230056385768,0.001111258554724097,7.845677935522393e-06,0.0718669965863227
2023-10-26,0.0718669965863227,0.0748879984021186,0.068131998181343,0.0683640018105506,1010931815,0.05128651423207864,0.06523114176733147,0.061481066544850624,0.004402955661241511,0.0683609992265701,0.0665559992194175,0.0670849978923797,79.14054979264411,0.001740375454001325,0.00035435163314868293,0.0678810030221939
2023-10-27,0.0678810030221939,0.0721789970993995,0.0676240026950836,0.0718720033764839,468362462,-0.05546347772222604,0.06636199940528183,0.06172696662445858,0.00380030150632237,0.0718669965863227,0.0683609992265701,0.0665559992194175,63.35738419254107,0.0018954689744845876,0.0006625751014158639,0.0690009966492652
2023-10-28,0.0690009966492652,0.069691002368927,0.0677099972963333,0.0678820013999939,246982558,0.01649936767588911,0.06747814161436894,0.06197753312687074,0.0031125387305342327,0.0678810030221939,0.0718669965863227,0.0683609992265701,65.44282072851956,0.0020847244268861614,0.0009470049665099234,0.0693589970469474
2023-10-29,0.0693589970469474,0.0700839981436729,0.0679100006818771,0.0690020024776458,203013207,0.005188336619279754,0.06858714137758522,0.06221689966817692,0.001753863958811869,0.0690009966492652,0.0678810030221939,0.0718669965863227,66.10683179397512,0.0022378023836895633,0.0012051644499458513,0.0696500018239021
2023-10-30,0.0696500018239021,0.070200003683567,0.0682739987969398,0.0693589970469474,292736698,0.004195631271278755,0.06895357051065985,0.0624671996881564,0.0016527541573262482,0.0693589970469474,0.0690009966492652,0.0678810030221939,66.66750035787476,0.002355447290643714,0.001435221018085424,0.0682770013809204
2023-10-31,0.0682770013809204,0.0707219988107681,0.0669699981808662,0.0696479976177215,474946795,-0.01971285580800264,0.06919942796230312,0.06263666637241835,0.0013339074375922216,0.0696500018239021,0.0693589970469474,0.0690009966492652,61.4984204786392,0.002311249421260028,0.001610426698720345,0.0688410028815269
2023-11-01,0.0688410028815269,0.0695540010929107,0.0661289989948272,0.0682789981365203,461539028,0.00826049019727626,0.06926799991301123,0.06286269985139366,0.0012954050408425944,0.0682770013809204,0.0696500018239021,0.0693589970469474,62.775227861103275,0.0022952740088709456,0.001747396160750465,0.0679339990019798
2023-11-02,0.0679339990019798,0.0707039982080459,0.0671859979629516,0.0688590034842491,501730943,-0.013175343786144822,0.06870614311524796,0.06308096647262569,0.0006932338005608124,0.0688410028815269,0.0682770013809204,0.0696500018239021,59.365686960309155,0.0021842471055381757,0.0018347663497080072,0.0681440010666847
2023-11-03,0.0681440010666847,0.0682080015540123,0.0666399970650672,0.0679309964179992,282752934,0.0030912660492543598,0.06874371426446092,0.06330283321440215,0.000646620056430021,0.0679339990019798,0.0688410028815269,0.0682770013809204,59.908634116516566,0.0020891208120141502,0.001885637242169236,0.0690789967775344
2023-11-04,0.0690789967775344,0.0692569985985755,0.0680589973926544,0.0681470036506652,203958701,0.013720880726312723,0.06875485713992796,0.06357469980915383,0.0006524384998593078,0.0681440010666847,0.0679339990019798,0.0688410028815269,62.3225225652691,0.0020653705725173777,0.0019215839082388645,0.071223996579647
2023-11-05,0.071223996579647,0.0715989992022514,0.0689809992909431,0.0690789967775344,447538899,0.031051403497078356,0.06902128564459933,0.06390129973491028,0.001139358846413581,0.0690789967775344,0.0681440010666847,0.0679339990019798,67.20143973737254,0.002194336943763739,0.0019761345153438397,0.0763809978961944
2023-11-06,0.0763809978961944,0.076385997235775,0.0706209987401962,0.071223996579647,707371164,0.07240539093843945,0.06998285651206966,0.0643988329917192,0.003030032512075185,0.071223996579647,0.0690789967775344,0.0681440010666847,75.43678065737916,0.002681757004108512,0.0021172590130967743,0.0735180005431175
2023-11-07,0.0735180005431175,0.0763889998197555,0.0718979984521865,0.0763889998197555,789220960,-0.03748311009196115,0.07073157067809781,0.0648158330470323,0.003181977200324356,0.0763809978961944,0.071223996579647,0.0690789967775344,65.5904227116372,0.0028046902311519017,0.0022547452567078,0.0754809975624084
2023-11-08,0.0754809975624084,0.0766810029745101,0.0730269998311996,0.0735170021653175,531673694,0.026700903245316487,0.07168014134679516,0.06537256625791385,0.003498432467112883,0.0735180005431175,0.0763809978961944,0.071223996579647,68.61521151424071,0.003025635510503666,0.002408923307466973,0.073461003601551
2023-11-09,0.073461003601551,0.077735997736454,0.0705569982528686,0.0754740014672279,964429145,-0.026761622475739766,0.07246971343244821,0.0658537663519382,0.0031146989612533755,0.0754809975624084,0.0735180005431175,0.0763809978961944,62.52433346603569,0.0030031214902065534,0.002527762944014889,0.0754439979791641
2023-11-10,0.0754439979791641,0.0754539966583252,0.0731550008058548,0.073464997112751,649733691,0.02699383727955529,0.07351257013423096,0.0664195662985245,0.002605437522622668,0.073461003601551,0.0754809975624084,0.0735180005431175,65.73953936955515,0.0031094462794676175,0.002644099611105435,0.0784059986472129
2023-11-11,0.0784059986472129,0.0816980004310607,0.074922002851963,0.0754449963569641,1345253621,0.039260918660048105,0.07484499897275647,0.06710319953660165,0.0023306412472414288,0.0754439979791641,0.073461003601551,0.0754809975624084,69.89438826384006,0.003393598845377266,0.0027939994579598013,0.0779810026288032
2023-11-12,0.0779810026288032,0.0799809992313385,0.0761440023779869,0.0784199982881546,727221576,-0.005420452844711154,0.07581028555120736,0.0677559662610292,0.0019490059470634916,0.0784059986472129,0.0754439979791641,0.073461003601551,68.60872923513526,0.0035436491921811974,0.002943929404804081,0.0747819989919662
2023-11-13,0.0747819989919662,0.0793979987502098,0.0741759985685348,0.0779799968004226,829471613,-0.04102285850394294,0.07558185713631761,0.06825339955588176,0.001964609756509106,0.0779810026288032,0.0784059986472129,0.0754439979791641,59.70612731355468,0.0033656353653177123,0.0030282705969068074,0.0724570006132125
2023-11-14,0.0724570006132125,0.0754270032048225,0.0702809989452362,0.0747779980301857,708265059,-0.03109034807966926,0.07543028571775977,0.06869029961526388,0.0021795471991698824,0.0747819989919662,0.0779810026288032,0.0784059986472129,54.20134388318136,0.0030023410677284396,0.003023084691071134,0.0763560011982917
2023-11-15,0.0763560011982917,0.0764079988002777,0.0724190026521682,0.0724560022354126,503454120,0.05381123358794149,0.07555528623717166,0.06923169965545331,0.0022078480288579695,0.0724570006132125,0.0747819989919662,0.0779810026288032,60.738689631032656,0.002994525455974173,0.003017372844051742,0.0792770013213157
2023-11-16,0.0792770013213157,0.0828370004892349,0.0760470032691955,0.0763529986143112,1563730284,0.03825501698862355,0.0763861430542809,0.06990359971920643,0.0023762870045205458,0.0763560011982917,0.0724570006132125,0.0747819989919662,64.7931984600977,0.0031872907220378693,0.0030513564196489678,0.0863040015101432
2023-11-17,0.0863040015101432,0.0870610028505325,0.0793230012059211,0.0793259963393211,2031597493,0.08863857199071568,0.07793757213013507,0.07082463304201755,0.004368603768811355,0.0792770013213157,0.0763560011982917,0.0724570006132125,72.22441272708856,0.003862553658124865,0.0032135958673441475,0.0803830027580261
2023-11-18,0.0803830027580261,0.0863939970731735,0.0798289999365806,0.0863270014524459,1340580447,-0.06860630617945584,0.07822000128882266,0.07154129979511098,0.004466738879007526,0.0863040015101432,0.0792770013213157,0.0763560011982917,60.61471378299708,0.00387525772573781,0.0033459282390228802,0.0805760025978088
2023-11-19,0.0805760025978088,0.0805979967117309,0.0779839977622032,0.0803949981927871,620299419,0.0024010031121091124,0.07859071557010917,0.07222833322981989,0.004550497327022443,0.0803830027580261,0.0863040015101432,0.0792770013213157,60.835704443771924,0.0038564445724743324,0.003448031505713171,0.0778789967298507
2023-11-20,0.0778789967298507,0.0820399969816207,0.0778160020709037,0.0805749967694282,668234221,-0.033471576908823186,0.07903314381837838,0.07278469974795972,0.0042597374330335495,0.0805760025978088,0.0803830027580261,0.0863040015101432,56.098714624574676,0.0035826110689410606,0.003474947418358749,0.0721189975738525
2023-11-21,0.0721189975738525,0.0786980018019676,0.071492001414299,0.0778789967298507,860811107,-0.0739608803125531,0.07898485766989838,0.07313546637694035,0.0043477123479139426,0.0778789967298507,0.0805760025978088,0.0803830027580261,47.57801192016917,0.0028677545614898825,0.003353508846984976,0.0757839977741241
2023-11-22,0.0757839977741241,0.0765609964728355,0.0718839988112449,0.072113998234272,440962821,0.05081879010476409,0.07890314289501729,0.07342543303966516,0.0044102814073905885,0.0721189975738525,0.0778789967298507,0.0805760025978088,52.519667985116634,0.0025673655239188548,0.003196280182371752,0.0762000009417533
2023-11-23,0.0762000009417533,0.0763479992747306,0.0751620009541511,0.0757699981331825,279606815,0.0054893272966294315,0.07846357141222268,0.07374689976374302,0.004518815059124592,0.0757839977741241,0.0721189975738525,0.0778789967298507,53.0605522190299,0.0023359456984656246,0.0030242132855905265,0.0782169997692108
2023-11-24,0.0782169997692108,0.0784289985895156,0.0761490017175674,0.0761990025639534,401116993,0.02646980055812964,0.07730828544923232,0.07407543311516437,0.002937226330293195,0.0762000009417533,0.0757839977741241,0.0721189975738525,55.695844154383074,0.002288913596970768,0.002877153347866575,0.0789550021290779
2023-11-25,0.0789550021290779,0.0791049972176551,0.0777629986405372,0.0782160013914108,291859035,0.009435319202279135,0.07710428535938259,0.07431169996658957,0.0027303927718150714,0.0782169997692108,0.0762000009417533,0.0757839977741241,56.65473507571486,0.0022848525820913235,0.0027586931947115247,0.0787039995193481
2023-11-26,0.0787039995193481,0.0789799988269805,0.0763460025191307,0.0789519995450973,343339848,-0.0031790589951407044,0.07683685634817392,0.0746724665164947,0.0024061000605417916,0.0789550021290779,0.0782169997692108,0.0762000009417533,56.20914359504058,0.0022356096690068494,0.00265407648957059,0.0787879973649978
2023-11-27,0.0787879973649978,0.0813200026750564,0.0770889967679977,0.0786899998784065,743996999,0.0010672627333130347,0.07696671358176636,0.07499869987368579,0.002494619523181599,0.0787039995193481,0.0789550021290779,0.0782169997692108,56.3329175976742,0.0021782526886761633,0.0025589117293917047,0.0810090005397796
2023-11-28,0.0810090005397796,0.0810310021042823,0.0770369991660118,0.0787919983267784,618900678,0.02818961325406777,0.07823671400547023,0.07538703332344686,0.0017742691085213848,0.0787879973649978,0.0787039995193481,0.0789550021290779,59.58564289008676,0.00228566553354298,0.00250426249022196,0.0805929973721504
2023-11-29,0.0805929973721504,0.0828419998288154,0.0797860026359558,0.0810040012001991,596560786,-0.005135270955786253,0.07892371394804541,0.07575179984172181,0.0015874852840062376,0.0810090005397796,0.0787879973649978,0.0787039995193481,58.70359923134079,0.0023105879879890823,0.0024655275897753847,0.083416998386383
2023-11-30,0.083416998386383,0.0842169970273971,0.0805369988083839,0.0805990025401115,645565938,0.03504027776994523,0.07995471358299253,0.07625646640857055,0.0018462090859359872,0.0805929973721504,0.0810090005397796,0.0787879973649978,62.736227301897664,0.002529059074653575,0.0024782338867510227,0.0838569998741149
2023-12-01,0.0838569998741149,0.0849080011248588,0.0825039967894554,0.0834140032529831,519429439,0.005274722133896903,0.0807604278836931,0.07675699964165682,0.002164674270829897,0.083416998386383,0.0805929973721504,0.0810090005397796,63.33695611878811,0.002706504528188075,0.0025238880150384333,0.08627899736166
2023-12-02,0.08627899736166,0.0864809975028038,0.0835480019450187,0.083856001496315,462433973,0.028882472437375295,0.08180671291691911,0.07736849958697949,0.0028180060481722245,0.0838569998741149,0.083416998386383,0.0805929973721504,66.53501533147283,0.0030078931642578965,0.0026206890448823264,0.0856150016188621
2023-12-03,0.0856150016188621,0.0871469974517822,0.0838899984955787,0.0862829983234405,550096321,-0.007695913989526404,0.0827939989311354,0.07795086627205207,0.002759832278056787,0.08627899736166,0.0838569998741149,0.083416998386383,64.86453419595463,0.0031567775558927064,0.0027279067470844026,0.0919400006532669
2023-12-04,0.0919400006532669,0.0919540002942085,0.0854310020804405,0.0856169983744621,1364950607,0.07387722846239297,0.08467285654374528,0.07871289973457649,0.0038425382815731623,0.0856150016188621,0.08627899736166,0.0838569998741149,72.06050929209695,0.0037420085258053626,0.0029307271028285948,0.0942469984292984
2023-12-05,0.0942469984292984,0.0950570032000541,0.0877199992537498,0.0919210016727447,1094480332,0.025092427231231618,0.08656399909939082,0.07948033312956487,0.004861344353479288,0.0919400006532669,0.0856150016188621,0.08627899736166,74.1408283194467,0.004341912857291519,0.00321296425372118,0.0948640033602714
2023-12-06,0.0948640033602714,0.1054319962859153,0.0937739983201026,0.0942479968070983,2606846041,0.0065466799076456805,0.08860271424055095,0.08009643331170077,0.004931847298511215,0.0942469984292984,0.0919400006532669,0.0856150016188621,74.68374974210688,0.004811662651584309,0.003532703933293806,0.0959199965000152
2023-12-07,0.0959199965000152,0.0979389995336532,0.093308001756668,0.0948909968137741,1229053762,0.011131652706384276,0.09038885682821271,0.08084316651026403,0.0050042904924222755,0.0948640033602714,0.0942469984292984,0.0919400006532669,75.626919646895,0.00520910524627663,0.003867984195890371,0.1014700010418891
2023-12-08,0.1014700010418891,0.1034059971570968,0.0958250015974044,0.0959139987826347,1017561991,0.05786076672628959,0.09290499985218045,0.08170946662624673,0.005568771734583286,0.0959199965000152,0.0948640033602714,0.0942469984292984,79.87137192350923,0.005903864276840018,0.0042751602120803004,0.0985419973731041
2023-12-09,0.0985419973731041,0.1046150028705596,0.0980409979820251,0.1014960035681724,1122491938,-0.028855855314086853,0.09465685699667246,0.08254549975196517,0.005040769115504267,0.1014700010418891,0.0959199965000152,0.0948640033602714,72.68034106184354,0.006147337705818906,0.004649595710828022,0.1018010005354881
2023-12-10,0.1018010005354881,0.1026360020041465,0.0971520021557807,0.0985430032014846,687190079,0.033072225541000755,0.09696914255619046,0.08342406650384263,0.003748624332641061,0.0985419973731041,0.1014700010418891,0.0959199965000152,75.34146514573466,0.006528015571040199,0.005025279682870457,0.0943839997053146
2023-12-11,0.0943839997053146,0.1058370023965835,0.0918150022625923,0.1018119975924491,1973481451,-0.07285783824480119,0.09731828527791155,0.08395666653911267,0.003287615577750087,0.1018010005354881,0.0985419973731041,0.1014700010418891,60.82123997288697,0.006160204538011249,0.005252264653898615,0.0938350036740303
2023-12-12,0.0938350036740303,0.0974529981613159,0.0915419980883598,0.0943820029497146,948285886,-0.005816621810882827,0.09725942888430182,0.08448513324062024,0.0033547651786273187,0.0943839997053146,0.1018010005354881,0.0985419973731041,59.901004530511905,0.005758037184418752,0.005353419160002643,0.0964279994368553
2023-12-13,0.0964279994368553,0.0973820015788078,0.0906049981713295,0.0938199982047081,812811810,0.027633565954051642,0.09748285689524239,0.08520666658878322,0.003217930685362302,0.0938350036740303,0.0943839997053146,0.1018010005354881,62.76647002748048,0.005584178809442952,0.005399571089890705,0.0982550010085105
2023-12-14,0.0982550010085105,0.0986789986491203,0.0949750021100044,0.0964270010590553,742258598,0.01894679535326871,0.09781642896788456,0.08606659993529316,0.0031492128381003432,0.0964279994368553,0.0938350036740303,0.0943839997053146,64.68154250747503,0.005530071332662964,0.005425671138445156,0.0930040031671524
2023-12-15,0.0930040031671524,0.0986109972000122,0.0929730013012886,0.0982690006494522,614056351,-0.053442550378715925,0.09660700070006503,0.08662153333425518,0.0031378624635392777,0.0982550010085105,0.0964279994368553,0.0938350036740303,55.79851077300036,0.005005775660289244,0.005341692042813974,0.0970560014247894
2023-12-16,0.0970560014247894,0.0970759987831115,0.0922849997878074,0.0930040031671524,498585277,0.04356799836190395,0.09639471556459152,0.08721416667103762,0.0030336726838235137,0.0930040031671524,0.0982550010085105,0.0964279994368553,60.32638835655829,0.004861193149377288,0.005245592264126637,0.0930970013141632
2023-12-17,0.0930970013141632,0.0975850000977516,0.0927750021219253,0.0970619991421699,482463968,-0.04079088415458898,0.09515128710440224,0.08744059999783829,0.0020833955240237454,0.0970560014247894,0.0930040031671524,0.0982550010085105,54.45676101584559,0.004376700368192585,0.005071813884939826,0.0920360013842582
2023-12-18,0.0920360013842582,0.093650996685028,0.0871869996190071,0.0930840000510215,685264950,-0.011396714340181191,0.09481585877282275,0.08782903328537936,0.0023934602379220536,0.0930970013141632,0.0970560014247894,0.0930040031671524,52.96931209488256,0.003862596908546137,0.004829970489661089,0.0902969986200332
2023-12-19,0.0902969986200332,0.0933550000190734,0.0896070003509521,0.0920379981398582,482452805,-0.01889481005334559,0.09431042947939461,0.08815306648612017,0.002945101028944424,0.0920360013842582,0.0930970013141632,0.0970560014247894,50.532989214541146,0.0032770672320924094,0.004519389838147353,0.0914169996976852
2023-12-20,0.0914169996976852,0.0932649970054626,0.0897440016269683,0.0902900025248527,596172199,0.012403524976117186,0.09359457237379887,0.08860433325171467,0.002953596509107003,0.0902969986200332,0.0920360013842582,0.0930970013141632,52.062282270023374,0.002870318229873353,0.004189575516492554,0.0950039997696876
2023-12-21,0.0950039997696876,0.0972110033035278,0.0908320024609565,0.0914240032434463,808685569,0.03923777944873019,0.09313014362539561,0.08936716665824251,0.0022766725031754336,0.0914169996976852,0.0902969986200332,0.0920360013842582,56.68128522657732,0.0028050725133102056,0.003912674915856084,0.0951979979872703
2023-12-22,0.0951979979872703,0.0954940021038055,0.0923309996724128,0.0950070023536682,622353150,0.0020420005268515506,0.09344357145684101,0.0900142999986807,0.0024038814907123953,0.0950039997696876,0.0914169996976852,0.0902969986200332,56.923035523516546,0.0027374630773677744,0.0036776325481584224,0.0935619994997978
2023-12-23,0.0935619994997978,0.0952000021934509,0.0924270004034042,0.0952000021934509,357245326,-0.01718521945904017,0.09294442832469936,0.09059303328394885,0.0018208169042041775,0.0951979979872703,0.0950039997696876,0.0914169996976852,54.177179953787466,0.0025227895592969257,0.003446663950386123,0.0918949991464614
2023-12-24,0.0918949991464614,0.0948019996285438,0.0913479998707771,0.09357900172472,566323407,-0.017817066354380295,0.09277271372931338,0.09104896659652388,0.001860280756541732,0.0935619994997978,0.0951979979872703,0.0950039997696876,51.453583604635234,0.0021928682328009458,0.003195904806869088,0.0944489985704422
2023-12-25,0.0944489985704422,0.0951670035719871,0.0915400013327598,0.0919030010700225,435910884,0.02779258335821133,0.09311742761305396,0.09156543314456936,0.0019235063086585253,0.0918949991464614,0.0935619994997978,0.0951979979872703,55.1719009886531,0.002113130757455825,0.0029793499969864353,0.0913560017943382
2023-12-26,0.0913560017943382,0.0944470018148422,0.0891219973564148,0.0944470018148422,567640365,-0.03274779852532983,0.09326871378081181,0.09198716655373569,0.001692475888305733,0.0944489985704422,0.0918949991464614,0.0935619994997978,50.16117832325323,0.0017798423287360282,0.002739448463336354,0.09357900172472
2023-12-27,0.09357900172472,0.0938640013337135,0.0899209976196289,0.0913539975881576,423259088,0.024333375878097696,0.09357757121324536,0.09248020003239309,0.0014824827690104758,0.0913560017943382,0.0944489985704422,0.0918949991464614,53.434518781541705,0.001675769140239744,0.002526712598717032,0.0918840020895004
2023-12-28,0.0918840020895004,0.0949010029435157,0.0913769975304603,0.0935949981212616,464569016,-0.018113033949707646,0.0931318572589329,0.09284270008405045,0.0014508263397838156,0.09357900172472,0.0913560017943382,0.0944489985704422,50.70020727132178,0.0014399195870101605,0.002309353996375658,0.0910380035638809
2023-12-29,0.0910380035638809,0.0930140018463134,0.0896669998764991,0.0918830037117004,407349878,-0.009207245074016712,0.09253757234130586,0.09319086695710814,0.0013084625999633267,0.0918840020895004,0.09357900172472,0.0913560017943382,49.343029984024945,0.0011712407716155254,0.0020817313514236314,0.0901480019092559
2023-12-30,0.0901480019092559,0.0914010033011436,0.0895930007100105,0.0910310000181198,252403426,-0.009776155229508032,0.09204985839979986,0.09341523374120392,0.0014870545763640587,0.0910380035638809,0.0918840020895004,0.09357900172472,47.89063956153162,0.000876392670050033,0.0018406636151489118,0.0894720032811164
2023-12-31,0.0894720032811164,0.0908159986138343,0.0889709964394569,0.0901459977030754,259196255,-0.007498764407667835,0.091703716133322,0.0936024005214373,0.001781883003201564,0.0901480019092559,0.0910380035638809,0.0918840020895004,46.76469919119817,0.0005814731253246108,0.0015888255171840518,0.0920239984989166
2024-01-01,0.0920239984989166,0.0920460000634193,0.0888380035758018,0.0894730016589164,298687049,0.028522835347521536,0.09135728755167549,0.09379390055934585,0.0013401839439339236,0.0894720032811164,0.0901480019092559,0.0910380035638809,51.40918521681132,0.000547362295688178,0.001380532872884877,0.0912040024995803
2024-01-02,0.0912040024995803,0.0943299978971481,0.0908040031790733,0.0920369997620582,496309010,-0.008910675614100305,0.09133557336671007,0.09398020058870311,0.0013414390366749537,0.0920239984989166,0.0894720032811164,0.0901480019092559,49.902653942070515,0.0004489867534825387,0.0011942236490044096,0.0820420011878013
2024-01-03,0.0820420011878013,0.0920929983258247,0.0810180008411407,0.0912050008773803,1026941029,-0.10045613197536096,0.08968743043286455,0.09365026727318759,0.003490932045291473,0.0912040024995803,0.0920239984989166,0.0894720032811164,36.89346599983282,-0.000364076659196369,0.000882563587364254,0.0841310024261474
2024-01-04,0.0841310024261474,0.0846550017595291,0.0815510004758834,0.0820489972829818,514230239,0.025462582678403844,0.08857985905238554,0.0933130674064159,0.0038854773168847606,0.0820420011878013,0.0912040024995803,0.0920239984989166,40.69000169662227,-0.0008302991582739144,0.0005399910382366203,0.0827730000019073
2024-01-05,0.0827730000019073,0.084755003452301,0.0812349990010261,0.0841209962964057,547983037,-0.016141521972618866,0.08739914425781789,0.09291003396113709,0.004252452811615563,0.0841310024261474,0.0820420011878013,0.0912040024995803,39.04551324983408,-0.0012944417750601206,0.00017310447557727216,0.0806640014052391
2024-01-06,0.0806640014052391,0.0827730000019073,0.078854002058506,0.0827730000019073,414677901,-0.025479306013066916,0.08604428704295834,0.09240150079131122,0.004716223663028753,0.0827730000019073,0.0841310024261474,0.0820420011878013,36.57339722095465,-0.0018115740064637564,-0.00022383122083093358,0.0782250016927719
2024-01-07,0.0782250016927719,0.0814739987254142,0.0776349976658821,0.0806680023670196,399266341,-0.03023653265369497,0.0844375725303377,0.09162666747967398,0.00524051298285955,0.0806640014052391,0.0827730000019073,0.0841310024261474,33.90026209808563,-0.002390653948227933,-0.0006571957663103335,0.0813700035214424
2024-01-08,0.0813700035214424,0.0817169994115829,0.074972003698349,0.0782279968261718,603250657,0.040204560698157144,0.08291557324784139,0.09105426768461859,0.0040910187377816674,0.0782250016927719,0.0806640014052391,0.0827730000019073,39.99094810856039,-0.0025662218028987688,-0.0010390009736280206,0.0792630016803741
2024-01-09,0.0792630016803741,0.0821819975972175,0.077233001589775,0.0813779979944229,957047300,-0.025894085656676502,0.08120971598795479,0.09030300105611479,0.0020286359347236986,0.0813700035214424,0.0782250016927719,0.0806640014052391,37.49805362968831,-0.00284261019142526,-0.0013997228171874687,0.0829420015215873
2024-01-10,0.0829420015215873,0.0844499990344047,0.0766829997301101,0.0792630016803741,703451086,0.046415096113173515,0.08133828746420993,0.08992160111665723,0.002116781467169678,0.0792630016803741,0.0813700035214424,0.0782250016927719,44.055694372773736,-0.0027332779137190094,-0.0016664338364937767,0.0846249982714653
2024-01-11,0.0846249982714653,0.0876350030303001,0.0823829993605613,0.0829690024256706,778110109,0.0202912483301958,0.08140885829925534,0.08961460093657173,0.0022305803449291345,0.0829420015215873,0.0792630016803741,0.0813700035214424,46.805241161338664,-0.002482214104543301,-0.0018295898901036817,0.080045998096466
2024-01-12,0.080045998096466,0.085377998650074,0.0782470032572746,0.0846149995923042,607108203,-0.054109308933874445,0.08101928659847801,0.08906853422522541,0.0021903985416742086,0.0846249982714653,0.0829420015215873,0.0792630016803741,40.91349683127279,-0.0026225007169606435,-0.001988172055475074,0.0809229984879493
2024-01-13,0.0809229984879493,0.0812600031495094,0.0789059996604919,0.0800359994173049,297741301,0.010956205336166924,0.08105628618172232,0.08849080080787336,0.002185579087098875,0.080045998096466,0.0846249982714653,0.0829420015215873,42.4087667428616,-0.0026325656872893954,-0.0021170507818379382,0.0799779966473579
2024-01-14,0.0799779966473579,0.0838240012526512,0.0798510015010833,0.0809210017323494,461353847,-0.011677790717704695,0.08130671403237746,0.08805660059054689,0.0018871527662789934,0.0809229984879493,0.080045998096466,0.0846249982714653,41.19890828648183,-0.0026858353614427066,-0.002230807697758892,0.0811249986290931
2024-01-15,0.0811249986290931,0.0816370025277137,0.0799689963459968,0.0799689963459968,272657967,0.01434146927676383,0.08127171333347043,0.08752556716402367,0.0018880551265585209,0.0799779966473579,0.0809229984879493,0.080045998096466,43.312787743675244,-0.0026054643171629366,-0.002305739021639701,0.0813099965453147
2024-01-16,0.0813099965453147,0.0822670012712478,0.0799899995326995,0.081105999648571,328206882,0.002280405785489492,0.08156414117131908,0.08713266700506206,0.0016711501918402658,0.0811249986290931,0.0799779966473579,0.0809229984879493,43.66456184087863,-0.0024980459806962924,-0.0023442004134510194,0.0805049985647201
2024-01-17,0.0805049985647201,0.0815389975905418,0.0795560032129287,0.0813120007514953,261149597,-0.009900356841682778,0.08121599789176662,0.08674830024441078,0.0015880446832879534,0.0813099965453147,0.0811249986290931,0.0799779966473579,42.4306860351683,-0.002449634918034016,-0.002365287314367619,0.0779870003461837
2024-01-18,0.0779870003461837,0.0806929990649223,0.0773990005254745,0.0805089995265007,314880990,-0.03127753882899731,0.08026771247386925,0.0863379669686158,0.0011285492472439566,0.0805049985647201,0.0813099965453147,0.0811249986290931,38.74279096095376,-0.0025846559100988487,-0.0024091610335138652,0.0785359963774681
2024-01-19,0.0785359963774681,0.0787049978971481,0.07515200227499,0.0779879987239837,351038255,0.007039583890230627,0.08005199794258384,0.08590860019127523,0.0013080325225991478,0.0779870003461837,0.0805049985647201,0.0813099965453147,39.96791593477178,-0.0026171922642340695,-0.002450767279657906,0.0878880023956298
2024-01-20,0.0878880023956298,0.0899979993700981,0.0782359987497329,0.0785339996218681,684267184,0.11907923053796998,0.0810469985008239,0.08567140027880663,0.0032654717766071764,0.0785359963774681,0.0779870003461837,0.0805049985647201,56.08146722901877,-0.0018668291868031012,-0.002333979661086945,0.0852729976177215
2024-01-21,0.0852729976177215,0.0899920016527175,0.0848430022597312,0.0878679975867271,948730356,-0.029753831087624416,0.08180342721087586,0.08534056693315502,0.003575165459165952,0.0878880023956298,0.0785359963774681,0.0779870003461837,51.887518302143164,-0.001466267849882033,-0.002160437298845963,0.0803409963846206
2024-01-22,0.0803409963846206,0.0854159966111183,0.0801950022578239,0.0852919965982437,673330908,-0.057837784185927776,0.08169142689023692,0.08489986682931577,0.003612051089540834,0.0852729976177215,0.0878880023956298,0.0785359963774681,45.045413512353306,-0.0015291641332837586,-0.002034182665733522,0.0781539976596832
2024-01-23,0.0781539976596832,0.081676997244358,0.0760909989476203,0.0803460031747818,555482191,-0.027221453844902155,0.08124056990657527,0.08444183344642317,0.0038563041623608696,0.0803409963846206,0.0852729976177215,0.0878880023956298,42.376919446904665,-0.0017354769130575043,-0.0019744415151983184,0.0790160000324249
2024-01-24,0.0790160000324249,0.0805179998278617,0.0777499973773956,0.0781570002436637,372585722,0.011029536537532358,0.08102785583053311,0.0839274001618226,0.003943716642433537,0.0781539976596832,0.0803409963846206,0.0852729976177215,43.79033947339441,-0.0018085767431110095,-0.0019412685607808568,0.0779329985380172
2024-01-25,0.0779329985380172,0.0791369974613189,0.0771929994225502,0.0790160000324249,292888748,-0.01370610375067427,0.08102014128650933,0.08347996671994523,0.0039507030749782995,0.0790160000324249,0.0781539976596832,0.0803409963846206,42.3837121858524,-0.0019316314101642251,-0.0019393411306575304,0.0799010023474693
2024-01-26,0.0799010023474693,0.0802790001034736,0.0775950029492378,0.0779289975762367,283895680,0.02525250980163518,0.08121514213936665,0.0830240334073702,0.0038397840092751993,0.0779329985380172,0.0790160000324249,0.0781539976596832,45.791331185145886,-0.0018490371114016219,-0.0019212803268063487,0.0801419988274574
2024-01-27,0.0801419988274574,0.0806780010461807,0.0790710002183914,0.0798830017447471,212327663,0.0030161884445463194,0.0801085702010563,0.08263263329863543,0.002467005938818602,0.0799010023474693,0.0779329985380172,0.0790160000324249,46.21086767870337,-0.0017440300400483888,-0.001885830269454757,0.0788130015134811
2024-01-28,0.0788130015134811,0.0813700035214424,0.0782919973134994,0.0801400020718574,257196385,-0.01658303178633691,0.07918571361473624,0.08222513323028878,0.0009628298173281168,0.0801419988274574,0.0799010023474693,0.0779329985380172,44.180254045574266,-0.001747901436085414,-0.0018582445027808883,0.0812890008091926
2024-01-29,0.0812890008091926,0.0828720033168792,0.0782229974865913,0.0788130015134811,540569157,0.03141612739222954,0.07932114281824654,0.08192983319362,0.001191847221937822,0.0788130015134811,0.0801419988274574,0.0799010023474693,48.702847306479185,-0.0015334998631108265,-0.0017932955748468761,0.0797230005264282
2024-01-30,0.0797230005264282,0.0821290016174316,0.0795930027961731,0.0812999978661537,333456483,-0.01926460243299377,0.0795452860849244,0.08160486643513037,0.0010778511934348976,0.0812890008091926,0.0788130015134811,0.0801419988274574,46.15571690571815,-0.00147296874031011,-0.001729230207939523,0.0787639990448951
2024-01-31,0.0787639990448951,0.0802220031619072,0.0782139971852302,0.0797289982438087,307301569,-0.012029169439190635,0.07950928594384869,0.08116286645332967,0.0011024044035334028,0.0797230005264282,0.0812890008091926,0.0788130015134811,44.61682671520422,-0.0014852596455850187,-0.0016804360954686224,0.0793270021677017
2024-02-01,0.0793270021677017,0.0797789990901947,0.077684000134468,0.0787630006670951,257042563,0.007147975339414581,0.07970842931951792,0.08076696644226705,0.0008720389530990561,0.0787639990448951,0.0797230005264282,0.0812890008091926,45.76017003528345,-0.0014330513063533085,-0.0016309591376455596,0.0792329981923103
2024-02-02,0.0792329981923103,0.0799010023474693,0.0786219984292984,0.0793270021677017,220161256,-0.001185018629503487,0.0796130001544952,0.08067333300908403,0.0008839225947631849,0.0793270021677017,0.0787639990448951,0.0797230005264282,45.590932225878575,-0.0013833151604753374,-0.0015814303422115152,0.0786510035395622
2024-02-03,0.0786510035395622,0.0794550031423568,0.0786160007119178,0.0792339965701103,152907809,-0.007345356934941649,0.07940000082765304,0.08049066637953119,0.0009143241419847483,0.0792329981923103,0.0793270021677017,0.0787639990448951,44.493780892588084,-0.0013750107431494268,-0.0015401464223990977,0.0782380029559135
2024-02-04,0.0782380029559135,0.0798569992184639,0.0780839994549751,0.0786579996347427,183715849,-0.005251052943538781,0.07931785817657193,0.08033949981133139,0.0009978619454362656,0.0786510035395622,0.0792329981923103,0.0793270021677017,43.69027476528485,-0.0013857807106848474,-0.0015092732800562477,0.0782200023531913
2024-02-05,0.0782200023531913,0.0800269991159439,0.077504001557827,0.0782480016350746,257544919,-0.00023007492576643251,0.07887942982571462,0.08025803317626314,0.000569900425782944,0.0782380029559135,0.0786510035395622,0.0792329981923103,43.65327254766331,-0.0013798622921826487,-0.001483391082481528,0.07846599817276
2024-02-06,0.07846599817276,0.0791810005903244,0.0777629986405372,0.0782260000705719,192061699,0.003144922170392306,0.07869985806090488,0.08026606639226273,0.00044390521611960076,0.0782200023531913,0.0782380029559135,0.0786510035395622,44.34694957776882,-0.0013398768300608294,-0.0014546882319973883,0.0801040008664131
2024-02-07,0.0801040008664131,0.0802550017833709,0.0782110020518302,0.0784699991345405,213373948,0.020875318377352237,0.0788912868925503,0.08022386630376176,0.0006944181034899021,0.07846599817276,0.0782200023531913,0.0782380029559135,48.86143945424169,-0.0011626130556276898,-0.0013962731967234487,0.0798709988594055
2024-02-08,0.0798709988594055,0.0807550027966499,0.0796260014176368,0.0801009982824325,248828595,-0.0029087436892967222,0.07896900070565084,0.08024413287639613,0.0007768537715790935,0.0801040008664131,0.07846599817276,0.0782200023531913,48.261714404873565,-0.001029069084130807,-0.0013228323742049204,0.0815789997577667
2024-02-09,0.0815789997577667,0.0820880010724067,0.0798700004816055,0.0798700004816055,333635097,0.021384494031027934,0.07930414378643033,0.08019869948426878,0.001263405772863149,0.0798709988594055,0.0801040008664131,0.07846599817276,52.8320304131215,-0.00077646254950893,-0.0012135584092657224,0.0814480036497116
2024-02-10,0.0814480036497116,0.0820830017328262,0.0804620012640953,0.0815820023417472,212946391,-0.0016057577126965539,0.07970371523073738,0.08009279966354366,0.0014508104883704863,0.0815789997577667,0.0798709988594055,0.0801040008664131,52.44935607642043,-0.0005801527028037601,-0.0010868772679733301,0.0811930000782013
2024-02-11,0.0811930000782013,0.0832789987325668,0.0809919983148574,0.081446997821331,304303558,-0.003130875651747189,0.08012585767677849,0.08013103306293483,0.00138150483230337,0.0814480036497116,0.0815789997577667,0.0798709988594055,51.66484385895676,-0.00044007943028852303,-0.0009575177004363688,0.082345001399517
2024-02-12,0.082345001399517,0.08279699832201,0.0795679986476898,0.0812029987573623,360525326,0.014188431517571098,0.08071514325482503,0.0801784331599871,0.0013110330221073735,0.0811930000782013,0.0814480036497116,0.0815789997577667,54.943588176031604,-0.00023342272185637725,-0.0008126987047203705,0.0810889974236488
2024-02-13,0.0810889974236488,0.0829539969563484,0.0800620019435882,0.0823329985141754,419683385,-0.015252947410546391,0.08108985743352344,0.0802154665191968,0.0008574267548585398,0.082345001399517,0.0811930000782013,0.0814480036497116,50.890346035723205,-0.00016904615666561706,-0.0006839681951094199,0.0855429992079734
2024-02-14,0.0855429992079734,0.0870030000805854,0.0805689990520477,0.0810860022902488,627015518,0.05492732584982751,0.08186685719660347,0.08036273320515946,0.0017815509118619933,0.0810889974236488,0.082345001399517,0.0811930000782013,61.684800100558306,0.000238622760756646,-0.0004994500039362067,0.0853559970855712
2024-02-15,0.0853559970855712,0.0880480036139488,0.0841659978032112,0.085546001791954,636946996,-0.0021860599246414925,0.08265042837176999,0.08049759988983468,0.0019551769769043303,0.0855429992079734,0.0810889974236488,0.082345001399517,61.07778718013169,0.0005403845893060255,-0.00029148308528776035,0.0860129967331886
2024-02-16,0.0860129967331886,0.0878800004720687,0.0843930020928382,0.0853549987077713,441121282,0.0076971703225343635,0.08328385651111599,0.08068119982878362,0.0022467231813763705,0.0853559970855712,0.0855429992079734,0.0810889974236488,62.474941679908355,0.0008230596737138496,-6.857453348743837e-05,0.0835930034518241
2024-02-17,0.0835930034518241,0.086058996617794,0.0822049975395202,0.0860159993171691,347758664,-0.028135204832721805,0.08359028505427492,0.08086806659897164,0.002095809996961784,0.0860129967331886,0.0853559970855712,0.0855429992079734,54.68790995882197,0.0008421012624291874,0.00011356062569588678,0.0851659998297691
2024-02-18,0.0851659998297691,0.0856999978423118,0.083016999065876,0.0835919976234436,300251530,0.0188173209837057,0.08415785644735603,0.08108906671404834,0.0018634849992100696,0.0835930034518241,0.0860129967331886,0.0853559970855712,58.32412113414383,0.0009729044830259354,0.0002854293971618965,0.089477002620697
2024-02-19,0.089477002620697,0.0905359983444213,0.0851209983229637,0.0851690024137497,663450017,0.05061882440815313,0.08517671376466747,0.08114203338821727,0.0025356077184542376,0.0851659998297691,0.0835930034518241,0.0860129967331886,66.30477727169368,0.0014081960667239046,0.0005099827310742982,0.0861430019140243
2024-02-20,0.0861430019140243,0.0912080034613609,0.0835679993033409,0.0894740000367164,801458657,-0.03726097889986213,0.08589871440614968,0.08117103353142735,0.0017865764481339772,0.089477002620697,0.0851659998297691,0.0835930034518241,57.18456909624328,0.0014672284925450058,0.0007014318833684398,0.0846149995923042
2024-02-21,0.0846149995923042,0.0862220004200935,0.0821729972958564,0.0861480012536048,435393890,-0.017737973924395245,0.08576614303248264,0.0813135003050168,0.00185065288783097,0.0861430019140243,0.089477002620697,0.0851659998297691,53.5491418607303,0.0013748664928939086,0.0008361188052735337,0.0840890035033226
2024-02-22,0.0840890035033226,0.0854069963097572,0.0831649973988533,0.0846050009131431,362895383,-0.006216345701305692,0.08558514394930426,0.08151133383313812,0.0019563890757015178,0.0846149995923042,0.0861430019140243,0.089477002620697,52.316162885423864,0.0012448753066628127,0.0009178701055513896,0.0844340026378631
2024-02-23,0.0844340026378631,0.0854829996824264,0.0830359980463981,0.0840829983353614,400189069,0.004102785384141994,0.08535957336425778,0.08169193391998604,0.001989582995902493,0.0840890035033226,0.0846149995923042,0.0861430019140243,53.07927447343067,0.0011563650454859825,0.0009655690935383083,0.0861560031771659
2024-02-24,0.0861560031771659,0.0863199979066848,0.0839549973607063,0.0844480022788047,326082311,0.020394633506698012,0.08572571618216374,0.08196603407462434,0.001840550200128187,0.0844340026378631,0.0840890035033226,0.0846149995923042,56.795844610428404,0.001211209014417347,0.0010146970777141161,0.0860989987850189
2024-02-25,0.0860989987850189,0.0867590010166168,0.0854609981179237,0.0861570015549659,290853292,-0.0006616415576961021,0.08585900174719943,0.08217263395587598,0.0018269944557788586,0.0861560031771659,0.0844340026378631,0.0840890035033226,56.635914862192344,0.0012358276252957962,0.001058923187230452,0.0893889963626861
2024-02-26,0.0893889963626861,0.0900240018963813,0.0842920020222663,0.0860980004072189,523738048,0.03821179832627353,0.08584642942462643,0.08248086720705028,0.0017980210264969877,0.0860989987850189,0.0861560031771659,0.0844340026378631,63.09498524648515,0.0015034821542561222,0.0011478349806355861,0.0976710021495819
2024-02-27,0.0976710021495819,0.0999569967389106,0.088637001812458,0.0893879979848861,1806722811,0.09265128957587199,0.08749328660113466,0.08310946722825364,0.004832957559609745,0.0893889963626861,0.0860989987850189,0.0861560031771659,73.71059979908793,0.002356722122575622,0.0013896124090235933,0.1165819987654686
2024-02-28,0.1165819987654686,0.1211159974336624,0.0946070030331611,0.0976729989051818,3843947641,0.19361935681713138,0.09206000076872958,0.08428590049346284,0.011775888953653226,0.0976710021495819,0.0893889963626861,0.0860989987850189,84.6020576894237,0.004506927273693534,0.0020130753819575815,0.1171849966049194
2024-02-29,0.1171849966049194,0.1344089955091476,0.1118159964680671,0.1164470016956329,4799960277,0.005172306581086028,0.09678799978324341,0.08553463369607922,0.014394907429871241,0.1165819987654686,0.0976710021495819,0.0893889963626861,84.81804050086006,0.006188302336278359,0.002848120772821737,0.1395570039749145
2024-03-01,0.1395570039749145,0.1452610045671463,0.1171670034527778,0.1171670034527778,3758449851,0.19091187454159053,0.10466271425996505,0.08756106719374654,0.020354232716797472,0.1171849966049194,0.1165819987654686,0.0976710021495819,90.27072896225003,0.009219758573388276,0.004122448332935045,0.1421210020780563
2024-03-02,0.1421210020780563,0.150064006447792,0.136926993727684,0.139614000916481,3588994520,0.0183724071892708,0.11265771410294938,0.08965420052409169,0.022726466035120258,0.1395570039749145,0.1171849966049194,0.1165819987654686,90.68370378399646,0.011694298111279006,0.005636818288603837,0.1538359969854354
2024-03-03,0.1538359969854354,0.1557590067386627,0.12984000146389,0.1421310007572174,4012808483,0.08242972351788613,0.12233442813158033,0.09214096715052919,0.02392267965669374,0.1421210020780563,0.1395570039749145,0.1171849966049194,92.29331186902733,0.014434301068206201,0.007396314844524311,0.1829099953174591
2024-03-04,0.1829099953174591,0.1843069940805435,0.1487810015678405,0.1539410054683685,6348241494,0.1889934664302031,0.13569457083940503,0.09561626687645909,0.028190753758926997,0.1538359969854354,0.1421210020780563,0.1395570039749145,94.72783225809819,0.018735826886379467,0.009664217252895343,0.1539369970560073
2024-03-05,0.1539369970560073,0.2054390013217926,0.1301030069589615,0.1828040033578872,9368269377,-0.1584003007116488,0.14373257011175153,0.09813956667979554,0.02310497744794958,0.1829099953174591,0.1538359969854354,0.1421210020780563,70.74441127040107,0.01958121817165434,0.011647617436647143,0.1577910035848617
2024-03-06,0.1577910035848617,0.1774329990148544,0.1469669938087463,0.1539250016212463,4497901224,0.025036259005703387,0.14961957080023627,0.10079193338751788,0.020087012739438973,0.1539369970560073,0.1829099953174591,0.1538359969854354,71.76834888952207,0.02032785610205859,0.013383665169729431,0.1581210047006607
2024-03-07,0.1581210047006607,0.1620409935712814,0.1470820009708404,0.1577910035848617,3006036407,0.0020913810565983404,0.15546757195677072,0.10344710027178124,0.014152782042236422,0.1577910035848617,0.1539369970560073,0.1829099953174591,71.85917049975791,0.020707497235093644,0.014848431582802276,0.1653469949960708
2024-03-08,0.1653469949960708,0.1754949986934662,0.1554940044879913,0.1581200063228607,3976624455,0.04569911700908835,0.15915185638836446,0.1062885334094365,0.012591310501587386,0.1581210047006607,0.1577910035848617,0.1539369970560073,73.84343803826008,0.021345386269041672,0.016147822520050155,0.1790830045938491
2024-03-09,0.1790830045938491,0.1845429986715316,0.1643189936876297,0.1653469949960708,3451219764,0.08307383873595464,0.16443214246204915,0.10959560026725129,0.011994980366766902,0.1653469949960708,0.1581210047006607,0.1577910035848617,77.14282850044675,0.022697654667894474,0.017457788949619017,0.1699199974536895
2024-03-10,0.1699199974536895,0.1795880049467086,0.1659519970417022,0.1790830045938491,2274489696,-0.051166257573915686,0.16672985681465688,0.11254030019044872,0.01113671958522199,0.1790830045938491,0.1653469949960708,0.1581210047006607,70.7331238736429,0.022767509343360193,0.018519733028367253,0.1819649934768676
2024-03-11,0.1819649934768676,0.1825090050697326,0.1625670045614242,0.1699070036411285,2905703482,0.07088627709320017,0.16659485655171524,0.11589086651802058,0.010911340204641953,0.1699199974536895,0.1790830045938491,0.1653469949960708,73.81330634567749,0.023523634377629776,0.019520513298219758,0.1681440025568008
2024-03-12,0.1681440025568008,0.1831080019474029,0.1601040065288543,0.1819729954004287,2524942571,-0.0759541198336251,0.1686244287661143,0.11878923326730723,0.00937806281601187,0.1819649934768676,0.1699199974536895,0.1790830045938491,65.31850000154407,0.022745435235611927,0.020165497685698194,0.1691579967737198
2024-03-13,0.1691579967737198,0.1738509982824325,0.1657920032739639,0.1681520044803619,1930415342,0.006030510761610097,0.17024828493595118,0.12168299977978064,0.008084466635933325,0.1681440025568008,0.1819649934768676,0.1699199974536895,65.63101189418161,0.021957416241527555,0.02052388139686407,0.1773300021886825
2024-03-14,0.1773300021886825,0.1915120035409927,0.1656239926815033,0.1691579967737198,6047716785,0.04830989708334199,0.17299242743424,0.12489103327194843,0.006357661673276408,0.1691579967737198,0.1681440025568008,0.1819649934768676,68.12394750122215,0.021741693344888346,0.020767443786468925,0.1632310003042221
2024-03-15,0.1632310003042221,0.1810570061206817,0.1540820002555847,0.1773290038108825,3584306802,-0.07950714323828179,0.17269014247826162,0.12748063330849008,0.006815574820424773,0.1773300021886825,0.1691579967737198,0.1681440025568008,60.033338445372905,0.02020020439126949,0.02065399590742904,0.1423680037260055
2024-03-16,0.1423680037260055,0.1649360060691833,0.1384190022945404,0.1632310003042221,2400392026,-0.12781271044919873,0.16744514235428395,0.12938103352983787,0.012680073535376332,0.1632310003042221,0.1773300021886825,0.1691579967737198,50.47965605017863,0.017097998738846903,0.019942796473712613,0.1543300002813339
2024-03-17,0.1543300002813339,0.1587609946727752,0.1377319991588592,0.1423639953136444,2329294453,0.08402166387294341,0.16521799990109032,0.13165826698144273,0.013514600058567448,0.1423680037260055,0.1632310003042221,0.1773300021886825,54.91030435180922,0.015426880089780187,0.01903961319692613,0.1436730027198791
2024-03-18,0.1436730027198791,0.1543319970369339,0.1401969939470291,0.1543280035257339,1657669949,-0.06905331135895654,0.15974771550723482,0.13366093362371123,0.01335492118235712,0.1543300002813339,0.1423680037260055,0.1632310003042221,50.56933477006589,0.01309166333601039,0.01785002322474298,0.1287280023097992
2024-03-19,0.1287280023097992,0.145014002919197,0.1256300061941146,0.1436730027198791,2946516944,-0.10402093731707085,0.15411685832909172,0.13511300037304558,0.017028909837047385,0.1436730027198791,0.1543300002813339,0.1423680037260055,45.1756778565872,0.009920691050788244,0.016264156789952033,0.1521860063076019
2024-03-20,0.1521860063076019,0.1528680026531219,0.1234529986977577,0.1287350058555603,3190645446,0.18222922423163412,0.15169228826250344,0.13720330049594237,0.015685689790344876,0.1287280023097992,0.1436730027198791,0.1543300002813339,53.550195072874324,0.009194548513179246,0.014850235134597475,0.1552920043468475
2024-03-21,0.1552920043468475,0.1587589979171753,0.1471890062093734,0.1521860063076019,2581283877,0.02040922233656417,0.14854400285652702,0.13950826724370316,0.011273337709972027,0.1521860063076019,0.1287280023097992,0.1436730027198791,54.54035947971669,0.008768624163332184,0.013633912940344418,0.1527030020952224
2024-03-22,0.1527030020952224,0.164902001619339,0.1455910056829452,0.1553000062704086,2672448713,-0.016671832284697263,0.1470400031123842,0.14177786732713377,0.009559324703874682,0.1552920043468475,0.1521860063076019,0.1287280023097992,53.51629942601359,0.008128465314594935,0.012532823415194523,0.1617680042982101
2024-03-23,0.1617680042982101,0.1746190041303634,0.151855006814003,0.1527030020952224,2912614106,0.05936361485110142,0.1498114317655563,0.14436716735363,0.010720734240796094,0.1527030020952224,0.1552920043468475,0.1521860063076019,56.589708048718784,0.008257418354545187,0.011677742403064656,0.1764529943466186
2024-03-24,0.1764529943466186,0.1799000054597854,0.1617159992456436,0.1617680042982101,2848346890,0.09077808749706495,0.1529718594891684,0.1474344670772552,0.014770703704328206,0.1617680042982101,0.1527030020952224,0.1552920043468475,61.079149927620776,0.00943580050247561,0.011229354022946846,0.175366997718811
2024-03-25,0.175366997718811,0.1859990060329437,0.1701660007238388,0.1764529943466186,2654389972,-0.006154594495995314,0.1574995730604444,0.15040816689531003,0.016230702774632472,0.1764529943466186,0.1617680042982101,0.1527030020952224,60.58018531270559,0.01016487167937688,0.011016457554232853,0.1824859976768493
2024-03-26,0.1824859976768493,0.1860570013523101,0.1749240010976791,0.175366997718811,2877194654,0.040594867053909134,0.1651792866843087,0.15362106685837104,0.01267731831257923,0.175366997718811,0.1764529943466186,0.1617680042982101,62.72958035813572,0.011188139729962104,0.011050793989378704,0.1903299987316131
2024-03-27,0.1903299987316131,0.1912849992513656,0.1798429936170578,0.1824859976768493,4055908716,0.042984125656885475,0.17062842845916742,0.15698576693733526,0.014260477765207693,0.1824859976768493,0.175366997718811,0.1764529943466186,64.994443615433,0.012488077577610168,0.011338250707024999,0.2200559973716735
2024-03-28,0.2200559973716735,0.2265810072422027,0.1895730048418045,0.1903170049190521,6553128323,0.15618136309651032,0.179880427462714,0.16106526677807168,0.02171347362686795,0.1903299987316131,0.1824859976768493,0.175366997718811,71.95079811159925,0.015735537861696958,0.012217708137959391,0.2134909927845001
2024-03-29,0.2134909927845001,0.2243999987840652,0.2088100016117096,0.2200559973716735,3493454859,-0.02983333635795049,0.1885644261326108,0.16429556657870606,0.021181849317364713,0.2200559973716735,0.1903299987316131,0.1824859976768493,68.70360933177938,0.01757681791365201,0.013289530093097916,0.1994339972734451
2024-03-30,0.1994339972734451,0.2165160030126571,0.1978469938039779,0.2134239971637725,2403795719,-0.06584350621875767,0.19394528227193011,0.16703719993432356,0.01774564973514845,0.2134909927845001,0.2200559973716735,0.1903299987316131,62.22773960853051,0.01769775486044259,0.01417117504656685,0.2200639992952346
2024-03-31,0.2200639992952346,0.22393299639225,0.1993339955806732,0.199413001537323,2414867092,0.10344275451443496,0.20017542583601808,0.16972076644500095,0.018229796704904582,0.1994339972734451,0.2134909927845001,0.2200559973716735,67.12522144486873,0.019236520380487426,0.015184244113350967,0.2055699974298477
2024-04-01,0.2055699974298477,0.2200679928064346,0.1981080025434494,0.2200649976730346,3408206742,-0.06586266682330888,0.2044901400804519,0.17183573295672733,0.014590401590140228,0.2200639992952346,0.1994339972734451,0.2134909927845001,61.128456643815994,0.019066669623392124,0.0159607292153592,0.1823039948940277
2024-04-02,0.1823039948940277,0.2055770009756088,0.1804679930210113,0.2055750042200088,3855758084,-0.11317800664836641,0.20446413968290594,0.17278466622034705,0.014636238898363211,0.2055699974298477,0.2200639992952346,0.1994339972734451,52.95091286949577,0.01686033427382594,0.01614065022705255,0.1755470037460327
2024-04-03,0.1755470037460327,0.187402993440628,0.1705060005187988,0.1823019981384277,3112605374,-0.03706441623466794,0.20235228325639448,0.17253923316796618,0.017750700370863123,0.1823039948940277,0.2055699974298477,0.2200639992952346,50.82440021698609,0.014400564158812107,0.015792633013404462,0.1799259930849075
2024-04-04,0.1799259930849075,0.1880999952554702,0.1722619980573654,0.1755470037460327,2153623709,0.02494482529140729,0.1966194255011422,0.1734055330355962,0.01755933547064279,0.1755470037460327,0.1823039948940277,0.2055699974298477,52.16513925432695,0.012658605934380313,0.015165827597599633,0.1775179952383041
2024-04-05,0.1775179952383041,0.1804800033569336,0.1680369973182678,0.1799259930849075,1914940616,-0.01338326833892789,0.19148042585168562,0.17406309942404427,0.017055454683340125,0.1799259930849075,0.1755470037460327,0.1823039948940277,51.33627045315711,0.010957475235915476,0.014324157125262802,0.1859509944915771
2024-04-06,0.1859509944915771,0.1876859962940216,0.1767899990081787,0.1775210052728653,1620171667,0.047505038810022215,0.18955428259713306,0.17499076575040814,0.01676641645611109,0.1775179952383041,0.1799259930849075,0.1755470037460327,54.08762065814733,0.010172526905631002,0.013493831081336444,0.1991080045700073
2024-04-07,0.1991080045700073,0.2048110067844391,0.1858029961585998,0.1859489977359771,2643420654,0.07075525524562964,0.18656056906495774,0.17611613273620602,0.011433655512170775,0.1859509944915771,0.1775179952383041,0.1799259930849075,58.070691343810296,0.010491174722569163,0.012893299809582988,0.2026399970054626
2024-04-08,0.2026399970054626,0.2086900025606155,0.1958850026130676,0.1991059929132461,2106344172,0.0177390780600859,0.18614199757575986,0.17690136581659313,0.010648427831679953,0.1991080045700073,0.1859509944915771,0.1775179952383041,59.096568128747116,0.01090302440621721,0.012495244728909833,0.1890009939670562
2024-04-09,0.1890009939670562,0.203243002295494,0.1863609999418258,0.2026399970054626,2078490138,-0.06730656948262159,0.18709871172904965,0.17753739903370533,0.010546488939466298,0.2026399970054626,0.1991080045700073,0.1859509944915771,53.63892526864317,0.010013436031011957,0.011998882989330259,0.19998399913311
2024-04-10,0.19998399913311,0.201675996184349,0.1817619949579239,0.1890009939670562,2662343295,0.058110832834922466,0.1905897110700607,0.17813803255558008,0.010121344715249796,0.1890009939670562,0.2026399970054626,0.1991080045700073,57.07656651053276,0.010078489014898051,0.011614804194443818,0.1940110027790069
2024-04-11,0.1940110027790069,0.2031199932098388,0.1904419958591461,0.19998399913311,2179869259,-0.029867371289677203,0.19260185531207488,0.1790002658963203,0.008984236172370923,0.19998399913311,0.1890009939670562,0.2026399970054626,54.70104784759799,0.009538123535109438,0.011199468062576943,0.1745969951152801
2024-04-12,0.1745969951152801,0.2004279941320419,0.1625130027532577,0.1940110027790069,3611512055,-0.10006652914340541,0.1921845695802143,0.17918156584103898,0.00982965124773471,0.1940110027790069,0.19998399913311,0.1890009939670562,47.7453694253574,0.007457367934919551,0.010451048037045465,0.1531679928302765
2024-04-13,0.1531679928302765,0.1755719929933548,0.1321949958801269,0.1746120005846023,4750917199,-0.12273408411671005,0.1875012836285999,0.1783761655290921,0.01784019755906364,0.1745969951152801,0.1940110027790069,0.19998399913311,41.47614682421658,0.004032725981153146,0.009167383625867002,0.1622850000858307
2024-04-14,0.1622850000858307,0.1644860059022903,0.1444820016622543,0.1531679928302765,3723264167,0.059522926997265246,0.1822408544165747,0.17834463218847904,0.019222712564017544,0.1531679928302765,0.1745969951152801,0.1940110027790069,44.797219781001296,0.002030927582136466,0.007740092417120895,0.1613689959049224
2024-04-15,0.1613689959049224,0.1688899993896484,0.1508840024471283,0.1622850000858307,3604719833,-0.005644416800220764,0.17634499711649756,0.17897799859444294,0.018226617880458682,0.1622850000858307,0.1531679928302765,0.1745969951152801,44.52383902078975,0.0003663509806448306,0.006265344129825682,0.1559890061616897
2024-04-16,0.1559890061616897,0.1622370034456253,0.1469080001115799,0.1613689959049224,2473810383,-0.03333967416146377,0.171628998858588,0.1790332987904548,0.01867157032608729,0.1613689959049224,0.1622850000858307,0.1531679928302765,42.86909846567663,-0.001371152387284802,0.004738044826403586,0.1476050019264221
2024-04-17,0.1476050019264221,0.1585109978914261,0.1448359936475753,0.1559900045394897,1972027907,-0.05374740465092276,0.16414628497191833,0.1791643654306729,0.01566830435897241,0.1559890061616897,0.1613689959049224,0.1622850000858307,40.352235168024755,-0.0033856279861993466,0.0031133102638829994,0.1524479985237121
2024-04-18,0.1524479985237121,0.1537169963121414,0.14130699634552,0.1476060003042221,1947482132,0.03281051816729175,0.15820871293544767,0.17995503197113666,0.008861337119020977,0.1476050019264221,0.1559890061616897,0.1613689959049224,42.4539703802633,-0.004539002268343417,0.001582847757437716,0.1562680006027221
2024-04-19,0.1562680006027221,0.1569059938192367,0.1396439969539642,0.1524479985237121,2186567402,0.02505773848133419,0.15559028514793938,0.18009109844764068,0.0051370743331431825,0.1524479985237121,0.1476050019264221,0.1559890061616897,44.12631306627522,-0.005086187055534208,0.000249040794843331,0.1628270000219345
2024-04-20,0.1628270000219345,0.1648419946432113,0.1509419977664947,0.1562680006027221,1649509831,0.0419727608590017,0.15697014331817624,0.1803422649701436,0.00564965601210885,0.1562680006027221,0.1524479985237121,0.1476050019264221,46.975650825828595,-0.004933705814842981,-0.0007875085270939315,0.1582600027322769
2024-04-21,0.1582600027322769,0.1654780060052871,0.1556060016155243,0.1628260016441345,1293159346,-0.028048157179352273,0.15639514369624,0.1805274983247121,0.0052059795943673725,0.1628270000219345,0.1562680006027221,0.1524479985237121,45.24547745447324,-0.0051223347597459945,-0.0016544737736243441,0.1611939966678619
2024-04-22,0.1611939966678619,0.1633609980344772,0.1568430066108703,0.1582590043544769,1251987179,0.01853907421288481,0.15637014380523134,0.18050836473703383,0.005178461005443495,0.1582600027322769,0.1628270000219345,0.1562680006027221,46.6060509361042,-0.004977695986563557,-0.002319118216212187,0.1599439978599548
2024-04-23,0.1599439978599548,0.1628679931163787,0.1571689993143081,0.1611939966678619,1047860346,-0.007754623830580454,0.1569351426192692,0.17995806485414503,0.0053430851199078745,0.1611939966678619,0.1582600027322769,0.1628270000219345,46.080692066219726,-0.00490736413485407,-0.0028367673999405638,0.1513539999723434
2024-04-24,0.1513539999723434,0.1640940010547638,0.1495289951562881,0.1599439978599548,1524749099,-0.053706284715558494,0.15747071376868654,0.17915763159592943,0.004347051190095871,0.1599439978599548,0.1611939966678619,0.1582600027322769,42.532532460880105,-0.005481578451360075,-0.003365729610224466,0.1513939946889877
2024-04-25,0.1513939946889877,0.1541810035705566,0.1477530002593994,0.1513559967279434,1078441792,0.0002642461821400488,0.15732014179229734,0.17812123149633405,0.0045629169617114424,0.1513539999723434,0.1599439978599548,0.1611939966678619,42.55471099425157,-0.005865802870641146,-0.003865744262307802,0.1478369981050491
2024-04-26,0.1478369981050491,0.1517270058393478,0.1470610052347183,0.1513939946889877,877813549,-0.023494964851451527,0.15611571286405831,0.17670479814211523,0.005825085650368591,0.1513939946889877,0.1513539999723434,0.1599439978599548,41.037799180725685,-0.006383735657450318,-0.004369342541336306,0.1477160006761551
2024-04-27,0.1477160006761551,0.1493639945983886,0.1432989984750747,0.1478369981050491,847646783,-0.0008184516084941418,0.15395699867180412,0.1742934649189313,0.005722516896465934,0.1478369981050491,0.1513939946889877,0.1513539999723434,40.98428025614204,-0.006726426545631936,-0.004840759342195432,0.146698996424675
2024-04-28,0.146698996424675,0.1509599983692169,0.1463010013103485,0.1477160006761551,638063324,-0.006884861807961662,0.1523054263421467,0.17206706504027044,0.005937902440203912,0.1477160006761551,0.1478369981050491,0.1513939946889877,40.506118046192555,-0.006999390668449179,-0.005272485607446181,0.1434919983148574
2024-04-29,0.1434919983148574,0.147949993610382,0.1399050056934356,0.146698996424675,1030579266,-0.021861077362340886,0.14977656943457465,0.17020233174165086,0.005251287503721749,0.146698996424675,0.1477160006761551,0.1478369981050491,38.96241273333951,-0.007389315221656728,-0.005695851530288291,0.1333270072937011
2024-04-30,0.1333270072937011,0.1459019929170608,0.1297619938850402,0.1434919983148574,1342359702,-0.07084012447057686,0.1459741422108241,0.16731109867493307,0.0062109908895205835,0.1434919983148574,0.146698996424675,0.1477160006761551,34.47733072448392,-0.008421485420624902,-0.006240978308355614,0.1301340013742447
2024-05-01,0.1301340013742447,0.1337240040302276,0.1203479990363121,0.1333270072937011,2135887034,-0.023948680648194887,0.14294271383966714,0.16479656547307966,0.008052936662904797,0.1333270072937011,0.1434919983148574,0.146698996424675,33.185085618621,-0.009388907155036624,-0.0068705640776918165,0.1321060061454773
2024-05-02,0.1321060061454773,0.1342539936304092,0.1242270022630691,0.1301340013742447,1308884973,0.015153647397357917,0.14018728690487994,0.16312329918146132,0.007978744428010913,0.1301340013742447,0.1333270072937011,0.1434919983148574,34.81019962502023,-0.009882551641499787,-0.007472961590453411,0.1461459994316101
2024-05-03,0.1461459994316101,0.1477620005607605,0.1314219981431961,0.1321090012788772,1266276714,0.10627823590906038,0.13994571566581723,0.1621432657043139,0.0077302636088138615,0.1321060061454773,0.1301340013742447,0.1333270072937011,45.056565168551835,-0.009036689006740956,-0.00778570707371092,0.1601569950580597
2024-05-04,0.1601569950580597,0.1690919995307922,0.1461060047149658,0.1461420059204101,2791346636,0.0958698539880738,0.14172300057751788,0.16148429910341897,0.010681363417173627,0.1461459994316101,0.1321060061454773,0.1301340013742447,52.99634727310873,-0.00715330764455796,-0.007659227187880329,0.1610680073499679
2024-05-05,0.1610680073499679,0.1631300002336502,0.1549780070781707,0.1601569950580597,1506950274,0.005688245409311898,0.14377571642398831,0.16093596617380773,0.01293910354074794,0.1601569950580597,0.1461459994316101,0.1321060061454773,53.467207294850766,-0.005523531435577933,-0.0072320880374198504,0.1566080003976822
2024-05-06,0.1566080003976822,0.1689410060644149,0.154445007443428,0.1610659956932068,1747675308,-0.027690210027836448,0.145649431007249,0.15995786637067788,0.0138114311005328,0.1610680073499679,0.1601569950580597,0.1461459994316101,50.78500405269685,-0.00453947904655283,-0.006693566239246447,0.150189995765686
2024-05-07,0.150189995765686,0.1598020046949386,0.149737998843193,0.1566080003976822,1139969527,-0.04098133311004948,0.14805842936038968,0.15832726607720052,0.012732409204859248,0.1566080003976822,0.1610680073499679,0.1601569950580597,47.12168951206326,-0.004228743452614869,-0.006200601681920132,0.1432940065860748
2024-05-08,0.1432940065860748,0.1519210040569305,0.1422110050916671,0.150189995765686,1159774226,-0.04591510336260851,0.14993843010493685,0.15634906639655424,0.01040319863555869,0.150189995765686,0.1566080003976822,0.1610680073499679,43.49153829889364,-0.004487206230067015,-0.005857922591549509,0.1521169990301132
2024-05-09,0.1521169990301132,0.1539829969406128,0.1431580036878585,0.1432940065860748,1093467705,0.061572655090347705,0.15279714337417055,0.15511959989865617,0.00681792219701548,0.1432940065860748,0.150189995765686,0.1566080003976822,48.91414998630378,-0.003934740846722323,-0.005473286242584072,0.1440310031175613
2024-05-10,0.1440310031175613,0.1530479937791824,0.1425250023603439,0.1521169990301132,1056928481,-0.05315642541009613,0.15249500104359215,0.15325450003147123,0.0071980651085984245,0.1521169990301132,0.1432940065860748,0.150189995765686,44.68227712025171,-0.004102093957106284,-0.0051990477854885146,0.1429239958524704
2024-05-11,0.1429239958524704,0.1460369974374771,0.1427070051431656,0.1440310031175613,533516788,-0.007685895683079758,0.15003314401422224,0.15155159980058666,0.007086908772578024,0.1440310031175613,0.1521169990301132,0.1432940065860748,44.119507821159566,-0.004274771828757878,-0.005014192594142387,0.1412310004234314
2024-05-12,0.1412310004234314,0.1443890035152435,0.1400160044431686,0.1429249942302703,601107964,-0.011845424688423534,0.1471992858818599,0.15043939997752503,0.005785613123067608,0.1429239958524704,0.1440310031175613,0.1521169990301132,43.22290712645255,-0.004496399177482263,-0.004910633910810362,0.1484339982271194
2024-05-13,0.1484339982271194,0.1568250060081482,0.1360429972410202,0.1412310004234314,1918835792,0.05100153494694748,0.1460315712860652,0.15028160015741981,0.004169244922715537,0.1412310004234314,0.1429239958524704,0.1440310031175613,48.05926758252851,-0.004044199706502216,-0.004737347069948734,0.1454190015792846
2024-05-14,0.1454190015792846,0.1547649949789047,0.1443610042333603,0.1484329998493194,1899294334,-0.020312035543376794,0.14535000068800788,0.14971940020720162,0.003744475875329221,0.1484339982271194,0.1412310004234314,0.1429239958524704,46.28214564092061,-0.0038843371788493952,-0.004566745091728866,0.1555259972810745
2024-05-15,0.1555259972810745,0.1569889932870865,0.1454000025987625,0.1454190015792846,1767635344,0.06950257938801352,0.14709742793015068,0.1495246335864067,0.005197369184410868,0.1454190015792846,0.1484339982271194,0.1412310004234314,52.608589347064786,-0.0029085667416127725,-0.004235109421705648,0.1496369987726211
2024-05-16,0.1496369987726211,0.1590249985456466,0.149069994688034,0.1555290073156356,1374063837,-0.03786504257426815,0.14674314217908038,0.14931290000677105,0.004872551965121352,0.1555259972810745,0.1454190015792846,0.1484339982271194,48.98834561427273,-0.0025807058328668475,-0.003904228703937888,0.1555629968643188
2024-05-17,0.1555629968643188,0.1563639938831329,0.1495169997215271,0.1496369987726211,1112782871,0.03960249230006596,0.1483905698571886,0.14957816650470096,0.005684578386804942,0.1496369987726211,0.1555259972810745,0.1454190015792846,52.528474608510926,-0.0018216958049348253,-0.0034877221241372755,0.1530770063400268
2024-05-18,0.1530770063400268,0.1568720042705536,0.1516570001840591,0.1555629968643188,771261615,-0.01598060319228911,0.14984099992683952,0.14959913343191145,0.00534227811057493,0.1555629968643188,0.1496369987726211,0.1555259972810745,50.93163983053088,-0.0014045823968981686,-0.003071094178689454,0.1491069942712783
2024-05-19,0.1491069942712783,0.1559640020132064,0.1479569971561432,0.1530770063400268,786457296,-0.02593473810122726,0.15096614190510335,0.14936043322086331,0.003846744814760492,0.1530770063400268,0.1555629968643188,0.1496369987726211,48.40118699387351,-0.001378473625181037,-0.002732570067987771,0.1656879931688308
2024-05-20,0.1656879931688308,0.1659449934959411,0.1480990052223205,0.1491069942712783,1512244150,0.11120201958726228,0.15343099832534784,0.1494557996590932,0.00653933236701507,0.1491069942712783,0.1530770063400268,0.1555629968643188,57.82575497856683,-1.9608166906381896e-05,-0.002189977687771493,0.1704739928245544
2024-05-21,0.1704739928245544,0.1726299971342086,0.1609050035476684,0.1656879931688308,2792364765,0.028885615452212132,0.15701028278895782,0.1498629326621691,0.008094955585411798,0.1656879931688308,0.1491069942712783,0.1530770063400268,60.09161239754819,0.0014270426138725534,-0.0014665736274426838,0.1661629974842071
2024-05-22,0.1661629974842071,0.1740950047969818,0.1622440069913864,0.1704739928245544,1978486152,-0.025288287491359474,0.15852985424654817,0.15002856602271394,0.008742379886691801,0.1704739928245544,0.1656879931688308,0.1491069942712783,57.11498221671279,0.0022002988096817,-0.0007331991400178072,0.1596129983663559
2024-05-23,0.1596129983663559,0.1691419929265976,0.1534029990434646,0.1661629974842071,2243999960,-0.03941911988241387,0.15995499704565314,0.15001753270626064,0.007815031832081038,0.1661629974842071,0.1704739928245544,0.1656879931688308,52.832819343502095,0.0022585446310747215,-0.00013485038579930147,0.1638029962778091
2024-05-24,0.1638029962778091,0.1727010011672973,0.1561609953641891,0.1596129983663559,3012763365,0.026250981776784865,0.1611321398190089,0.15043249924977617,0.007662311574131633,0.1596129983663559,0.1661629974842071,0.1704739928245544,55.149355446073834,0.0026126852689079827,0.0004146567451421554,0.1739600002765655
2024-05-25,0.1739600002765655,0.1740860044956207,0.1629589945077896,0.1638039946556091,1489582490,0.06200743716268886,0.16411542466708587,0.15118469943602877,0.008058484360343527,0.1638029962778091,0.1596129983663559,0.1661629974842071,60.24633435186189,0.003670617024730455,0.0010658488010598154,0.1662199944257736
2024-05-26,0.1662199944257736,0.1745499968528747,0.1657080054283142,0.1739609986543655,1359410362,-0.0444930204557753,0.1665601389748709,0.15179746598005292,0.004600269117344781,0.1739600002765655,0.1638029962778091,0.1596129983663559,55.10695245294956,0.0038402141783774046,0.0016207218765233334,0.1690900027751922
2024-05-27,0.1690900027751922,0.1730359941720962,0.1643649935722351,0.1662199944257736,1404874711,0.017266324423445,0.16704614034720827,0.15250993271668747,0.004671920499390748,0.1662199944257736,0.1739600002765655,0.1638029962778091,56.58585010312152,0.0041582728516626755,0.002128232071551202,0.1649619936943054
2024-05-28,0.1649619936943054,0.1693300008773803,0.1617960035800933,0.1690900027751922,1410223091,-0.024413087782457876,0.16625871190002983,0.15311869929234181,0.004457470072139934,0.1690900027751922,0.1662199944257736,0.1739600002765655,53.838619515331466,0.004030776525400459,0.0025087409623210533,0.1636949926614761
2024-05-29,0.1636949926614761,0.1702689975500106,0.1622200012207031,0.1649640053510666,1525668595,-0.007680563288882114,0.16590613978249683,0.15379213243722908,0.00456266702091441,0.1649619936943054,0.1690900027751922,0.1662199944257736,52.98828821286112,0.0037838801586114745,0.002763768801579138,0.1595440059900283
2024-05-30,0.1595440059900283,0.1654070019721985,0.1565950065851211,0.1636960059404373,1452218159,-0.02535805527070778,0.16589628372873572,0.15466603239377333,0.0045785736421508575,0.1636949926614761,0.1649619936943054,0.1690900027751922,50.19135421485671,0.003216188852907892,0.002854252811844889,0.1591359972953796
2024-05-31,0.1591359972953796,0.1622260063886642,0.1549070030450821,0.1595389991998672,945969518,-0.0025573426724297965,0.1652295695883887,0.1556327655911445,0.0052279391362471785,0.1595440059900283,0.1636949926614761,0.1649619936943054,49.91247624570845,0.002702217035442711,0.0028238456565644536,0.1601999998092651
2024-06-01,0.1601999998092651,0.161322996020317,0.158390998840332,0.1591359972953796,496035603,0.006686120877544388,0.1632638552359172,0.15656923204660408,0.003786291224651709,0.1591359972953796,0.1595440059900283,0.1636949926614761,50.68204647728133,0.0023536157603546715,0.0027297996773224973,0.1572010070085525
2024-06-02,0.1572010070085525,0.1611939966678619,0.1549600064754486,0.1601999998092651,585756299,-0.01872030464596275,0.16197542846202845,0.15693773229916885,0.004131486259684726,0.1601999998092651,0.1591359972953796,0.1595440059900283,48.42368236751753,0.0018144373782732759,0.0025467272175126532,0.158281996846199
2024-06-03,0.158281996846199,0.1632110029458999,0.156027004122734,0.1572010070085525,929987302,0.006876481634673581,0.16043142761502943,0.1568752323587735,0.002850490350165446,0.1572010070085525,0.1601999998092651,0.1591359972953796,49.30062919537622,0.0014575596314602146,0.0023288937003021655,0.1614499986171722
2024-06-04,0.1614499986171722,0.1617439985275268,0.157162994146347,0.158281996846199,760727969,0.02001492168469121,0.15992971403258185,0.15688796540101363,0.00214091933813292,0.158281996846199,0.1572010070085525,0.1601999998092651,51.882725506144084,0.0014140622829924288,0.0021459274168402183,0.163234993815422
2024-06-05,0.163234993815422,0.1647240072488784,0.1612920016050338,0.1614499986171722,820053785,0.011056024859327218,0.15986399991171693,0.15710886518160497,0.0020090850547876005,0.1614499986171722,0.158281996846199,0.1572010070085525,53.32513720898369,0.0015062612732784364,0.0020179941881278618,0.1601590067148208
2024-06-06,0.1601590067148208,0.1651699990034103,0.1586569994688034,0.163234993815422,893170339,-0.018843919607577364,0.1599518571581159,0.15744116554657614,0.0020062044253586608,0.163234993815422,0.1614499986171722,0.158281996846199,50.514919145685695,0.0013159536904257807,0.0018775860885874456,0.1483030021190643
2024-06-07,0.1483030021190643,0.1620189994573593,0.1431179940700531,0.1601579934358596,1581768204,-0.07402646182032901,0.15840428641864226,0.15760813206434246,0.004871935057508023,0.1601590067148208,0.163234993815422,0.1614499986171722,41.44816430693278,0.00020607754020532387,0.0015432843789110213,0.1460590064525604
2024-06-08,0.1460590064525604,0.1485829949378967,0.1440100073814392,0.1482959985733032,872877278,-0.015131154693027171,0.1563841445105416,0.15740619897842403,0.006621040260476108,0.1483030021190643,0.1601590067148208,0.163234993815422,39.98531018998301,-0.0008448402094629326,0.0010656594612362307,0.1467739939689636
2024-06-09,0.1467739939689636,0.1490889936685562,0.1451999992132187,0.1460449993610382,656320138,0.004895196357750375,0.15489457121917177,0.1574976320068041,0.007518698621256045,0.1460590064525604,0.1483030021190643,0.1601590067148208,40.703412863987786,-0.0016015449669034565,0.0005322185756082932,0.1447400003671646
2024-06-10,0.1447400003671646,0.1478199958801269,0.1434669941663742,0.1467670053243637,752565082,-0.013857997229598351,0.1529600002935954,0.15755816549062726,0.008212061027241696,0.1467739939689636,0.1460590064525604,0.1483030021190643,39.26408329576826,-0.002338409494763577,-4.190703846608079e-05,0.1381040066480636
2024-06-11,0.1381040066480636,0.1450469940900802,0.1341030001640319,0.1447419971227646,1271975142,-0.04584768344802659,0.14962485858372276,0.15745393236478167,0.008901179341132793,0.1447400003671646,0.1467739939689636,0.1460590064525604,34.92492075477465,-0.003418443487120587,-0.0007172143281969822,0.1461959928274154
2024-06-12,0.1461959928274154,0.1503250002861023,0.1350300014019012,0.1380970031023025,1274848212,0.058593420826471565,0.14719071558543612,0.15737933218479153,0.006588271604082068,0.1381040066480636,0.1447400003671646,0.1467739939689636,43.17210795396412,-0.003580152777513307,-0.0012898020180602471,0.1410599946975708
2024-06-13,0.1410599946975708,0.146353006362915,0.1403809934854507,0.1461970061063766,790003626,-0.035130909066075855,0.14446228529725752,0.15723403195540106,0.003599323485073061,0.1461959928274154,0.1381040066480636,0.1447400003671646,39.73044028067207,-0.004075757881170261,-0.00184699319068225,0.1349699944257736
2024-06-14,0.1349699944257736,0.143213003873825,0.1321640014648437,0.1410460025072097,859600884,-0.043173121371895884,0.1425575699125017,0.15654883186022436,0.004613163641621149,0.1410599946975708,0.1461959928274154,0.1381040066480636,36.05961355554086,-0.004903417082285089,-0.002458277969002818,0.1365659981966018
2024-06-15,0.1365659981966018,0.1372770071029663,0.1343580037355423,0.1349750012159347,476136328,0.011824878393293048,0.1412014258759362,0.15611313184102374,0.0048036905942822426,0.1349699944257736,0.1410599946975708,0.1461959928274154,37.684554185618445,-0.00536867208625727,-0.0030403567924537087,0.1369370073080063
2024-06-16,0.1369370073080063,0.1373469978570938,0.1348190009593963,0.1365759968757629,385407083,0.0027167019338911746,0.139796142067228,0.15549226552248,0.004315874813668039,0.1365659981966018,0.1349699944257736,0.1410599946975708,38.07850231155449,-0.0056424104983028855,-0.0035607675336235445,0.1288889944553375
2024-06-17,0.1288889944553375,0.1380230039358139,0.1264950037002563,0.1369400024414062,960646592,-0.05877164260327927,0.13753171265125272,0.154685998459657,0.005329029031660652,0.1369370073080063,0.1365659981966018,0.1349699944257736,33.17857309616433,-0.006434583664097909,-0.004135530759718418,0.1222959980368614
2024-06-18,0.1222959980368614,0.1291030049324035,0.1153919994831085,0.1288660019636154,1413960450,-0.051152516522740776,0.13527342570679526,0.15379229858517643,0.007815494892088035,0.1288889944553375,0.1369370073080063,0.1365659981966018,29.796002903578426,-0.007507840603284688,-0.004809992728431672,0.1223409995436668
2024-06-19,0.1223409995436668,0.1265079975128173,0.121578998863697,0.1222790032625198,642487745,0.00036797203120109145,0.1318655695234026,0.15234739879767098,0.007451426597672581,0.1222959980368614,0.1288889944553375,0.1369370073080063,29.84857490491143,-0.008259562123719671,-0.005499906607489272,0.1244190037250518
2024-06-20,0.1244190037250518,0.1282660067081451,0.1214540004730224,0.1223409995436668,734399819,0.016985345788705253,0.129488285098757,0.15081223249435421,0.00663947876090632,0.1223409995436668,0.1222959980368614,0.1288889944553375,32.36714720217334,-0.008588624951485962,-0.0061176502762886106,0.1240290030837059
2024-06-21,0.1240290030837059,0.1254999935626983,0.1216169968247413,0.1244300007820129,598393023,-0.0031345745398165814,0.1279252863356045,0.1494077660143375,0.00641807261226447,0.1244190037250518,0.1223409995436668,0.1222959980368614,32.13397010209353,-0.008779672802732313,-0.006650054781577352,0.1237889975309372
2024-06-22,0.1237889975309372,0.1253650039434433,0.1229590028524398,0.1240380033850669,328642106,-0.001935076045130546,0.12610000052622383,0.14821363265315687,0.005264270160670252,0.1240290030837059,0.1244190037250518,0.1223409995436668,31.981277521916894,-0.00884844665845691,-0.007089733156953265,0.1222570016980171
2024-06-23,0.1222570016980171,0.1261200010776519,0.1218269988894462,0.1237829998135566,429188641,-0.01237586428096904,0.12400285686765396,0.1468287661671638,0.002338699256694142,0.1237889975309372,0.1240290030837059,0.1244190037250518,30.969672133761975,-0.008923702803790845,-0.007456527086320781,0.1190430000424385
2024-06-24,0.1190430000424385,0.1236750036478042,0.1147309988737106,0.122248999774456,951099440,-0.02628889643079424,0.12259628623723981,0.14499819949269288,0.0018117136414649536,0.1222570016980171,0.1237889975309372,0.1240290030837059,28.90406623518747,-0.00913735714882749,-0.007792693098822124,0.1261530071496963
2024-06-25,0.1261530071496963,0.1282359957695007,0.1188950017094612,0.1190330013632774,783244352,0.05972637706310402,0.12314728753907336,0.143662633250157,0.002240859638453007,0.1190430000424385,0.1222570016980171,0.1237889975309372,38.65214175247421,-0.008633440673860404,-0.00796084261382978,0.1226790025830268
2024-06-26,0.1226790025830268,0.1285219937562942,0.121919997036457,0.1261499971151352,526276880,-0.027538024222816593,0.12319557368755338,0.14211559991041814,0.0022241695498569133,0.1261530071496963,0.1190430000424385,0.1222570016980171,36.051153889413484,-0.00841737609994403,-0.00805214931105263,0.126910999417305
2024-06-27,0.126910999417305,0.1281149983406067,0.1206300035119056,0.1226719990372657,616932730,0.03449650506747526,0.12355157307216098,0.14084723343451816,0.002617315402049266,0.1226790025830268,0.1261530071496963,0.1190430000424385,41.23863216806896,-0.00781457503559485,-0.008004634455961075,0.1227890029549598
2024-06-28,0.1227890029549598,0.1279760003089904,0.1223609969019889,0.126910001039505,634763078,-0.03247942637967394,0.12337443019662582,0.13948370044430095,0.0026215757367812026,0.126910999417305,0.1226790025830268,0.1261530071496963,38.004858210393266,-0.007582060243877614,-0.007920119613544383,0.1216989979147911
2024-06-29,0.1216989979147911,0.1241210028529167,0.1213890016078949,0.1227950006723404,285391178,-0.008877057504640962,0.12307585882289065,0.13822220017512638,0.0026847454647171316,0.1227890029549598,0.126910999417305,0.1226790025830268,37.17470451152347,-0.007400437259339088,-0.007816183142703324,0.1243050023913383
2024-06-30,0.1243050023913383,0.1253329962491989,0.1204520016908645,0.1216989979147911,369166834,0.021413524525254024,0.12336843035050797,0.13706116701165832,0.002692218090825552,0.1216989979147911,0.1227890029549598,0.126910999417305,40.51990665780559,-0.00696591818489814,-0.007646130151142287,0.1234420016407966
2024-07-01,0.1234420016407966,0.1272359937429428,0.1232480034232139,0.1243039965629577,452573746,-0.00694260676513081,0.1239968591502734,0.1358359004060427,0.0019157172539103695,0.1243050023913383,0.1216989979147911,0.1227890029549598,39.76480165639774,-0.006614942694312148,-0.00743989265977626,0.1250160038471222
2024-07-02,0.1250160038471222,0.1250939965248108,0.1224619969725608,0.1234389990568161,408063753,0.01275094526501408,0.12383443010704855,0.13476306696732837,0.0017428346135294306,0.1234420016407966,0.1243050023913383,0.1216989979147911,41.89174343836849,-0.0061390165049517165,-0.007179717428811351,0.1184709966182708
2024-07-03,0.1184709966182708,0.1253259927034378,0.1170450001955032,0.1250189989805221,657681923,-0.0523533549900943,0.12323328639779767,0.13343603362639742,0.0026810018230681177,0.1250160038471222,0.1234420016407966,0.1243050023913383,36.17210566194286,-0.0062182883975839265,-0.006987431622565867,0.1048870012164115
2024-07-04,0.1048870012164115,0.1189479976892471,0.104431003332138,0.1184479966759681,1239123198,-0.11466093634401286,0.12008700094052717,0.1315506003797054,0.007034361452946859,0.1184709966182708,0.1250160038471222,0.1234420016407966,27.71447336363201,-0.007293155885149713,-0.007048576475082636,0.1055940017104148
2024-07-05,0.1055940017104148,0.1064179986715316,0.0937950015068054,0.1048529967665672,1709690679,0.006740592121082356,0.11763057219130647,0.12962923397620515,0.00873118322167039,0.1048870012164115,0.1184709966182708,0.1250160038471222,28.649552963593834,-0.007995776744716368,-0.007238016529009383,0.1136149987578392
2024-07-06,0.1136149987578392,0.1140789985656738,0.1049349978566169,0.1055850014090538,842720114,0.07596072615394855,0.11647571516888477,0.12807776704430576,0.008637498110358365,0.1055940017104148,0.1048870012164115,0.1184709966182708,38.38734468830477,-0.007815291593930268,-0.007353471541993561,0.1042319983243942
2024-07-07,0.1042319983243942,0.1135770007967948,0.1037330031394958,0.1135770007967948,641031095,-0.082585930872068,0.11360814315932131,0.12660873358448343,0.008932042700159352,0.1136149987578392,0.1055940017104148,0.1048870012164115,32.75555079106613,-0.008333324156023031,-0.007549442064799455,0.1075809970498085
2024-07-08,0.1075809970498085,0.1110209971666336,0.0991630032658577,0.1042350009083747,1023119021,0.032130236196675765,0.11134228536060875,0.12532613327105838,0.007983015902825989,0.1042319983243942,0.1136149987578392,0.1055940017104148,36.345166806457755,-0.008377066872945593,-0.0077149670264286836,0.1075130030512809
2024-07-09,0.1075130030512809,0.1092199981212616,0.1061379984021186,0.1075699999928474,572733013,-0.0006320261049087561,0.10884185667548855,0.12401743357380227,0.005264647470298676,0.1075809970498085,0.1042319983243942,0.1136149987578392,36.3027954951003,-0.008321297105483183,-0.007836233042239583,0.1080219969153404
2024-07-10,0.1080219969153404,0.1104300022125244,0.1059039980173111,0.1075190007686615,552090147,0.00473425399360039,0.1073491424322128,0.12279350012540813,0.00312659402607172,0.1075130030512809,0.1075809970498085,0.1042319983243942,36.895870563211794,-0.00814216974745538,-0.007897420383282743,0.1066669970750808
2024-07-11,0.1066669970750808,0.1121790036559104,0.1063110008835792,0.108024001121521,546104180,-0.012543739969198553,0.10760342755487982,0.1217455998063087,0.0029609710591754074,0.1080219969153404,0.1075130030512809,0.1075809970498085,35.93660743704987,-0.008017130696400698,-0.007921362445906334,0.1076849997043609
2024-07-12,0.1076849997043609,0.1082660034298896,0.1050319969654083,0.1066640019416809,468503073,0.009543745086997735,0.107902141554015,0.12046190003554022,0.002826904935845887,0.1066669970750808,0.1080219969153404,0.1075130030512809,37.25645382549866,-0.0077465941281799205,-0.007886408782361052,0.112355999648571
2024-07-13,0.112355999648571,0.1128889992833137,0.1074469983577728,0.1076849997043609,497448463,0.04337651443593704,0.10772228453840524,0.11950510020057356,0.002412537522007544,0.1076849997043609,0.1066669970750808,0.1080219969153404,43.05373476635122,-0.007073739623304376,-0.007723874950549717,0.1154489964246749
2024-07-14,0.1154489964246749,0.1164949983358383,0.1113499999046325,0.1123500019311904,551768272,0.02752854129533122,0.10932471283844536,0.1188544002672036,0.0032778948348722316,0.112355999648571,0.1076849997043609,0.1066669970750808,46.57389998709921,-0.006219227210014069,-0.007422945402442588,0.125228002667427
2024-07-15,0.125228002667427,0.125351995229721,0.1147890016436576,0.1154709979891777,865334768,0.08470412516000048,0.11184571364096228,0.11847646708289779,0.006706384204620709,0.1154489964246749,0.112355999648571,0.1076849997043609,55.86347555719592,-0.004698771377273481,-0.006878110597408767,0.1249310001730918
2024-07-16,0.1249310001730918,0.1272570043802261,0.1193709969520568,0.1251640021800995,1023424280,-0.0023716939343347843,0.11433399894407811,0.11807626684506731,0.007947378298596394,0.125228002667427,0.1154489964246749,0.112355999648571,55.54756981551777,-0.0034776763069846728,-0.006198023739323948,0.1218840032815933
2024-07-17,0.1218840032815933,0.1275060027837753,0.1206429973244667,0.1249329969286918,731025036,-0.024389438068028735,0.11631428556782852,0.11784276713927584,0.007838743320055514,0.1249310001730918,0.125228002667427,0.1154489964246749,52.28115498546969,-0.0027244115303595995,-0.005503301297531078,0.119496002793312
2024-07-18,0.119496002793312,0.1238429993391037,0.1175730004906654,0.1218789964914321,710080580,-0.01959240280912178,0.11814700067043298,0.11774943396449085,0.006610807032626354,0.1218840032815933,0.1249310001730918,0.125228002667427,49.80907870520435,-0.002293695159928097,-0.004861380070010482,0.1254799962043762
2024-07-19,0.1254799962043762,0.1260560005903244,0.1179080009460449,0.1195010021328926,724349409,0.05007693371479949,0.12068914302757802,0.11785406718651449,0.005184890912940299,0.119496002793312,0.1218840032815933,0.1249310001730918,55.488804064528985,-0.0014527447382238906,-0.004179653003653164,0.1344300061464309
2024-07-20,0.1344300061464309,0.1356460005044937,0.1244850009679794,0.1254750043153762,1109519614,0.07132618913597466,0.1238425725272723,0.11818776726722713,0.005930988957497278,0.1254799962043762,0.119496002793312,0.1218840032815933,62.35112822382006,-6.336404506411542e-05,-0.003356395211935354,0.1401689946651458
2024-07-21,0.1401689946651458,0.1430869996547699,0.1264050006866455,0.1344300061464309,1229665449,0.042691276175823134,0.12737400084733957,0.11872576698660846,0.007301401900312061,0.1344300061464309,0.1254799962043762,0.119496002793312,65.97367146738921,0.001483715229360985,-0.0023883731236760864,0.1378809958696365
2024-07-22,0.1378809958696365,0.1424690037965774,0.1362140029668808,0.1401669979095459,1468393831,-0.016323144793719546,0.12918157130479807,0.1191955002645651,0.008193323275274602,0.1401689946651458,0.1344300061464309,0.1254799962043762,63.356351080770466,0.0024963875178943135,-0.0014114209953620064,0.1303910017013549
2024-07-23,0.1303910017013549,0.1392019987106323,0.128489002585411,0.1378819942474365,963364309,-0.054322164711975485,0.12996157152312138,0.1194666335980097,0.007978302266285238,0.1378809958696365,0.1401689946651458,0.1344300061464309,55.58252409325332,0.0026638504596698392,-0.0005963667043556374,0.1280879974365234
2024-07-24,0.1280879974365234,0.1346269994974136,0.1272439956665039,0.1303859949111938,734879689,-0.01766229444349421,0.1308478564023971,0.11976813351114586,0.0072420589529046215,0.1303910017013549,0.1378809958696365,0.1401689946651458,53.412399115273026,0.0025809809090553137,3.910281832655285e-05,0.1252209991216659
2024-07-25,0.1252209991216659,0.1286409944295883,0.1203230023384094,0.1280889958143234,970420635,-0.02238303644553663,0.13166571302073338,0.11973706657687817,0.005955378851965171,0.1280879974365234,0.1303910017013549,0.1378809958696365,50.75566331836494,0.002257935316829607,0.00048286931802716366,0.1343179941177368
2024-07-26,0.1343179941177368,0.1348779946565628,0.1252000033855438,0.1252219974994659,752603628,0.07264751966427108,0.13292828415121347,0.1201250329613685,0.0053293546371537825,0.1252209991216659,0.1280879974365234,0.1303910017013549,57.90959217925362,0.002704791672272888,0.0009272537888763086,0.1315920054912567
2024-07-27,0.1315920054912567,0.1386670023202896,0.1313409954309463,0.1343179941177368,1193072781,-0.02029503674757538,0.13252285548618858,0.1202810664971669,0.005303960626746806,0.1343179941177368,0.1252209991216659,0.1280879974365234,55.3162956346976,0.002806611186564556,0.0013031252684139582,0.130074992775917
2024-07-28,0.130074992775917,0.1317999958992004,0.1283240020275116,0.1315969973802566,755293791,-0.01152815256273687,0.13108085521629873,0.12052393282453214,0.004118353717128015,0.1315920054912567,0.1343179941177368,0.1252209991216659,53.87051414483795,0.00273338487788774,0.0015891771903087147,0.1286740005016327
2024-07-29,0.1286740005016327,0.1349489986896515,0.1279550045728683,0.1300760060548782,809333955,-0.0107706504100894,0.12976557016372678,0.12075643291076019,0.0028637457220100537,0.130074992775917,0.1315920054912567,0.1343179941177368,52.50565799984854,0.0025331040856437503,0.001777962569375722,0.1255950033664703
2024-07-30,0.1255950033664703,0.1303060054779052,0.1236620023846626,0.1286620050668716,638122391,-0.023928665644644465,0.12908042754445753,0.1207994329432646,0.0032383832721212067,0.1286740005016327,0.130074992775917,0.1315920054912567,49.5353000722311,0.0021017036469138106,0.0018427107848833398,0.1220140010118484
2024-07-31,0.1220140010118484,0.1272010058164596,0.1215429976582527,0.1255930066108703,609802169,-0.028512299523357654,0.12821271376950397,0.12075183292229966,0.004215086660988164,0.1255950033664703,0.1286740005016327,0.130074992775917,46.25762417204886,0.001454096805979882,0.0017649879891026483,0.1192359998822212
2024-08-01,0.1192359998822212,0.1229320019483566,0.1128280013799667,0.1220209971070289,861079384,-0.022767888165206807,0.12735771387815473,0.12055916612346963,0.00537146155371817,0.1220140010118484,0.1255950033664703,0.1286740005016327,43.83447836651395,0.000708534697403479,0.0015536973307628146,0.1115079969167709
2024-08-02,0.1115079969167709,0.1195129975676536,0.1105670034885406,0.1192350015044212,826720039,-0.06481266541215625,0.12409914284944532,0.12032706613341963,0.007089377335573653,0.1192359998822212,0.1220140010118484,0.1255950033664703,37.88850169673396,-0.0005001484982681131,0.0011429281649566292,0.1081689968705177
2024-08-03,0.1081689968705177,0.114496998488903,0.1054179966449737,0.1115069985389709,808239471,-0.029944041132273336,0.12075299876076831,0.1204364659885565,0.008374618643480951,0.1115079969167709,0.1192359998822212,0.1220140010118484,35.63909563362486,-0.0017077817920336663,0.0005727861735585701,0.1037330031394958
2024-08-04,0.1037330031394958,0.109214000403881,0.0996059998869896,0.1081689968705177,827323034,-0.04100984440423305,0.11698985738413671,0.1203744327028592,0.00934930899343606,0.1081689968705177,0.1115079969167709,0.1192359998822212,32.848865723085424,-0.002988339778033672,-0.0001394390167598783,0.0945030003786087
2024-08-05,0.0945030003786087,0.1041660010814666,0.0808309987187385,0.1037319973111152,3194029250,-0.08897845894305179,0.11210828593799042,0.11973736609021818,0.011005974370302752,0.1037330031394958,0.1081689968705177,0.1115079969167709,27.9462059023094,-0.00469386731177357,-0.0010503246757626165,0.0963710024952888
2024-08-06,0.0963710024952888,0.1013879999518394,0.0943669974803924,0.0945020020008087,1124169389,0.019766590575921228,0.10793342867067879,0.11947533289591467,0.010571607744187915,0.0945030003786087,0.1037330031394958,0.1081689968705177,30.216207519449668,-0.005827601053267392,-0.002005779951263572,0.0955149978399276
2024-08-07,0.0955149978399276,0.1018470004200935,0.0945940017700195,0.0963710024952888,1000135339,-0.008882388199739188,0.1041478567889758,0.11907313292225195,0.009364777692007133,0.0963710024952888,0.0945030003786087,0.1037330031394958,29.75362140640759,-0.006717727848275512,-0.00294816953066596,0.1074040010571479
2024-08-08,0.1074040010571479,0.1077720001339912,0.0939769968390464,0.0955149978399276,858015369,0.12447263242517081,0.10245757124253677,0.11906949952244754,0.006941965670443255,0.0955149978399276,0.0963710024952888,0.0945030003786087,42.84194637294106,-0.006390154820218416,-0.0036365665885764514,0.1039739996194839
2024-08-09,0.1039739996194839,0.107582002878189,0.1017739996314048,0.1074090003967285,602450305,-0.031935508955936776,0.10138128591435291,0.11893456627925232,0.0057940478596803565,0.1074040010571479,0.0955149978399276,0.0963710024952888,40.497593986589244,-0.006334305356566039,-0.0041761143421743694,0.1052019968628883
2024-08-10,0.1052019968628883,0.1058589965105056,0.1031159982085228,0.1039739996194839,371267774,0.011810618499803027,0.10095742877040584,0.11888573293884591,0.0053024078112383875,0.1039739996194839,0.1074040010571479,0.0955149978399276,41.72703747165582,-0.006120402944184297,-0.004564972062576355,0.1005659997463226
2024-08-11,0.1005659997463226,0.1107940003275871,0.1002990007400512,0.1052030026912689,676944256,-0.044067577183044104,0.10050499971423825,0.11864843294024463,0.005159291469872295,0.1052019968628883,0.1039739996194839,0.1074040010571479,38.49340387844885,-0.006252890534161865,-0.004902555756893457,0.1077670007944107
2024-08-12,0.1077670007944107,0.108534999191761,0.1004709973931312,0.1005659997463226,778786434,0.07160472790259731,0.10239985691649568,0.11849546631177262,0.0050214375061910085,0.1005659997463226,0.1052019968628883,0.1039739996194839,45.55158643352485,-0.005710994510688128,-0.005064243507652391,0.1064160019159317
2024-08-13,0.1064160019159317,0.1088429987430572,0.1035720035433769,0.1077670007944107,575505923,-0.012536294677591764,0.10383485683373038,0.1181943664948145,0.004409398474823231,0.1077670007944107,0.1005659997463226,0.1052019968628883,44.51937875163411,-0.005329121530914291,-0.0051172191123047715,0.1025549992918968
2024-08-14,0.1025549992918968,0.1067399978637695,0.1018050014972686,0.1064160019159317,564943505,-0.036282162029401155,0.10484057132686884,0.11743859971563017,0.0026455786896036836,0.1064160019159317,0.1077670007944107,0.1005659997463226,41.61693717508726,-0.005277202778525433,-0.005149215845548904,0.1002670004963874
2024-08-15,0.1002670004963874,0.1047979965806007,0.0981950014829635,0.1025549992918968,617034813,-0.02230996841994215,0.10382099981818878,0.11661646639307335,0.0028596099777030747,0.1025549992918968,0.1064160019159317,0.1077670007944107,39.9545910361375,-0.005358905052751162,-0.005191153686989356,0.1004389971494674
2024-08-16,0.1004389971494674,0.1020279973745346,0.09774199873209,0.1002670004963874,539609334,0.001715386440488853,0.10331599946532928,0.11590163285533585,0.0031276607596518644,0.1002670004963874,0.1025549992918968,0.1064160019159317,40.148134239656194,-0.005348126132280584,-0.0052225481760476014,0.1027550026774406
2024-08-17,0.1027550026774406,0.1036309972405433,0.1001560017466545,0.1004389971494674,305545333,0.02305882768350087,0.10296642886740816,0.11534359951814013,0.0030165074992088855,0.1004389971494674,0.1002670004963874,0.1025549992918968,42.820775436885455,-0.00509398122503904,-0.005196834785845889,0.1001719981431961
2024-08-18,0.1001719981431961,0.1043059974908828,0.1001690030097961,0.1027550026774406,377630490,-0.025137506368938856,0.10291014292410439,0.11449999958276745,0.003071929668028171,0.1027550026774406,0.1004389971494674,0.1002670004963874,40.64106737216345,-0.005042865420387385,-0.005166040912754188,0.1015039980411529
2024-08-19,0.1015039980411529,0.1018069982528686,0.0987119972705841,0.1001719981431961,463249309,0.013297128166023908,0.10201542824506757,0.11340246597925817,0.00221378581744685,0.1001719981431961,0.1027550026774406,0.1004389971494674,42.27294252763642,-0.004839092471374443,-0.00510065122447824,0.1030009984970092
2024-08-20,0.1030009984970092,0.1056189984083175,0.1012289971113205,0.1015060022473335,695089222,0.01474819203918809,0.10152757061379292,0.11216353277365362,0.0012480218002389636,0.1015039980411529,0.1001719981431961,0.1027550026774406,44.13189055207248,-0.004504876107761818,-0.004981496201134956,0.1061569973826408
2024-08-21,0.1061569973826408,0.1078250035643577,0.102462001144886,0.1030000001192092,509933481,0.030640468846748536,0.10204214176961349,0.11110606615742043,0.0021551430223981896,0.1030009984970092,0.1015039980411529,0.1001719981431961,47.938220458688164,-0.003939927466103096,-0.0047731824541285845,0.1053080037236213
2024-08-22,0.1053080037236213,0.1068219989538192,0.104273997247219,0.1061569973826408,391690266,-0.007997528942527588,0.10276228508778976,0.1102699662248293,0.002300446755657108,0.1061569973826408,0.1030009984970092,0.1015039980411529,47.01034816179305,-0.00352013041804608,-0.0045225720469120835,0.112926997244358
2024-08-23,0.112926997244358,0.1152390018105506,0.1053050011396408,0.1053080037236213,860650259,0.07234961495170489,0.10454628510134555,0.10976459955175713,0.004230788848757977,0.1053080037236213,0.1061569973826408,0.1030009984970092,55.36064723072966,-0.0025433311916401163,-0.004126723875857691,0.1126310005784034
2024-08-24,0.1126310005784034,0.114946998655796,0.1112470030784607,0.112926997244358,673199379,-0.0026211328838762205,0.10595714194434025,0.1093449329336484,0.005092768698515377,0.112926997244358,0.1053080037236213,0.1061569973826408,54.99804363719383,-0.0017726610908382068,-0.003655911318853794,0.1096979975700378
2024-08-25,0.1096979975700378,0.1127580031752586,0.1081169992685318,0.1126310005784034,584876309,-0.026040814636321352,0.10731799900531762,0.10852426638205843,0.0045310106769716404,0.1126310005784034,0.112926997244358,0.1053080037236213,51.405122259570554,-0.0013826302137737029,-0.003201255097837776,0.1052919998764991
2024-08-26,0.1052919998764991,0.1102920025587081,0.1046390011906623,0.1096990033984184,560759055,-0.0401647959957121,0.1078591421246528,0.10764759952823316,0.003903685452202542,0.1096979975700378,0.1126310005784034,0.112926997244358,46.49161557660088,-0.0014127695965977793,-0.002843557997589777,0.0990559980273246
2024-08-27,0.0990559980273246,0.1064779981970787,0.0973920002579689,0.1052919998764991,615156838,-0.05922578977024795,0.10729557062898357,0.10661363303661342,0.004883698348158195,0.1052919998764991,0.1096979975700378,0.1126310005784034,40.57955247175096,-0.0019177419717177763,-0.002658394792415377,0.0996270030736923
2024-08-28,0.0996270030736923,0.1017580032348632,0.0972919985651969,0.0990559980273246,657073357,0.005764467147261421,0.10636271429913378,0.10564539978901541,0.005693886928431923,0.0990559980273246,0.1052919998764991,0.1096979975700378,41.31543201350221,-0.002245970729475119,-0.0025759099798273255,0.1004249975085258
2024-08-29,0.1004249975085258,0.1024919971823692,0.0985350012779235,0.0996270030736923,461885564,0.008009820733473783,0.10566514198269157,0.10480639959375058,0.0061272602149915366,0.0996270030736923,0.0990559980273246,0.1052919998764991,42.389221516697546,-0.0024138772288769123,-0.0025435034296372432,0.1020430028438568
2024-08-30,0.1020430028438568,0.1023819968104362,0.0972749963402748,0.1004249975085258,572514236,0.01611157954167375,0.10411028563976281,0.10414069965481754,0.005302864144701563,0.1004249975085258,0.0996270030736923,0.0990559980273246,44.60256917945095,-0.002388847681955894,-0.0025125722801009735,0.1013320013880729
2024-08-31,0.1013320013880729,0.10224100202322,0.1004739999771118,0.1020430028438568,303734469,-0.006967664964464548,0.10249614289828704,0.1035438997050126,0.003777130560173174,0.1020430028438568,0.1004249975085258,0.0996270030736923,43.8061238979744,-0.0023987323675138533,-0.00248980429758355,0.0953539982438087
2024-09-01,0.0953539982438087,0.1014610007405281,0.0943429991602897,0.1013320013880729,424515197,-0.058994227513282094,0.10044700013739717,0.10300543308258052,0.0030372934437993657,0.1013320013880729,0.1020430028438568,0.1004249975085258,37.70916440446985,-0.002856018541581601,-0.00256304714638316,0.0991149991750717
2024-09-02,0.0991149991750717,0.0997399985790252,0.0941670015454292,0.0953539982438087,463950026,0.039442508972162615,0.09956457146576468,0.10270363315939898,0.0021679618058820654,0.0953539982438087,0.1013320013880729,0.1020430028438568,43.07698918370546,-0.002881721098923304,-0.002626781936891189,0.0967189967632293
2024-09-03,0.0967189967632293,0.1007060036063194,0.0967010036110878,0.0991149991750717,395659305,-0.024173963898342254,0.09923071414232251,0.10246983294685677,0.002424141559710361,0.0991149991750717,0.0953539982438087,0.1013320013880729,40.67239174968991,-0.0030601523992220686,-0.002713456029357365,0.0980250015854835
2024-09-04,0.0980250015854835,0.0994559973478317,0.0929789990186691,0.0967150032520294,579587111,0.013503084874332716,0.0990018567868641,0.10258723298708593,0.002455905869451912,0.0967189967632293,0.0991149991750717,0.0953539982438087,42.55471262021216,-0.003060892749541591,-0.0027829433733942105,0.0983090028166771
2024-09-05,0.0983090028166771,0.0990990027785301,0.0962250009179115,0.0980250015854835,452927311,0.0028972326100493717,0.09869957183088572,0.10265183299779887,0.0023806135618689075,0.0980250015854835,0.0967189967632293,0.0991149991750717,42.9783911045563,-0.0030039354585623262,-0.0028271417904278335,0.0924839973449707
2024-09-06,0.0924839973449707,0.0993790030479431,0.0893729999661445,0.0983090028166771,802922234,-0.05925200444326184,0.09733399961675913,0.102550799647967,0.0028403417791179712,0.0983090028166771,0.0980250015854835,0.0967189967632293,36.95768341295244,-0.0033897507188307974,-0.0029396635761084265,0.0952610000967979
2024-09-07,0.0952610000967979,0.0956180021166801,0.0918119996786117,0.0924839973449707,412044016,0.030026846065799084,0.09646671371800555,0.10214603294928865,0.0022895874289308366,0.0924839973449707,0.0983090028166771,0.0980250015854835,41.18759221977083,-0.0034318707092790834,-0.003038105002742558,0.0960799977183342
2024-09-08,0.0960799977183342,0.096902996301651,0.0940470024943351,0.0952610000967979,381739751,0.008597407340927399,0.09657042792865207,0.10188289955258364,0.0022468266749560233,0.0952610000967979,0.0924839973449707,0.0983090028166771,42.41475195355354,-0.0033604279204846182,-0.0031025695862909705,0.1038289964199066
2024-09-09,0.1038289964199066,0.1046189963817596,0.0958319976925849,0.0960799977183342,698093518,0.08065152878426551,0.09724385610648563,0.10183713287115093,0.003495874134437916,0.0960799977183342,0.0952610000967979,0.0924839973449707,52.511245022343104,-0.0026480050081073014,-0.0030116566706542367,0.1027119979262352
2024-09-10,0.1027119979262352,0.1045209988951683,0.1016609966754913,0.1038289964199066,465166360,-0.010758059233800354,0.09809999912977217,0.10190866614381468,0.00403776025537737,0.1038289964199066,0.0960799977183342,0.0952610000967979,51.119880821591146,-0.0021487675063597417,-0.0028390788377953375,0.1013780012726783
2024-09-11,0.1013780012726783,0.1029699966311454,0.0980909988284111,0.1027119979262352,532198021,-0.012987739314689661,0.09857899908508572,0.10169569949309026,0.004222057831522993,0.1027119979262352,0.1038289964199066,0.0960799977183342,49.43522247285804,-0.0018395553220109384,-0.002639174134638458,0.1027989983558654
2024-09-12,0.1027989983558654,0.1032069995999336,0.1006359979510307,0.1013780012726783,439730013,0.014016818889188931,0.09922042701925547,0.10157513270775473,0.004505739326933368,0.1013780012726783,0.1027119979262352,0.1038289964199066,51.277171583245725,-0.001462975577528891,-0.0024039344232165446,0.1071140021085739
2024-09-13,0.1071140021085739,0.1082900017499923,0.1018650010228157,0.1027989983558654,675630464,0.04197515366609905,0.10131042769977021,0.10172709946831063,0.004245830195927749,0.1027989983558654,0.1013780012726783,0.1027119979262352,56.46345410443166,-0.0008070455572482121,-0.002084556650022878,0.1054669991135597
2024-09-14,0.1054669991135597,0.1075579971075058,0.1046430021524429,0.1071129962801933,426157956,-0.015376168965703929,0.10276842755930761,0.1019004327555497,0.0035110210000645985,0.1071140021085739,0.1027989983558654,0.1013780012726783,54.096495276737784,-0.0004153280246391444,-0.0017507109249461313,0.1029329970479011
2024-09-15,0.1029329970479011,0.1063589975237846,0.1025770008563995,0.1054669991135597,428890116,-0.02402649252331679,0.10374742746353145,0.1019835660854975,0.0019384923037002895,0.1054669991135597,0.1071140021085739,0.1027989983558654,50.58310795032157,-0.00030583635589952196,-0.0014617360111368097,0.0996930003166198
2024-09-16,0.0996930003166198,0.1031320020556449,0.0984579995274543,0.1029379963874816,528755469,-0.03147675501737823,0.10315657087734763,0.10188149934013681,0.002467605449484098,0.1029329970479011,0.1054669991135597,0.1071140021085739,46.43083683060303,-0.0004750282480615736,-0.0012643944585217625,0.1011369973421096
2024-09-17,0.1011369973421096,0.1024670004844665,0.0988439992070198,0.0996960029006004,480290242,0.01448443743195349,0.10293157079390111,0.10191366598010057,0.002583960681410656,0.0996930003166198,0.1029329970479011,0.1054669991135597,48.46141221402647,-0.0004869819250946372,-0.0011089119518363374,0.1035849973559379
2024-09-18,0.1035849973559379,0.1035899966955185,0.0995780006051063,0.1011369973421096,549512848,0.02420479229324579,0.10324685594865247,0.10198303262392676,0.002495952447848152,0.1011369973421096,0.0996930003166198,0.1029329970479011,51.79725680688665,-0.0002955156376203416,-0.0009462326889931383,0.1050309985876083
2024-09-19,0.1050309985876083,0.107073999941349,0.1035849973559379,0.1035849973559379,656532122,0.013959562374671552,0.10356571312461575,0.10205069929361339,0.002570653969116178,0.1035849973559379,0.1011369973421096,0.0996930003166198,53.70343710213189,-2.678821285485855e-05,-0.0007623437937654824,0.1054710000753402
2024-09-20,0.1054710000753402,0.1072959974408149,0.1037480011582374,0.1050309985876083,595150523,0.004189253588452679,0.10333099854843951,0.10202783271670338,0.0022473576372646557,0.1050309985876083,0.1035849973559379,0.1011369973421096,54.29570662552949,0.0002191583293628674,-0.0005660433691398125,0.1100490018725395
2024-09-21,0.1100490018725395,0.1103729978203773,0.104152001440525,0.1054710000753402,502306053,0.04340531325131214,0.1039855703711509,0.10218586598833397,0.003363369303972922,0.1054710000753402,0.1050309985876083,0.1035849973559379,60.02574478268435,0.0007745506829640036,-0.0002979245587190493,0.1063390001654625
2024-09-22,0.1063390001654625,0.1100500002503395,0.1040199995040893,0.1100490018725395,480950368,-0.033712270388185805,0.10447214224508826,0.10196626608570412,0.0034313985080389985,0.1100490018725395,0.1054710000753402,0.1050309985876083,54.10568307620018,0.0009049058017967654,-5.735848661588637e-05,0.1081560030579567
2024-09-23,0.1081560030579567,0.1090840026736259,0.1047199964523315,0.1063390001654625,644419670,0.017086890883560635,0.1056811426367078,0.10181709950168923,0.0029196413482203277,0.1063390001654625,0.1100490018725395,0.1054710000753402,56.374975944049055,0.0011416696635109108,0.00018244714340947307,0.109774999320507
2024-09-24,0.109774999320507,0.1104680001735687,0.1069829985499382,0.1081560030579567,708492630,0.014969083701093622,0.10691514291933601,0.10181966622670487,0.0024697146535519105,0.1081560030579567,0.1063390001654625,0.1100490018725395,58.35108209978417,0.0014433086340771561,0.00043461944154300975,0.1085039973258972
2024-09-25,0.1085039973258972,0.1108840033411979,0.1081700026988983,0.109774999320507,696620734,-0.011578246435683281,0.10761785720075877,0.10192673280835149,0.002023811591298173,0.109774999320507,0.1081560030579567,0.1063390001654625,56.198859617025924,0.0015617970287219868,0.0006600549589788052,0.1181759983301162
2024-09-26,0.1181759983301162,0.1201630011200904,0.1071449965238571,0.1085039973258972,1347684388,0.08913958234339203,0.10949571430683133,0.10256406615177788,0.004176780171169574,0.1085039973258972,0.109774999320507,0.1081560030579567,66.36550984912321,0.0024083871954757585,0.0010097214062781959,0.1237139999866485
2024-09-27,0.1237139999866485,0.1280799955129623,0.1171730011701583,0.1181759983301162,1367867354,0.0468623217471138,0.11210185715130394,0.10336696604887642,0.006365144865290684,0.1181759983301162,0.1085039973258972,0.109774999320507,70.5767036017437,0.0034860019916532065,0.001504977523353198,0.1286710053682327
2024-09-28,0.1286710053682327,0.1319500058889389,0.1206159964203834,0.1237139999866485,1449764972,0.040068265371091094,0.1147621433649744,0.10430849964419998,0.008792733871454265,0.1237139999866485,0.1181759983301162,0.1085039973258972,73.74537488782062,0.004685991198680406,0.0021411802584186397,0.1246739998459816
2024-09-29,0.1246739998459816,0.1303019970655441,0.1246419996023178,0.1286700069904327,856945778,-0.031063762273500606,0.11738142903361999,0.10506286621093747,0.00859402863667675,0.1286710053682327,0.1237139999866485,0.1181759983301162,67.4387710549848,0.005253902630346294,0.0027637247328041706,0.1144279986619949
2024-09-30,0.1144279986619949,0.124669000506401,0.1137389987707138,0.124669000506401,976744755,-0.08218234111879208,0.11827742840562545,0.10549939945340153,0.007758205673707452,0.1246739998459816,0.1286710053682327,0.1237139999866485,54.55843957031949,0.004821629126172816,0.0031753056114779,0.1070429980754852
2024-10-01,0.1070429980754852,0.1192739978432655,0.1039550006389617,0.1144270002841949,1332235464,-0.06453840557260826,0.11788714251347947,0.10588903278112409,0.008306557596314362,0.1144279986619949,0.1246739998459816,0.1286710053682327,47.51437639862556,0.0038388891074415538,0.003308022310670631,0.1047590002417564
2024-10-02,0.1047590002417564,0.1094110012054443,0.1025089994072914,0.1070429980754852,910153432,-0.021337199768247883,0.1173521429300308,0.10607716615001356,0.009094820216480799,0.1070429980754852,0.1144279986619949,0.1246739998459816,45.55539221957551,0.00284298881990519,0.0032150156125175426,0.1050990000367164
2024-10-03,0.1050990000367164,0.1066379994153976,0.1015290021896362,0.1047580018639564,825842052,0.0032455425708088903,0.11548400031668796,0.10635649959246313,0.01017616171826636,0.1047590002417564,0.1070429980754852,0.1144279986619949,45.91288507106735,0.0020574488196395263,0.00298350225394194,0.109264001250267
2024-10-04,0.109264001250267,0.1104369983077049,0.1049590036273002,0.1050990000367164,670077063,0.03962931342920051,0.11341971478291916,0.10673113291462258,0.009682046739215211,0.1050990000367164,0.1047590002417564,0.1070429980754852,50.22458509086189,0.0017508013513426735,0.002736962073422087,0.1094869971275329
2024-10-05,0.1094869971275329,0.1100630015134811,0.1077269986271858,0.109264001250267,391880787,0.0020408906384010717,0.11067914217710491,0.10710373272498444,0.006985000722348004,0.109264001250267,0.1050990000367164,0.1047590002417564,50.45232773721241,0.001508387178625975,0.002491247094462865,0.1114799976348877
2024-10-06,0.1114799976348877,0.1126559972763061,0.1085119992494583,0.1094869971275329,435305366,0.018203079449090165,0.10879428471837722,0.10773693273464834,0.003479892847040429,0.1094869971275329,0.109264001250267,0.1050990000367164,52.54225804134473,0.001460257742712412,0.0022850492241127743,0.108654998242855
2024-10-07,0.108654998242855,0.1152089983224868,0.108654998242855,0.1114799976348877,849108258,-0.025340863401208114,0.1079695703727858,0.10818339933951693,0.0024555215678913143,0.1114799976348877,0.1094869971275329,0.109264001250267,49.3638255698639,0.001180552304467411,0.0020641498401837016,0.1070439964532852
2024-10-08,0.1070439964532852,0.1097040027379989,0.1053519994020462,0.1086520031094551,615072081,-0.01482676191268295,0.10796971299818581,0.10854886596401529,0.0024554588077118186,0.108654998242855,0.1114799976348877,0.1094869971275329,47.59561671154438,0.0008194433163101478,0.001815208535408991,0.1079389974474906
2024-10-09,0.1079389974474906,0.1111320033669471,0.1063769981265068,0.1070439964532852,667785123,0.008361057358279522,0.10842399831329068,0.1086858659982681,0.0020175607692762523,0.1070439964532852,0.108654998242855,0.1114799976348877,48.695117706630356,0.0005985808742282744,0.0015718830031728477,0.1059800013899803
2024-10-10,0.1059800013899803,0.1084500029683113,0.1033079996705055,0.1079370006918907,749185963,-0.018149103695939806,0.10854985564947126,0.1087947994470596,0.001790248385223468,0.1079389974474906,0.1070439964532852,0.108654998242855,46.40032348214613,0.00026244587514077933,0.001309995577566434,0.1107330024242401
2024-10-11,0.1107330024242401,0.111344002187252,0.1057019978761673,0.1059800013899803,650490847,0.044848093715057935,0.10875971296003883,0.10910663281877833,0.001965442314519787,0.1059800013899803,0.1079389974474906,0.1070439964532852,52.276678443637756,0.00037525818485487084,0.0011230480990241213,0.1114159971475601
2024-10-12,0.1114159971475601,0.1120579987764358,0.1094570010900497,0.1107330024242401,519024338,0.006167941881529693,0.10903528439147128,0.10939386611183481,0.002205036170454144,0.1107330024242401,0.1059800013899803,0.1079389974474906,53.072845487821596,0.0005138513605953826,0.0010012087513383736,0.1113360002636909
2024-10-13,0.1113360002636909,0.1120050027966499,0.1087990030646324,0.1114159971475601,573648913,-0.0007180017763809277,0.10901471333844318,0.10953459938367205,0.0021789452946573053,0.1114159971475601,0.1107330024242401,0.1059800013899803,52.961397207170435,0.0006101983837803332,0.0009230066778267656,0.1166540011763572
2024-10-14,0.1166540011763572,0.1174559965729713,0.1094290018081665,0.1113360002636909,1038038455,0.047765331070552364,0.11015742804322919,0.10990749945243196,0.0035957280446716152,0.1113360002636909,0.1114159971475601,0.1107330024242401,59.108790233113275,0.0011029581085535423,0.0009589969639721209,0.11752700060606
2024-10-15,0.11752700060606,0.1187919974327087,0.1105120033025741,0.1166540011763572,1367247373,0.007483664691303682,0.11165500006505416,0.11039396623770391,0.0042129492994245525,0.1166540011763572,0.1113360002636909,0.1114159971475601,60.032205366821536,0.0015460950769583676,0.0010764165865693703,0.1257729977369308
2024-10-16,0.1257729977369308,0.1294440031051635,0.1159309968352317,0.1175249963998794,2270276586,0.07016257615992982,0.11420271439211706,0.11126329948504761,0.006410497842865063,0.11752700060606,0.1166540011763572,0.1113360002636909,67.49820938573635,0.002533463184274276,0.0013678259061103515,0.1296579986810684
2024-10-17,0.1296579986810684,0.1306490004062652,0.1207619979977607,0.1257729977369308,1557107117,0.03088899059449579,0.11758528543370106,0.11221399952967959,0.007502523919072591,0.1257729977369308,0.11752700060606,0.1166540011763572,70.31199900328687,0.0035880854156435937,0.001811877808017,0.1372130066156387
2024-10-18,0.1372130066156387,0.140526995062828,0.1296470016241073,0.1296599954366684,2216997635,0.05826873784435049,0.12136814317532944,0.11333493317166961,0.009796689563639225,0.1296579986810684,0.1257729977369308,0.11752700060606,74.86849782628153,0.00497614522798534,0.002444731292010668,0.1445270031690597
2024-10-19,0.1445270031690597,0.1465439945459365,0.1371899992227554,0.1372130066156387,1898579280,0.053303959543055335,0.12609828689268654,0.114651466657718,0.011947932366321183,0.1372130066156387,0.1296579986810684,0.1257729977369308,78.33515161000554,0.006590400985756931,0.0032738652307599207,0.142083004117012
2024-10-20,0.142083004117012,0.1452459990978241,0.1375769972801208,0.1445260047912597,1456913937,-0.016910328163304178,0.13049071601458953,0.11587186679244038,0.011247596558595406,0.1445270031690597,0.1372130066156387,0.1296579986810684,74.63056528949984,0.0075850641082265136,0.004136105006253239,0.1436900049448013
2024-10-21,0.1436900049448013,0.1495330035686493,0.1384329944849014,0.142084002494812,2075196142,0.011310295962392969,0.1343530022672244,0.11699323356151578,0.01030692594922775,0.142083004117012,0.1445270031690597,0.1372130066156387,75.45259656524809,0.008406112898609222,0.004990106584724437,0.1395079940557479
2024-10-22,0.1395079940557479,0.1478829979896545,0.1368480026721954,0.1436900049448013,1647303198,-0.02910439658388153,0.1374931441886084,0.11809886669119196,0.00720916667133364,0.1436900049448013,0.142083004117012,0.1445270031690597,69.17119482027874,0.008619980878288191,0.005716081443437188,0.138496994972229
2024-10-23,0.138496994972229,0.1406040042638778,0.1332789957523346,0.1395110040903091,1430747359,-0.007246889974741544,0.1393108580793653,0.11911023308833438,0.005039011172787538,0.1395079940557479,0.1436900049448013,0.142083004117012,67.70380419941435,0.008608658361365193,0.006294596827022788,0.14198699593544
2024-10-24,0.14198699593544,0.1435019969940185,0.1364499926567077,0.1399009972810745,1349772912,0.025199109655128726,0.14107214340141838,0.12018396630883213,0.00272699281745003,0.138496994972229,0.1395079940557479,0.1436900049448013,70.06463311033666,0.008780087709999454,0.006791695003618122,0.1310130059719085
2024-10-25,0.1310130059719085,0.1423999965190887,0.1285479962825775,0.14198799431324,1458877964,-0.07728869739959321,0.14018642902374262,0.1209342665970325,0.004572031246998752,0.14198699593544,0.138496994972229,0.1395079940557479,56.162453046393566,0.007938922470841436,0.0070211404970627845,0.1373569965362548
2024-10-26,0.1373569965362548,0.1378310024738311,0.130839005112648,0.1310130059719085,947921669,0.0484226013843736,0.13916214236191338,0.12157363320390378,0.004227721617929291,0.1310130059719085,0.14198699593544,0.138496994972229,60.98225186734431,0.007695491146482131,0.007156010626946654,0.1443119943141937
2024-10-27,0.1443119943141937,0.1458570063114166,0.1360570043325424,0.1373569965362548,1129296560,0.050634463138564234,0.13948056953293933,0.12226023301482196,0.004555611030504325,0.1373569965362548,0.1310130059719085,0.14198699593544,65.46515476347057,0.007971885331660322,0.007319185567889389,0.1611499935388565
2024-10-28,0.1611499935388565,0.1620099991559982,0.1411760002374649,0.1443109959363937,3078140199,0.11667775298013972,0.14197485361780435,0.12334286595384275,0.009423516415127231,0.1443119943141937,0.1373569965362548,0.1310130059719085,73.42561992332716,0.00944078800370568,0.007743506055052648,0.1758390069007873
2024-10-29,0.1758390069007873,0.1792269945144653,0.1608259975910186,0.1611520051956176,3785378330,0.0911511880289897,0.14716499830995283,0.12504836618900295,0.0157318585347984,0.1611499935388565,0.1443119943141937,0.1373569965362548,78.15603480067335,0.011655823493539608,0.00852596954275004,0.1681459993124008
2024-10-30,0.1681459993124008,0.1775349974632263,0.1652500033378601,0.1758390069007873,2319205433,-0.043750290245480605,0.1514005703585488,0.12683896621068314,0.01695305215835522,0.1758390069007873,0.1611499935388565,0.1443119943141937,71.0252537456431,0.012644733046973666,0.009349722243594767,0.1613720059394836
2024-10-31,0.1613720059394836,0.1729969978332519,0.1565459966659546,0.1681459993124008,2213630995,-0.04028637850807082,0.1541698575019836,0.1286499331394831,0.016741004301063008,0.1681459993124008,0.1758390069007873,0.1611499935388565,65.36958934545058,0.012735044672514406,0.010026786729378696,0.1591850072145462
2024-11-01,0.1591850072145462,0.1682419925928115,0.1544200032949447,0.1613720059394836,2406203136,-0.013552528595062063,0.1581944291080747,0.13046413337190943,0.013273401144236264,0.1613720059394836,0.1681459993124008,0.1758390069007873,63.608527432861706,0.012486211493128063,0.01051867168212857,0.1593160033226013
2024-11-02,0.1593160033226013,0.1632979959249496,0.1560350060462951,0.1591890007257461,1342216649,0.0008229173736100659,0.16133143007755277,0.13227136681477225,0.009620056952108765,0.1591850072145462,0.1613720059394836,0.1681459993124008,63.671657898513594,0.012159413546466491,0.010846820054996154,0.1514540016651153
2024-11-03,0.1514540016651153,0.1596270054578781,0.1428229957818985,0.1593160033226013,2214868458,-0.04934847406111553,0.16235171684197014,0.13367770016193387,0.007701606729974236,0.1593160033226013,0.1591850072145462,0.1613720059394836,57.252298225090236,0.011137638230433983,0.01090498369008372,0.1583459973335266
2024-11-04,0.1583459973335266,0.1598940044641494,0.1485809981822967,0.1514540016651153,2541759238,0.04550553694613124,0.16195114595549445,0.13530633350213367,0.00784609168075142,0.1514540016651153,0.1593160033226013,0.1591850072145462,60.967391133411255,0.01075996619021985,0.010875980190110945,0.1701799929141998
2024-11-05,0.1701799929141998,0.1788399964570999,0.1581790000200271,0.1583449989557266,4095671194,0.07473504717487156,0.16114271538598193,0.13726300001144406,0.006319721100260718,0.1583459973335266,0.1514540016651153,0.1593160033226013,66.37162227267957,0.011285471034775618,0.01095787835904388,0.1966580003499984
2024-11-06,0.1966580003499984,0.2133360058069229,0.1696940064430236,0.1701879948377609,12194137333,0.15558825090061013,0.16521585839135303,0.1401964334150155,0.014920842645085076,0.1701799929141998,0.1583459973335266,0.1514540016651153,74.78403409238445,0.013680787719436871,0.011502460231122478,0.1931589990854263
2024-11-07,0.1931589990854263,0.203477993607521,0.1862549930810928,0.1966580003499984,4338342915,-0.0177923158902501,0.16975685741220198,0.14306693350275354,0.01806233870452519,0.1966580003499984,0.1701799929141998,0.1583459973335266,72.21319639401821,0.015122431314867318,0.012226454447871446,0.2021320015192031
2024-11-08,0.2021320015192031,0.2065639942884445,0.1912889927625656,0.1931589990854263,4089504352,0.046453970440219594,0.17589214231286726,0.14620670030514396,0.020937933559781952,0.1931589990854263,0.1966580003499984,0.1701799929141998,74.62250732788515,0.01679538382663273,0.013140240323623703,0.218760997056961
2024-11-09,0.218760997056961,0.2197369933128357,0.1978249996900558,0.2021310031414032,4290391407,0.08226800018194091,0.18438428427491863,0.14996606682737662,0.0247942781303915,0.2021320015192031,0.1931589990854263,0.1966580003499984,78.36619849849936,0.019241230779584756,0.014360438414815914,0.2790949940681457
2024-11-10,0.2790949940681457,0.2966139912605285,0.217301994562149,0.2187940031290054,14901681717,0.2757986927417182,0.20261871176106583,0.15557813321550681,0.03925725407400479,0.218760997056961,0.2021320015192031,0.1931589990854263,86.27654526773745,0.025751187774617934,0.01663858828677632,0.3495210111141205
2024-11-11,0.3495210111141205,0.3496020138263702,0.2761420011520386,0.2790949940681457,19590715363,0.25233708430033364,0.2299294280154364,0.16351496701439217,0.06277722217058615,0.2790949940681457,0.218760997056961,0.2021320015192031,90.59805913143747,0.0361761504521762,0.020546100719856297,0.3822210133075714
2024-11-12,0.3822210133075714,0.4358629882335663,0.333431988954544,0.3495210111141205,39936467957,0.09355661363309054,0.26022100235734663,0.17254446744918817,0.0783640578367249,0.3495210111141205,0.2790949940681457,0.218760997056961,91.87709613084306,0.04654013961438827,0.025744908498762695,0.399522989988327
2024-11-13,0.399522989988327,0.4316239953041076,0.3566089868545532,0.3822180032730102,28286313456,0.04526694262838138,0.28920171516282217,0.1819734337429205,0.08787412388808119,0.3822210133075714,0.3495210111141205,0.2790949940681457,92.46146262715882,0.05550991684576126,0.03169791016816241,0.3616459965705871
2024-11-14,0.3616459965705871,0.4147039949893951,0.3558079898357391,0.399522989988327,15564516841,-0.09480554152552423,0.3132712862321308,0.19011073360840475,0.07989548457362682,0.399522989988327,0.3822210133075714,0.3495210111141205,79.05358536071608,0.05888340190430205,0.03713500851539034,0.3791890144348144
2024-11-15,0.3791890144348144,0.3842459917068481,0.3544690012931824,0.3617129921913147,11623194182,0.048508812569706405,0.33856514522007525,0.19855793416500087,0.06559278656848824,0.3616459965705871,0.399522989988327,0.3822210133075714,80.46642991587181,0.062254852854956966,0.04215897738330367,0.3637480139732361
2024-11-16,0.3637480139732361,0.3898789882659912,0.3613030016422272,0.3791899979114532,7524229950,-0.04072111763204245,0.35927757620811457,0.2063609346747398,0.03892854838980656,0.3791890144348144,0.3616459965705871,0.399522989988327,75.63094506542504,0.06295508529679761,0.046318198966002457,0.3665600121021271
2024-11-17,0.3665600121021271,0.3735580146312713,0.3416990041732788,0.363750010728836,7832273719,0.0077306212566645716,0.3717725787843977,0.21400583485762273,0.016449432850777556,0.3637480139732361,0.3791890144348144,0.3616459965705871,75.91480218153292,0.06301058252736152,0.049656675678274274,0.3717409968376159
2024-11-18,0.3717409968376159,0.3799059987068176,0.3592349886894226,0.3665699958801269,8396330143,0.014134069632356416,0.37494686245918274,0.22157963464657462,0.013278047311081096,0.3665600121021271,0.3637480139732361,0.3791890144348144,76.45889122691058,0.06274929187462452,0.05227519891754433,0.3913559913635254
2024-11-19,0.3913559913635254,0.4183340072631836,0.3680199980735779,0.3717400133609772,12889618537,0.05276521743034368,0.37625185932431904,0.22988873422145842,0.014504392239823806,0.3717409968376159,0.3665600121021271,0.3637480139732361,78.4442686901066,0.06339421423851144,0.05449900198173775,0.377496987581253
2024-11-20,0.377496987581253,0.3955990076065063,0.3665690124034881,0.3913399875164032,8029529786,-0.03541278040483342,0.3731052875518799,0.23768230030934012,0.010432024332482597,0.3913559913635254,0.3717409968376159,0.3665600121021271,73.71390944921646,0.062071492549654605,0.05601350009532113,0.3876169919967651
2024-11-21,0.3876169919967651,0.3949440121650696,0.3700119853019714,0.377496987581253,8052510566,0.02680817264358648,0.3768154297556196,0.24595260024070736,0.010294666256036387,0.377496987581253,0.3913559913635254,0.3717409968376159,74.90397586861863,0.061135098501221785,0.057037819776501256,0.4129239916801452
2024-11-22,0.4129239916801452,0.4191919863224029,0.381520003080368,0.3876259922981262,13591947495,0.06528867466055588,0.3816347122192383,0.2551001667976379,0.017182825125291387,0.3876169919967651,0.377496987581253,0.3913559913635254,77.63126547487427,0.06172355215880221,0.057974966252961446,0.4300119876861572
2024-11-23,0.4300119876861572,0.4774599969387054,0.40556600689888,0.4129239916801452,20873625275,0.041382909083298225,0.391100994178227,0.26470099985599516,0.02296609901676534,0.4129239916801452,0.3876169919967651,0.377496987581253,79.2694832000455,0.06284433402594675,0.05894883980755851,0.4298819899559021
2024-11-24,0.4298819899559021,0.4524280130863189,0.400967001914978,0.4300119876861572,12213185937,-0.00030231187496565504,0.4001469910144806,0.2746632993221283,0.0241300146608786,0.4300119876861572,0.4129239916801452,0.3876169919967651,79.22194912496835,0.06299589454137072,0.05975825075432096,0.393339991569519
2024-11-25,0.393339991569519,0.4370419979095459,0.3815149962902069,0.4298950135707855,9773285006,-0.08500472045858831,0.40323256169046673,0.28319606582323703,0.021080540618848037,0.4298819899559021,0.4300119876861572,0.4129239916801452,67.05050091486554,0.05948170539253134,0.05970294168196304,0.3876180052757263
2024-11-26,0.3876180052757263,0.408372014760971,0.3673189878463745,0.3933109939098358,8847260920,-0.014547176530310568,0.402698563677924,0.2913062661886215,0.02147518152369513,0.393339991569519,0.4298819899559021,0.4300119876861572,65.35721812935014,0.05559411435627165,0.05888117621682477,0.4015249907970428
2024-11-27,0.4015249907970428,0.408051997423172,0.3816910088062286,0.3876149952411651,6388400976,0.035878068954572795,0.406131135565894,0.2993187660972277,0.018488196757399135,0.3876180052757263,0.393339991569519,0.4298819899559021,67.50511462092683,0.05302411892094505,0.05770976475764883,0.4020180106163025
2024-11-28,0.4020180106163025,0.4273050129413605,0.3922590017318725,0.4015150070190429,5955119388,0.0012278683283972747,0.4081884239401136,0.3068580662210782,0.01680970826938793,0.4015249907970428,0.3876180052757263,0.393339991569519,67.58185162752251,0.05044565548658797,0.056256942903436656,0.4258390069007873
2024-11-29,0.4258390069007873,0.4370859861373901,0.3999919891357422,0.4020189940929413,6768739922,0.059253554953835774,0.410033426114491,0.3154478331406911,0.018077089544865792,0.4020180106163025,0.4015249907970428,0.3876180052757263,71.12938221237476,0.04975086297824338,0.05495572691839801,0.4219709932804107
2024-11-30,0.4219709932804107,0.43470099568367,0.4153609871864319,0.4258390069007873,5601447294,-0.009083276913797955,0.4088847126279558,0.3241344660520553,0.016806808080494857,0.4258390069007873,0.4020180106163025,0.4015249907970428,69.7938093009719,0.04833098898086935,0.05363077933089228,0.4400230050086975
2024-12-01,0.4400230050086975,0.4492810070514679,0.4176940023899078,0.421968013048172,8333397829,0.042780219531086905,0.4103334290640694,0.33349573264519367,0.019186926665238916,0.4219709932804107,0.4258390069007873,0.4020180106163025,72.39859528352416,0.048107818106768785,0.052526187086067586,0.42467001080513
2024-12-02,0.42467001080513,0.4602450132369995,0.4051119983196258,0.4400489926338196,13072433718,-0.034891344381560274,0.4148091460977281,0.34234086622794463,0.018190497915682946,0.4400230050086975,0.4219709932804107,0.4258390069007873,67.09898200199491,0.046159991609604545,0.05125294799077498,0.4078820049762726
2024-12-03,0.4078820049762726,0.4280489981174469,0.3914720118045807,0.42467200756073,9362620939,-0.03953188452612677,0.41770400319780615,0.35088846633831655,0.014348815561039214,0.42467001080513,0.4400230050086975,0.4219709932804107,61.77408659968296,0.04276866278804736,0.04955609095022946,0.4319570064544678
2024-12-04,0.4319570064544678,0.4356260001659393,0.4019590020179748,0.4078510105609894,8065078709,0.05902442663435403,0.4220514340060098,0.36000883330901456,0.013193544034702942,0.4078820049762726,0.42467001080513,0.4400230050086975,65.94753972022895,0.04154475955246062,0.0479538246706757,0.4305860102176666
2024-12-05,0.4305860102176666,0.4634039998054504,0.4090110063552856,0.4319030046463012,15284058219,-0.003173918275002352,0.42613257680620464,0.3686890338857968,0.009994402414069289,0.4319570064544678,0.4078820049762726,0.42467001080513,65.50891540753503,0.040003049231586985,0.04636366958285796,0.435708999633789
2024-12-06,0.435708999633789,0.441781997680664,0.4212599992752075,0.4278939962387085,6668459793,0.011897714497348888,0.42754257576806204,0.3766574005285898,0.010622566302157325,0.4305860102176666,0.4319570064544678,0.4078820049762726,66.40800259743881,0.03874795284550392,0.04484052623538716,0.4538869857788086
2024-12-07,0.4538869857788086,0.4660390019416809,0.4321280121803283,0.4357120096683502,8127914572,0.04172047435397963,0.43210200326783316,0.3853483334183692,0.014109690774903177,0.435708999633789,0.4305860102176666,0.4319570064544678,69.45098323098387,0.038773138869736656,0.04362704876225706,0.4672969877719879
2024-12-08,0.4672969877719879,0.4835099875926971,0.4482400119304657,0.4538910090923309,8171222257,0.029544803912298967,0.43599828651973177,0.39418716629346207,0.01942583222582789,0.4538869857788086,0.435708999633789,0.4305860102176666,71.50189554207641,0.03942075612613005,0.04278579023503166,0.4147189855575561
2024-12-09,0.4147189855575561,0.4672990143299103,0.3847210109233856,0.4672990143299103,11830538830,-0.11251517469675332,0.4345767114843641,0.40071909924348187,0.020714368747726076,0.4672969877719879,0.4538869857788086,0.435708999633789,55.70975430057751,0.035284652590516274,0.041285562706128584,0.3945200145244598
2024-12-10,0.3945200145244598,0.4224070012569427,0.3668400049209595,0.4147219955921173,11257345383,-0.0487051997533714,0.43266785570553373,0.40456659992535904,0.023947637109585786,0.4147189855575561,0.4672969877719879,0.4538869857788086,51.04541581028429,0.03003069740082237,0.03903458964506734,0.4144920110702514
2024-12-11,0.4144920110702514,0.4187879860401153,0.3766329884529114,0.3945119976997375,6670843571,0.050623531913495334,0.43017285636493136,0.40673229992389676,0.024923940326439117,0.3945200145244598,0.4147189855575561,0.4672969877719879,55.052608517761605,0.027165328274078915,0.03666073737086966,0.4065479934215545
2024-12-12,0.4065479934215545,0.4233590066432953,0.40174400806427,0.4144949913024902,5601004925,-0.01916567131941771,0.4267388539654868,0.4075431992610295,0.026465807041057544,0.4144920110702514,0.3945200145244598,0.4147189855575561,53.187683647637954,0.023977093752385825,0.034124008647172896,0.4090810120105743
2024-12-13,0.4090810120105743,0.4116869866847992,0.399861991405487,0.4065479934215545,3815608761,0.0062305524317107785,0.42293485573359896,0.4078617999951044,0.026872156300290946,0.4065479934215545,0.4144920110702514,0.3945200145244598,53.72595805916849,0.021408010139899847,0.03158080894571829,0.3979760110378265
2024-12-14,0.3979760110378265,0.4127539992332458,0.388139009475708,0.4090810120105743,3165759137,-0.02714621467803735,0.4149475736277443,0.40907280047734573,0.024327657619487863,0.4090810120105743,0.4065479934215545,0.4144920110702514,50.959442125623156,0.018265360392805297,0.028917719235135694,0.4062719941139221
2024-12-15,0.4062719941139221,0.409835010766983,0.3929089903831482,0.3979719877243042,2654366167,0.020845435016200398,0.4062297173908778,0.4099755664666493,0.0076790510328917936,0.3979760110378265,0.4090810120105743,0.4065479934215545,52.910227708664436,0.01625680598855589,0.026385536585819734,0.4019339978694916
2024-12-16,0.4019339978694916,0.4135940074920654,0.3927359879016876,0.4062950015068054,3891164219,-0.010677566525085447,0.40440329057829716,0.4112484325965245,0.006792663155728896,0.4062719941139221,0.3979760110378265,0.4090810120105743,51.75097356377399,0.014151838524262828,0.023938796973508356,0.394336998462677
2024-12-17,0.394336998462677,0.4098989963531494,0.3915959894657135,0.4019350111484527,3618256203,-0.01890111174243425,0.4043771454266139,0.41217433214187615,0.006837250213610811,0.4019339978694916,0.4062719941139221,0.3979760110378265,49.69739984308057,0.011735344535178938,0.021498106485842473,0.358038991689682
2024-12-18,0.358038991689682,0.3961629867553711,0.3564940094947815,0.3943409919738769,5749656033,-0.09204818952952121,0.39631242837224684,0.411717598636945,0.01765467029566026,0.394336998462677,0.4019339978694916,0.4062719941139221,41.270676598719206,0.006812776401894982,0.018561040469052974,0.3150660097599029
2024-12-19,0.3150660097599029,0.3670360147953033,0.3027690052986145,0.3580470085144043,9565836573,-0.12002319000782036,0.38324357356343947,0.4091745992501576,0.03457063610167977,0.358038991689682,0.394336998462677,0.4019339978694916,33.93458142303004,-0.0005496191431035302,0.014738908546621673,0.3177129924297333
2024-12-20,0.3177129924297333,0.3280569911003113,0.2644400000572204,0.3150539994239807,11414899319,0.008401359041705359,0.3701909993376051,0.4071817994117736,0.040010143013186686,0.3150660097599029,0.358038991689682,0.394336998462677,34.70450370047307,-0.00610045898226852,0.010571035040843635,0.3209510147571563
2024-12-21,0.3209510147571563,0.3494060039520263,0.3152489960193634,0.3177190124988556,6875286934,0.010191658523814207,0.3591874284403665,0.40495960017045335,0.041653108052263785,0.3177129924297333,0.3150660097599029,0.358038991689682,35.69181111439711,-0.010121582898717119,0.006432511452931486,0.3121919929981231
2024-12-22,0.3121919929981231,0.3240320086479187,0.3057180047035217,0.3209039866924286,4115525341,-0.027290836782867367,0.3457474282809666,0.40160186688105265,0.03902364210797377,0.3209510147571563,0.3177129924297333,0.3150660097599029,34.18597538971768,-0.013855415818037398,0.0023749259987377097,0.3242189884185791
2024-12-23,0.3242189884185791,0.3278819918632507,0.3032779991626739,0.3121989965438843,4390431993,0.03852435581372604,0.3346452840736934,0.3980754335721334,0.030498108517895424,0.3121919929981231,0.3209510147571563,0.3177129924297333,38.050809602521134,-0.01566346857521167,-0.0012327529160521664,0.3369239866733551
2024-12-24,0.3369239866733551,0.3394339978694916,0.3163929879665375,0.3242180049419403,3138423654,0.03918647182494239,0.32644342524664743,0.39497683346271517,0.01608314873983581,0.3242189884185791,0.3121919929981231,0.3209510147571563,41.93021181507871,-0.01588802892503599,-0.004163808117848932,0.334318995475769
2024-12-25,0.334318995475769,0.3413659930229187,0.326898992061615,0.3369260132312774,2538802504,-0.0077316881570430596,0.3230548543589455,0.3930094669262568,0.00944610977490054,0.3369239866733551,0.3242189884185791,0.3121919929981231,41.358327122866186,-0.016090711927981727,-0.006549188879875491,0.3122560083866119
2024-12-26,0.3122560083866119,0.3373810052871704,0.3089979887008667,0.334304004907608,2514756816,-0.06599381844205199,0.32265342559133253,0.39049740036328634,0.00989140502486115,0.334318995475769,0.3369239866733551,0.3242189884185791,36.782539496211626,-0.017826149582097328,-0.00880458102031986,0.3110359907150268
2024-12-27,0.3110359907150268,0.3238469958305359,0.3097639977931976,0.3122549951076507,2157162506,-0.0039071071134507696,0.3216995682035173,0.38748110036055244,0.010733338763420216,0.3122560083866119,0.334318995475769,0.3369239866733551,36.54178238896572,-0.019079999301065298,-0.010859664676468947,0.3239189982414245
2024-12-28,0.3239189982414245,0.3258579969406128,0.311055988073349,0.311055988073349,1410132054,0.04141966817660414,0.3221235658441271,0.38487779994805654,0.010757435300746203,0.3110359907150268,0.3122560083866119,0.334318995475769,40.938020695785184,-0.01881721999842373,-0.012451175740859905,0.3143199980258941
2024-12-29,0.3143199980258941,0.3289330005645752,0.3116669952869415,0.3239170014858246,1654780626,-0.029633952524069085,0.32242756656238003,0.38116049965222676,0.010455836503597995,0.3239189982414245,0.3110359907150268,0.3122560083866119,38.78216903019538,-0.019162629735787695,-0.013793466539845464,0.3135139942169189
2024-12-30,0.3135139942169189,0.3224799931049347,0.3065469861030578,0.3143199980258941,2526977895,-0.0025642778507170005,0.3208982816764286,0.3775452663501104,0.010922596576165183,0.3143199980258941,0.3239189982414245,0.3110359907150268,38.59836428834713,-0.019279168953688586,-0.01489060702261409,0.3156810104846954
2024-12-31,0.3156810104846954,0.3278659880161285,0.3094030022621155,0.3135179877281189,2204579838,0.006912024049162913,0.31786357079233435,0.3734005331993103,0.008384003645665668,0.3135139942169189,0.3143199980258941,0.3239189982414245,39.42954454076232,-0.018977901585056856,-0.015708065935102645,0.3243060111999511
2025-01-01,0.3243060111999511,0.3264780044555664,0.311722993850708,0.3156819939613342,1532271286,0.027321886425835107,0.31643314446721754,0.37005506654580433,0.005449010665181911,0.3156810104846954,0.3135139942169189,0.3143199980258941,42.75126312497042,-0.017837559269555103,-0.016133964601993137,0.3386099934577942
2025-01-02,0.3386099934577942,0.3441779911518097,0.3242920041084289,0.3243060111999511,3205163576,0.04410643578550233,0.3201979994773864,0.3677459994951884,0.009602912196806104,0.3243060111999511,0.3156810104846954,0.3135139942169189,47.858307456622185,-0.015599793238042836,-0.01602713032920308,0.3792789876461029
2025-01-03,0.3792789876461029,0.3877969980239868,0.335886001586914,0.3386099934577942,4823481336,0.1201057115090074,0.3299469990389688,0.3659900655349096,0.023432937457155602,0.3386099934577942,0.3243060111999511,0.3156810104846954,59.04500201072943,-0.010424532073112058,-0.014906610677984876,0.3947460055351257
2025-01-04,0.3947460055351257,0.3979969918727875,0.378042995929718,0.3792830109596252,4431717187,0.040780054769220975,0.3400651429380689,0.3647953987121582,0.03351753756060489,0.3792789876461029,0.3386099934577942,0.3243060111999511,62.3530674428492,-0.005017206006043551,-0.012928729743596611,0.3825629949569702
2025-01-05,0.3825629949569702,0.3973050117492676,0.3763160109519958,0.3947460055351257,2594267525,-0.03086291034570421,0.34981414249965115,0.3630238652229309,0.034685505948135444,0.3947460055351257,0.3792789876461029,0.3386099934577942,58.354759992436115,-0.0016953849340217153,-0.010682060781681633,0.3879570066928863
2025-01-06,0.3879570066928863,0.3937020003795624,0.3765510022640228,0.3824940025806427,2937148475,0.014099669353861088,0.3604488585676465,0.36082619925340015,0.03307567827436538,0.3825629949569702,0.3947460055351257,0.3792789876461029,59.59026998104572,0.0013567935934647446,-0.008274289906652358,0.3484370112419128
2025-01-07,0.3484370112419128,0.3978079855442047,0.3484219908714294,0.3879519999027252,5280516863,-0.10186694599965873,0.365128287247249,0.356864200035731,0.0275404183116443,0.3879570066928863,0.3825629949569702,0.3947460055351257,48.2870696595102,0.0005800472916347443,-0.006503422466994938,0.3422479927539825
2025-01-08,0.3422479927539825,0.3551110029220581,0.3268100023269653,0.3484359979629516,4416730765,-0.01776223044122427,0.36769142746925354,0.35444850027561187,0.02367104308543576,0.3484370112419128,0.3879570066928863,0.3825629949569702,46.79024487055549,-0.0005288357278292466,-0.0053085051191618,0.3209120035171509
2025-01-09,0.3209120035171509,0.3462859988212585,0.3151029944419861,0.3422470092773437,3614560190,-0.06234072861946194,0.36516314319201876,0.3519948999087016,0.027867988911824477,0.3422479927539825,0.3484370112419128,0.3879570066928863,41.96117544999263,-0.0030936083377225976,-0.00486552576287396,0.3339810073375702
2025-01-10,0.3339810073375702,0.3385339975357055,0.3208909928798675,0.3209089934825897,3222794655,0.04072457146253439,0.3586920031479427,0.3493111997842789,0.029267979640557374,0.3209120035171509,0.3422479927539825,0.3484370112419128,45.66062535997594,-0.004025249156520472,-0.004697470441603262,0.34095498919487
2025-01-11,0.34095498919487,0.3478110134601593,0.3300749957561493,0.3339790105819702,1461005907,0.020881372605271675,0.35100757224219187,0.34712476631005607,0.024970132227857586,0.3339810073375702,0.3209120035171509,0.3422479927539825,47.580762526739484,-0.004152966354637022,-0.004588569624210014,0.3359589874744415
2025-01-12,0.3359589874744415,0.3429889976978302,0.3322780132293701,0.3409500122070312,1436724129,-0.014652965578318855,0.3443498568875449,0.344687365492185,0.0210613548371555,0.34095498919487,0.3339810073375702,0.3209120035171509,46.31807873992374,-0.00460424388237346,-0.004591704475842704,0.3382990062236786
2025-01-13,0.3382990062236786,0.3452140092849731,0.3113990128040313,0.3359560072422027,3713750868,0.006965191694462858,0.33725585682051523,0.34269813199838,0.008604644350709942,0.3359589874744415,0.34095498919487,0.3339810073375702,47.02716305625906,-0.004718670718895979,-0.004617097724453359,0.3561199903488159
2025-01-14,0.3561199903488159,0.3610909879207611,0.3360579907894134,0.3382970094680786,3143614167,0.0526782041841245,0.3383534252643585,0.34102639853954314,0.010540747527011595,0.3382990062236786,0.3359589874744415,0.34095498919487,52.20501026832845,-0.003332930381757193,-0.004360264255914126,0.3857100009918213
2025-01-15,0.3857100009918213,0.3873539865016937,0.3487440049648285,0.3561199903488159,4079184871,0.08309000181096904,0.3445622835840498,0.3404855986436208,0.020913601267400557,0.3561199903488159,0.3382990062236786,0.3359589874744415,59.315828773005045,0.00015120241665977918,-0.0034579709213993447,0.3767479956150055
2025-01-16,0.3767479956150055,0.3893490135669708,0.368461012840271,0.3857130110263824,4097841421,-0.023235086862593013,0.3525388538837433,0.33989929854869844,0.021037573146262683,0.3857100009918213,0.3561199903488159,0.3382990062236786,56.570634807051434,0.0021642951783327202,-0.0023335177014529316,0.4159390032291412
2025-01-17,0.4159390032291412,0.4205009937286377,0.3759729862213135,0.3767060041427612,6276540245,0.10402446216113259,0.36424713901111055,0.34182929893334707,0.029919543745205224,0.3767479956150055,0.3857100009918213,0.3561199903488159,64.34241151160936,0.006843188460220195,-0.0004981764691183062,0.3960810005664825
2025-01-18,0.3960810005664825,0.4335120022296905,0.387239009141922,0.4159129858016968,7331618418,-0.047742583668497374,0.3721222834927695,0.3445297986268997,0.03002171375783115,0.4159390032291412,0.3767479956150055,0.3857100009918213,58.61835061400719,0.008846888813849096,0.0013708365874751745,0.3577570021152496
2025-01-19,0.3577570021152496,0.408964991569519,0.3521200120449066,0.3960849940776825,9531626101,-0.09675798232286126,0.37523628558431354,0.34586459894975025,0.026578556672331475,0.3960810005664825,0.4159390032291412,0.3767479956150055,49.47131626546675,0.007258735210880607,0.0025484163121562613,0.3546079993247986
2025-01-20,0.3546079993247986,0.3849729895591736,0.3472470045089721,0.3577390015125274,8850825869,-0.008802071718603477,0.3775661417416164,0.34698649843533835,0.02331553140487,0.3577570021152496,0.3960810005664825,0.4159390032291412,48.79751574289035,0.005680532191528753,0.00317483948803076,0.3715769946575165
2025-01-21,0.3715769946575165,0.4001699984073639,0.3358989953994751,0.3545730113983154,9507969594,0.04785282724875972,0.3797742852142879,0.34896599849065146,0.021615909334753252,0.3546079993247986,0.3577570021152496,0.3960810005664825,52.54810260975627,0.005732964984201783,0.0036864645872649645,0.3630560040473938
2025-01-22,0.3630560040473938,0.3733420073986053,0.355989009141922,0.3715879917144775,2940097446,-0.022931964929574056,0.37653799993651255,0.3502605656782786,0.022265214366807222,0.3715769946575165,0.3546079993247986,0.3577570021152496,50.5458789514688,0.005028974730540314,0.0039549666159200345,0.3523530066013336
2025-01-23,0.3523530066013336,0.3640869855880737,0.3429929912090301,0.3629800081253052,3093003294,-0.0294802931964816,0.37305300150598797,0.35077486634254457,0.02406342982900128,0.3630560040473938,0.3715769946575165,0.3546079993247986,48.06837145940927,0.0035663047955866167,0.003877234251853351,0.350739985704422
2025-01-24,0.350739985704422,0.3638930022716522,0.3432880043983459,0.3523020148277282,2122786422,-0.004577854783957225,0.3637388561453138,0.35132223268349966,0.015946161160688116,0.3523530066013336,0.3630560040473938,0.3715769946575165,47.68899823264242,0.002251022640577638,0.0035519919295982083,0.3537760078907013
2025-01-25,0.3537760078907013,0.3595879971981048,0.3459599912166595,0.3507449924945831,1500843148,0.008656048098370617,0.35769528576305937,0.3527062326669693,0.0073399724500352835,0.350739985704422,0.3523530066013336,0.3630560040473938,48.512675770559085,0.0014370680480592646,0.00312900715329042,0.336326003074646
2025-01-26,0.336326003074646,0.3570230007171631,0.3363009989261627,0.3537850081920624,1263299832,-0.04932500912115689,0.3546337144715445,0.3535492330789566,0.010910859083971118,0.3537760078907013,0.350739985704422,0.3523530066013336,44.20438657646142,-0.0006090456840898151,0.002381396585814373,0.3338220119476318
2025-01-27,0.3338220119476318,0.3367410004138946,0.3078100085258484,0.3363229930400848,4453314117,-0.007445130926907462,0.3516642877033778,0.3538793335358302,0.013451672195035631,0.336326003074646,0.3537760078907013,0.350739985704422,43.605951143313106,-0.002404934131842118,0.001424130442283075,0.3190740048885345
2025-01-28,0.3190740048885345,0.3386459946632385,0.3158349990844726,0.3338179886341095,2019292120,-0.04417925280916135,0.3441638605935233,0.35403780043125155,0.01504161281774951,0.3338220119476318,0.336326003074646,0.3537760078907013,40.15764802232457,-0.004961041779304287,0.00014709599796560238,0.3238640129566192
2025-01-29,0.3238640129566192,0.3335089981555938,0.3179410099983215,0.3190740048885345,1981300959,0.015012216585171378,0.33856500472341267,0.35438280105590814,0.01410225228686586,0.3190740048885345,0.3338220119476318,0.336326003074646,41.76831812235635,-0.0065250452266789605,-0.0011873322469633102,0.331508994102478
2025-01-30,0.331508994102478,0.3380840122699737,0.3228709995746612,0.323870986700058,1365524939,0.023605528369966988,0.33558728865214754,0.35491040050983425,0.012850757801676929,0.3238640129566192,0.3190740048885345,0.3338220119476318,44.34310775749994,-0.007066188517383443,-0.002363103501047337,0.3287279903888702
2025-01-31,0.3287279903888702,0.3406769931316376,0.3243130147457123,0.331506997346878,1796042122,-0.008388923869583342,0.332442717892783,0.35505779981613156,0.011098643493284717,0.331508994102478,0.3238640129566192,0.3190740048885345,43.58808500187039,-0.007631481266258677,-0.003416779054089605,0.3083570003509521
2025-02-01,0.3083570003509521,0.3318940103054046,0.3042640089988708,0.3287270069122314,1577548524,-0.06196913750429389,0.3259542882442474,0.35404936671257015,0.009741610207316585,0.3287279903888702,0.331508994102478,0.3238640129566192,38.42674191697754,-0.009612442240439223,-0.004655911691359529,0.2675090134143829
2025-02-02,0.2675090134143829,0.3145889937877655,0.2545549869537353,0.3083769977092743,5607210222,-0.1324697895299236,0.3161232897213527,0.35032370090484616,0.023098094345287812,0.3083570003509521,0.3287279903888702,0.331508994102478,30.60174268029232,-0.014313462562837553,-0.006587421865655134,0.2850039899349212
2025-02-03,0.2850039899349212,0.2924639880657196,0.2117200046777725,0.2675099968910217,11007373557,0.0653995777459575,0.3091492865766797,0.34666563371817266,0.024206888778556125,0.2675090134143829,0.3083570003509521,0.3287279903888702,36.56027652312188,-0.016437871097974732,-0.008557511712119053,0.2641440033912658
2025-02-04,0.2641440033912658,0.2884669899940491,0.2562919855117798,0.2850160002708435,4306969827,-0.07319191057086127,0.30130214350564133,0.34271833399931584,0.028901478296713762,0.2850039899349212,0.2675090134143829,0.3083570003509521,32.92978758298311,-0.019579012083710268,-0.010761811786437297,0.2562330067157745
2025-02-05,0.2562330067157745,0.2690280079841614,0.2543720006942749,0.2641279995441437,1818131454,-0.029949559989719265,0.29164057118552067,0.33832753400007876,0.03130638903481409,0.2641440033912658,0.2850039899349212,0.2675090134143829,31.646331874736376,-0.022447973991562675,-0.013099044227462373,0.2480839937925338
2025-02-06,0.2480839937925338,0.2656950056552887,0.2439420074224472,0.2562330067157745,1892595490,-0.03180313507494348,0.2797227139983858,0.3349824334184328,0.02942214872951441,0.2562330067157745,0.2641440033912658,0.2850039899349212,30.334763147631165,-0.025089982511630693,-0.015497231884296038,0.2466129958629608
2025-02-07,0.2466129958629608,0.2612169981002807,0.239544004201889,0.2480790019035339,2042225149,-0.0059294350557865805,0.2679920004946844,0.3317946001887321,0.02208108489532771,0.2480839937925338,0.2562330067157745,0.2641440033912658,30.09231713660617,-0.026991351044394873,-0.017796055716315803,0.2532660067081451
2025-02-08,0.2532660067081451,0.2539499998092651,0.2449920028448104,0.2466129958629608,989182891,0.026977535477819226,0.260121858545712,0.3295397336284319,0.013412640806678455,0.2466129958629608,0.2480839937925338,0.2562330067157745,32.71173403310155,-0.02764270898931631,-0.019765386370915905,0.2492900043725967
2025-02-09,0.2492900043725967,0.2598359882831573,0.2403060048818588,0.2532649934291839,1242077795,-0.015698918252895155,0.25751914296831396,0.32671670019626614,0.013507613344517597,0.2532660067081451,0.2466129958629608,0.2480839937925338,31.941456006719633,-0.028155189514363244,-0.021443346999605376,0.2552599906921386
2025-02-10,0.2552599906921386,0.2559249997138977,0.2420610040426254,0.2492890059947967,1342589439,0.023947957057351532,0.25327000021934504,0.32386020024617507,0.006028186116227124,0.2492900043725967,0.2532660067081451,0.2466129958629608,34.4378244682498,-0.027759610509757227,-0.022706599701635747,0.2531220018863678
2025-02-11,0.2531220018863678,0.2692329883575439,0.2490310072898864,0.255264014005661,1721245015,-0.008375730172102802,0.25169542857578814,0.3210989673932393,0.0037071371391322254,0.2552599906921386,0.2492900043725967,0.2532660067081451,33.95745222392847,-0.02730388691504465,-0.02362605714431753,0.2641220092773437
2025-02-12,0.2641220092773437,0.2670300006866455,0.248890995979309,0.2531229853630066,1949247514,0.04345733404840102,0.25282242894172663,0.31862640082836147,0.005879293869051773,0.2531220018863678,0.2552599906921386,0.2492900043725967,38.695574439299776,-0.025758189641103213,-0.02405248364367467,0.2624920010566711
2025-02-13,0.2624920010566711,0.2669180035591125,0.2540499866008758,0.2641299962997436,1492303517,-0.006171421401542476,0.25488071569374626,0.3155054678519566,0.006439314471021704,0.2641220092773437,0.2531220018863678,0.2552599906921386,38.25756719792148,-0.02438366178150353,-0.024118719271240444,0.271928995847702
2025-02-14,0.271928995847702,0.2852930128574371,0.2612099945545196,0.2624909877777099,2320487584,0.03595155186840726,0.25849728712013786,0.311712767680486,0.00795319818241198,0.2624920010566711,0.2641220092773437,0.2531220018863678,42.32776380159772,-0.02227606730097703,-0.023750188877187762,0.271723985671997
2025-02-15,0.271723985671997,0.2826789915561676,0.2689409852027893,0.2719320058822632,1624562147,-0.0007539106856402356,0.261134141257831,0.3082119673490524,0.008929617662596272,0.271928995847702,0.2624920010566711,0.2641220092773437,42.26258384288025,-0.02038731383536746,-0.023077613868823704,0.2657400071620941
2025-02-16,0.2657400071620941,0.2738159894943237,0.2642379999160766,0.2717260122299194,969472255,-0.022022268277509638,0.2634841416563306,0.30320533414681744,0.007310965949199954,0.271723985671997,0.271928995847702,0.2624920010566711,40.311323989712484,-0.01915254158435087,-0.02229259941192914,0.2581480145454407
2025-02-17,0.2581480145454407,0.2684989869594574,0.2544839978218078,0.2657580077648163,1369340298,-0.02856924968780683,0.26389671649251667,0.2986075679461161,0.006835537118078166,0.2657400071620941,0.271723985671997,0.271928995847702,37.91927782696802,-0.018572493886058417,-0.021548578306754995,0.2509010136127472
2025-02-18,0.2509010136127472,0.2593939900398254,0.2426030039787292,0.2581480145454407,1601424562,-0.028073045401702412,0.263579432453428,0.29504570166269933,0.007443526723724587,0.2581480145454407,0.2657400071620941,0.271723985671997,35.739187950757554,-0.01848449654571871,-0.02093576195454774,0.2547680139541626
2025-02-19,0.2547680139541626,0.2552230060100555,0.2492779940366745,0.2509030103683471,1007520306,0.015412454042070589,0.26224314740725924,0.2917177021503448,0.008137194877104481,0.2509010136127472,0.2581480145454407,0.2657400071620941,37.79434394410488,-0.017896424567553693,-0.02032789447714893,0.2548600137233734
2025-02-20,0.2548600137233734,0.2574599981307983,0.2505120038986206,0.2547670006752014,1119395680,0.00036111192995913477,0.26115286350250244,0.2878271361192067,0.008596620893431996,0.2547680139541626,0.2509010136127472,0.2581480145454407,37.84527350750081,-0.017224397542472458,-0.019707195090213635,0.2393079996109008
2025-02-21,0.2393079996109008,0.260930985212326,0.2349189966917038,0.254857987165451,2024664109,-0.061021789512076485,0.2564927211829594,0.28370220263799023,0.010428054386804381,0.2548600137233734,0.2547680139541626,0.2509010136127472,32.93621356056832,-0.017742207722193315,-0.019314197616609574,0.2467229962348938
2025-02-22,0.2467229962348938,0.2476650029420852,0.2383400052785873,0.239314004778862,932077730,0.030985159861138367,0.2529211512633732,0.28018120229244226,0.008432370520374361,0.2393079996109008,0.2548600137233734,0.2547680139541626,37.12396443102729,-0.01735419935485044,-0.01892219796425775,0.2430229932069778
2025-02-23,0.2430229932069778,0.2474350035190582,0.2406550049781799,0.2467239946126938,707579811,-0.014996587607883138,0.24967586355549945,0.2765906358758608,0.006910818279653221,0.2467229962348938,0.2393079996109008,0.2548600137233734,35.91868162715984,-0.01714759247833464,-0.018567276867073126,0.2103590071201324
2025-02-24,0.2103590071201324,0.243827998638153,0.2083220034837722,0.2430219948291778,2239353273,-0.13440697793984513,0.24284886249474114,0.2718100691835085,0.015461450497630326,0.2430229932069778,0.2467229962348938,0.2393079996109008,27.446826279098516,-0.019395980938381602,-0.01873301768133482,0.2123890072107315
2025-02-25,0.2123890072107315,0.2139209955930709,0.1967640072107315,0.2103729993104934,3432761745,0.009650169576241652,0.2373471472944532,0.2676788359880447,0.01864323945484466,0.2103590071201324,0.2430229932069778,0.2467229962348938,28.574345442271948,-0.020774564699699627,-0.01914132708500778,0.2055409997701645
2025-02-26,0.2055409997701645,0.2135020047426223,0.1963640004396438,0.2112679928541183,2020402428,-0.032242758372953095,0.23031471669673917,0.2634028022487958,0.02019645649036739,0.2123890072107315,0.2103590071201324,0.2430229932069778,27.047325548261313,-0.022164184311948998,-0.019745898530396027,0.2068240046501159
2025-02-27,0.2068240046501159,0.2112389951944351,0.2012549936771392,0.2028529942035675,1369944972,0.0062420873761734885,0.22345242968627382,0.25966113557418186,0.01856109817978383,0.2055409997701645,0.2123890072107315,0.2103590071201324,27.825542524624566,-0.022897986361755662,-0.020376316096667953,0.2019630074501037
2025-02-28,0.2019630074501037,0.2068589925765991,0.181876003742218,0.2068230062723159,2620914147,-0.023503061011876047,0.21811743080615995,0.25559776872396467,0.018611138568481757,0.2068240046501159,0.2055409997701645,0.2123890072107315,26.66494428037859,-0.02359972864053103,-0.021020998605440572,0.2065369933843612
2025-03-01,0.2065369933843612,0.2086970061063766,0.1994629949331283,0.2019630074501037,1197948866,0.02264764221926896,0.21237657325608386,0.2514320353666941,0.013924635916258353,0.2019630074501037,0.2068240046501159,0.2055409997701645,29.63883777092805,-0.023515707574838424,-0.02151994039932014,0.2392670065164566
2025-03-02,0.2392670065164566,0.2416699975728988,0.2019049972295761,0.2065369933843612,3319886568,0.15847046379330942,0.21184000372886655,0.248450002570947,0.01255155972726998,0.2065369933843612,0.2019630074501037,0.2068240046501159,46.391489581039984,-0.02057095261454356,-0.021330142842364827,0.1990759968757629
2025-03-03,0.1990759968757629,0.239653006196022,0.1942819952964782,0.2392590045928955,2824331185,-0.1679755609678235,0.21022814512252805,0.24480730245510735,0.013464705791726685,0.2392670065164566,0.2065369933843612,0.2019630074501037,35.28244614254372,-0.021235502031638043,-0.021311214680219473,0.1991460025310516
2025-03-04,0.1991460025310516,0.2016289979219436,0.1837339997291565,0.199082002043724,2366639397,0.00035165291841976476,0.2083362873111452,0.24252853542566297,0.014029020457315666,0.1990759968757629,0.2392670065164566,0.2065369933843612,35.31150337835565,-0.021508575886983766,-0.021350686921572333,0.2047200053930282
2025-03-05,0.2047200053930282,0.2059569954872131,0.1965830028057098,0.1991430073976516,1433656840,0.027989529245546763,0.20821900240012575,0.23985240260759985,0.014059682678808676,0.1991460025310516,0.1990759968757629,0.2392670065164566,37.70962867067377,-0.021032760862872035,-0.021287101709832276,0.2017270028591156
2025-03-06,0.2017270028591156,0.2192309945821762,0.1995660066604614,0.2047190070152282,1799078197,-0.014619980730102733,0.20749085928712568,0.23777183592319487,0.014274316999069985,0.2047200053930282,0.1991460025310516,0.1990759968757629,36.91820333460585,-0.020659039768477022,-0.021161489321561228,0.1979729980230331
2025-03-07,0.1979729980230331,0.2083310037851333,0.191547006368637,0.2017270028591156,1829178903,-0.01860933232971429,0.20692085794040133,0.2358298356334368,0.014607617767813256,0.2017270028591156,0.2047200053930282,0.1991460025310516,35.90047853461178,-0.020430272461860965,-0.021015245949621175,0.1921720057725906
2025-03-08,0.1921720057725906,0.2006690055131912,0.1915059983730316,0.1979729980230331,949946399,-0.02930193667000769,0.2048687168530055,0.2339661026994387,0.0156428753115473,0.1979729980230331,0.2017270028591156,0.2047200053930282,34.32576290019365,-0.02048097241583685,-0.020908391242864314,0.1678030043840408
2025-03-09,0.1678030043840408,0.1939969956874847,0.1662870049476623,0.1921710073947906,1797791194,-0.12680827933589456,0.19465957369123182,0.2313391029834747,0.012444783167079785,0.1921720057725906,0.1979729980230331,0.2017270028591156,28.642115534853943,-0.022231259129681352,-0.02117296482022772,0.1540600061416626
2025-03-10,0.1540600061416626,0.1802829951047897,0.1513639986515045,0.1678030043840408,2202314258,-0.08189959585541995,0.18822871787207465,0.2280322362979253,0.01944464156673769,0.1678030043840408,0.1921720057725906,0.1979729980230331,26.0249824184353,-0.024445526253826955,-0.02182747710694757,0.1641660034656524
2025-03-11,0.1641660034656524,0.1683170050382614,0.1453499943017959,0.1540579944849014,2372945325,0.06559779904654195,0.18323157514844618,0.22519476960102713,0.020630041147281276,0.1540600061416626,0.1678030043840408,0.1921720057725906,31.016668403166605,-0.025095593003265693,-0.022481100286211194,0.1723809987306594
2025-03-12,0.1723809987306594,0.1725129932165146,0.1597909927368164,0.1641550064086914,1618464957,0.05004078244936849,0.17861171705382203,0.2224321365356445,0.018530031205909167,0.1641660034656524,0.1540600061416626,0.1678030043840408,34.86430505451362,-0.024663587637631518,-0.02291759775649526,0.1650650054216385
2025-03-13,0.1650650054216385,0.1727109998464584,0.1620949953794479,0.1723809987306594,1437934838,-0.042440833751357654,0.17337428884846817,0.21949690332015354,0.01590259264864936,0.1723809987306594,0.1641660034656524,0.1540600061416626,33.093993396253566,-0.024627667371399792,-0.023259611679476166,0.1717990040779113
2025-03-14,0.1717990040779113,0.1757020056247711,0.1649270057678222,0.1650650054216385,1042050428,0.04079604056033337,0.16963514685630796,0.21641946981350577,0.011668129433661129,0.1650650054216385,0.1723809987306594,0.1641660034656524,36.30019782195259,-0.023781682456656322,-0.0233640258349122,0.1760679930448532
2025-03-15,0.1760679930448532,0.1776120066642761,0.1715610027313232,0.171764999628067,731309597,0.024848741061420432,0.1673345736094883,0.21353866954644518,0.007226046709752853,0.1717990040779113,0.1650650054216385,0.1723809987306594,38.31819189541407,-0.02250731131005959,-0.02319268292994168,0.1682350039482116
2025-03-16,0.1682350039482116,0.1766989976167678,0.1662269979715347,0.1760669946670532,935490545,-0.04448843291265425,0.1673962878329413,0.2100822031497955,0.007232555947426091,0.1760679930448532,0.1717990040779113,0.1650650054216385,36.06081285736984,-0.02187723263242891,-0.022929592870439126,0.1734649986028671
2025-03-17,0.1734649986028671,0.1759919971227646,0.1681929975748062,0.1682330071926117,1002401452,0.031087434433475503,0.17016842961311338,0.2068069035808245,0.004454186119261925,0.1682350039482116,0.1760679930448532,0.1717990040779113,38.65921987916017,-0.02071706050362973,-0.02248708639707725,0.1680289953947067
2025-03-18,0.1680289953947067,0.1734720021486282,0.1632370054721832,0.1734720021486282,1046683878,-0.031337752583768475,0.17072028560297822,0.20354986985524492,0.003773921209972336,0.1734649986028671,0.1682350039482116,0.1760679930448532,36.977177361214736,-0.02000564316002343,-0.021990797749666488,0.1780650019645691
2025-03-19,0.1780650019645691,0.178516998887062,0.1670040041208267,0.1680289953947067,1238919491,0.0597278258212961,0.17153228606496532,0.20088043610254921,0.004690884154086786,0.1680289953947067,0.1734649986028671,0.1682350039482116,41.99499919234335,-0.0184196872452429,-0.021276575648781774,0.1693509966135025
2025-03-20,0.1693509966135025,0.1790059953927993,0.167042002081871,0.178069993853569,959535286,-0.04893721537037621,0.1721445705209459,0.19816210220257438,0.00392289059768947,0.1780650019645691,0.1680289953947067,0.1734649986028671,39.08514839996243,-0.01766235255659404,-0.02055373103034423,0.1670619994401931
2025-03-21,0.1670619994401931,0.1714009940624237,0.1649589985609054,0.1693509966135025,743835419,-0.013516289948581894,0.17146785557270047,0.19523856838544207,0.004374965421286984,0.1693509966135025,0.1780650019645691,0.1680289953947067,38.333756277096015,-0.01705031686214345,-0.019853048196704075,0.1673430055379867
2025-03-22,0.1673430055379867,0.1695459932088852,0.1668040007352829,0.1670680046081543,438263314,0.001682046777455204,0.17022142878600527,0.19232133477926253,0.004078807005501512,0.1670619994401931,0.1693509966135025,0.1780650019645691,38.49009088512985,-0.016354079670802407,-0.019153254491523743,0.1722529977560043
2025-03-23,0.1722529977560043,0.1722529977560043,0.1671800017356872,0.1673420071601867,564898047,0.02934088701366755,0.1707954279014042,0.19008616805076597,0.0040351593004713,0.1673430055379867,0.1670619994401931,0.1693509966135025,41.2907725157699,-0.015230543122635803,-0.018368712217746157,0.1828889995813369
2025-03-24,0.1828889995813369,0.1889459937810897,0.1708790063858032,0.1722469925880432,1472602266,0.06174639607955301,0.1721417137554713,0.18795836816231407,0.006111949123405991,0.1722529977560043,0.1673430055379867,0.1670619994401931,46.92800978452407,-0.013328256016237855,-0.017360620977444497,0.1909099966287613
2025-03-25,0.1909099966287613,0.193350002169609,0.1812829971313476,0.1828899979591369,1549790934,0.04385718695922547,0.1754104282174791,0.1862212682763735,0.008987751503949913,0.1828889995813369,0.1722529977560043,0.1673430055379867,50.767277833733694,-0.011046119561388068,-0.016097720694233212,0.1947979927062988
2025-03-26,0.1947979927062988,0.2053789943456649,0.1898519992828369,0.1909079998731613,2068603477,0.02036559712008179,0.17780085546629762,0.1857025677959124,0.01164409693497582,0.1909099966287613,0.1828889995813369,0.1722529977560043,52.55879477403341,-0.008822085676771868,-0.014642593690740944,0.1904949992895126
2025-03-27,0.1904949992895126,0.2003840059041977,0.1883119940757751,0.1947979927062988,1282332601,-0.022089516206021287,0.18082142727715622,0.18497276753187178,0.011827821403419468,0.1947979927062988,0.1909099966287613,0.1828889995813369,50.374036613612915,-0.007322331131739024,-0.01317854117894056,0.1801899969577789
2025-03-28,0.1801899969577789,0.1925809979438781,0.1774840056896209,0.1904949992895126,1407200953,-0.05409592047123635,0.18269685549395423,0.18412773410479225,0.010213066694030036,0.1904949992895126,0.1947979927062988,0.1909099966287613,45.496525172130106,-0.006885915863583919,-0.011920016115869233,0.1695650070905685
2025-03-29,0.1695650070905685,0.1822070032358169,0.1665830016136169,0.1801909953355789,1120659030,-0.0589654811398882,0.1830142842871802,0.182885767519474,0.009676774553262341,0.1801899969577789,0.1904949992895126,0.1947979927062988,41.07994140108659,-0.007313100633056541,-0.010998633019306694,0.1663189977407455
2025-03-30,0.1663189977407455,0.1722099930047989,0.1649740040302276,0.1695709973573684,831596449,-0.019143155805072642,0.18216656999928604,0.18169763386249535,0.010952448455270831,0.1695650070905685,0.1801899969577789,0.1904949992895126,39.80851806102602,-0.007823390293648536,-0.010363584474175062,0.166714996099472
2025-03-31,0.166714996099472,0.1682119965553283,0.1604920029640197,0.1663189977407455,1321114553,0.0023809568606454334,0.17985599807330538,0.18037023395299906,0.012386785943743012,0.1663189977407455,0.1695650070905685,0.1801899969577789,40.052277451789834,-0.008102444827676636,-0.009911356544875377,0.1740860044956207
2025-04-01,0.1740860044956207,0.1751450002193451,0.1662150025367736,0.166715994477272,1149373221,0.04421322957504503,0.17745257062571387,0.17819753388563786,0.011483767481742005,0.166714996099472,0.1663189977407455,0.1695650070905685,44.55338663829975,-0.007640741073986768,-0.009457233450697655,0.1641950011253357
2025-04-02,0.1641950011253357,0.1786980032920837,0.1624089926481247,0.1740860044956207,1734215164,-0.05681676363899679,0.17308071468557626,0.17703483402729028,0.009419563903765799,0.1740860044956207,0.166714996099472,0.1663189977407455,40.192362219774694,-0.00798095930135806,-0.009161978620829736,0.1620599925518036
2025-04-03,0.1620599925518036,0.1672399938106537,0.1557350009679794,0.1641950011253357,1201472795,-0.013002884124970304,0.16901857086590355,0.17579863369464868,0.006259140329999249,0.1641950011253357,0.1740860044956207,0.166714996099472,39.29818370171024,-0.008326875014693036,-0.008994957899602397,0.171097993850708
2025-04-04,0.171097993850708,0.1725790053606033,0.1604299992322921,0.1620589941740036,1645454216,0.05576947867633253,0.16771971327917914,0.17467789997657135,0.004138740706887578,0.1620599925518036,0.1641950011253357,0.1740860044956207,44.88784570231402,-0.007782018276057789,-0.008752369974893476,0.1690270006656646
2025-04-05,0.1690270006656646,0.1714130043983459,0.1663780063390731,0.171097993850708,607481980,-0.012104134820250856,0.16764285521847858,0.1735878999034563,0.004103607940238664,0.171097993850708,0.1620599925518036,0.1641950011253357,43.89050084675391,-0.007431659680480263,-0.008488227916010834,0.1488450020551681
2025-04-06,0.1488450020551681,0.1697690039873123,0.1464519947767257,0.1690270006656646,1267445532,-0.11940103374617927,0.165146570120539,0.17195030003786085,0.008256554958130618,0.1690270006656646,0.171097993850708,0.1620599925518036,35.59138754044767,-0.008682430930019164,-0.0085270685188125,0.149520993232727
2025-04-07,0.149520993232727,0.1526000052690506,0.1315069943666458,0.1488450020551681,3512035481,0.004541577938292907,0.16269028399671823,0.17052859961986538,0.010070497348118617,0.1488450020551681,0.1690270006656646,0.171097993850708,36.027717010276845,-0.009509509610735628,-0.008723556737197127,0.1421069949865341
2025-04-08,0.1421069949865341,0.1567270010709762,0.1415140032768249,0.149519994854927,1829881699,-0.049584998640646694,0.15812185406684873,0.16967206597328183,0.011226493795552892,0.149520993232727,0.1488450020551681,0.1690270006656646,33.35856050651542,-0.010640565307736993,-0.009106958451305101,0.1603710055351257
2025-04-09,0.1603710055351257,0.1640260070562362,0.1367200016975402,0.1421090066432953,2265462273,0.12852295237347255,0.15757556898253303,0.1698824326197306,0.010971869736051864,0.1421069949865341,0.149520993232727,0.1488450020551681,44.305189109740994,-0.009948501946152571,-0.009275267150274595,0.153666004538536
2025-04-10,0.153666004538536,0.1603769958019256,0.1494189947843551,0.1603710055351257,1231567926,-0.041809309446034115,0.15637642783778052,0.1695324326554934,0.010858181370340099,0.1603710055351257,0.1421069949865341,0.149520993232727,41.60339548739164,-0.009827785694540542,-0.009385770859127784,0.1600890010595321
2025-04-11,0.1600890010595321,0.1621399968862533,0.1533630043268203,0.153668001294136,864574135,0.04179842210568685,0.1548037145818982,0.16912269939978913,0.009010598585226218,0.153666004538536,0.1603710055351257,0.1421069949865341,45.05970096707122,-0.009108834086109324,-0.009330383504524094,0.1676110029220581
2025-04-12,0.1676110029220581,0.1693339943885803,0.1578769981861114,0.1600890010595321,867802910,0.04698637515845827,0.15460142918995443,0.16920756598313647,0.00864661449290279,0.1600890010595321,0.153666004538536,0.1603710055351257,48.87589685970336,-0.007841702801739653,-0.009032647363967207,0.1627919971942901
2025-04-13,0.1627919971942901,0.1684889942407608,0.1613200008869171,0.1676110029220581,874509965,-0.02875112996017881,0.15659385706697188,0.16890733242034908,0.008705785644166006,0.1676110029220581,0.1600890010595321,0.153666004538536,46.6407117315316,-0.007143994100796303,-0.008654916711333026,0.158500999212265
2025-04-14,0.158500999212265,0.1686410009860992,0.1576890051364898,0.1627919971942901,988651639,-0.026358777187946547,0.1578767150640487,0.16832176595926282,0.00813260862160215,0.1627919971942901,0.1676110029220581,0.1600890010595321,44.681280951485604,-0.006858245024825099,-0.00829558237403144,0.1535499989986419
2025-04-15,0.1535499989986419,0.1610610038042068,0.1532579958438873,0.158502995967865,777400544,-0.031236397487896417,0.15951142992292128,0.16783226579427715,0.004969344186303769,0.158500999212265,0.1627919971942901,0.1676110029220581,42.4645615647899,-0.006951162489184232,-0.008026698397062,0.1546880006790161
2025-04-16,0.1546880006790161,0.1570030003786087,0.1509439945220947,0.153547003865242,823568608,0.00741127768020533,0.1586995720863342,0.16720636586348211,0.005261164276434273,0.1535499989986419,0.158500999212265,0.1627919971942901,43.16255969138161,-0.00685396478460179,-0.007792151674569959,0.1557399928569793
2025-04-17,0.1557399928569793,0.1593510061502456,0.1531810015439987,0.154690995812416,586169227,0.006800735502077604,0.1589958561318261,0.16679673244555787,0.004981414032331606,0.1546880006790161,0.1535499989986419,0.158500999212265,43.840816104443796,-0.006615785272118757,-0.007556878394079719,0.1576160043478012
2025-04-18,0.1576160043478012,0.1587699949741363,0.1537739932537078,0.1557410061359405,477534244,0.01204579155557517,0.1586425708872931,0.16611509919166562,0.004978658896294821,0.1557399928569793,0.1546880006790161,0.1535499989986419,45.09900905609997,-0.006204130489314341,-0.007286328813126644,0.1573330014944076
2025-04-19,0.1573330014944076,0.1605560034513473,0.1565230041742324,0.1576180011034011,477710096,-0.0017955210485423034,0.15717428496905733,0.16571449935436247,0.0030252663933027224,0.1576160043478012,0.1557399928569793,0.1546880006790161,44.93545714328078,-0.005833482320273198,-0.006995759514555955,0.1551840007305145
2025-04-20,0.1551840007305145,0.1592829972505569,0.1527449935674667,0.1573330014944076,637644889,-0.013658931969015353,0.1560874283313751,0.16531856606403983,0.0017817201309978897,0.1573330014944076,0.1576160043478012,0.1557399928569793,43.64121394898841,-0.005648040285007122,-0.0067262156686461886,0.15938800573349
2025-04-21,0.15938800573349,0.1629340052604675,0.1551399976015091,0.1551840007305145,1038358279,0.027090453804422543,0.15621414354869295,0.16505339940388994,0.002000135383642492,0.1551840007305145,0.1573330014944076,0.1576160043478012,46.86536769280683,-0.0051030235872250584,-0.006401577252361963,0.1786479949951172
2025-04-22,0.1786479949951172,0.1793709993362426,0.1579540073871612,0.15938700735569,1568128902,0.12083713057952106,0.1597995715481894,0.16526656597852704,0.008467548014597332,0.15938800573349,0.1551840007305145,0.1573330014944076,58.561360681414804,-0.0030814526881807747,-0.005737552339525725,0.1786050051450729
2025-04-23,0.1786050051450729,0.1850219964981079,0.1756580024957656,0.1786520034074783,1860794550,-0.00024063998056877978,0.1632162864719118,0.16512376616398491,0.01061441477585546,0.1786479949951172,0.15938800573349,0.1551840007305145,58.53039109406783,-0.0014659139639965624,-0.004883224664419893,0.1824570000171661
2025-04-24,0.1824570000171661,0.1831450015306472,0.1702609956264495,0.1786050051450729,1479272164,0.021567116044505008,0.16703300178050992,0.16484199961026508,0.012167810591125662,0.1786050051450729,0.1786479949951172,0.15938800573349,60.54385286188031,0.00012380871812670002,-0.0038818179879105746,0.1818300038576126
2025-04-25,0.1818300038576126,0.186035007238388,0.1781200021505355,0.1824599951505661,1731253893,-0.0034364050680133484,0.17049214456762582,0.16440973331530886,0.012482290358474734,0.1824570000171661,0.1786050051450729,0.1786479949951172,60.03291656645581,0.0013178902287930006,-0.0028418763445698597,0.181889995932579
2025-04-26,0.181889995932579,0.1924429982900619,0.1804109960794448,0.1818320006132125,1467785872,0.00032993495954269925,0.17400028663022174,0.16412289987007775,0.011586227310592412,0.1818300038576126,0.1824570000171661,0.1786050051450729,60.06764101460199,0.0022431911764201617,-0.0018248628403718557,0.1796720027923584
2025-04-27,0.1796720027923584,0.1831450015306472,0.1770029962062835,0.181890994310379,1113159755,-0.012194145856393113,0.1774985726390566,0.16410563339789705,0.008143440038085667,0.181889995932579,0.1818300038576126,0.1824570000171661,58.05921850606419,0.0027656447033877207,-0.0009067613316199405,0.1789519935846328
2025-04-28,0.1789519935846328,0.1826719939708709,0.1743730008602142,0.1796730011701584,1345897366,-0.004007353380246492,0.18029342804636275,0.16441853294769918,0.0016997536828021126,0.1796720027923584,0.181889995932579,0.1818300038576126,57.38840592384505,0.003086020439245857,-0.00010820497744678105,0.1746360063552856
2025-04-29,0.1746360063552856,0.1805409938097,0.1727949976921081,0.1789519935846328,966758883,-0.0241181287947263,0.1797202868121011,0.16469576656818383,0.002718287133375662,0.1789519935846328,0.1796720027923584,0.181889995932579,53.40513526292248,0.002957563468255181,0.0005049487116936113,0.1723400056362152
2025-04-30,0.1723400056362152,0.1763499975204467,0.1672690063714981,0.1746399998664856,970750123,-0.013147350119764645,0.17882528688226426,0.1648832668860753,0.003914759093361058,0.1746360063552856,0.1789519935846328,0.1796720027923584,51.362737299105426,0.002640059362758268,0.0009319708419065428,0.180758997797966
2025-05-01,0.180758997797966,0.1832900047302246,0.1722940057516098,0.1723410040140152,1018176528,0.04885106119540272,0.17858271513666427,0.1651056999961535,0.003698874666779484,0.1723400056362152,0.1746360063552856,0.1789519935846328,57.74415163530719,0.0030328169526908366,0.0013521400640634017,0.1815769970417022
2025-05-02,0.1815769970417022,0.1840820014476776,0.1794400066137313,0.1807660013437271,1008214455,0.004525358370544019,0.17854657130581988,0.16568509986003238,0.003662916375816326,0.180758997797966,0.1723400056362152,0.1746360063552856,58.316407744992325,0.003371224497549258,0.001755956950760573,0.1757570058107376
2025-05-03,0.1757570058107376,0.1820529997348785,0.1755080074071884,0.1815769970417022,577738365,-0.032052469893132596,0.17767042985984255,0.1661416669686635,0.0034576378941013498,0.1815769970417022,0.180758997797966,0.1723400056362152,52.83400132960858,0.003133667296349424,0.0020314990198783433,0.1705520004034042
2025-05-04,0.1705520004034042,0.177264004945755,0.1701709926128387,0.1757570058107376,626186290,-0.029614781973120174,0.17636757237570624,0.1661234671870867,0.004213376302417963,0.1757570058107376,0.1815769970417022,0.180758997797966,48.4473415542344,0.0024966215672307113,0.002124523529348817,0.1706040054559707
2025-05-05,0.1706040054559707,0.1745380014181137,0.1686660051345825,0.1705520004034042,689655044,0.0003049219736122044,0.17517500264304023,0.16617603401343026,0.004529517116957723,0.1705520004034042,0.1757570058107376,0.1815769970417022,48.493355846059984,0.0019732086888696876,0.0020942605612529913,0.1721159964799881
2025-05-06,0.1721159964799881,0.1724019944667816,0.1643979996442794,0.1706040054559707,831221260,0.008862576350281648,0.17481500123228347,0.1669517338275909,0.0046772311338017245,0.1706040054559707,0.1705520004034042,0.1757570058107376,49.89366105800693,0.0016612553337919667,0.0020076595157607867,0.1720069944858551
2025-05-07,0.1720069944858551,0.1740629971027374,0.1694809943437576,0.1721149981021881,677248571,-0.0006333054240293956,0.17476742821080343,0.16770126720269518,0.004708191493111506,0.1721159964799881,0.1706040054559707,0.1705520004034042,49.788571629318675,0.0013892204340276992,0.0018839716994141693,0.1975769996643066
2025-05-08,0.1975769996643066,0.1979389935731887,0.1718930006027221,0.1720100045204162,1943565536,0.1486567755856827,0.17716999990599497,0.16955026735862094,0.009806236037472703,0.1720069944858551,0.1721159964799881,0.1706040054559707,67.2270935879944,0.003200028598772331,0.0021471830792858014,0.2052900046110153
2025-05-09,0.2052900046110153,0.2126349955797195,0.193339005112648,0.1975809931755066,2387581238,0.039037969803233485,0.18055757241589682,0.17104756732781726,0.014537062401686297,0.1975769996643066,0.1720069944858551,0.1721159964799881,70.54966836277177,0.0051975678278820825,0.002757260029005058,0.2486889958381652
2025-05-10,0.2486889958381652,0.249109998345375,0.2036100029945373,0.2052949965000152,3238796872,0.2114033331013001,0.19097642813410073,0.1742150003711382,0.029231645626215306,0.2052900046110153,0.1975769996643066,0.1720069944858551,81.75691286069892,0.010165387688434363,0.004238885560890919,0.2315080016851425
2025-05-11,0.2315080016851425,0.2587389945983886,0.223580002784729,0.2486820071935653,3518175098,-0.06908626614184121,0.1996844283172062,0.17659563372532525,0.03114958793781538,0.2486889958381652,0.2052900046110153,0.1975769996643066,70.34416835187275,0.012571145735766287,0.005905337595865994,0.231002002954483
2025-05-12,0.231002002954483,0.2515409886837005,0.2221850007772445,0.2315090000629425,4628696012,-0.0021856641108571884,0.20831271367413653,0.1787086670597394,0.030099195177897546,0.2315080016851425,0.2486889958381652,0.2052900046110153,70.0340974817708,0.01427237341558038,0.007578744759808872,0.2412150055170059
2025-05-13,0.2412150055170059,0.2428990006446838,0.2180230021476745,0.231002002954483,2734212256,0.04421174895412183,0.2181840006794248,0.18132276733716327,0.02746522536177298,0.231002002954483,0.2315080016851425,0.2486889958381652,72.65416649320991,0.01625730842993134,0.009314457493833367,0.2328079938888549
2025-05-14,0.2328079938888549,0.2467689961194992,0.2287420034408569,0.2412150055170059,2249826077,-0.03485277215707172,0.22686985773699617,0.18379966715971627,0.018616605990595538,0.2412150055170059,0.231002002954483,0.2315080016851425,67.42782917312147,0.01695654367106686,0.010842874729280066,0.2191890031099319
2025-05-15,0.2191890031099319,0.2364369928836822,0.2149229943752288,0.232806995511055,2477683429,-0.05849881076431107,0.22995728680065694,0.18598763396342594,0.014222438713923657,0.2328079938888549,0.2412150055170059,0.231002002954483,59.90951181919282,0.01622472536570549,0.011919244856565151,0.2212869971990585
2025-05-16,0.2212869971990585,0.2302960008382797,0.2183160036802292,0.2191939949989318,1759584218,0.009571621109451423,0.23224257145609167,0.188207600514094,0.010358635747413176,0.2191890031099319,0.2328079938888549,0.2412150055170059,60.63763799617324,0.015633827642225012,0.012662161413697125,0.2146980017423629
2025-05-17,0.2146980017423629,0.2220450043678283,0.2114879935979843,0.2212869971990585,1499656753,-0.029775791348320757,0.22738671515669137,0.19017286747694012,0.009274334441233779,0.2212869971990585,0.2191890031099319,0.2328079938888549,57.12836826169888,0.01446709243620356,0.013023147618198411,0.2341810017824173
2025-05-18,0.2341810017824173,0.2371570020914077,0.2143779993057251,0.2146980017423629,2360198976,0.09074607067574836,0.2277685723134449,0.192725034058094,0.009523972384225253,0.2146980017423629,0.2212869971990585,0.2191890031099319,63.799640519877876,0.014942315939681677,0.013406981282495066,0.2244209945201873
2025-05-19,0.2244209945201873,0.2351430058479309,0.2145449966192245,0.2339610010385513,2122215648,-0.04167719493871769,0.22682842825140265,0.19496130049228666,0.009476289773452646,0.2341810017824173,0.2146980017423629,0.2212869971990585,58.85850389232197,0.0143657831657652,0.013598741659149094,0.2261260002851486
2025-05-20,0.2261260002851486,0.2303269952535629,0.2180459946393966,0.2244209945201873,1815889701,0.0075973541094342956,0.22467285607542303,0.19732603381077446,0.00706864870408112,0.2244209945201873,0.2341810017824173,0.2146980017423629,59.44933989823977,0.013886382926246194,0.013656269912568514,0.234057992696762
2025-05-21,0.234057992696762,0.2375829964876175,0.2232930064201355,0.2261269986629486,2813244924,0.03507775488714704,0.2248514273336955,0.19981503337621684,0.007319743566864771,0.2261260002851486,0.2244209945201873,0.2341810017824173,62.17111089783243,0.013985286601324448,0.013722073250319702,0.2450280040502548
2025-05-22,0.2450280040502548,0.2454389929771423,0.2340639978647232,0.2340680062770843,2739121621,0.04686877481558671,0.22854271318231306,0.20202770034472142,0.010009361757074245,0.234057992696762,0.2261260002851486,0.2244209945201873,65.60911561791701,0.014778499370951242,0.013933358474446012,0.2248139977455139
2025-05-23,0.2248139977455139,0.253616988658905,0.2237779945135116,0.2450280040502548,3466192197,-0.08249671862239494,0.22904657040323523,0.20356800009806944,0.009666132770221731,0.2450280040502548,0.234057992696762,0.2261260002851486,55.58452232825321,0.013619033096395172,0.013870493398835846,0.2252970039844513
2025-05-24,0.2252970039844513,0.2303619980812072,0.2240539938211441,0.2248139977455139,1223553027,0.0021484704857397396,0.23056071358067642,0.20499600023031228,0.0076674002022621614,0.2248139977455139,0.2450280040502548,0.234057992696762,55.758469649985734,0.012593947104377362,0.013615184139944149,0.2249840050935745
2025-05-25,0.2249840050935745,0.2262710034847259,0.2162310034036636,0.2252970039844513,1528958070,-0.0013892723176132105,0.22924685691084173,0.20643446693817769,0.007731362650639894,0.2252970039844513,0.2248139977455139,0.2450280040502548,55.60649063063173,0.011622327716437342,0.013216612855242789,0.2260250002145767
2025-05-26,0.2260250002145767,0.2302750051021576,0.2230100035667419,0.2249830067157745,1172026172,0.004626973906741716,0.22947600058146883,0.20790563374757762,0.007586915003472256,0.2249840050935745,0.2252970039844513,0.2248139977455139,56.03569446043623,0.010811681621961,0.012735626608586431,0.2261639982461929
2025-05-27,0.2261639982461929,0.2320069968700409,0.2201099991798401,0.2260300070047378,1406054690,0.0006149675101614349,0.22948142886161801,0.20945536692937208,0.007584131754738798,0.2260250002145767,0.2249840050935745,0.2252970039844513,56.09673039723636,0.010064438153061905,0.012201388917481527,0.220781996846199
2025-05-28,0.220781996846199,0.2276570051908493,0.2172159999608993,0.2261610031127929,1203668237,-0.023796897126550087,0.2275848580258233,0.21084970037142434,0.007902221640640592,0.2261639982461929,0.2260250002145767,0.2249840050935745,53.02698623768024,0.008934963093918474,0.011548103752768917,0.2148330062627792
2025-05-29,0.2148330062627792,0.2278340011835098,0.2145829945802688,0.220781996846199,1561923823,-0.026945089130451128,0.2232712869133268,0.21218960036834078,0.0041386139206639385,0.220781996846199,0.2261639982461929,0.2260250002145767,49.78404575466526,0.007473660444414637,0.010733215091098062,0.1934359967708587
2025-05-30,0.1934359967708587,0.2162999957799911,0.1921350061893463,0.2148369997739792,2466944860,-0.0995983339066071,0.21878871534551894,0.2128928000728289,0.011901534895800318,0.2148330062627792,0.220781996846199,0.2261639982461929,40.24955330060496,0.004536711338531424,0.009493914340584735,0.1925790011882782
2025-05-31,0.1925790011882782,0.1953520029783249,0.1860630065202713,0.1934420019388198,1529424800,-0.0044303831597367616,0.21411471494606563,0.21328680018583931,0.014952962551022355,0.1934359967708587,0.2148330062627792,0.220781996846199,39.91978735943871,0.002115618102678851,0.008018255093003558,0.1936320066452026
2025-06-01,0.1936320066452026,0.1947800070047378,0.1872680038213729,0.1925780028104782,939280532,0.005467914208854507,0.20963585802486964,0.21368863383928932,0.01582469215128328,0.1925790011882782,0.1934359967708587,0.2148330062627792,40.564149385491504,0.0002786410101537906,0.006470332276433605,0.1953900009393692
2025-06-02,0.1953900009393692,0.1960649937391281,0.1888719946146011,0.1936320066452026,1007324701,0.009079048059383199,0.20525942955698287,0.2143430670102437,0.014735410126300318,0.1936320066452026,0.1925790011882782,0.1934359967708587,41.68855702750988,-0.0010235225916933044,0.004971561302808223,0.1931380033493042
2025-06-03,0.1931380033493042,0.2002509981393814,0.1921900063753128,0.1953960061073303,1062603805,-0.01152565422610241,0.20054143028599875,0.21509593377510702,0.01195062920882452,0.1953900009393692,0.1936320066452026,0.1925790011882782,40.62823352028232,-0.0022117186961463364,0.003534905303017312,0.1882359981536865
2025-06-04,0.1882359981536865,0.1969099938869476,0.1874269992113113,0.1931390017271042,779255975,-0.025380842250668167,0.19589200190135408,0.2156836668650309,0.008634505062811389,0.1931380033493042,0.1953900009393692,0.1936320066452026,38.3421677606614,-0.003508479948047455,0.0021262282528043586,0.1716279983520507
2025-06-05,0.1716279983520507,0.1923760026693344,0.1692329943180084,0.1882369965314865,1718819551,-0.0882296689503359,0.18971985791410714,0.2156674002607663,0.008272854790459474,0.1882359981536865,0.1931380033493042,0.1953900009393692,31.811305573594012,-0.005809332993421845,0.0005391160035591179,0.1789730042219162
2025-06-06,0.1789730042219162,0.1842530071735382,0.1701840013265609,0.1716269999742508,1247591143,0.0427960818770321,0.18765371612140108,0.2158996005853017,0.00896700750185448,0.1716279983520507,0.1882359981536865,0.1931380033493042,36.92800520153067,-0.0069598660166356185,-0.0009606804004798294,0.1851679980754852
2025-06-07,0.1851679980754852,0.1885730028152465,0.1780339926481247,0.178969994187355,836264651,0.03461412451839707,0.18659500139100207,0.21548596719900764,0.008722743875267707,0.1789730042219162,0.1716279983520507,0.1882359981536865,40.952509611399904,-0.007287778522098054,-0.0022261000248034743,0.1841730028390884
2025-06-08,0.1841730028390884,0.1867509931325912,0.1812230050563812,0.1851679980754852,689923176,-0.005373472990679362,0.1852437151329858,0.2147820671399434,0.008165806517232007,0.1851679980754852,0.1789730042219162,0.1716279983520507,40.505461534520315,-0.007541011261508024,-0.0032890822721443847,0.1949329972267151
2025-06-09,0.1949329972267151,0.1954250037670135,0.1804540008306503,0.1841730028390884,1177667689,0.0584232988644251,0.18517842888832092,0.21299020051956175,0.008072459478912032,0.1841730028390884,0.1851679980754852,0.1789730042219162,47.21592274819604,-0.006795128399508438,-0.003990291497617196,0.1982820034027099
2025-06-10,0.1982820034027099,0.1983000040054321,0.1898870021104812,0.1949329972267151,1400212022,0.01718029386322817,0.18591328603880747,0.21188266724348065,0.009088053939695827,0.1949329972267151,0.1841730028390884,0.1851679980754852,49.13879530114039,-0.005866152691315379,-0.004365463736356833,0.193011000752449
2025-06-11,0.193011000752449,0.2043319940567016,0.1915940046310424,0.1982820034027099,1630500550,-0.026583363894884138,0.18659542926720207,0.21061630050341285,0.009462924788917495,0.1982820034027099,0.1949329972267151,0.1841730028390884,46.28111680746314,-0.005491950821483321,-0.00459076115338213,0.181547999382019
2025-06-12,0.181547999382019,0.1936189979314804,0.1805319935083389,0.193011000752449,1254786513,-0.059390404307224864,0.18801257227148324,0.2086274002989133,0.0073561331955971,0.193011000752449,0.1982820034027099,0.1949329972267151,40.73323098567402,-0.0060506138439400114,-0.0048827316914937064,0.1803800016641616
2025-06-13,0.1803800016641616,0.181547999382019,0.1707919985055923,0.181547999382019,1883491191,-0.006433547721997446,0.18821357190608975,0.2068798005580902,0.007082086687897952,0.181547999382019,0.193011000752449,0.1982820034027099,40.204389532972804,-0.006512533535962317,-0.005208692060387429,0.1784670054912567
2025-06-14,0.1784670054912567,0.1804420053958892,0.1749780029058456,0.1803819984197616,777784368,-0.010605367309323821,0.18725628725119997,0.20552240063746768,0.007960747354751285,0.1803800016641616,0.181547999382019,0.193011000752449,39.30432477004954,-0.006952823205488318,-0.005557518289407606,0.1756689995527267
2025-06-15,0.1756689995527267,0.1785759925842285,0.1717579960823059,0.1784670054912567,760010233,-0.015678001268795372,0.18604142963886255,0.20400180071592328,0.009079908507161205,0.1784670054912567,0.1803800016641616,0.181547999382019,37.965545003078425,-0.007441747799723425,-0.005934364191470771,0.1726980060338974
2025-06-16,0.1726980060338974,0.1810149997472763,0.1726980060338974,0.1756689995527267,1204577500,-0.016912451977262766,0.18286500232560288,0.20260180085897442,0.00933655519082321,0.1756689995527267,0.1784670054912567,0.1803800016641616,36.54222818333993,-0.007977004468506882,-0.006342892246877993,0.1696680039167404
2025-06-17,0.1696680039167404,0.1758950054645538,0.1643030047416687,0.1726969927549362,1273076742,-0.017545090338577984,0.17877728811332153,0.2004513675967852,0.007555776701865157,0.1726980060338974,0.1756689995527267,0.1784670054912567,35.09709131951118,-0.008547168643212921,-0.006783747526144979,0.170632004737854
2025-06-18,0.170632004737854,0.1720609962940216,0.1643790006637573,0.1696680039167404,970407002,0.00568168893875054,0.17558028868266512,0.1986584012707074,0.004738846513424181,0.1696680039167404,0.1726980060338974,0.1756689995527267,35.964756510645515,-0.008819574485036646,-0.007190912917923313,0.1709630042314529
2025-06-19,0.1709630042314529,0.1718470007181167,0.1679359972476959,0.170633003115654,542107459,0.0019398441347939777,0.17406814651829852,0.19681963473558423,0.004172124257141691,0.170632004737854,0.1696680039167404,0.1726980060338974,36.279748929573266,-0.008906085376035516,-0.007533947409545754,0.1624750047922134
2025-06-20,0.1624750047922134,0.1718810051679611,0.1588670015335083,0.1709609925746917,1099193747,-0.04964816497812741,0.17151028982230593,0.19443353513876596,0.005053096879806481,0.1709630042314529,0.170632004737854,0.1696680039167404,31.940756164863558,-0.009549476082073294,-0.007937053144051263,0.1541689932346344
2025-06-21,0.1541689932346344,0.16423299908638,0.1517799943685531,0.1624750047922134,813191920,-0.05112178065913231,0.168039145214217,0.19140490144491196,0.007316482404718639,0.1624750047922134,0.1709630042314529,0.170632004737854,28.365647644371492,-0.010607318997869014,-0.008471106314814814,0.1513220071792602
2025-06-22,0.1513220071792602,0.1572490036487579,0.143774002790451,0.1541970074176788,1841758169,-0.018466657890418237,0.16456100344657898,0.1889551684260368,0.00873452178078195,0.1541689932346344,0.1624750047922134,0.1709630042314529,27.240183765772883,-0.011542342175654863,-0.009085353486982825,0.1643629968166351
2025-06-23,0.1643629968166351,0.1649910062551498,0.1491580009460449,0.151320993900299,1346692450,0.0861803902847138,0.16337028784411292,0.18692403485377626,0.007975535451528208,0.1513220071792602,0.1541689932346344,0.1624750047922134,39.150097988319885,-0.01110306666380867,-0.009488896122347995,0.1657309979200363
2025-06-24,0.1657309979200363,0.1674270033836364,0.1620270013809204,0.1643629968166351,1072291444,0.008323047948117779,0.16280785841601234,0.18494893461465833,0.007586747554469309,0.1643629968166351,0.1513220071792602,0.1541689932346344,40.254888653854515,-0.010523245970623013,-0.009695766092002999,0.1645780056715011
2025-06-25,0.1645780056715011,0.1673649996519088,0.1629920005798339,0.1657339930534362,839304495,-0.006957010233483829,0.16194300140653334,0.1829007014632225,0.006856052591738208,0.1657309979200363,0.1643629968166351,0.1513220071792602,39.602262115136945,-0.010041024057376391,-0.009764817685077677,0.1599860042333603
2025-06-26,0.1599860042333603,0.1679040044546127,0.1583700031042099,0.1645780056715011,916611999,-0.027901671425685448,0.16037485854966296,0.18069476832946138,0.0055870180728996785,0.1645780056715011,0.1657309979200363,0.1643629968166351,37.02753496635261,-0.009915100746537675,-0.009794874297369678,0.1610680073499679
2025-06-27,0.1610680073499679,0.1625970005989074,0.1574649959802627,0.1599860042333603,638328531,0.006763111072074501,0.16017385891505648,0.17870430201292034,0.005523822057370033,0.1599860042333603,0.1645780056715011,0.1657309979200363,38.04957217714027,-0.009617136641888652,-0.009759326766273474,0.1636919975280761
2025-06-28,0.1636919975280761,0.1648979932069778,0.160631000995636,0.1610690057277679,400589442,0.01629119414389213,0.16153428809983386,0.17699960172176357,0.0049402964692058455,0.1610680073499679,0.1599860042333603,0.1645780056715011,40.56869675276792,-0.009064770828973917,-0.009620415578813563,0.1696020066738128
2025-06-29,0.1696020066738128,0.1697759926319122,0.1627119928598404,0.1636919975280761,543918306,0.036104447590500355,0.16414571659905564,0.1762051353851954,0.0031490650719507964,0.1636919975280761,0.1610680073499679,0.1599860042333603,45.9042461311194,-0.008057249638238673,-0.009307782390698585,0.1651359945535659
2025-06-30,0.1651359945535659,0.1697939932346344,0.1626269966363906,0.1696020066738128,838074434,-0.026332307074857786,0.16425614484718862,0.17529036849737165,0.003171428277412278,0.1696020066738128,0.1636919975280761,0.1610680073499679,42.7788208084166,-0.00753232375038046,-0.00895269066263496,0.1577509939670562
2025-07-01,0.1577509939670562,0.1661520004272461,0.1570630073547363,0.1651359945535659,687516950,-0.04472072007362515,0.16311614428247717,0.17409433474143343,0.0039028265673016907,0.1651359945535659,0.1696020066738128,0.1636919975280761,38.152890997486836,-0.0076243354377301675,-0.008687019617654002,0.168720006942749
2025-07-02,0.168720006942749,0.1724389940500259,0.157036006450653,0.1577509939670562,1151068316,0.06953371702991307,0.1637078587497983,0.17320533494154608,0.004438612531058735,0.1577509939670562,0.1651359945535659,0.1696020066738128,47.2730888414936,-0.0067345163749120696,-0.008296518969105616,0.1720339953899383
2025-07-03,0.1720339953899383,0.1751910001039505,0.1677580028772354,0.1687169969081878,1280276705,0.01964194114995399,0.16542900034359517,0.17250186800956724,0.005048823935873769,0.168720006942749,0.1577509939670562,0.1651359945535659,49.687063171387344,-0.005696254311390925,-0.007776466037562679,0.1628710031509399
2025-07-04,0.1628710031509399,0.172661006450653,0.1615819931030273,0.1720329970121383,1005469062,-0.05326268344944973,0.16568657117230545,0.17165636817614235,0.0048305353298446095,0.1720339953899383,0.168720006942749,0.1577509939670562,43.72615273366006,-0.005548837496513609,-0.0073309403293528655,0.1642719954252243
2025-07-05,0.1642719954252243,0.1649550050497055,0.1623850017786026,0.1628720015287399,444944070,0.008601852061941528,0.16576942801475522,0.17141116807858145,0.00479546788062877,0.1628710031509399,0.1720339953899383,0.168720006942749,44.81624589628537,-0.005258345309170964,-0.006916421325316485,0.1719859987497329
2025-07-06,0.1719859987497329,0.1747110038995742,0.1632709950208664,0.1642719954252243,1092475819,0.046958724185096834,0.1661099983113152,0.17117826789617535,0.00518208852365016,0.1642719954252243,0.1628710031509399,0.1720339953899383,50.50182797434068,-0.004355465463466823,-0.006404230152946553,0.1679659932851791
2025-07-07,0.1679659932851791,0.1767289936542511,0.1659040004014969,0.1719859987497329,1238654782,-0.023374027500945194,0.16651428384440284,0.1706048677364985,0.005203783163538077,0.1719859987497329,0.1642719954252243,0.1628710031509399,47.741316314414064,-0.003919130231515272,-0.005907210168660298,0.1709890067577362
2025-07-08,0.1709890067577362,0.171776995062828,0.1661310046911239,0.1679670065641403,852173993,0.017997770938219082,0.16840542852878568,0.1701654012004534,0.0036667209109904416,0.1679659932851791,0.1719859987497329,0.1642719954252243,49.95659057045109,-0.0032914576191382383,-0.005384059658755887,0.180755004286766
2025-07-09,0.180755004286766,0.1847860068082809,0.1701029986143112,0.1709890067577362,1657071962,0.057114768453311315,0.17012471386364525,0.16969280143578844,0.005949657144456628,0.1709890067577362,0.1679659932851791,0.1719859987497329,56.38838834604265,-0.0019831279049129513,-0.0047038733079873,0.1947930008172989
2025-07-10,0.1947930008172989,0.1957419961690902,0.1789209991693496,0.180755004286766,1741316233,0.0776631141468247,0.1733760003532682,0.16957650134960808,0.011130090589908744,0.180755004286766,0.1709890067577362,0.1679659932851791,63.625367326765534,0.00018435667026234226,-0.0037262273123373716,0.2011879980564117
2025-07-11,0.2011879980564117,0.2129340022802353,0.1917760074138641,0.1947869956493377,3859031770,0.03282970749606573,0.1788498567683356,0.16984906792640683,0.014122582512220205,0.1947930008172989,0.180755004286766,0.1709890067577362,66.36368307923267,0.0023905696451549663,-0.002502867920838904,0.1973280012607574
2025-07-12,0.1973280012607574,0.2061060070991516,0.1922439932823181,0.2011879980564117,1645230470,-0.01918601921060903,0.1835721433162689,0.1703750679890314,0.013961326774016045,0.2011879980564117,0.1947930008172989,0.180755004286766,63.26770242734701,0.0037839211529513417,-0.0012455101060808548,0.1985950022935867
2025-07-13,0.1985950022935867,0.2036090046167373,0.1962620019912719,0.1973280012607574,1460860601,0.006420786835797498,0.18737342953681943,0.17098223467667892,0.013903302840015199,0.1973280012607574,0.2011879980564117,0.1947930008172989,63.86362123868805,0.004933528016060812,-9.702481652521574e-06,0.1974309980869293
2025-07-14,0.1974309980869293,0.2103890031576156,0.1955299973487854,0.1985950022935867,2642688097,-0.00586119586703715,0.19158271593706946,0.17161436776320133,0.011256778983131661,0.1985950022935867,0.1973280012607574,0.2011879980564117,62.85474170624132,0.005685139575902581,0.001129265929858499,0.1991620063781738
2025-07-15,0.1991620063781738,0.1991789937019348,0.1887509971857071,0.1974309980869293,2108544271,0.008767662160540368,0.1956074301685605,0.17239746799071623,0.00683431234972927,0.1974309980869293,0.1985950022935867,0.1973280012607574,63.771315872920056,0.006347307247719425,0.002172874193430684,0.2127469927072525
2025-07-16,0.2127469927072525,0.2197320014238357,0.1957210004329681,0.1991620063781738,2865490732,0.06821073243901354,0.20017771422863007,0.1737324342131614,0.0058765710874832166,0.1991620063781738,0.1974309980869293,0.1985950022935867,70.02300133687456,0.007877468210605365,0.0033137929968656207,0.2180279940366745
2025-07-17,0.2180279940366745,0.2220550030469894,0.2073819935321808,0.2127469927072525,3524415111,0.024822918821178597,0.20349699897425516,0.17534443388382587,0.008363794181102079,0.2127469927072525,0.1991620063781738,0.1974309980869293,72.04267815195672,0.009407817011673786,0.004532597799827254,0.2361290007829666
2025-07-18,0.2361290007829666,0.2525370121002197,0.2167550027370453,0.2180200070142746,6909551812,0.08302147999970755,0.20848857079233443,0.17752766708532963,0.014746885834659603,0.2180279940366745,0.2127469927072525,0.1991620063781738,77.61074572254661,0.01194355160182567,0.006014788560226938,0.2414930015802383
2025-07-19,0.2414930015802383,0.2566330134868622,0.2360820025205612,0.2361389994621276,4276687151,0.02271639984705609,0.21479785655226022,0.17987866699695582,0.018215873950506747,0.2361290007829666,0.2180279940366745,0.2127469927072525,78.94875030337653,0.014222026895865741,0.0076562362273547,0.2729290127754211
2025-07-20,0.2729290127754211,0.2769660055637359,0.2402420043945312,0.2414930015802383,6077966743,0.1301735909093742,0.225417000906808,0.18356046726306274,0.0268273605132249,0.2414930015802383,0.2361290007829666,0.2180279940366745,84.71416377131685,0.01835279872419246,0.009795548726722251,0.2717190086841583
2025-07-21,0.2717190086841583,0.2867560088634491,0.2649300098419189,0.2729290127754211,6129417334,-0.004433402220446303,0.2360295738492693,0.1874788011113802,0.028549711825181446,0.2729290127754211,0.2414930015802383,0.2361290007829666,83.76323041623733,0.021283485172448074,0.012093136015867416,0.2703790068626404
2025-07-22,0.2703790068626404,0.2744089961051941,0.258195012807846,0.2717190086841583,4399161114,-0.004931571876428897,0.24620343106133596,0.1914473677674929,0.025776703612982118,0.2717190086841583,0.2729290127754211,0.2414930015802383,82.65666984818625,0.02323016546184406,0.014320541905062746,0.2406489998102188
2025-07-23,0.2406489998102188,0.2708770036697387,0.2320870012044906,0.2703779935836792,4422461834,-0.10995678768627626,0.25018943207604544,0.19399023453394568,0.021551997995031803,0.2703790068626404,0.2717190086841583,0.2729290127754211,62.82606577556934,0.022118986602210816,0.01588023084449236,0.2319740056991577
2025-07-24,0.2319740056991577,0.2464780062437057,0.2232789993286132,0.240663006901741,4245820253,-0.03604832813725556,0.25218171945640017,0.19619833479324975,0.018513917754656994,0.2406489998102188,0.2703790068626404,0.2717190086841583,58.421627285871566,0.020304314328941003,0.01676504754138209,0.2368119955062866
2025-07-25,0.2368119955062866,0.2368119955062866,0.2219820022583007,0.2319740056991577,3502127057,0.02085574111007582,0.2522792901311602,0.19860613445440925,0.01841676274935193,0.2319740056991577,0.2406489998102188,0.2703790068626404,60.10154202091549,0.01903711085923912,0.017219460204953498,0.2355140000581741
2025-07-26,0.2355140000581741,0.2398640066385269,0.2331849932670593,0.2368080019950866,1499470254,-0.005481122040872366,0.2514251470565796,0.2011237343152364,0.019125405916302938,0.2368119955062866,0.2319740056991577,0.2406489998102188,59.408023981123016,0.01772379669926158,0.017320327503815115,0.2408030033111572
2025-07-27,0.2408030033111572,0.2435739934444427,0.2347390055656433,0.2355130016803741,1975404021,0.02245727749380788,0.2468357171331133,0.2037815675139427,0.01682092217308398,0.2355140000581741,0.2368119955062866,0.2319740056991577,61.36436924148506,0.01691478105906974,0.017239218214866042,0.2252259999513626
2025-07-28,0.2252259999513626,0.2482140064239502,0.224932000041008,0.2408030033111572,2900653769,-0.06468774535866784,0.24019385874271393,0.20583270092805223,0.014356544585610562,0.2408030033111572,0.2355140000581741,0.2368119955062866,53.22784446566537,0.014845565904188562,0.016760487752730546,0.2237929999828338
2025-07-29,0.2237929999828338,0.2324489951133728,0.218312993645668,0.2252320051193237,2219777443,-0.006362497974648829,0.23353871490274153,0.20763906737168628,0.0068856209954303365,0.2252259999513626,0.2408030033111572,0.2355140000581741,52.537698942886806,0.012940892313510838,0.015996568664886603,0.2198999971151352
2025-07-30,0.2198999971151352,0.2261440008878708,0.2110079973936081,0.2237929999828338,2295849760,-0.017395552443540407,0.23057457166058673,0.20946453412373858,0.00772901583062841,0.2237929999828338,0.2252259999513626,0.2408030033111572,50.61758737925968,0.010990599188194672,0.014995374769548217,0.2098730057477951
2025-07-31,0.2098730057477951,0.2255129963159561,0.2092179954051971,0.2198999971151352,1775122878,-0.04559796043148723,0.22741728595324923,0.21120193451642988,0.010918206191263295,0.2198999971151352,0.2237929999828338,0.2252259999513626,45.958587600514164,0.008537468805003029,0.01370379357663918,0.2012159973382949
2025-08-01,0.2012159973382949,0.2120350003242492,0.1967770010232925,0.2098540067672729,3400021925,-0.04124879413936322,0.22233214335782184,0.2122851341962814,0.013738507861706268,0.2098730057477951,0.2198999971151352,0.2237929999828338,42.335507769821035,0.005827619898838621,0.012128558841079069,0.1912139952182769
2025-08-02,0.1912139952182769,0.2032189965248108,0.189627006649971,0.2012159973382949,2202580408,-0.04970778791112773,0.2160035712378365,0.21292446752389269,0.016566540634755284,0.2012159973382949,0.2098730057477951,0.2198999971151352,38.553845672824856,0.002840226770203097,0.010270892426903875,0.198863998055458
2025-08-03,0.198863998055458,0.1999280005693435,0.1895419955253601,0.1912139952182769,1383820507,0.04000754666753559,0.21001228477273662,0.21412423402070996,0.013380247598509866,0.1912139952182769,0.2012159973382949,0.2098730057477951,42.76498026282991,0.0010775659781389613,0.008432227137150894,0.2104129940271377
2025-08-04,0.2104129940271377,0.2111880034208297,0.1986529976129531,0.198862999677658,1808700824,0.05807484554574316,0.20789614106927592,0.2156622673074404,0.011630012495972718,0.198863998055458,0.1912139952182769,0.2012159973382949,48.50290042309193,0.0006055714068478879,0.006866895991090293,0.1997389942407608
2025-08-05,0.1997389942407608,0.2108779996633529,0.1964469999074936,0.2104129940271377,1606059547,-0.05072880520392309,0.2044598545346941,0.21658736715714133,0.0095106572588247,0.2104129940271377,0.198863998055458,0.1912139952182769,44.102211454988144,-0.0006226131707902371,0.005368994158714187,0.2052550017833709
2025-08-06,0.2052550017833709,0.2070180028676986,0.1957409977912902,0.1997399926185608,1273212150,0.027616077489412083,0.20236771234444206,0.21783033410708105,0.0067615389348147,0.1997389942407608,0.2104129940271377,0.198863998055458,46.789019095815874,-0.0011377473445060293,0.004067645858070144,0.2223899960517883
2025-08-07,0.2223899960517883,0.2228730022907257,0.2035430073738098,0.2052550017833709,2060907648,0.08348149433406715,0.20415585381644105,0.21954370041688281,0.009970713104905238,0.2052550017833709,0.1997389942407608,0.2104129940271377,54.160074080443735,-0.00016148258347503663,0.003221820169761108,0.2302139997482299
2025-08-08,0.2302139997482299,0.2322359979152679,0.2200150042772293,0.2223909944295883,2813209061,0.035181455260332894,0.20829842558928893,0.2211923335989316,0.01382478828023503,0.2223899960517883,0.2052550017833709,0.1997389942407608,57.08343922296243,0.0012293745194246197,0.002823331039693811,0.2403250038623809
2025-08-09,0.2403250038623809,0.2460979968309402,0.2299579977989196,0.2302190065383911,3167912055,0.04392002278405638,0.21531428396701807,0.22271006703376764,0.01600008697531603,0.2302139997482299,0.2223899960517883,0.2052550017833709,60.581957403439034,0.003111643238558337,0.002880993479466716,0.2340990006923675
2025-08-10,0.2340990006923675,0.2431299984455108,0.2299779951572418,0.2403250038623809,2275130914,-0.025906597607207926,0.22034785577229085,0.22380710045496616,0.01549684085738015,0.2403250038623809,0.2302139997482299,0.2223899960517883,57.47498209370838,0.0040542336546471325,0.0031156415145027995,0.2225500047206878
2025-08-11,0.2225500047206878,0.2414080053567886,0.221561998128891,0.2341029942035675,2818659723,-0.0493338114965145,0.222081714442798,0.22464783390363055,0.014866161689243483,0.2340990006923675,0.2403250038623809,0.2302139997482299,52.13384380007856,0.0038252408985183783,0.0032575613913059156,0.2356660068035125
2025-08-12,0.2356660068035125,0.2378000020980835,0.219197005033493,0.2225510030984878,2721898586,0.058935078879400526,0.2272141448089054,0.22588353405396142,0.011739957005164626,0.2225500047206878,0.2340990006923675,0.2403250038623809,57.01894919280443,0.0046485288950699755,0.0035357548920587276,0.2452020049095153
2025-08-13,0.2452020049095153,0.24965700507164,0.2316019982099533,0.2356660068035125,4066944826,0.04046403736943471,0.23292085954121175,0.22747590094804762,0.008566918351333708,0.2356660068035125,0.2225500047206878,0.2340990006923675,60.199370726051114,0.006001286816549961,0.004028861276956975,0.2238930016756057
2025-08-14,0.2238930016756057,0.2547790110111236,0.2181330025196075,0.2452020049095153,5430971906,-0.08690387030796543,0.2331355746303285,0.228300267457962,0.008272776177043632,0.2452020049095153,0.2356660068035125,0.2225500047206878,51.10002028371575,0.005292885650143492,0.004281666151594278,0.2286130040884018
2025-08-15,0.2286130040884018,0.2328490018844604,0.220670998096466,0.2238940000534057,3284438866,0.021081509370421525,0.23290686096463878,0.2288291345040003,0.00838833345567564,0.2238930016756057,0.2452020049095153,0.2356660068035125,52.80181626989117,0.005054077115089178,0.004436148344293258,0.2312459945678711
2025-08-16,0.2312459945678711,0.2354110032320022,0.2263969928026199,0.2286130040884018,2012788849,0.011517238443930156,0.23160985963685166,0.22926973452170687,0.007725919308926415,0.2286130040884018,0.2238930016756057,0.2452020049095153,53.76837822311351,0.005019419217154264,0.004552802518865459,0.2345650047063827
2025-08-17,0.2345650047063827,0.2423480004072189,0.2287259995937347,0.2312449961900711,2308822296,0.014352724875143608,0.23167643163885382,0.22921760131915409,0.0077529028044964945,0.2312459945678711,0.2286130040884018,0.2238930016756057,55.01886412910742,0.005199828576349735,0.004682207730362315,0.2224249988794326
2025-08-18,0.2224249988794326,0.2355320006608963,0.2204589992761612,0.2345650047063827,3221260023,-0.05175540077747909,0.23165857366153167,0.22858200122912722,0.007777533015399831,0.2345650047063827,0.2312459945678711,0.2286130040884018,49.72128980740157,0.00431348412141741,0.004608463008573334,0.2090480029582977
2025-08-19,0.2090480029582977,0.2255620062351226,0.2089660018682479,0.2224240005016327,2965240262,-0.060141602735877764,0.2278560016836438,0.2264526342352231,0.011231663801081485,0.2224249988794326,0.2345650047063827,0.2312459945678711,44.62274643921465,0.0025027874052241383,0.004187327887903495,0.221450001001358
2025-08-20,0.221450001001358,0.2227219939231872,0.208529993891716,0.2090499997138977,3332092604,0.05932607758771247,0.22446285826819276,0.22477700064579642,0.008331273328128263,0.2090480029582977,0.2224249988794326,0.2345650047063827,49.765799163069154,0.002044961760300057,0.0037588546623828073,0.2147489935159683
2025-08-21,0.2147489935159683,0.224030002951622,0.2140990048646927,0.221450001001358,2146370687,-0.030259685956599336,0.2231565713882446,0.22292266686757403,0.009115466943673243,0.221450001001358,0.2090480029582977,0.2224249988794326,47.21429544962561,0.0011284087432452405,0.003232765478555294,0.2405900061130523
2025-08-22,0.2405900061130523,0.2417249977588653,0.2087509930133819,0.2147469967603683,4553800466,0.1203312396207461,0.2248675716774804,0.22292070041100182,0.011196798353187433,0.2147489935159683,0.221450001001358,0.2090480029582977,56.48052364795442,0.0024588436094996613,0.003077981104744168,0.2360090017318725
2025-08-23,0.2360090017318725,0.2405930012464523,0.2292709946632385,0.2405879944562912,2633509850,-0.01904070935942037,0.22554800127233773,0.22305520027875897,0.011778625091134354,0.2405900061130523,0.2147489935159683,0.221450001001358,54.64903174460096,0.003107749851975261,0.003083934854190387,0.231797993183136
2025-08-24,0.231797993183136,0.244501993060112,0.2283740043640136,0.2360209971666336,3243609548,-0.01784257599428607,0.22515271391187391,0.2228880668679873,0.011467914206595889,0.2360090017318725,0.2405900061130523,0.2147489935159683,52.949314313358386,0.0032448153161013515,0.00311611094657258,0.2098239958286285
2025-08-25,0.2098239958286285,0.2341099977493286,0.2072010040283203,0.2318039983510971,3601938683,-0.09479804830383731,0.22335257061890193,0.2220317333936691,0.012870663639648568,0.231797993183136,0.2360090017318725,0.2405900061130523,45.07152846091778,0.0015623133657995114,0.0028053514304179662,0.2184650003910064
2025-08-26,0.2184650003910064,0.2198240011930465,0.2082459926605224,0.2098239958286285,2273426712,0.041182156160229244,0.22469785596643171,0.22128713329633073,0.011550779434463148,0.2098239958286285,0.231797993183136,0.2360090017318725,48.32723591511095,0.0009156205964273856,0.00242740526361985,0.2189189940690994
2025-08-27,0.2189189940690994,0.2232650071382522,0.2163159996271133,0.2184620052576065,2291320646,0.002078107144304342,0.22433628354753762,0.22107689976692194,0.011707935869295723,0.2184650003910064,0.2098239958286285,0.231797993183136,48.49994921068821,0.0004347340694289825,0.0020288710247816765,0.2243400067090988
2025-08-28,0.2243400067090988,0.2258780002593994,0.2172369956970214,0.2189259976148605,1900714656,0.024762641830376353,0.22570642828941342,0.2210951333244641,0.010934634434782101,0.2189189940690994,0.2184650003910064,0.2098239958286285,50.62226750717071,0.0004854623392800128,0.001720189287681344,0.2140350043773651
2025-08-29,0.2140350043773651,0.2246280014514923,0.2100380063056945,0.2243379950523376,2575985418,-0.04593475092962862,0.22191285661288668,0.22089963356653844,0.009410635173229074,0.2243400067090988,0.2189189940690994,0.2184650003910064,46.68384891044474,-0.0003023770921633806,0.0013156760117123993,0.2159799933433532
2025-08-30,0.2159799933433532,0.218419998884201,0.2120019942522049,0.2140340059995651,1092661803,0.009087247068048976,0.21905156970024103,0.2211031998197237,0.007194316575902159,0.2140350043773651,0.2243400067090988,0.2189189940690994,47.51385012163974,-0.0007610285002278283,0.0009003351093243538,0.2138150036334991
2025-08-31,0.2138150036334991,0.2209459990262985,0.2135629951953888,0.2159810066223144,1044727824,-0.010024028968332765,0.21648257119315004,0.2215231666962305,0.004642219031630394,0.2159799933433532,0.2140350043773651,0.2243400067090988,46.643420415383154,-0.0012844038138822844,0.0004633873246830262,0.2102539986371994
2025-09-01,0.2102539986371994,0.2196259945631027,0.2054529935121536,0.213811993598938,2726790335,-0.016654607655146703,0.21654400016580302,0.22215783347686127,0.004541168366451325,0.2138150036334991,0.2159799933433532,0.2140350043773651,45.1774126666029,-0.00196388739193315,-2.2067618640209065e-05,0.214818000793457
2025-09-02,0.214818000793457,0.2152629941701889,0.2069990038871765,0.2102520018815994,2083072411,0.02170708850171721,0.21602300022329599,0.2226896335681279,0.004492994661733711,0.2102539986371994,0.2138150036334991,0.2159799933433532,47.456811092259066,-0.002109785893417565,-0.00043961127359568025,0.2205599993467331
2025-09-03,0.2205599993467331,0.2232400029897689,0.2126590013504028,0.214818000793457,1806352077,0.026729596831118974,0.21625742954867225,0.22302786707878106,0.004706996337247548,0.214818000793457,0.2102539986371994,0.2138150036334991,50.25887624867577,-0.0017419995254483733,-0.0007000889239662189,0.2124769985675811
2025-09-04,0.2124769985675811,0.220891997218132,0.2107889950275421,0.2205599993467331,1600512717,-0.036647627870387556,0.214562714099884,0.2234524672230084,0.00320920729555786,0.2205599993467331,0.214818000793457,0.2102539986371994,46.49959195846457,-0.0020787937491604513,-0.0009758298890050655,0.2179040014743805
2025-09-05,0.2179040014743805,0.2206510007381439,0.2121050059795379,0.21246899664402,2429307965,0.025541601883430465,0.2151154279708862,0.22387410054604207,0.0034288322647930856,0.2124769985675811,0.2205599993467331,0.214818000793457,49.24461886793118,-0.0018860506013934908,-0.0011578740314827506,0.2158859968185424
2025-09-06,0.2158859968185424,0.2187259942293167,0.2125519961118698,0.2179040014743805,1195532222,-0.009260980258204876,0.21510199989591322,0.22365730057160055,0.0034250641131187416,0.2179040014743805,0.2124769985675811,0.2205599993467331,48.253188268085424,-0.0018745279869261944,-0.0013012048225714394,0.2284429967403412
2025-09-07,0.2284429967403412,0.2290520071983337,0.2158669978380203,0.2158859968185424,1913782985,0.058164957926165384,0.21719171319689065,0.22359826713800424,0.006001998427405306,0.2158859968185424,0.2179040014743805,0.2124769985675811,54.404577322292404,-0.0008424401557678707,-0.0012094518892107257,0.2418809980154037
2025-09-08,0.2418809980154037,0.2436400055885315,0.226950004696846,0.2284429967403412,3729000010,0.05882430832553287,0.22170985596520557,0.2236501336097717,0.010284920302310428,0.2284429967403412,0.2158859968185424,0.2179040014743805,59.89851272164084,0.0010477534336719163,-0.0007580108246341973,0.240689992904663
2025-09-09,0.240689992904663,0.2485309988260269,0.2340890020132064,0.2418809980154037,4216668251,-0.0049239300338294045,0.225405854838235,0.22386983335018154,0.011914994688734644,0.2418809980154037,0.2284429967403412,0.2158859968185424,59.2174677897661,0.0024217251723058497,-0.00012206362524618789,0.2453950047492981
2025-09-10,0.2453950047492981,0.2480390071868896,0.2369700074195861,0.2406910061836242,2829953595,0.019548016051081696,0.22895371275288715,0.22463133335113522,0.013782690344776635,0.240689992904663,0.2418809980154037,0.2284429967403412,61.09916784422968,0.003845929329242881,0.0006715349656516259,0.2556580007076263
2025-09-11,0.2556580007076263,0.2568559944629669,0.2443020045757293,0.2453919947147369,3760658715,0.04182235073942575,0.23512242734432215,0.22529773314793902,0.014804509029860484,0.2453950047492981,0.240689992904663,0.2418809980154037,64.90318159682244,0.005736631074752585,0.0016845541874718176,0.2754279971122741
2025-09-12,0.2754279971122741,0.2783870100975036,0.2551650106906891,0.2556520104408264,4643519794,0.07732985609653209,0.24334014100687837,0.22630526622136432,0.01901924448943584,0.2556580007076263,0.2453950047492981,0.240689992904663,70.82223575105506,0.008729669123317518,0.003093577174640958,0.289463996887207
2025-09-13,0.289463996887207,0.3056420087814331,0.2731469869613647,0.2754200100898742,9024886352,0.050960686357572005,0.2538512838738305,0.228490966061751,0.02148907142116171,0.2754279971122741,0.2556580007076263,0.2453950047492981,74.15485014035983,0.01209483943830389,0.004893829627373544,0.2785899937152862
2025-09-14,0.2785899937152862,0.2942120134830475,0.2731879949569702,0.2894630134105682,5708225877,-0.037565995387529916,0.26101514058453695,0.2301568657159805,0.019907527688556914,0.289463996887207,0.2754279971122741,0.2556580007076263,67.70316978109992,0.013726094110823123,0.006660282524063461,0.2686299979686737
2025-09-15,0.2686299979686737,0.2816810011863708,0.2598290145397186,0.2785870134830475,5721394577,-0.035751448261962415,0.26483642629214693,0.23140299916267393,0.01810852939885203,0.2785899937152862,0.289463996887207,0.2754279971122741,62.35212119059835,0.014053190343285615,0.008138864087907892,0.269771009683609
2025-09-16,0.269771009683609,0.2715620100498199,0.2589690089225769,0.2686290144920349,4384096063,0.0042475215856880855,0.26899085726056776,0.2325765326619148,0.014651494879056101,0.2686299979686737,0.2785899937152862,0.289463996887207,62.71567757951355,0.01424033288052845,0.009359157846432004,0.2824639976024627
2025-09-17,0.2824639976024627,0.2835659980773926,0.2622460126876831,0.269771009683609,4837069879,0.047050970872445586,0.2742864276681627,0.23457783261934914,0.010927470022015833,0.269771009683609,0.2686299979686737,0.2785899937152862,66.58177740305459,0.015237217575535783,0.010534769792252761,0.278779000043869
2025-09-18,0.278779000043869,0.2879019975662231,0.2764610052108764,0.2824490070343017,4420244724,-0.013045901742776866,0.2775894275733402,0.23690219918886818,0.007225577986155121,0.2824639976024627,0.269771009683609,0.2686299979686737,64.49101798438298,0.015550649168653313,0.011537945667532872,0.2653869986534118
2025-09-19,0.2653869986534118,0.2840220034122467,0.263711005449295,0.2787800133228302,3402582767,-0.04803805662675387,0.2761549992220742,0.23836676577726998,0.00859339145746616,0.278779000043869,0.2824639976024627,0.269771009683609,57.43270498143357,0.014550692053268394,0.012140494944679977,0.267749011516571
2025-09-20,0.267749011516571,0.2691450119018554,0.2635659873485565,0.265388011932373,1791655632,0.00890025839677211,0.2730528584548405,0.2401334330439567,0.006698837331008933,0.2653869986534118,0.278779000043869,0.2824639976024627,58.29959384146964,0.013789852694933769,0.012470366494730736,0.2611590027809143
2025-09-21,0.2611590027809143,0.2696839869022369,0.2608299851417541,0.267749011516571,1759685373,-0.024612635162796215,0.2705627168927874,0.24081906626621877,0.007490492089199422,0.267749011516571,0.2653869986534118,0.278779000043869,54.93797527615181,0.012510905461543043,0.012478474288093198,0.2413160055875778
2025-09-22,0.2413160055875778,0.2620410025119781,0.2358579933643341,0.2611599862575531,5600811076,-0.07598052137602451,0.2666607179812022,0.24099596639474227,0.013426965291399513,0.2611590027809143,0.267749011516571,0.2653869986534118,46.28393111598137,0.009783389699599854,0.01193945737039453,0.2373879998922348
2025-09-23,0.2373879998922348,0.2434010058641433,0.234702005982399,0.2413150072097778,2979805692,-0.016277435414110752,0.26203457372529165,0.24118229995171223,0.017219707782679686,0.2413160055875778,0.2611590027809143,0.267749011516571,44.78016039906418,0.0072216103468865644,0.010995887965692936,0.2412440031766891
2025-09-24,0.2412440031766891,0.2501550018787384,0.2320860028266906,0.2373860031366348,3426936081,0.01624346338570093,0.2561460030930383,0.24222963352998092,0.016079332655468275,0.2373879998922348,0.2413160055875778,0.2611590027809143,46.61386687912349,0.005439822109225639,0.009884674794399478,0.2227060049772262
2025-09-25,0.2227060049772262,0.2419340014457702,0.2215700000524521,0.2412450015544891,4513449818,-0.07684335343202509,0.248135575226375,0.24237100034952158,0.016872472021171356,0.2412440031766891,0.2373879998922348,0.2413160055875778,39.77539179372163,0.0025030272278050436,0.008408345281080592,0.2326290011405944
2025-09-26,0.2326290011405944,0.2332880049943924,0.2220360040664672,0.2227140069007873,3136341383,0.04455648227528908,0.24345586129597252,0.24282800058523807,0.01579887150483266,0.2227060049772262,0.2412440031766891,0.2373879998922348,44.47136695521391,0.0009651730718860385,0.006919710839241682,0.2308360040187835
2025-09-27,0.2308360040187835,0.2342150062322616,0.2282470017671585,0.2326290011405944,1404236029,-0.007707539098821381,0.2381825745105743,0.24304453382889427,0.012055958556981251,0.2326290011405944,0.2227060049772262,0.2412440031766891,43.80668535987379,-0.0003937286505526494,0.005457022941282816,0.2373879998922348
2025-09-28,0.2373879998922348,0.2374719977378845,0.2254170030355453,0.2308380007743835,1629383714,0.028383769253422564,0.23478671695504866,0.24382296701272327,0.0066341160346342605,0.2308360040187835,0.2326290011405944,0.2227060049772262,46.92827007090035,-0.000931241968534946,0.004179369959319264,0.23505699634552
2025-09-29,0.23505699634552,0.2386849969625473,0.2291699945926666,0.2373889982700348,2451434578,-0.009819382394110066,0.23389257277761183,0.2444588671127955,0.00599880484760186,0.2373879998922348,0.2308360040187835,0.2326290011405944,45.950283983011516,-0.0015277071932614517,0.003037954528803121,0.2329050004482269
2025-09-30,0.2329050004482269,0.2356510013341903,0.2267969995737075,0.2350669950246811,2112968133,-0.009155208867426268,0.23325214428561067,0.24509520033995308,0.005799428210554042,0.23505699634552,0.2373879998922348,0.2308360040187835,45.01753868925653,-0.0021492826723240044,0.002000507088577696,0.2483649998903274
2025-10-01,0.2483649998903274,0.2483649998903274,0.2308329939842224,0.2329050004482269,2935493861,0.06637899320473006,0.23426942953041616,0.2463655670483907,0.007736113543259804,0.2329050004482269,0.23505699634552,0.2373879998922348,52.48032560060057,-0.00137850244917323,0.0013247051810275107,0.2619369924068451
2025-10-02,0.2619369924068451,0.2634150087833404,0.2470549941062927,0.2483720034360885,3466616007,0.054645350683513394,0.23987385630607602,0.24793620010217027,0.011335774993819374,0.2483649998903274,0.2329050004482269,0.23505699634552,57.88459142737365,0.00032376068936135205,0.0011245162826942791,0.2586030066013336
2025-10-03,0.2586030066013336,0.264968991279602,0.2535470128059387,0.2619400024414062,3285893533,-0.01272819762827948,0.24358442851475304,0.2492043003439903,0.01273390153531076,0.2619369924068451,0.2483649998903274,0.2329050004482269,56.19392687442294,0.0013877940733648952,0.0011771718408284024,0.250916987657547
2025-10-04,0.250916987657547,0.2594049870967865,0.2473369985818863,0.2586039900779724,2121406683,-0.02972130542795859,0.2464531404631478,0.2504856333136558,0.011594186967463916,0.2586030066013336,0.2619369924068451,0.2483649998903274,52.394626656891425,0.0015924934291526305,0.0012602361584932481,0.2529540061950683
2025-10-05,0.2529540061950683,0.2646650075912475,0.2498150020837783,0.250914990901947,3422890843,0.008118296638812916,0.2486768556492669,0.25165396680434543,0.011045520552923188,0.250916987657547,0.2586030066013336,0.2619369924068451,53.295881525699954,0.0018972195493111021,0.0013876328366568189,0.2663129866123199
2025-10-06,0.2663129866123199,0.2700470089912414,0.2513220012187958,0.2529540061950683,3938750191,0.052811895008888055,0.2531419971159526,0.253334866464138,0.010939159591271307,0.2529540061950683,0.250916987657547,0.2586030066013336,58.80407204951212,0.0031800180009617374,0.0017461098695178028,0.2473160028457641
2025-10-07,0.2473160028457641,0.267863005399704,0.2472569942474365,0.2663120031356811,4263519773,-0.07133329849291314,0.25520071174417225,0.2539639666676521,0.007219525712070129,0.2663129866123199,0.2529540061950683,0.250916987657547,49.80807062882756,0.0026333910970771646,0.0019235661150296753,0.2555629909038543
2025-10-08,0.2555629909038543,0.260930985212326,0.2441360056400299,0.2473160028457641,3136056857,0.033345954015088,0.25622899617467604,0.25442003309726713,0.006566734558795695,0.2473160028457641,0.2663129866123199,0.2529540061950683,53.15826845531831,0.0028329913895841496,0.0021054511699405702,0.2485630065202713
2025-10-09,0.2485630065202713,0.2557089924812317,0.2419410049915313,0.2555620074272156,3221293489,-0.027390446319422224,0.25431842676230837,0.25468246688445406,0.006574778381977731,0.2555629909038543,0.2473160028457641,0.2663129866123199,50.10142612138604,0.0023986852703271055,0.0021640979900178774,0.1931550055742263
2025-10-10,0.1931550055742263,0.2536239922046661,0.1147840023040771,0.2485630065202713,8989277920,-0.22291330363967998,0.24496871232986447,0.25294113357861836,0.023699692726167818,0.2485630065202713,0.2555629909038543,0.2473160028457641,33.62088548452277,-0.002388929972881648,0.0012534923974379724,0.1854429990053177
2025-10-11,0.1854429990053177,0.2002339959144592,0.1790120005607605,0.1931550055742263,6948749972,-0.0399265167681353,0.23561528537954599,0.2506006335218747,0.03231505069702077,0.1931550055742263,0.2485630065202713,0.2555629909038543,32.04106444134398,-0.0067278891065577495,-0.00034278390336117204,0.2077949941158294
2025-10-12,0.2077949941158294,0.2140489965677261,0.1817560046911239,0.1854410022497177,5183180935,0.1205329682457883,0.22916399793965472,0.2483462000886599,0.032781037731084664,0.1854429990053177,0.1931550055742263,0.2485630065202713,40.73350234099181,-0.008267622275333758,-0.0019277515777556893,0.2139910012483596
2025-10-13,0.2139910012483596,0.2182700037956237,0.2047459930181503,0.2077949941158294,4745994514,0.029817884491848634,0.2216894286019461,0.24583043356736498,0.028596814420675874,0.2077949941158294,0.1854429990053177,0.1931550055742263,42.91327139956723,-0.008885479633171989,-0.0033192971888389494,0.2045319974422454
2025-10-14,0.2045319974422454,0.2155440002679824,0.1951040029525756,0.2139910012483596,4841725506,-0.044202811103893125,0.21557742783001485,0.24336183369159692,0.02671712008100402,0.2139910012483596,0.2077949941158294,0.1854429990053177,40.46638501727073,-0.010022861289707669,-0.004660010009012693,0.1963270008563995
2025-10-15,0.1963270008563995,0.2079730033874511,0.1950979977846145,0.2045319974422454,2877365449,-0.040115955881977694,0.20711514353752133,0.24095173378785445,0.020628818550522426,0.2045319974422454,0.2139910012483596,0.2077949941158294,38.41995579229892,-0.011454281274870526,-0.00601886426218426,0.1883669942617416
2025-10-16,0.1883669942617416,0.2012349963188171,0.1852090060710907,0.1963279992341995,3498982322,-0.04054463502185379,0.19851571321487424,0.23823826660712555,0.010560975894409961,0.1963270008563995,0.2045319974422454,0.2139910012483596,36.491904615742286,-0.013080217330342675,-0.007431134875815943,0.1848420053720474
2025-10-17,0.1848420053720474,0.1907970011234283,0.1762109994888305,0.1883659958839416,3317944601,-0.01871341050755493,0.19732814175742006,0.23498420019944502,0.011673089344373824,0.1883669942617416,0.1963270008563995,0.2045319974422454,35.63896979188404,-0.014486232244430741,-0.008842154349538903,0.1895990073680877
2025-10-18,0.1895990073680877,0.1902229934930801,0.1845320016145706,0.1848500072956085,1238849111,0.02573550306633754,0.1979218572378158,0.232011533776919,0.011057286456746411,0.1848420053720474,0.1883669942617416,0.1963270008563995,37.753408756439214,-0.01504324967037765,-0.010082373413706653,0.1953230053186416
2025-10-19,0.1953230053186416,0.1985349953174591,0.1862950026988983,0.1895990073680877,1982258702,0.030190020665252337,0.19614014455250325,0.22967606733242665,0.010170506391473707,0.1895990073680877,0.1848420053720474,0.1883669942617416,40.2951570789081,-0.01485161106877761,-0.011036220944720846,0.2001139968633651
2025-10-20,0.2001139968633651,0.2024469971656799,0.1919409930706024,0.1953240036964416,2148033213,0.024528557385791183,0.19415771535464693,0.22742156684398646,0.006955374903566475,0.1953230053186416,0.1895990073680877,0.1848420053720474,42.414685918248146,-0.014150030376562817,-0.01165898283108924,0.1943890005350113
2025-10-21,0.1943890005350113,0.2054349929094314,0.1923319995403289,0.2001560032367706,2783675973,-0.02860867514561083,0.19270871579647061,0.22519590010245635,0.005291408228745009,0.2001139968633651,0.1953230053186416,0.1895990073680877,40.56166616929676,-0.01389579985043346,-0.012106346234958085,0.1900019943714141
2025-10-22,0.1900019943714141,0.1953140050172805,0.186500996351242,0.1943860054016113,2573427089,-0.02256818107775105,0.19180514344147268,0.2234854330619176,0.0051074008287372045,0.1943890005350113,0.2001139968633651,0.1953230053186416,39.15018425322788,-0.013888220301981669,-0.012462721048362803,0.1948439925909042
2025-10-23,0.1948439925909042,0.1972160041332245,0.1898320019245147,0.1900019943714141,1769172845,0.025483933658217328,0.19273042891706732,0.22206729948520657,0.004965445955866949,0.1900019943714141,0.1943890005350113,0.2001139968633651,41.567081432412856,-0.01333775532426687,-0.012637727903543616,0.1976979970932006
2025-10-24,0.1976979970932006,0.1996829956769943,0.1944019943475723,0.1948579996824264,1546313970,0.014647639192493234,0.19456699916294637,0.2206157659490903,0.003802904524316503,0.1948439925909042,0.1900019943714141,0.1943890005350113,43.004083395791376,-0.012526812258076142,-0.012615544774450121,0.1965910047292709
2025-10-25,0.1965910047292709,0.1997179985046386,0.1962520033121109,0.1976979970932006,1136645097,-0.005599411123056619,0.19556585592882972,0.2197452659408251,0.003141235136956102,0.1976979970932006,0.1948439925909042,0.1900019943714141,42.566817487403135,-0.011837009391851838,-0.012459837697930465,0.2056699991226196
2025-10-26,0.2056699991226196,0.2064110040664672,0.1947930008172989,0.1965900063514709,1679630618,0.046182145545527575,0.19704399790082652,0.21884663254022596,0.004931946143089159,0.1965910047292709,0.1976979970932006,0.1948439925909042,47.29971093111548,-0.01043742059187222,-0.012055354276718817,0.2003819942474365
2025-10-27,0.2003819942474365,0.2093150019645691,0.1998029947280883,0.2056680023670196,1984421014,-0.025711114395592594,0.19708228324140814,0.21783149888118106,0.004960705967213103,0.2056699991226196,0.1965910047292709,0.1976979970932006,44.97497535913549,-0.00964376684299259,-0.011573036789973573,0.1937569975852966
2025-10-28,0.1937569975852966,0.202906996011734,0.1912200003862381,0.2003819942474365,2809894306,-0.03306183615459579,0.19699199710573462,0.21637713213761645,0.005023251171850126,0.2003819942474365,0.2056699991226196,0.1965910047292709,42.178054859240156,-0.00944054763565938,-0.011146538959110736,0.1923899948596954
2025-10-29,0.1923899948596954,0.197270005941391,0.1890770047903061,0.1937550008296966,2590886109,-0.007055243127409683,0.19733314003263197,0.21495489875475562,0.0045258875922059485,0.1937569975852966,0.2003819942474365,0.2056699991226196,41.60313978482842,-0.009282794370011421,-0.010773790041290874,0.1827100068330764
2025-10-30,0.1827100068330764,0.1944890022277832,0.1767860054969787,0.1923830062150955,3112664146,-0.050314404518168154,0.19559971349579944,0.21328173230091726,0.007182255305714707,0.1923899948596954,0.1937569975852966,0.2003819942474365,37.68585092409705,-0.00982560445323677,-0.010584152923680052,0.1864330023527145
2025-10-31,0.1864330023527145,0.1877560019493103,0.1825100034475326,0.1827130019664764,1579798665,0.02037652772373577,0.19399042853287285,0.21121733238299684,0.007863480570980307,0.1827100068330764,0.1923899948596954,0.1937569975852966,40.02486637495027,-0.009841919212564831,-0.010435706181457009,0.187280997633934
2025-11-01,0.187280997633934,0.1883829981088638,0.1852989941835403,0.1864320039749145,849876271,0.004548525585696295,0.19266042751925325,0.2087287992238998,0.008133030469448382,0.1864330023527145,0.1827100068330764,0.1923899948596954,40.572037121349226,-0.00967489646068681,-0.01028354423730297,0.1865729987621307
2025-11-02,0.1865729987621307,0.1886769980192184,0.1824800074100494,0.187279999256134,967206772,-0.003780409549009156,0.18993228461061198,0.20632779896259304,0.005952388836452787,0.187280997633934,0.1864330023527145,0.1827100068330764,40.24193047681693,-0.009490261491459706,-0.010124887688134316,0.1672430038452148
2025-11-03,0.1672430038452148,0.1865780055522918,0.1638270020484924,0.1865720003843307,3648984899,-0.10360553266102823,0.18519814312458036,0.20353866616884864,0.008768389799450414,0.1865729987621307,0.187280997633934,0.1864330023527145,32.47339714603686,-0.010779447232685813,-0.010255799597044616,0.1626950055360794
2025-11-04,0.1626950055360794,0.1708849966526031,0.1524959951639175,0.1672420054674148,4796083616,-0.027193952539531052,0.1807607156889779,0.200530032813549,0.011229498608384151,0.1672430038452148,0.1865729987621307,0.187280997633934,30.959064469769217,-0.012029453621751979,-0.01061053040198609,0.167380005121231
2025-11-05,0.167380005121231,0.1684630066156387,0.1553049981594085,0.1626950055360794,2522587575,0.028796210244528053,0.17718786001205442,0.19723226676384603,0.010886199454849782,0.1626950055360794,0.1672430038452148,0.1865729987621307,34.35507234989164,-0.012497983405575175,-0.010988021002703909,0.1614059954881668
2025-11-06,0.1614059954881668,0.167380005121231,0.1577309966087341,0.1673790067434311,1870692567,-0.035691297946473965,0.17414442981992445,0.19436859985192612,0.012005498062842148,0.167380005121231,0.1626950055360794,0.1672430038452148,32.18133473969246,-0.013199197156728654,-0.01143025623350886,0.1786729991436004
2025-11-07,0.1786729991436004,0.1813839972019195,0.1604859977960586,0.1614080071449279,2931787387,0.10697870053222092,0.17303585793290813,0.19180560012658432,0.01099763843018388,0.1614059954881668,0.167380005121231,0.1626950055360794,43.34035029784313,-0.0122207381555553,-0.011588352617918149,0.1761820018291473
2025-11-08,0.1761820018291473,0.183008998632431,0.1733119934797287,0.1786739975214004,2236137677,-0.013941655014427012,0.1714502871036529,0.18939289997021352,0.009265206227047618,0.1786729991436004,0.1614059954881668,0.167380005121231,42.26004243882178,-0.011513583588204285,-0.011573398811975378,0.1792600005865097
2025-11-09,0.1792600005865097,0.1809639930725097,0.1716790050268173,0.1761820018291473,1608940509,0.01747056297128058,0.17040557307856422,0.1889297331372896,0.007524620739032367,0.1761820018291473,0.1786729991436004,0.1614059954881668,44.11374475458827,-0.010582797817319689,-0.01137527861304424,0.1818140000104904
2025-11-10,0.1818140000104904,0.1850190013647079,0.1776600033044815,0.1792590022087097,2127003685,0.014247458527415047,0.17248714395931786,0.18880876650412873,0.008461080537593273,0.1792600005865097,0.1761820018291473,0.1786729991436004,45.67229891320418,-0.009529210175912295,-0.011006064925617851,0.1720249950885772
2025-11-11,0.1720249950885772,0.1853460073471069,0.1718699932098388,0.1818130016326904,2107396312,-0.053840765405020474,0.1738199996096747,0.1876164332032203,0.007319282530502333,0.1818140000104904,0.1792600005865097,0.1761820018291473,40.957601357666846,-0.009376044066860656,-0.010680060753866412,0.1700810045003891
2025-11-12,0.1700810045003891,0.178284004330635,0.1674810051918029,0.1720200031995773,1803938275,-0.011300628651011446,0.17420585666384011,0.18615276664495461,0.00698684163648874,0.1720249950885772,0.1818140000104904,0.1792600005865097,40.07290928918824,-0.009304268796811177,-0.010404902362455365,0.1642960011959076
2025-11-13,0.1642960011959076,0.1767950057983398,0.1603219956159591,0.1700810045003891,2729846444,-0.03401322400155671,0.1746187146220888,0.18481156677007674,0.006138286456648126,0.1700810045003891,0.1720249950885772,0.1818140000104904,37.478525331829495,-0.009603484802721801,-0.010244618850508654,0.1574659943580627
2025-11-14,0.1574659943580627,0.1657190024852752,0.1554169952869415,0.1642960011959076,3090051874,-0.04157135163442449,0.17158914250986917,0.18351619988679882,0.008559612558753033,0.1642960011959076,0.1700810045003891,0.1720249950885772,34.62807221746192,-0.010273315725440268,-0.010250358225494978,0.1631370037794113
2025-11-15,0.1631370037794113,0.1642930060625076,0.1574649959802627,0.1574659943580627,1245164553,0.036014184805217564,0.16972557135990687,0.18267520020405448,0.008809425003097332,0.1574659943580627,0.1642960011959076,0.1700810045003891,38.790746269056726,-0.010228648993383466,-0.010246016379072676,0.1586609929800033
2025-11-16,0.1586609929800033,0.1653279960155487,0.1544169932603836,0.1631370037794113,1764383845,-0.027437127663937688,0.1667828559875488,0.18180249979098634,0.008529735742488253,0.1631370037794113,0.1574659943580627,0.1642960011959076,36.799006271329375,-0.010434148580546643,-0.010283642819367469,0.1518920063972473
2025-11-17,0.1518920063972473,0.1639450043439865,0.1509190052747726,0.1586609929800033,2792290270,-0.04266320571691584,0.16250828547137122,0.180545599758625,0.0071231639765180895,0.1586609929800033,0.1631370037794113,0.1574659943580627,33.95925757974268,-0.011016220992127429,-0.010430158453919461,0.1617040038108825
2025-11-18,0.1617040038108825,0.1625330001115799,0.1501020044088363,0.1518920063972473,2444487369,0.06459851078649681,0.16103385814598625,0.17942496637503302,0.005763366286359308,0.1518920063972473,0.1586609929800033,0.1631370037794113,41.05954247601147,-0.010563996210459087,-0.010456926005227386,0.1543249934911728
2025-11-19,0.1543249934911728,0.1620970070362091,0.1473100036382675,0.1617040038108825,2265496568,-0.045632823837433834,0.15878299943038393,0.17789866626262663,0.004600576029148105,0.1617040038108825,0.1518920063972473,0.1586609929800033,37.770691884731164,-0.010677940623995408,-0.010501128928980991,0.1490920037031173
2025-11-20,0.1490920037031173,0.1590999960899353,0.1464360058307647,0.1543249934911728,2500681053,-0.03390889362554761,0.15661099978855672,0.17638876636823014,0.005123327880235005,0.1543249934911728,0.1617040038108825,0.1518920063972473,35.593308756039605,-0.011062973858445707,-0.010613497914873935,0.1401820033788681
2025-11-21,0.1401820033788681,0.150626003742218,0.134113997220993,0.1490930020809173,3788412140,-0.05976175853127186,0.15414185822010038,0.17472810000181196,0.007999950188703838,0.1490920037031173,0.1543249934911728,0.1617040038108825,32.19062322726904,-0.01194933355394151,-0.01088066504268745,0.1403039991855621
2025-11-22,0.1403039991855621,0.1419059932231903,0.1358979940414428,0.1401820033788681,1508164780,0.0008702672508131837,0.15088000042097907,0.1729101002216339,0.008367505632357039,0.1401820033788681,0.1490920037031173,0.1543249934911728,32.286074848224274,-0.01249786831023253,-0.011204105696196466,0.1448310017585754
2025-11-23,0.1448310017585754,0.1474259942770004,0.1397600024938583,0.1403039991855621,1345739666,0.03226567025381799,0.1489042873893465,0.17114786704381305,0.007840209911898302,0.1403039991855621,0.1401820033788681,0.1490920037031173,35.892311277667446,-0.012424077748109275,-0.011448100106579028,0.1517940014600753
2025-11-24,0.1517940014600753,0.1535950005054474,0.1437799930572509,0.1448310017585754,1886500747,0.048076721261010036,0.14889028668403623,0.1696546336015065,0.00783407045302677,0.1448310017585754,0.1403039991855621,0.1401820033788681,41.089178320451126,-0.011669226730393195,-0.011492325431341861,0.1529719978570938
2025-11-25,0.1529719978570938,0.1547390073537826,0.1463090032339096,0.1517949998378753,1584986684,0.007760493732872353,0.1476428572620664,0.16789803355932234,0.005913436924098734,0.1517940014600753,0.1448310017585754,0.1403039991855621,41.94659407605966,-0.010850865374524232,-0.011364033419978336,0.1547780036926269
2025-11-26,0.1547780036926269,0.156601995229721,0.1489000022411346,0.1529719978570938,1505665002,0.011806120471932635,0.1477075730051313,0.16637790054082868,0.0060005898410235145,0.1529719978570938,0.1517940014600753,0.1448310017585754,43.30888924411035,-0.009941973643022822,-0.011079621464587235,0.1526889950037002
2025-11-27,0.1526889950037002,0.1554629951715469,0.1523589938879013,0.1547780036926269,922512953,-0.013496806000129369,0.14822142890521456,0.16500896712144214,0.006286122973252555,0.1547780036926269,0.1529719978570938,0.1517940014600753,42.07886599682336,-0.009283224704433019,-0.010720342112556392,0.1502799987792968
2025-11-28,0.1502799987792968,0.155008003115654,0.1486299932003021,0.1526899933815002,1307624427,-0.015777143757773948,0.14966399967670435,0.16360530058542883,0.005198242111949147,0.1526889950037002,0.1547780036926269,0.1529719978570938,40.645269796497416,-0.008853489768117812,-0.010346971643668676,0.1485690027475357
2025-11-29,0.1485690027475357,0.1508010029792785,0.1476189941167831,0.1502790004014969,648320199,-0.011385387580910789,0.15084471447127198,0.16246726711591078,0.00331564783575779,0.1502799987792968,0.1526889950037002,0.1547780036926269,39.61298866318253,-0.008552398093844754,-0.00998805693370389,0.1466690003871917
2025-11-30,0.1466690003871917,0.1504819989204406,0.1466690003871917,0.1485690027475357,717631352,-0.012788686234723512,0.15110728570393148,0.1611418003837267,0.00279136661213914,0.1485690027475357,0.1502799987792968,0.1526889950037002,38.44531567946172,-0.008370603972161494,-0.009664566341395411,0.1355880051851272
2025-12-01,0.1355880051851272,0.1466709971427917,0.1323660016059875,0.1466690003871917,1935250412,-0.07555103786629591,0.1487921433789389,0.15941870063543315,0.006449905254820429,0.1466690003871917,0.1485690027475357,0.1502799987792968,32.43955735737059,-0.009016735215199218,-0.009535000116156173,0.1459719985723495
2025-12-02,0.1459719985723495,0.1472460031509399,0.1347009986639022,0.1355880051851272,1442143940,0.0765848968206615,0.14779214348111827,0.15806533396244044,0.006232839126741552,0.1355880051851272,0.1466690003871917,0.1485690027475357,41.640023806378316,-0.008591855830960948,-0.009346371259117128,0.1519439965486526
2025-12-03,0.1519439965486526,0.1529189944267273,0.1453900039196014,0.1459700018167495,1522255570,0.04091194225406958,0.14738728531769338,0.15755536705255502,0.0057789556661974,0.1459719985723495,0.1355880051851272,0.1466690003871917,46.17949303284414,-0.0076846615365852855,-0.009014029314610759,0.1475030034780502
2025-12-04,0.1475030034780502,0.1527310013771057,0.1459839940071106,0.1519200056791305,1232527768,-0.02922782848600658,0.14664642938545766,0.15704896698395404,0.005298445747935228,0.1519439965486526,0.1459719985723495,0.1355880051851272,43.471545897725626,-0.007240589539084491,-0.008659341359505506,0.1396320015192031
2025-12-05,0.1396320015192031,0.1482840031385421,0.1376609951257705,0.1475030034780502,1279447426,-0.053361638564996317,0.14512528691972998,0.15612403353055315,0.005601241157199345,0.1475030034780502,0.1519439965486526,0.1459719985723495,39.095767023426895,-0.00743804223816899,-0.008415081535238204,0.1397430002689361
2025-12-06,0.1397430002689361,0.1405850052833557,0.1385650038719177,0.1396320015192031,637344481,0.0007949377544211877,0.14386442942278718,0.15540193368991212,0.005689535928674452,0.1396320015192031,0.1475030034780502,0.1519439965486526,39.188729377026064,-0.007499123031055127,-0.008231889834401589,0.1385760009288787
2025-12-07,0.1385760009288787,0.1428319960832595,0.1352709978818893,0.1397449970245361,1065448744,-0.008351039678635153,0.1427082866430282,0.15406536708275473,0.005844799814828727,0.1397430002689361,0.1396320015192031,0.1475030034780502,38.52297104024547,-0.00755461222604395,-0.008096434312730062,0.1425990015268325
2025-12-08,0.1425990015268325,0.1446080058813095,0.1382450014352798,0.1385709941387176,1167700280,0.029031005159533496,0.1437098575489861,0.15294593373934426,0.004954150355876835,0.1385760009288787,0.1397430002689361,0.1396320015192031,42.170265282809495,-0.007191071094918733,-0.007915361669167797,0.1480370014905929
2025-12-09,0.1480370014905929,0.1529130041599273,0.139626994729042,0.1425999999046325,1669844829,0.03813490911952244,0.144004857965878,0.15190516710281368,0.00516816135022645,0.1425990015268325,0.1385760009288787,0.1397430002689361,46.76761597297288,-0.0063904953273278275,-0.007610388400799803,0.1435150057077407
2025-12-10,0.1435150057077407,0.1501210033893585,0.1428250074386596,0.1480370014905929,1454774688,-0.030546388654998258,0.14280071641717632,0.15062853395938872,0.003814876279447932,0.1480370014905929,0.1425990015268325,0.1385760009288787,43.6594090569648,-0.006051166451325141,-0.0072985440109048704,0.1403840035200119
2025-12-11,0.1403840035200119,0.143543004989624,0.1365350037813186,0.1434990018606186,1459697025,-0.021816549233220184,0.14178371642317084,0.14957383424043652,0.0032611005523382262,0.1435150057077407,0.1480370014905929,0.1425990015268325,41.59795087292967,-0.005966117888790562,-0.007032058786482009,0.1369490027427673
2025-12-12,0.1369490027427673,0.1413899958133697,0.1347090005874633,0.1403840035200119,1065894918,-0.024468605333334392,0.14140043088368,0.14846943418184913,0.0036861200374921,0.1403840035200119,0.1435150057077407,0.1480370014905929,39.39998528734188,-0.006105511608194197,-0.006846749350824447,0.139165997505188
2025-12-13,0.139165997505188,0.1399040073156356,0.1369470059871673,0.1369490027427673,519857549,0.016188469561803753,0.1413180019174303,0.14763176739215847,0.0037354816762967705,0.1369490027427673,0.1403840035200119,0.1435150057077407,41.54672938476491,-0.005968290448808006,-0.006671057570421159,0.1341640055179596
2025-12-14,0.1341640055179596,0.1392379999160766,0.1333959996700287,0.139165997505188,831077847,-0.035942630217858484,0.14068771685872755,0.1468550344308217,0.004557104716804686,0.139165997505188,0.1369490027427673,0.1403840035200119,38.25406024504536,-0.006191785591303622,-0.006575203174597652,0.129731997847557
2025-12-15,0.129731997847557,0.1380749940872192,0.1273179948329925,0.1341650038957595,1383279585,-0.033034252766173555,0.1388495734759739,0.14574153423309325,0.006018396695407957,0.1341640055179596,0.139165997505188,0.1369490027427673,35.56456403618846,-0.006649877433447082,-0.006590138026367539,0.131740003824234
2025-12-16,0.131740003824234,0.1329330056905746,0.1282179951667785,0.129731997847557,1026120710,0.01547810879345679,0.13652143095220837,0.14484416792790092,0.0049248012909513415,0.129731997847557,0.1341640055179596,0.139165997505188,37.70163635756634,-0.006772816406406368,-0.006626673702375305,0.1261750012636184
2025-12-17,0.1261750012636184,0.1359219998121261,0.1251129955053329,0.131741002202034,1368935538,-0.042242313641043694,0.1340442874601909,0.14398693442344662,0.0051753719159675395,0.131740003824234,0.129731997847557,0.1341640055179596,34.30579788971394,-0.0072358848498121076,-0.006748515931862666,0.1220469996333122
2025-12-18,0.1220469996333122,0.1304199993610382,0.1202339977025985,0.1261759996414184,1762583322,-0.03271647782021059,0.13142471547637663,0.14266503428419425,0.006005756414260843,0.1261750012636184,0.131740003824234,0.129731997847557,32.003094637899565,-0.007845526810455694,-0.006967918107581272,0.1322139948606491
2025-12-19,0.1322139948606491,0.1331129968166351,0.1207330003380775,0.1220479980111122,1479134848,0.08330393420471993,0.1307482857789312,0.14192800099651012,0.005527461334710726,0.1220469996333122,0.1261750012636184,0.131740003824234,42.27943471855313,-0.007422716455953493,-0.007058877777255717,0.1319520026445388
2025-12-20,0.1319520026445388,0.1324519962072372,0.1307719945907592,0.1322149932384491,537943591,-0.001981577036428317,0.12971771508455274,0.14135666762789084,0.0042125507857220836,0.1322139948606491,0.1220469996333122,0.1261750012636184,42.10285479809445,-0.007027765084840043,-0.007052655238772583,0.1310579925775528
2025-12-21,0.1310579925775528,0.1329970061779022,0.1289079934358596,0.1319520026445388,662389637,-0.006775267135538221,0.1292739989502089,0.14105253393451367,0.0038105590538795304,0.1319520026445388,0.1322139948606491,0.1220469996333122,41.466429419311915,-0.006709558801307414,-0.0069840359512795495,0.132433995604515
2025-12-22,0.132433995604515,0.1349879950284958,0.1299999952316284,0.1310569941997528,1123402771,0.010499191998137425,0.12965999862977434,0.1407902004818121,0.003996978179731638,0.1310579925775528,0.1319520026445388,0.1322139948606491,42.89715182801224,-0.006274023052214389,-0.006842033371466517,0.1291950047016143
2025-12-23,0.1291950047016143,0.1334999948740005,0.1282130032777786,0.132433995604515,920201581,-0.024457397725680896,0.12929642732654295,0.1402690005799134,0.0038905765749224974,0.132433995604515,0.1310579925775528,0.1319520026445388,40.394243932387944,-0.006119673542447385,-0.00669756140566269,0.1285180002450943
2025-12-24,0.1285180002450943,0.13018099963665,0.1267150044441223,0.1291929930448532,638034560,-0.005240175176150164,0.12963114146675378,0.13949313387274737,0.0036719188824837928,0.1291950047016143,0.132433995604515,0.1310579925775528,39.87060048955848,-0.005983010623435564,-0.006554651249217266,0.1235449984669685
2025-12-25,0.1235449984669685,0.1288580000400543,0.1232530027627945,0.1285170018672943,726734769,-0.038694982559967395,0.12984514130013325,0.13851223389307651,0.0031648930324346455,0.1285180002450943,0.1291950047016143,0.132433995604515,36.16222966033225,-0.006204462773194919,-0.006484613554012797,0.1220130026340484
2025-12-26,0.1220130026340484,0.1272439956665039,0.1207749992609024,0.1235449984669685,1170409215,-0.012400306381724513,0.12838785669633315,0.1374200671911239,0.0041021227719886515,0.1235449984669685,0.1285180002450943,0.1291950047016143,35.0797722992116,-0.006429469535054744,-0.0064735847502211865,0.1242239996790885
2025-12-27,0.1242239996790885,0.1244850009679794,0.121918998658657,0.1220130026340484,481541479,0.018120995281720065,0.1272838562726974,0.13647123401363684,0.004022174324728406,0.1220130026340484,0.1235449984669685,0.1285180002450943,37.965809844436905,-0.006356110743345633,-0.0064500899488460755,0.1238249987363815
2025-12-28,0.1238249987363815,0.1247249990701675,0.1228149980306625,0.1242249980568885,458322998,-0.0032119473188574332,0.12625057143824436,0.135589400678873,0.0038147338385996292,0.1242239996790885,0.1220130026340484,0.1235449984669685,37.64061095840302,-0.006258030731101788,-0.0064116781052972185,0.1227300018072128
2025-12-29,0.1227300018072128,0.1278170049190521,0.1222290024161338,0.1238249987363815,1128737873,-0.008843100669032933,0.12486428661005834,0.1347281006475289,0.002829026401698356,0.1238249987363815,0.1242239996790885,0.1220130026340484,36.71126086968539,-0.006197221009521331,-0.006368786686142041,0.1232760027050972
