Date,Close,High,Low,Open,Volume
2020-01-01,0.0020330001134425,0.0020520000252872,0.0020210000220686,0.00202800007537,51180941
2020-01-02,0.0020089999306946,0.0021100000012665,0.0019829999655485,0.0020339998882263,65071106
2020-01-03,0.0021450000349432,0.0021770000457763,0.0019910000264644,0.0020079999230802,62619988
2020-01-04,0.0022410000674426,0.0024900001008063,0.0020500000100582,0.0021440000273287,94227582
2020-01-05,0.0024190000258386,0.0024910001084208,0.002117000054568,0.0022400000598281,52631740
2020-01-06,0.002462999895215,0.0025639999657869,0.0023789999540895,0.0024180000182241,54562409
2020-01-07,0.0024329998996108,0.0024969999212771,0.0023539999965578,0.0024850000627338,52767343
2020-01-08,0.002292999997735,0.002464999910444,0.0022650000173598,0.0024329998996108,77251526
2020-01-09,0.0022559999488294,0.0023139999248087,0.0021450000349432,0.002290999982506,70690571
2020-01-10,0.0023560000117868,0.0023610000498592,0.0021989999804645,0.0022549999412149,87683356
2020-01-11,0.0023139999248087,0.0023729999084025,0.0022960000205785,0.0023509999737143,94203409
2020-01-12,0.0023809999693185,0.0024129999801516,0.0023129999171942,0.0023129999171942,79426215
2020-01-13,0.0023580000270158,0.0024069999344646,0.0023270000237971,0.0023809999693185,83849846
2020-01-14,0.0024699999485164,0.0025140000507235,0.0023399998899549,0.0023580000270158,128635383
2020-01-15,0.0023690001107752,0.0025410000234842,0.0023630000650882,0.0024679999332875,128940321
2020-01-16,0.0023449999280273,0.002424000063911,0.002292999997735,0.002371999900788,98124199
2020-01-17,0.0024900001008063,0.0025160000659525,0.0023099998943507,0.0023459999356418,117752841
2020-01-18,0.002506999997422,0.0025380000006407,0.0024520000442862,0.0024900001008063,108133943
2020-01-19,0.0024049999192357,0.0025700000114738,0.0023590000346302,0.0025140000507235,108085147
2020-01-20,0.002373999916017,0.0024230000562965,0.0023590000346302,0.0024049999192357,92022277
2020-01-21,0.002375999931246,0.0024029999040067,0.0023350000847131,0.002373999916017,84321565
2020-01-22,0.0023229999933391,0.0023990001063793,0.0023199999704957,0.002375999931246,82852580
2020-01-23,0.0022680000402033,0.0023580000270158,0.0022380000445991,0.0023229999933391,91866620
2020-01-24,0.0022760001011192,0.002292999997735,0.0022110000718384,0.0022680000402033,86865882
2020-01-25,0.0022569999564439,0.0022760001011192,0.0022350000217556,0.0022760001011192,82421399
2020-01-26,0.0023050000891089,0.0023070001043379,0.0022400000598281,0.0022579999640583,73458474
2020-01-27,0.0023680001031607,0.0024129999801516,0.00228299992159,0.0023040000814944,89023414
2020-01-28,0.0024500000290572,0.0024500000290572,0.0023630000650882,0.0023650000803172,91528771
2020-01-29,0.0023900000378489,0.0024709999561309,0.0023900000378489,0.0024510000366717,80676219
2020-01-30,0.0024399999529123,0.0024459999985992,0.0023709998931735,0.0023910000454634,83967914
2020-01-31,0.0023940000683069,0.0024580000899732,0.0023690001107752,0.0024399999529123,76519295
2020-02-01,0.002422000048682,0.0024309998843818,0.002381999976933,0.0023910000454634,78730830
2020-02-02,0.0024679999332875,0.0025059999898076,0.0023950000759214,0.0024210000410676,91552515
2020-02-03,0.0024399999529123,0.002517000073567,0.0024270000867545,0.0024659999180585,78856631
2020-02-04,0.0025029999669641,0.0025029999669641,0.0024019998963922,0.0024379999376833,89790002
2020-02-05,0.0025820001028478,0.0026300000026822,0.0024920001160353,0.0025029999669641,105741619
2020-02-06,0.0026529999449849,0.0026769998949021,0.0025740000419318,0.0025830001104623,108711614
2020-02-07,0.0027689998969435,0.002769999904558,0.0026469998992979,0.0026539999525994,130273878
2020-02-08,0.0031590000726282,0.0032089999876916,0.0027220000047236,0.0027670001145452,203803814
2020-02-09,0.0032319999299943,0.003531000111252,0.0031520000193268,0.0031560000497847,218861527
2020-02-10,0.0029859999194741,0.003303000004962,0.0029039999935775,0.0032339999452233,195582003
2020-02-11,0.0030410001054406,0.003084999974817,0.0028639999218285,0.0030110001098364,169747135
2020-02-12,0.0030930000357329,0.0031729999464005,0.0030129998922348,0.0030410001054406,181406960
2020-02-13,0.0030259999912232,0.003216000040993,0.0029730000533163,0.0030640000477433,168543942
2020-02-14,0.0031300000846385,0.0031469999812543,0.0029810001142323,0.0029990000184625,140849233
2020-02-15,0.0029200001154094,0.0031810000073164,0.0028389999642968,0.0030980000738054,144726029
2020-02-16,0.002773999935016,0.0029649999924004,0.0026259999722242,0.002917000092566,149831933
2020-02-17,0.0027119999285787,0.002771999919787,0.0025470000691711,0.0027399999089539,149622002
2020-02-18,0.0028389999642968,0.0028460000175982,0.0026549999602138,0.0026769998949021,144188844
2020-02-19,0.0026239999569952,0.0028739999979734,0.0026239999569952,0.0028389999642968,136889052
2020-02-20,0.0026589999906718,0.0026730000972747,0.0025690000038594,0.0026249999646097,187866681
2020-02-21,0.0026479999069124,0.0027030000928789,0.0026140001136809,0.0026559999678283,157652567
2020-02-22,0.0026010000146925,0.0026549999602138,0.0025770000647753,0.0026499999221414,156145895
2020-02-23,0.0026799999177455,0.0026819999329745,0.00259599997662,0.002600000007078,180747902
2020-02-24,0.0025899999309331,0.002686999971047,0.0025569999124854,0.002678999910131,159143744
2020-02-25,0.0024759999942034,0.0025909999385476,0.0024359999224543,0.0025899999309331,178541404
2020-02-26,0.002339000115171,0.0024870000779628,0.0022110000718384,0.0024749999865889,201370789
2020-02-27,0.0023240000009536,0.0024029999040067,0.0022980000358074,0.002337000099942,162813946
2020-02-28,0.002288999967277,0.0023729999084025,0.0022259999532252,0.0023229999933391,153544453
2020-02-29,0.0022350000217556,0.0023199999704957,0.0022299999836832,0.0022859999444335,146635830
2020-03-01,0.0022750000935047,0.0022970000281929,0.0022229999303817,0.0022330000065267,162437207
2020-03-02,0.0023489999584853,0.002369999885559,0.0022559999488294,0.0022780001163482,165788612
2020-03-03,0.0024989999365061,0.0025249999016523,0.0023159999400377,0.0023479999508708,174988479
2020-03-04,0.0023980000987648,0.0025080000050365,0.0023670000955462,0.0024999999441206,144601436
2020-03-05,0.0025059999898076,0.0025309999473392,0.0023950000759214,0.0023990001063793,104912777
2020-03-06,0.0024959999136626,0.002517000073567,0.0024470000062137,0.0025039999745786,100268192
2020-03-07,0.0024049999192357,0.002513000043109,0.0024009998887777,0.0025009999517351,88138038
2020-03-08,0.0021869998890906,0.0024079999420791,0.0021840000990778,0.0024059999268501,101738284
2020-03-09,0.0022140000946819,0.0022360000293701,0.0021069999784231,0.0021889999043196,137033008
2020-03-10,0.0022070000413805,0.0022630000021308,0.0021659999620169,0.0022169998846948,115431584
2020-03-11,0.0021840000990778,0.0022279999684542,0.0020989999175071,0.002208000048995,107425626
2020-03-12,0.0015369999455288,0.0021879998967051,0.0015350000467151,0.0021830000914633,167892774
2020-03-13,0.0017379999626427,0.0017989999614655,0.0012469999492168,0.0015399999683722,218676976
2020-03-14,0.0016659999964758,0.0017839999636635,0.0016400000313296,0.0017369999550282,113389101
2020-03-15,0.0016850000247359,0.0018189999973401,0.0016550000291317,0.0016639999812468,119811060
2020-03-16,0.0015869999770075,0.0016990000149235,0.0014530000044032,0.0016840000171214,134329668
2020-03-17,0.0015869999770075,0.0016769999638199,0.0015579999890178,0.0015910000074654,102697604
2020-03-18,0.0015660000499337,0.0016120000509545,0.0015519999433308,0.0015899999998509,102196814
2020-03-19,0.0017729999963194,0.0018439999548718,0.0015620000194758,0.0015660000499337,251888350
2020-03-20,0.0017729999963194,0.0019310000352561,0.0016789999790489,0.0017709999810904,188170528
2020-03-21,0.001784999971278,0.0018510000081732,0.0016929999692365,0.0017709999810904,166141811
2020-03-22,0.0017310000257566,0.0018680000212043,0.001719000050798,0.001784999971278,161287088
2020-03-23,0.0018050000071525,0.0018169999821111,0.001691999961622,0.0017269999952986,166551897
2020-03-24,0.0018510000081732,0.001912000006996,0.0017989999614655,0.0018050000071525,177134005
2020-03-25,0.0018339999951422,0.0018899999558925,0.0017989999614655,0.0018520000157877,163367839
2020-03-26,0.0018420000560581,0.0018720000516623,0.0018269999418407,0.0018329999875277,162455890
2020-03-27,0.0018070000223815,0.0018680000212043,0.001803999999538,0.0018429999472573,166326062
2020-03-28,0.0017780000343918,0.001808000029996,0.0017160000279545,0.0018050000071525,169979142
2020-03-29,0.0017229999648407,0.0018050000071525,0.001717000035569,0.0017770000267773,156619235
2020-03-30,0.0018309999722987,0.0018680000212043,0.001717000035569,0.0017229999648407,163244392
2020-03-31,0.0018110000528395,0.0018510000081732,0.0018050000071525,0.0018510000081732,156195510
2020-04-01,0.0018670000135898,0.0018670000135898,0.0017760000191628,0.0018119999440386,163418627
2020-04-02,0.0018820000113919,0.0019399999873712,0.0018500000005587,0.0018680000212043,165879605
2020-04-03,0.0018530000234022,0.001916000037454,0.0018339999951422,0.0018830000190064,161121845
2020-04-04,0.0018799999961629,0.0019099999917671,0.0018410000484436,0.0018530000234022,160849686
2020-04-05,0.0018649999983608,0.0019089999841526,0.0018469999777153,0.0018799999961629,152557918
2020-04-06,0.001979999942705,0.0019829999655485,0.0018520000157877,0.0018660000059753,173173223
2020-04-07,0.0019970000721514,0.002030000090599,0.0019340000580996,0.0019720001146197,129399793
2020-04-08,0.0020119999535381,0.0020439999643713,0.0019600000232458,0.0019859999883919,116283369
2020-04-09,0.0020210000220686,0.0020330001134425,0.0019849999807775,0.0020129999611526,109954538
2020-04-10,0.0019680000841617,0.0020230000372976,0.001890999963507,0.0020210000220686,122108790
2020-04-11,0.0019900000188499,0.0020039998926222,0.0019409999949857,0.0019680000841617,161367396
2020-04-12,0.0019900000188499,0.0020089999306946,0.0019509999547153,0.0019890000112354,169892709
2020-04-13,0.0019590000156313,0.0019900000188499,0.0018939999863505,0.0019900000188499,167357650
2020-04-14,0.0019640000537037,0.001979999942705,0.0019349999492987,0.0019580000080168,188937615
2020-04-15,0.0019399999873712,0.0019749999046325,0.0019059999613091,0.0019630000460892,169903672
2020-04-16,0.00202800007537,0.0020290000829845,0.0018860000418499,0.0019409999949857,179859738
2020-04-17,0.0020129999611526,0.0020290000829845,0.0019920000340789,0.00202800007537,161550208
2020-04-18,0.0020610000938177,0.0020620001014322,0.0020069999154657,0.0020129999611526,168186509
2020-04-19,0.0020580000709742,0.0020729999523609,0.00202800007537,0.0020600000862032,172576560
2020-04-20,0.001981999957934,0.0020659998990595,0.0019620000384747,0.0020580000709742,169715146
2020-04-21,0.0019710001070052,0.002032000105828,0.0019519999623298,0.001981999957934,163652750
2020-04-22,0.0020109999459236,0.0020330001134425,0.0019640000537037,0.0019710001070052,163753943
2020-04-23,0.0020469999872148,0.002123000100255,0.0020049999002367,0.0020109999459236,179000350
2020-04-24,0.0021029999479651,0.002121000085026,0.0020419999491423,0.0020469999872148,209562151
2020-04-25,0.0021420000120997,0.0021460000425577,0.0020870000589638,0.0021019999403506,229810398
2020-04-26,0.0024089999496936,0.0024439999833703,0.0021359999664127,0.0021410000044852,287859775
2020-04-27,0.0023550000041723,0.0024139999877661,0.0023080001119524,0.0024099999573081,276033020
2020-04-28,0.002339000115171,0.002371999900788,0.0023219999857246,0.0023539999965578,254905520
2020-04-29,0.002517000073567,0.0025420000310987,0.0023310000542551,0.002339000115171,295698249
2020-04-30,0.0024429999757558,0.002688999986276,0.0023920000530779,0.002517000073567,298563815
2020-05-01,0.0024939998984336,0.0025589999277144,0.0024409999605268,0.0024439999833703,282886977
2020-05-02,0.0025490000844001,0.0025530001148581,0.0024729999713599,0.0024949999060481,269155283
2020-05-03,0.0025100000202655,0.0025830001104623,0.0024800000246614,0.0025480000767856,265156925
2020-05-04,0.0024810000322759,0.002519000088796,0.0023890000302344,0.00251100002788,261454253
2020-05-05,0.0024840000551193,0.002521000104025,0.0024490000214427,0.0024810000322759,245861118
2020-05-06,0.0025289999321103,0.0025830001104623,0.0024729999713599,0.0024830000475049,251393346
2020-05-07,0.0026640000287443,0.0026779999025166,0.0024790000170469,0.0025180000811815,284491226
2020-05-08,0.0026249999646097,0.0026720000896602,0.002593999961391,0.0026589999906718,291757355
2020-05-09,0.0026130001060664,0.0026340000331401,0.0025649999734014,0.0026219999417662,294993696
2020-05-10,0.0024590000975877,0.0026130001060664,0.0023600000422447,0.0026110000908374,290801097
2020-05-11,0.0024129999801516,0.0025120000354945,0.0023380001075565,0.0024570000823587,277646033
2020-05-12,0.002462999895215,0.002513000043109,0.0024059999268501,0.0024129999801516,262934538
2020-05-13,0.002521000104025,0.0025279999244958,0.0024580000899732,0.0024639999028295,265878080
2020-05-14,0.0025740000419318,0.0026229999493807,0.0025120000354945,0.0025180000811815,283778649
2020-05-15,0.0025059999898076,0.0025770000647753,0.0024870000779628,0.0025740000419318,261080156
2020-05-16,0.002513000043109,0.0025339999701827,0.0024840000551193,0.002506999997422,254666485
2020-05-17,0.0025380000006407,0.0025780000723898,0.002509000012651,0.0025120000354945,258469067
2020-05-18,0.0025430000387132,0.0025869999080896,0.002513000043109,0.0025369999930262,265626959
2020-05-19,0.0025380000006407,0.0025649999734014,0.0025009999517351,0.0025440000463277,182890489
2020-05-20,0.0025080000050365,0.0025629999581724,0.0024870000779628,0.0025390000082552,178925411
2020-05-21,0.0024850000627338,0.0025490000844001,0.0024230000562965,0.0025100000202655,200924557
2020-05-22,0.0025329999625682,0.0025430000387132,0.0024729999713599,0.0024860000703483,215355485
2020-05-23,0.0025440000463277,0.0025649999734014,0.0024989999365061,0.0025329999625682,208878705
2020-05-24,0.0024580000899732,0.0025609999429434,0.0024510000366717,0.0025440000463277,186657328
2020-05-25,0.0025400000158697,0.0025460000615566,0.0024349999148398,0.0024560000747442,214669452
2020-05-26,0.0024860000703483,0.0025420000310987,0.0024719999637454,0.0025390000082552,185485979
2020-05-27,0.0025100000202655,0.0025289999321103,0.0024719999637454,0.0024860000703483,186186772
2020-05-28,0.0025239998940378,0.0025589999277144,0.0024949999060481,0.0025120000354945,220213442
2020-05-29,0.0025319999549537,0.0025490000844001,0.0025039999745786,0.0025239998940378,200485433
2020-05-30,0.0026149998884648,0.0026259999722242,0.0025229998864233,0.0025309999473392,200708874
2020-05-31,0.0025549998972564,0.0026169999036937,0.0025490000844001,0.0026149998884648,188184731
2020-06-01,0.0026469998992979,0.0026620000135153,0.0025530001148581,0.0025549998972564,195748335
2020-06-02,0.0025609999429434,0.0026549999602138,0.0025200000964105,0.0026469998992979,200119264
2020-06-03,0.0025830001104623,0.002597999991849,0.0025460000615566,0.0025619999505579,190021630
2020-06-04,0.0026310000102967,0.0026690000668168,0.0025710000190883,0.0025830001104623,194078582
2020-06-05,0.00259599997662,0.0026340000331401,0.0025800000876188,0.0026320000179111,188846627
2020-06-06,0.0025869999080896,0.002606000052765,0.0025659999810159,0.0025949999690055,175988365
2020-06-07,0.002606000052765,0.0026090000756084,0.0025579999200999,0.0025869999080896,188151455
2020-06-08,0.0025839998852461,0.0026070000603795,0.0025609999429434,0.002606000052765,187140783
2020-06-09,0.0025690000038594,0.0025869999080896,0.002517000073567,0.0025839998852461,175910197
2020-06-10,0.0025839998852461,0.0025949999690055,0.0025530001148581,0.0025690000038594,182748021
2020-06-11,0.0024520000442862,0.002602000022307,0.0024290001019835,0.0025839998852461,183212798
2020-06-12,0.0025200000964105,0.0025329999625682,0.0024470000062137,0.0024550000671297,194920048
2020-06-13,0.0025329999625682,0.0025410000234842,0.0025009999517351,0.0025200000964105,188981850
2020-06-14,0.00251100002788,0.002553999889642,0.0025009999517351,0.0025329999625682,173334481
2020-06-15,0.0024790000170469,0.0025160000659525,0.0024069999344646,0.0025100000202655,198803041
2020-06-16,0.0024870000779628,0.0025299999397248,0.0024339999072253,0.0024790000170469,196212619
2020-06-17,0.0024850000627338,0.0024920001160353,0.0024580000899732,0.0024900001008063,185083517
2020-06-18,0.0024719999637454,0.0024929998908191,0.0024470000062137,0.0024850000627338,171388606
2020-06-19,0.0024349999148398,0.0024719999637454,0.002430000109598,0.0024709999561309,173280984
2020-06-20,0.0024470000062137,0.0024659999180585,0.0024190000258386,0.0024349999148398,158275082
2020-06-21,0.0024470000062137,0.0024780000094324,0.0024409999605268,0.0024470000062137,169917761
2020-06-22,0.0024739999789744,0.0024949999060481,0.0024429999757558,0.0024470000062137,173530825
2020-06-23,0.0024840000551193,0.0024920001160353,0.0024570000823587,0.0024739999789744,171604774
2020-06-24,0.002430000109598,0.0024969999212771,0.0023890000302344,0.0024830000475049,178380748
2020-06-25,0.0024170000106096,0.0024329998996108,0.0023900000378489,0.002430000109598,160003354
2020-06-26,0.0023590000346302,0.0024270000867545,0.0023590000346302,0.0024170000106096,151319087
2020-06-27,0.0023129999171942,0.0023789999540895,0.0022940000053495,0.0023590000346302,152534000
2020-06-28,0.0023260000161826,0.0023610000498592,0.00228299992159,0.0023129999171942,172693834
2020-06-29,0.0023129999171942,0.0023409998975694,0.0023010000586509,0.0023260000161826,172655788
2020-06-30,0.0023199999704957,0.0023399998899549,0.0022970000281929,0.0023109999019652,165641131
2020-07-01,0.0023539999965578,0.002375999931246,0.0023010000586509,0.0023199999704957,152549214
2020-07-02,0.0023610000498592,0.002381999976933,0.0023020000662654,0.0023300000466406,110789127
2020-07-03,0.0023159999400377,0.0023660000879317,0.0023040000814944,0.0023610000498592,111575143
2020-07-04,0.0023089998867362,0.0023399998899549,0.002288999967277,0.0023149999324232,109218071
2020-07-05,0.0023089998867362,0.0023270000237971,0.0022770001087337,0.0023070001043379,110140542
2020-07-06,0.0026159998960793,0.0026239999569952,0.0023020000662654,0.0023089998867362,132105139
2020-07-07,0.0030900000128895,0.003258999902755,0.002600000007078,0.0026140001136809,283970310
2020-07-08,0.004749999847263,0.0054199998266994,0.0030610000248998,0.0030970000661909,1226813925
2020-07-09,0.0043970001861453,0.0050139999948441,0.0041479999199509,0.0047320001758635,511315527
2020-07-10,0.0035149999894201,0.0043939999304711,0.0034380001015961,0.0043939999304711,225424869
2020-07-11,0.0038109999150037,0.0039200000464916,0.0034759999252855,0.0035280000884085,155299369
2020-07-12,0.0036299999337643,0.0038439999334514,0.003614000044763,0.0038109999150037,87562043
2020-07-13,0.0031779999844729,0.0036359999794512,0.0030590000096708,0.0036299999337643,143177055
2020-07-14,0.0032939999364316,0.0033690000418573,0.0030610000248998,0.0031689999159425,103213409
2020-07-15,0.003084999974817,0.003303000004962,0.0030739998910576,0.0032870001159608,69399827
2020-07-16,0.0029949999880045,0.0030980000738054,0.0028929999098181,0.0030859999824315,78457844
2020-07-17,0.0030610000248998,0.0030839999672025,0.0029370000120252,0.0029909999575465,74705371
2020-07-18,0.003472999902442,0.0036289999261498,0.0030310000292956,0.0030600000172853,204080851
2020-07-19,0.0033819999080151,0.0037529999390244,0.0033289999701082,0.0034640000667423,116746163
2020-07-20,0.0032389999832957,0.0034330000635236,0.0031669999007135,0.0033829999156296,81038624
2020-07-21,0.003305000020191,0.003309000050649,0.0031870000530034,0.0032319999299943,77748189
2020-07-22,0.0032850001007318,0.0033040000125765,0.0032210000790655,0.0033019999973475,54443238
2020-07-23,0.0032949999440461,0.0033209999091923,0.0032649999484419,0.0032830000855028,58737115
2020-07-24,0.003220000071451,0.0033229999244213,0.0031769999768584,0.0032949999440461,58910215
2020-07-25,0.0032339999452233,0.0032949999440461,0.0031890000682324,0.0032190000638365,63203396
2020-07-26,0.0032349999528378,0.0032699999865144,0.0031840000301599,0.0032379999756813,62592233
2020-07-27,0.0031530000269412,0.0032430000137537,0.0030400000978261,0.0032339999452233,83138808
2020-07-28,0.0031969998963177,0.0032190000638365,0.0031320000998675,0.0031550000421702,63084930
2020-07-29,0.0031920000910758,0.0032619999255985,0.0031749999616295,0.0031979999039322,55817191
2020-07-30,0.0032309999223798,0.0032440000213682,0.0031630001030862,0.0031920000910758,53506822
2020-07-31,0.0032250001095235,0.0032399999909102,0.0031810000073164,0.0032289999071508,54497306
2020-08-01,0.0036889999173581,0.0037970000412315,0.0032029999420046,0.0032250001095235,150687884
2020-08-02,0.0033360000234097,0.0037360000424087,0.0032659999560564,0.0036959999706596,101249531
2020-08-03,0.0033889999613165,0.0034409998916089,0.0033080000430345,0.0033360000234097,66931510
2020-08-04,0.0035349999088793,0.0035610001068562,0.0033760000951588,0.0033889999613165,74386428
2020-08-05,0.0035129999741911,0.0035769999958574,0.003484999993816,0.0035429999697953,66465690
2020-08-06,0.0035600000992417,0.0036359999794512,0.0034610000438988,0.0035170000046491,62944678
2020-08-07,0.0035329998936504,0.0036110000219196,0.0034250000026077,0.0035629998892545,68990009
2020-08-08,0.0035099999513477,0.0035359999164938,0.0034529999829828,0.0035339999012649,62509900
2020-08-09,0.0034630000591278,0.0035329998936504,0.0034300000406801,0.0035079999361187,57020040
2020-08-10,0.0034990001004189,0.0035570000763982,0.0034539999905973,0.0034680000972002,68038181
2020-08-11,0.003393999999389,0.0035709999501705,0.0033460000995546,0.0034950000699609,78539442
2020-08-12,0.0034839999862015,0.0035339999012649,0.0033410000614821,0.0033970000222325,70865885
2020-08-13,0.0035170000046491,0.0035490000154823,0.0033650000113993,0.003482999978587,73302994
2020-08-14,0.0035610001068562,0.0035790000110864,0.0034759999252855,0.0035139999818056,61334640
2020-08-15,0.0035389999393373,0.0036069999914616,0.0035000001080334,0.0035629998892545,64309678
2020-08-16,0.0035240000579506,0.0035520000383257,0.0034690001048147,0.0035399999469518,52637926
2020-08-17,0.0035910001024603,0.0037179999053478,0.0035000001080334,0.0035240000579506,77628715
2020-08-18,0.0035139999818056,0.003709000069648,0.003482999978587,0.0035929998848587,62570291
2020-08-19,0.0034239999949932,0.0035379999317228,0.0033680000342428,0.0035079999361187,53306857
2020-08-20,0.0034590000286698,0.0034990001004189,0.003389999968931,0.0034239999949932,43536656
2020-08-21,0.0033929999917745,0.0035540000535547,0.0033889999613165,0.0034570000134408,60621268
2020-08-22,0.0034419998992234,0.0034469999372959,0.0033539999276399,0.00339199998416,44884852
2020-08-23,0.0034139999188482,0.0034529999829828,0.003387999953702,0.0034380001015961,39485548
2020-08-24,0.0034179999493062,0.0034650000743567,0.0033859999384731,0.0034099998883903,46470522
2020-08-25,0.003305000020191,0.0034340000711381,0.0032389999832957,0.0034179999493062,76826314
2020-08-26,0.003303000004962,0.0033450000919401,0.0032510000746697,0.0033009999897331,80416711
2020-08-27,0.0032029999420046,0.0033140000887215,0.0031649998854845,0.0032999999821186,89847093
2020-08-28,0.0032679999712854,0.0032709999941289,0.0031820000149309,0.0032029999420046,64056957
2020-08-29,0.0032820000778883,0.0033009999897331,0.0032420000061392,0.0032669999636709,78149363
2020-08-30,0.0032999999821186,0.0033440000843256,0.0032740000169724,0.0032840000931173,79325829
2020-08-31,0.0032210000790655,0.0033080000430345,0.0032039999496191,0.0033009999897331,85369757
2020-09-01,0.0032560001127421,0.0032810000702738,0.0031940001063048,0.003220000071451,81863764
2020-09-02,0.0031220000237226,0.0032659999560564,0.0030650000553578,0.0032579998951405,56647412
2020-09-03,0.0028019999153912,0.0031340001150965,0.0027900000568479,0.0031220000237226,59904548
2020-09-04,0.0028989999555051,0.0029579999390989,0.0027530000079423,0.0027989998925477,53434717
2020-09-05,0.0027580000460147,0.0029339999891817,0.0027199999894946,0.0028999999631196,62295889
2020-09-06,0.0027870000340044,0.0028140000067651,0.0027040001004934,0.0027580000460147,89557154
2020-09-07,0.0028109999839216,0.0028319999109953,0.0027079998981207,0.0027870000340044,102610335
2020-09-08,0.0027560000307857,0.0028339999262243,0.0027000000700354,0.002820000052452,57144396
2020-09-09,0.0027789999730885,0.0028069999534636,0.0027040001004934,0.0027580000460147,77050464
2020-09-10,0.0028049999382346,0.002858999883756,0.0027520000003278,0.0027920000720769,104276032
2020-09-11,0.0028059999458491,0.0028250000905245,0.0027419999241828,0.0028049999382346,134077501
2020-09-12,0.0028190000448375,0.0028309999033808,0.0027809999883174,0.0028019999153912,117125272
2020-09-13,0.002775999950245,0.00282400008291,0.0027459999546408,0.0028190000448375,124253232
2020-09-14,0.0028029999230057,0.0028429999947547,0.0027419999241828,0.002775999950245,128520946
2020-09-15,0.0028319999109953,0.0028780000284314,0.0027850000187754,0.0027989998925477,100194174
2020-09-16,0.002826000098139,0.002858999883756,0.0027910000644624,0.0028309999033808,148555505
2020-09-17,0.0028140000067651,0.002858999883756,0.0027809999883174,0.00282400008291,161305349
2020-09-18,0.0028039999306201,0.0028250000905245,0.0027489999774843,0.0028140000067651,147868185
2020-09-19,0.0027940000873059,0.0028140000067651,0.0027729999274015,0.0027960001025348,147046520
2020-09-20,0.002777999965474,0.0028059999458491,0.0027220000047236,0.0027940000873059,145951917
2020-09-21,0.0026300000026822,0.0028019999153912,0.0026159998960793,0.002777999965474,78753428
2020-09-22,0.0026559999678283,0.0026720000896602,0.002604000037536,0.0026249999646097,36467574
2020-09-23,0.0025599999353289,0.0026509999297559,0.0025400000158697,0.0026479999069124,79707709
2020-09-24,0.0026279999874532,0.0026499999221414,0.0025359999854117,0.0025569999124854,111915974
2020-09-25,0.0026980000548064,0.0027209999971091,0.0026159998960793,0.0026279999874532,124575712
2020-09-26,0.0027159999590367,0.0027530000079423,0.0026779999025166,0.0026990000624209,108180296
2020-09-27,0.0026920000091195,0.0027340000960975,0.0026640000287443,0.0026970000471919,76293172
2020-09-28,0.0026519999373704,0.0027399999089539,0.0026400000788271,0.0027089999057352,102662350
2020-09-29,0.002684999955818,0.0027099999133497,0.0026360000483691,0.0026620000135153,109463113
2020-09-30,0.0026300000026822,0.002684999955818,0.0026169999036937,0.002682999940589,106684832
2020-10-01,0.0026159998960793,0.0026819999329745,0.0025839998852461,0.0026310000102967,116194992
2020-10-02,0.0025830001104623,0.0026279999874532,0.0025390000082552,0.0026140001136809,128239855
2020-10-03,0.0025989999994635,0.0026400000788271,0.0025740000419318,0.0025830001104623,116046378
2020-10-04,0.0026350000407546,0.0026819999329745,0.0025899999309331,0.002606000052765,92364518
2020-10-05,0.0026120000984519,0.0026620000135153,0.0025989999994635,0.0026320000179111,127881032
2020-10-06,0.0026110000908374,0.0026279999874532,0.0025740000419318,0.0026120000984519,105669881
2020-10-07,0.0025949999690055,0.0026120000984519,0.0025649999734014,0.0025929999537765,125523508
2020-10-08,0.00259599997662,0.0026310000102967,0.0025599999353289,0.0025839998852461,109356096
2020-10-09,0.0026529999449849,0.0026670000515878,0.0025949999690055,0.0026159998960793,100051523
2020-10-10,0.0026549999602138,0.0027159999590367,0.0026539999525994,0.0026539999525994,96632426
2020-10-11,0.0026740001048892,0.0027060001157224,0.0026489999145269,0.0026670000515878,107632465
2020-10-12,0.0026730000972747,0.0027079998981207,0.0026289999950677,0.0026740001048892,101246789
2020-10-13,0.0026350000407546,0.0026769998949021,0.0026269999798387,0.0026670000515878,76963142
2020-10-14,0.0026370000559836,0.0026529999449849,0.0026179999113082,0.0026340000331401,87293434
2020-10-15,0.0025929999537765,0.0026509999297559,0.0025690000038594,0.0026499999221414,83794207
2020-10-16,0.0026120000984519,0.0026159998960793,0.0025569999124854,0.0025949999690055,117882236
2020-10-17,0.0025810000952333,0.0026120000984519,0.0025730000343173,0.0026030000299215,125692391
2020-10-18,0.0025859999004751,0.0026010000146925,0.0025770000647753,0.0025810000952333,72298803
2020-10-19,0.0025899999309331,0.0026189999189227,0.0025720000267028,0.0025949999690055,91049562
2020-10-20,0.0026010000146925,0.0026229999493807,0.0025810000952333,0.0025899999309331,65577101
2020-10-21,0.0026300000026822,0.0026569999754428,0.002593999961391,0.002600000007078,45017115
2020-10-22,0.0026549999602138,0.002688999986276,0.0026239999569952,0.0026269999798387,44976453
2020-10-23,0.0026469998992979,0.002691000001505,0.0026370000559836,0.0026489999145269,46856082
2020-10-24,0.0026459998916834,0.0026529999449849,0.0026239999569952,0.0026469998992979,44797614
2020-10-25,0.0026529999449849,0.0026759998872876,0.0026239999569952,0.0026449998840689,58532388
2020-10-26,0.002678999910131,0.0028929999098181,0.0026360000483691,0.0026529999449849,122152251
2020-10-27,0.0026769998949021,0.0027079998981207,0.0026300000026822,0.002678999910131,78927089
2020-10-28,0.0025949999690055,0.0026970000471919,0.0025750000495463,0.0026769998949021,72848720
2020-10-29,0.0025810000952333,0.0026229999493807,0.0025180000811815,0.0025949999690055,58929515
2020-10-30,0.002597999991849,0.0026070000603795,0.0025329999625682,0.0025810000952333,63444097
2020-10-31,0.0025760000571608,0.0026030000299215,0.0025559999048709,0.002597999991849,56189318
2020-11-01,0.0025820001028478,0.0025899999309331,0.0025609999429434,0.0025760000571608,45528682
2020-11-02,0.002517000073567,0.0025919999461621,0.002515000058338,0.0025820001028478,50142376
2020-11-03,0.0025279999244958,0.0025299999397248,0.0024520000442862,0.002517000073567,62871653
2020-11-04,0.0025329999625682,0.0025579999200999,0.0024969999212771,0.0025279999244958,52552651
2020-11-05,0.0026169999036937,0.0026390000712126,0.0024959999136626,0.0025329999625682,31611963
2020-11-06,0.0027600000612437,0.0028009999077767,0.0026080000679939,0.0026169999036937,54267546
2020-11-07,0.0026710000820457,0.0028190000448375,0.0026120000984519,0.0027600000612437,44610219
2020-11-08,0.0027109999209642,0.0027419999241828,0.0026579999830573,0.0026710000820457,22754531
2020-11-09,0.0026700000744313,0.0027860000263899,0.0026630000211298,0.0027109999209642,28124348
2020-11-10,0.0027530000079423,0.0028510000556707,0.0026549999602138,0.0026700000744313,39633173
2020-11-11,0.0027689998969435,0.0028369999490678,0.0027530000079423,0.0027530000079423,33138759
2020-11-12,0.0027789999730885,0.0027910000644624,0.0027469999622553,0.0027689998969435,24028261
2020-11-13,0.0028210000600665,0.0028359999414533,0.0027769999578595,0.0027789999730885,29217750
2020-11-14,0.0027729999274015,0.0028210000600665,0.0027209999971091,0.0028210000600665,30334380
2020-11-15,0.0027749999426305,0.0028129999991506,0.0027389999013394,0.0027729999274015,25131683
2020-11-16,0.0028860000893473,0.0030090000946074,0.0027570000384002,0.0027749999426305,52063283
2020-11-17,0.0029360000044107,0.0029760000761598,0.0028860000893473,0.0029080000240355,46631464
2020-11-18,0.00290900003165,0.0029990000184625,0.0028550000861287,0.0029360000044107,49460064
2020-11-19,0.002911000046879,0.0029599999543279,0.0028679999522864,0.00290900003165,40330643
2020-11-20,0.0029839999042451,0.0030110001098364,0.0029080000240355,0.002911000046879,57656465
2020-11-21,0.0035069999285042,0.0035490000154823,0.0029839999042451,0.0029839999042451,162641694
2020-11-22,0.0033289999701082,0.0036599999293684,0.0031810000073164,0.0035069999285042,121660410
2020-11-23,0.0036480000708252,0.0036480000708252,0.0032319999299943,0.0033289999701082,101561039
2020-11-24,0.0042039998807013,0.0042039998807013,0.0035790000110864,0.0036450000479817,266716036
2020-11-25,0.0037269999738782,0.0042559998109936,0.0036420000251382,0.0041999998502433,174459927
2020-11-26,0.0032500000670552,0.0037930000107735,0.0029800001066178,0.0037269999738782,175520294
2020-11-27,0.0032750000245869,0.0033549999352544,0.0030930000357329,0.0032500000670552,92323023
2020-11-28,0.0034050000831484,0.0034700001124292,0.0032470000442117,0.0032750000245869,58033650
2020-11-29,0.0034479999449104,0.0035300001036375,0.0033579999580979,0.0034050000831484,46319972
2020-11-30,0.0035510000307112,0.0035800000187009,0.0034139999188482,0.0034479999449104,68622736
2020-12-01,0.0033350000157952,0.003571999957785,0.0032689999788999,0.0035510000307112,80163603
2020-12-02,0.0033740000799298,0.0034360000863671,0.0032929999288171,0.0033350000157952,58705661
2020-12-03,0.0034280000254511,0.0035000001080334,0.0033519999124109,0.0033750000875443,47907032
2020-12-04,0.0032979999668896,0.0034469999372959,0.0032850001007318,0.0034290000330656,45062222
2020-12-05,0.0033970000222325,0.0034139999188482,0.0032679999712854,0.0032969999592751,43386583
2020-12-06,0.003387999953702,0.0034419998992234,0.0033430000767111,0.0033970000222325,40936574
2020-12-07,0.0033420000690966,0.003400000045076,0.0033199999015778,0.003387999953702,36923814
2020-12-08,0.0031789999920874,0.0033609999809414,0.0031379999127238,0.0033430000767111,52702701
2020-12-09,0.0031580000650137,0.0031820000149309,0.0030159999150782,0.0031789999920874,45746722
2020-12-10,0.0031049998942762,0.0031649998854845,0.0030660000629723,0.0031580000650137,33740988
2020-12-11,0.00307899992913,0.0031099999323487,0.0030090000946074,0.0031049998942762,41712942
2020-12-12,0.0031630001030862,0.0031840000301599,0.0030749998986721,0.00307899992913,35466155
2020-12-13,0.0032560001127421,0.0032740000169724,0.0031530000269412,0.0031640001107007,37464323
2020-12-14,0.0032309999223798,0.0032790000550448,0.0031989999115467,0.0032560001127421,36238516
2020-12-15,0.0032059999648481,0.0032500000670552,0.0031779999844729,0.0032299999147653,37127782
2020-12-16,0.0034159999340772,0.0034219999797642,0.0031860000453889,0.0032049999572336,50989880
2020-12-17,0.0037299999967217,0.0041129998862743,0.0034060000907629,0.0034159999340772,172736659
2020-12-18,0.0038580000400543,0.003969999961555,0.003618000075221,0.0037299999967217,101799430
2020-12-19,0.0039269998669624,0.0040179998613893,0.0038099999073892,0.0038590000476688,98447179
2020-12-20,0.0046250000596046,0.0046780002303421,0.0038270000368356,0.0039260000921785,508066004
2020-12-21,0.0047869998961687,0.0054060001857578,0.0043629999272525,0.0046270000748336,664160057
2020-12-22,0.0045079998672008,0.004842999856919,0.0043700002133846,0.0047840001061558,239288785
2020-12-23,0.0037680000532418,0.0047349999658763,0.0036400000099092,0.0045079998672008,205080908
2020-12-24,0.0045699998736381,0.0045770001597702,0.0036969999782741,0.0037680000532418,143405580
2020-12-25,0.004581999965012,0.0046129999682307,0.0043950001709163,0.0045699998736381,136819917
2020-12-26,0.0044940002262592,0.0046399999409914,0.0044229999184608,0.0045810001902282,151728507
2020-12-27,0.0045480001717805,0.0048050000332295,0.0044289999641478,0.004492999985814,154526399
2020-12-28,0.004592000041157,0.0047160000540316,0.0045230002142488,0.0045480001717805,99641525
2020-12-29,0.0044860001653432,0.0046080001629889,0.0042779999785125,0.004592000041157,90876497
2020-12-30,0.0046359999105334,0.0047030001878738,0.0044530001468956,0.0044869999401271,94834499
2020-12-31,0.0046819997951388,0.0047430000267922,0.0045529999770224,0.0046359999105334,85498337
2021-01-01,0.0056850002147257,0.0056850002147257,0.0046149999834597,0.0046810000203549,228961515
2021-01-02,0.0106149995699524,0.0136980004608631,0.0055840001441538,0.0056859999895095,3421562680
2021-01-03,0.0097709996625781,0.0138670001178979,0.0094090001657605,0.010602000169456,2707003608
2021-01-04,0.0097669996321201,0.0114209996536374,0.0078779999166727,0.0097850002348423,1372398979
2021-01-05,0.0099200000986456,0.0102190002799034,0.0089720003306865,0.0097669996321201,687256067
2021-01-06,0.0104649998247623,0.0108540002256631,0.0096850004047155,0.0099229998886585,749915516
2021-01-07,0.0097420001402497,0.0105320001021027,0.0091620003804564,0.0104539999738335,520644706
2021-01-08,0.0098460000008344,0.0102850003167986,0.0089859999716281,0.0097430003806948,394462164
2021-01-09,0.0101939998567104,0.0107399998232722,0.0097399996593594,0.0098329996690154,485842353
2021-01-10,0.009859999641776,0.0108669996261596,0.0091770002618432,0.0101929996162652,458583519
2021-01-11,0.0088349999859929,0.0098580000922083,0.0067699998617172,0.0098580000922083,637956958
2021-01-12,0.0080629996955394,0.0091450000181794,0.0079039996489882,0.0088299997150897,333308457
2021-01-13,0.0086160004138946,0.0086460001766681,0.0077869999222457,0.0080620003864169,240079033
2021-01-14,0.0093970000743865,0.010029999539256,0.0083489995449781,0.0086190002039074,428369039
2021-01-15,0.0093689998611807,0.009796000085771,0.0084600001573562,0.0093890000134706,398965925
2021-01-16,0.009265000000596,0.0095309996977448,0.0091399997472763,0.009367000311613,258630480
2021-01-17,0.0090669998899102,0.009367000311613,0.0088409995660185,0.0092630004510283,254487989
2021-01-18,0.0091709997504949,0.0092949997633695,0.008980999700725,0.009069999679923,205025648
2021-01-19,0.0090979998931288,0.009612999856472,0.0090199997648596,0.00917199999094,249242632
2021-01-20,0.0090600000694394,0.0091530000790953,0.0085289999842643,0.0090960003435611,220205442
2021-01-21,0.0081660002470016,0.0090889995917677,0.0080610001459717,0.0090619996190071,215419839
2021-01-22,0.0085239997133612,0.0087689999490976,0.0076540000736713,0.0081650000065565,185490003
2021-01-23,0.0085789998993277,0.0088080000132322,0.0083879996091127,0.0085199996829032,154393737
2021-01-24,0.0087270000949501,0.0089509999379515,0.0085159996524453,0.0085779996588826,162191977
2021-01-25,0.0083830002695322,0.0088790003210306,0.008275999687612,0.0087270000949501,180820875
2021-01-26,0.0082550002261996,0.0084560001268982,0.0080220000818371,0.008382000029087,161173749
2021-01-27,0.0074820001609623,0.0082590002566576,0.0072940001264214,0.0082550002261996,204797186
2021-01-28,0.0340839996933937,0.0341770015656948,0.0073509998619556,0.0074809999205172,10971544561
2021-01-29,0.0471620000898838,0.0779730007052421,0.0323409996926784,0.04373399913311,25403310432
2021-01-30,0.028176000341773,0.0499010011553764,0.0224879998713731,0.0468030013144016,8735576553
2021-01-31,0.0371959991753101,0.0452889986336231,0.0271019991487264,0.0281910002231597,8548997882
2021-02-01,0.034875001758337,0.0432499982416629,0.0333670005202293,0.0370539985597133,6319224026
2021-02-02,0.0315200015902519,0.0349260009825229,0.0291949994862079,0.034910000860691,3090896595
2021-02-03,0.0371199995279312,0.0391050018370151,0.0311459992080926,0.0314930006861686,3146856788
2021-02-04,0.0532889999449253,0.0578689984977245,0.0359449982643127,0.0372259989380836,13040837601
2021-02-05,0.046934999525547,0.0537399984896183,0.0435400009155273,0.0530430004000663,6136160058
2021-02-06,0.0575949996709823,0.0583080016076564,0.0449040010571479,0.0469309985637664,5946101275
2021-02-07,0.0787819996476173,0.0843570008873939,0.0542390011250972,0.0575020015239715,14261024073
2021-02-08,0.0788249969482421,0.0849450007081031,0.064701996743679,0.0783519968390464,12844375210
2021-02-09,0.0700699985027313,0.0831279978156089,0.0656210035085678,0.0787729993462562,7348840814
2021-02-10,0.0728960037231445,0.0810910016298294,0.0685250014066696,0.0701109990477562,6785088422
2021-02-11,0.0696759968996048,0.0743009969592094,0.068290002644062,0.072843998670578,3818556739
2021-02-12,0.0700690001249313,0.0726099982857704,0.0614450015127658,0.0696500018239021,4190843784
2021-02-13,0.0664499998092651,0.0716459974646568,0.0661349967122078,0.0700249969959259,2618049766
2021-02-14,0.0625369995832443,0.0664480030536651,0.0567229986190795,0.0664480030536651,3984667628
2021-02-15,0.0565910004079341,0.0639239996671676,0.0485469996929168,0.0625680014491081,4944804938
2021-02-16,0.0535200014710426,0.0596680007874965,0.0509830005466938,0.056487999856472,3409478696
2021-02-17,0.0493759997189044,0.0549830012023448,0.0480340011417865,0.0535219982266426,2976148723
2021-02-18,0.0595409981906414,0.0617990009486675,0.048989001661539,0.0493629984557628,4551943638
2021-02-19,0.0551390014588832,0.0594969987869262,0.0543150007724761,0.0594340004026889,2949251418
2021-02-20,0.0543840005993843,0.0602860003709793,0.0516280010342597,0.0551320016384124,3175468554
2021-02-21,0.0559800006449222,0.0584280006587505,0.0535559989511966,0.0543689988553524,2450293068
2021-02-22,0.0537250004708766,0.0604659989476203,0.0470959991216659,0.0560440011322498,3366757324
2021-02-23,0.0473919995129108,0.0537680014967918,0.0424100011587142,0.0536979995667934,2394345361
2021-02-24,0.0565549992024898,0.0598729997873306,0.0462159998714923,0.0474140010774135,4148511571
2021-02-25,0.0501670017838478,0.0578080005943775,0.0498690009117126,0.0566149987280368,2356982022
2021-02-26,0.0504800006747245,0.052471999078989,0.0487079992890358,0.0501380003988742,1694323466
2021-02-27,0.0500830002129077,0.0519200004637241,0.0492970012128353,0.050500001758337,1286229526
2021-02-28,0.0480520017445087,0.0501339994370937,0.0450880005955696,0.0500969998538494,1408101260
2021-03-01,0.0505990013480186,0.0514790005981922,0.048029001802206,0.0480699986219406,1494427207
2021-03-02,0.0502620004117488,0.0523819997906684,0.0492990016937255,0.050595998764038,1346282318
2021-03-03,0.0505920015275478,0.0521260015666484,0.0500780008733272,0.0502780005335807,1093877445
2021-03-04,0.0500480011105537,0.0510869994759559,0.0478789992630481,0.050586998462677,1170617084
2021-03-05,0.049609001725912,0.0508540011942386,0.0481470003724098,0.0500280000269413,1173113591
2021-03-06,0.0509839989244937,0.0523970015347003,0.0493829995393753,0.049600999802351,1480482384
2021-03-07,0.0521220006048679,0.05214099958539,0.0505720004439353,0.0509800016880035,945455832
2021-03-08,0.061948999762535,0.061948999762535,0.0516720004379749,0.0521229989826679,3554150800
2021-03-09,0.0579980015754699,0.0622680000960826,0.0560510009527206,0.0621040016412735,2466159943
2021-03-10,0.0560039989650249,0.0586160011589527,0.0546920001506805,0.0579640008509159,1534489620
2021-03-11,0.0559180006384849,0.0566979981958866,0.054501999169588,0.0559770017862319,1233383425
2021-03-12,0.0553489997982978,0.0569799989461898,0.0545129999518394,0.0559209994971752,1287767221
2021-03-13,0.0624319985508918,0.0624319985508918,0.0547560006380081,0.0553530007600784,1869833076
2021-03-14,0.0585919991135597,0.0630519986152648,0.0585919991135597,0.0623839981853961,2752132530
2021-03-15,0.0570879988372325,0.059689000248909,0.0551409982144832,0.0585310012102127,1738710876
2021-03-16,0.0586070008575916,0.0589210018515586,0.0554930008947849,0.0570859983563423,1393771913
2021-03-17,0.0576529987156391,0.0588660016655921,0.0564710013568401,0.0586099997162818,861926643
2021-03-18,0.0573830008506774,0.0588279999792575,0.0541430003941059,0.0576400011777877,909777445
2021-03-19,0.0583279989659786,0.0597210004925727,0.0566040016710758,0.0573769994080066,964747809
2021-03-20,0.0589610002934932,0.0606390014290809,0.0581200011074543,0.0583150014281272,1012934488
2021-03-21,0.0572340004146099,0.0595210008323192,0.0567979998886585,0.0589700005948543,759592996
2021-03-22,0.0549620017409324,0.0577320009469985,0.0549089983105659,0.0572590008378028,696918565
2021-03-23,0.0535559989511966,0.0560810007154941,0.0529399998486042,0.0549409985542297,1040781777
2021-03-24,0.0517020002007484,0.0564940012991428,0.0512420013546943,0.0535279996693134,934537959
2021-03-25,0.0514479987323284,0.0524070002138614,0.0496970005333423,0.0516990013420581,1084214116
2021-03-26,0.0539520010352134,0.0540280006825923,0.0513309985399246,0.0514330007135868,776280028
2021-03-27,0.0543770007789135,0.0554350018501281,0.0535279996693134,0.0539399981498718,753844053
2021-03-28,0.0536979995667934,0.0547519996762275,0.0530130006372928,0.054381001740694,460472975
2021-03-29,0.054051999002695,0.0546509996056556,0.0531749986112117,0.053677998483181,537919140
2021-03-30,0.0538999997079372,0.0554339997470378,0.0536970011889934,0.054051999002695,728906171
2021-03-31,0.0536569990217685,0.054467998445034,0.0522690005600452,0.0539020001888275,653389282
2021-04-01,0.0619859993457794,0.0701109990477562,0.0536440014839172,0.0536549985408782,5816046822
2021-04-02,0.0576639994978904,0.0622490011155605,0.0573330000042915,0.0619679987430572,2166925111
2021-04-03,0.0558039993047714,0.0594840012490749,0.0558039993047714,0.0576580017805099,1136931403
2021-04-04,0.0574040003120899,0.0581069998443126,0.0552950017154216,0.0557760000228881,938035097
2021-04-05,0.0596960000693798,0.0601530000567436,0.0564350001513958,0.0574110001325607,1513832721
2021-04-06,0.0644579976797103,0.0650499984622001,0.058093998581171,0.059689000248909,2608613912
2021-04-07,0.0590279996395111,0.0672990009188652,0.0576409995555877,0.0644539967179298,2857060849
2021-04-08,0.061464000493288,0.061744999140501,0.0588169991970062,0.0590360015630722,1055257541
2021-04-09,0.061684001237154,0.063910000026226,0.0602959990501403,0.0614629983901977,1060465774
2021-04-10,0.0638450011610984,0.0650679990649223,0.060818001627922,0.0615909993648529,1369793118
2021-04-11,0.0746489986777305,0.0792429968714714,0.0632029995322227,0.0637490004301071,6646627317
2021-04-12,0.0707670003175735,0.0749860033392906,0.0688889995217323,0.0745439976453781,2687720380
2021-04-13,0.0934450030326843,0.0951810032129287,0.0706780031323432,0.0706780031323432,7176815090
2021-04-14,0.12151700258255,0.1425099968910217,0.0924519971013069,0.0942559987306594,20977679327
2021-04-15,0.1822070032358169,0.1873259991407394,0.1207360029220581,0.1211669966578483,17916620386
2021-04-16,0.3658699989318847,0.4377000033855438,0.1804880052804947,0.1815869957208633,69410680685
2021-04-17,0.2841730117797851,0.3744550049304962,0.2365240007638931,0.3660979866981506,31413404067
2021-04-18,0.3204750120639801,0.349918007850647,0.2464399933815002,0.2851049900054931,23464350388
2021-04-19,0.4073179960250854,0.431751012802124,0.3090800046920776,0.320466011762619,30641432779
2021-04-20,0.3194999992847442,0.4223470091819763,0.2716180086135864,0.4084349870681762,28130646191
2021-04-21,0.3069249987602234,0.3469659984111786,0.2970359921455383,0.3169530034065246,12723463706
2021-04-22,0.2609669864177704,0.3087570071220398,0.25627601146698,0.3059900104999542,11879823706
2021-04-23,0.2485090047121048,0.2683779895305633,0.163669005036354,0.2610230147838592,16165566164
2021-04-24,0.2702119946479797,0.2893899977207184,0.2298910021781921,0.2495439946651458,11057578568
2021-04-25,0.2511110007762909,0.2887710034847259,0.2263009995222091,0.2697890102863312,6849914675
2021-04-26,0.2706739902496338,0.280452013015747,0.2480259984731674,0.2512399852275848,5118886527
2021-04-27,0.2721880078315735,0.2796289920806885,0.2649280130863189,0.2714270055294037,3590611310
2021-04-28,0.3236820101737976,0.3446620106697082,0.2562310099601745,0.2722730040550232,14464343767
2021-04-29,0.3051689863204956,0.3238810002803802,0.2969039976596832,0.3232319951057434,5027354503
2021-04-30,0.3375610113143921,0.3397569954395294,0.3029809892177582,0.3047020137310028,5290390982
2021-05-01,0.3929870128631592,0.3971349895000458,0.3282899856567383,0.3375590145587921,10123343703
2021-05-02,0.3760460019111633,0.4000290036201477,0.364874005317688,0.391086995601654,8040406918
2021-05-03,0.4417069852352142,0.4455670118331909,0.3736310005187988,0.3736310005187988,10526649978
2021-05-04,0.5413339734077454,0.6059979796409607,0.4007999897003174,0.4402740001678467,38238126181
2021-05-05,0.6576330065727234,0.6952620148658752,0.523822009563446,0.5373550057411194,42525098292
2021-05-06,0.5808039903640747,0.6636160016059875,0.5451020002365112,0.6528419852256775,18989900291
2021-05-07,0.684777021408081,0.7319719791412354,0.5201740264892578,0.5811100006103516,28615083657
2021-05-08,0.6364390254020691,0.7375670075416565,0.6081680059432983,0.6878010034561157,25555125135
2021-05-09,0.5700700283050537,0.6976249814033508,0.425705999135971,0.6358199715614319,46138063928
2021-05-10,0.4499639868736267,0.569687008857727,0.4212909936904907,0.569687008857727,16514521828
2021-05-11,0.4952310025691986,0.5466510057449341,0.445033997297287,0.4504880011081695,14566975476
2021-05-12,0.3853760063648224,0.5199750065803528,0.3853760063648224,0.4937419891357422,8621337859
2021-05-13,0.4903739988803863,0.5194609761238098,0.3571749925613403,0.3921760022640228,18663174069
2021-05-14,0.5596039891242981,0.5896900296211243,0.4646219909191131,0.4870699942111969,20466177002
2021-05-15,0.507972002029419,0.5626760125160217,0.4912990033626556,0.5596680045127869,9836892944
2021-05-16,0.5148950219154358,0.5481449961662292,0.4510230123996734,0.5079100131988525,9541552064
2021-05-17,0.4878920018672943,0.5152209997177124,0.4585509896278381,0.5134130120277405,7330830504
2021-05-18,0.4761149883270263,0.5155990123748779,0.4703840017318725,0.486954003572464,4802902841
2021-05-19,0.3331229984760284,0.6847350001335144,0.2182669937610626,0.4764350056648254,15072620946
2021-05-20,0.400193989276886,0.4331920146942138,0.2962529957294464,0.3302519917488098,12415484460
2021-05-21,0.3593820035457611,0.4119749963283539,0.314765989780426,0.3981240093708038,7452862203
2021-05-22,0.3423709869384765,0.3605169951915741,0.3181689977645874,0.3587169945240021,5243222352
2021-05-23,0.3080709874629974,0.3508630096912384,0.249437004327774,0.342521995306015,7143545371
2021-05-24,0.3661620020866394,0.3714849948883056,0.2962909936904907,0.3067150115966797,6821088755
2021-05-25,0.3463020026683807,0.3800100088119507,0.3234969973564148,0.3660410046577453,5544552739
2021-05-26,0.3536930084228515,0.3659200072288513,0.3388569951057434,0.3463959991931915,3355793260
2021-05-27,0.3329449892044067,0.3534629940986633,0.3281440138816833,0.3534629940986633,2485942309
2021-05-28,0.3112049996852875,0.3478789925575256,0.3015179932117462,0.3336510062217712,3289455640
2021-05-29,0.3031100034713745,0.317918986082077,0.2817929983139038,0.3113979995250702,2470710737
2021-05-30,0.3022240102291107,0.3103240132331848,0.2876800000667572,0.3029690086841583,1929947933
2021-05-31,0.3258099853992462,0.3291630148887634,0.2943300008773803,0.301948994398117,2440829325
2021-06-01,0.3700770139694214,0.3830789923667907,0.3123599886894226,0.3257440030574798,5796031087
2021-06-02,0.4233739972114563,0.4445900022983551,0.3525879979133606,0.3703019917011261,11425588479
2021-06-03,0.3999629914760589,0.440762996673584,0.3788189888000488,0.4237389862537384,6809900030
2021-06-04,0.3763230144977569,0.400981992483139,0.3514420092105865,0.400981992483139,5889983048
2021-06-05,0.3721770048141479,0.393885999917984,0.3604879975318908,0.3767519891262054,3464039041
2021-06-06,0.3718070089817047,0.376798003911972,0.3672539889812469,0.3716759979724884,1836611411
2021-06-07,0.3310500085353851,0.3796780109405517,0.3298059999942779,0.3715659976005554,3043974994
2021-06-08,0.327686995267868,0.3414349853992462,0.2966600060462951,0.331822007894516,3918487504
2021-06-09,0.3433310091495514,0.3537620007991791,0.3131310045719147,0.3264229893684387,3154332929
2021-06-10,0.32635098695755,0.3445290029048919,0.32327800989151,0.3433389961719513,2114010549
2021-06-11,0.3193590044975281,0.3332229852676391,0.3115020096302032,0.3263640105724334,1834446577
2021-06-12,0.3120839893817901,0.3193320035934448,0.3018040060997009,0.3188929855823517,1605633791
2021-06-13,0.3243820071220398,0.3300260007381439,0.3078919947147369,0.312485009431839,1484851447
2021-06-14,0.3320850133895874,0.3369269967079162,0.3200869858264923,0.3239029943943023,1613812023
2021-06-15,0.3283810019493103,0.3304949998855591,0.3169760107994079,0.326784998178482,1687965230
2021-06-16,0.307761013507843,0.3213930130004883,0.3054850101470947,0.3203780055046081,1391720788
2021-06-17,0.3064959943294525,0.3140110075473785,0.3033159971237182,0.3077490031719208,1120766442
2021-06-18,0.2934719920158386,0.3077520132064819,0.2804810106754303,0.3064279854297638,1846213589
2021-06-19,0.2873559892177582,0.2978030145168304,0.2861889898777008,0.2936489880084991,1003248258
2021-06-20,0.2809000015258789,0.2897270023822784,0.2564670145511627,0.2863940000534057,1963503800
2021-06-21,0.1786909997463226,0.2808890044689178,0.1664910018444061,0.2806600034236908,5640232167
2021-06-22,0.1910309940576553,0.2161220014095306,0.1646540015935897,0.1786819994449615,5992850344
2021-06-23,0.2321739941835403,0.2471099942922592,0.1809789985418319,0.1906709969043731,5098674891
2021-06-24,0.2627820074558258,0.2686899900436401,0.2225269973278045,0.2349700033664703,3844648059
2021-06-25,0.2391529977321624,0.2891449928283691,0.230005994439125,0.263480007648468,5542163262
2021-06-26,0.2447839975357055,0.2551270127296448,0.2309720069169998,0.2376729995012283,2649457302
2021-06-27,0.2644500136375427,0.2668910026550293,0.240894004702568,0.2460449934005737,2167521670
2021-06-28,0.2568570077419281,0.2669819891452789,0.2507619857788086,0.2649179995059967,1932994784
2021-06-29,0.2627690136432647,0.274940013885498,0.2529880106449127,0.2570610046386719,2192562738
2021-06-30,0.2542150020599365,0.2635380029678345,0.2382680028676986,0.2634170055389404,2047763830
2021-07-01,0.2445490062236786,0.2600919902324676,0.2386769950389862,0.2538279891014099,2463946548
2021-07-02,0.2452639937400818,0.2479970008134842,0.2388480007648468,0.2439820021390915,1321470954
2021-07-03,0.246410995721817,0.250214010477066,0.2424540072679519,0.2451059967279434,917015819
2021-07-04,0.2464829981327057,0.2525669932365417,0.2434249967336654,0.2464250028133392,973511519
2021-07-05,0.2316139936447143,0.2464189976453781,0.2278379946947097,0.2464189976453781,1267949362
2021-07-06,0.2344219982624054,0.2419099956750869,0.2298420071601867,0.2312159985303878,1265920169
2021-07-07,0.2241259962320327,0.2378509938716888,0.2225760072469711,0.2343010008335113,1148903688
2021-07-08,0.2075970023870468,0.224930003285408,0.2029870003461837,0.224382996559143,1789637577
2021-07-09,0.2198639959096908,0.2291390001773834,0.1966069936752319,0.2070730030536651,3045790264
2021-07-10,0.213919997215271,0.2276809960603714,0.2107450067996978,0.2198459953069687,1264519098
2021-07-11,0.2158560007810592,0.2187449932098388,0.2109310030937194,0.2138870060443878,719870047
2021-07-12,0.2080480009317398,0.2189649939537048,0.2045059949159622,0.2160100042819976,973602708
2021-07-13,0.2000029981136322,0.2080619931221008,0.1981630027294159,0.2080090045928955,1035890377
2021-07-14,0.1973239928483963,0.2044830024242401,0.1877519935369491,0.1999779939651489,1319171299
2021-07-15,0.1848880052566528,0.2008399963378906,0.1807859987020492,0.1977490037679672,1044558931
2021-07-16,0.1723449975252151,0.1883219927549362,0.1716119945049286,0.1852380037307739,1144730187
2021-07-17,0.1861249953508377,0.204936996102333,0.1692299991846084,0.172117993235588,2393120423
2021-07-18,0.1822330057621002,0.1957879960536956,0.1808860003948211,0.1868409961462021,1424484163
2021-07-19,0.1735559999942779,0.1839500069618225,0.1707119941711425,0.1818179935216903,1084816777
2021-07-20,0.1708009988069534,0.1788949966430664,0.1607279926538467,0.1737630069255828,1809479230
2021-07-21,0.1903489977121353,0.2142100036144256,0.1687189936637878,0.1705269962549209,4433688120
2021-07-22,0.1913029998540878,0.1964039951562881,0.1866640001535415,0.1904799938201904,1629442360
2021-07-23,0.1947640031576156,0.199531003832817,0.1835400015115738,0.1913589984178543,1447257649
2021-07-24,0.1973190009593963,0.2043689936399459,0.1913439929485321,0.1948229968547821,1695867808
2021-07-25,0.1978639960289001,0.2004510015249252,0.1916970014572143,0.197172999382019,1256116971
2021-07-26,0.2044190019369125,0.2327670007944107,0.197062999010086,0.1980299949645996,4863225852
2021-07-27,0.2058990001678466,0.2092929929494857,0.1953500062227249,0.2038359940052032,2229903212
2021-07-28,0.2053920030593872,0.2137459963560104,0.2020110040903091,0.2061109989881515,2076707890
2021-07-29,0.2046190053224563,0.2063550055027008,0.2007160037755966,0.2055909931659698,1169322798
2021-07-30,0.2088209986686706,0.2106429934501648,0.1965350061655044,0.2050230056047439,1523981522
2021-07-31,0.2083140015602111,0.2143449932336807,0.2048970013856887,0.208637997508049,1349212924
2021-08-01,0.2044370025396347,0.2176109999418258,0.2013889998197555,0.2077530026435852,1711494501
2021-08-02,0.2036000043153762,0.2099590003490448,0.2021880000829696,0.2042790055274963,1181469976
2021-08-03,0.1959670037031173,0.2050770074129104,0.1937499940395355,0.2034309953451156,1121632377
2021-08-04,0.2014899998903274,0.2031099945306778,0.1944500058889389,0.1963119953870773,1095300718
2021-08-05,0.2009740024805069,0.2025129944086074,0.1946849972009658,0.2015749961137771,1139204754
2021-08-06,0.2046879976987838,0.2117560058832168,0.1986169964075088,0.2009599953889846,1332579279
2021-08-07,0.2603409886360168,0.2619900107383728,0.2037719935178756,0.2048459947109222,6343062404
2021-08-08,0.2400449961423874,0.2813790142536163,0.2353480011224746,0.2619560062885284,6984782653
2021-08-09,0.2568970024585724,0.2662650048732757,0.2314099967479705,0.2401220053434372,4607903346
2021-08-10,0.2573249936103821,0.2627910077571869,0.2453519999980926,0.2563660144805908,3424415504
2021-08-11,0.2652629911899566,0.2824819982051849,0.2563819885253906,0.257423996925354,4732068476
2021-08-12,0.2639209926128387,0.2941420078277588,0.2527750134468078,0.2648530006408691,5264857508
2021-08-13,0.2868080139160156,0.2871879935264587,0.261907011270523,0.2642489969730377,3565092106
2021-08-14,0.2931129932403564,0.2984560132026672,0.2771539986133575,0.2868010103702545,4677579997
2021-08-15,0.3414410054683685,0.3487220108509063,0.2870630025863647,0.2940860092639923,8046171669
2021-08-16,0.3207150101661682,0.3509530127048492,0.3108280003070831,0.3401649892330169,6681324187
2021-08-17,0.2994419932365417,0.339462012052536,0.2957629859447479,0.3196310102939605,5699700481
2021-08-18,0.3037390112876892,0.3242270052433014,0.2820160090923309,0.2992030084133148,6347995770
2021-08-19,0.3171440064907074,0.319018006324768,0.2940880060195923,0.3033759891986847,3760495939
2021-08-20,0.3274909853935241,0.3332229852676391,0.3141419887542724,0.3175710141658783,3512291078
2021-08-21,0.3167969882488251,0.3293560147285461,0.315432995557785,0.3273949921131134,2600396651
2021-08-22,0.3149630129337311,0.3215410113334656,0.306546002626419,0.3170849978923797,2237836352
2021-08-23,0.3179140090942383,0.3280940055847168,0.3133679926395416,0.3149259984493255,2836628655
2021-08-24,0.2887389957904815,0.3197570145130157,0.2777769863605499,0.3183859884738922,3143768703
2021-08-25,0.2922259867191314,0.2968150079250335,0.2799949944019317,0.289218008518219,2518743227
2021-08-26,0.2689090073108673,0.2960020005702972,0.2653129994869232,0.2927939891815185,2410285454
2021-08-27,0.2944329977035522,0.2948450148105621,0.265392005443573,0.2688190042972564,2382150423
2021-08-28,0.285629004240036,0.2991699874401092,0.2832730114459991,0.2946310043334961,1534807298
2021-08-29,0.281125009059906,0.2916629910469055,0.2774859964847564,0.2858630120754242,1473623363
2021-08-30,0.2721250057220459,0.289559006690979,0.2703750133514404,0.281233012676239,1748987269
2021-08-31,0.27845299243927,0.2858189940452575,0.2700470089912414,0.2718780040740967,1745967018
2021-09-01,0.2944009900093078,0.2948890030384063,0.2735260128974914,0.2780619859695434,1937809622
2021-09-02,0.2959550023078918,0.3092269897460937,0.2920100092887878,0.2943930029869079,2981069411
2021-09-03,0.2962729930877685,0.3044939935207367,0.2885409891605377,0.2947539985179901,2384046931
2021-09-04,0.2993879914283752,0.3087309896945953,0.2933419942855835,0.296068012714386,2263193245
2021-09-05,0.3145270049571991,0.3150089979171753,0.2965820133686065,0.2993240058422088,2393033527
2021-09-06,0.3087649941444397,0.3197509944438934,0.3004510104656219,0.314314991235733,2611846129
2021-09-07,0.2537440061569214,0.3110300004482269,0.2165270000696182,0.3089509904384613,5653327525
2021-09-08,0.2571130096912384,0.2632899880409241,0.2348639965057373,0.2542659938335418,3226346052
2021-09-09,0.252595990896225,0.2595579922199249,0.2492700070142746,0.2503620088100433,1763183557
2021-09-10,0.2399819940328598,0.2616220116615295,0.2359090000391006,0.2525849938392639,1840815800
2021-09-11,0.2414319962263107,0.2480179965496063,0.2384870052337646,0.2398259937763214,1196337689
2021-09-12,0.2506169974803924,0.2547940015792846,0.2392330020666122,0.2413289994001388,1419288866
2021-09-13,0.2359060049057006,0.252030998468399,0.2289109975099563,0.2506240010261535,1759116002
2021-09-14,0.2407090067863464,0.2416779994964599,0.2339619994163513,0.236063003540039,967948743
2021-09-15,0.2476969957351684,0.248321995139122,0.23921500146389,0.2405900061130523,980188820
2021-09-16,0.2425550073385238,0.2477329969406128,0.2338519990444183,0.24754199385643,1140048496
2021-09-17,0.2399300038814544,0.259535014629364,0.2380259931087494,0.2420980036258697,2246768047
2021-09-18,0.2413859963417053,0.2473279982805252,0.2382279932498932,0.2399280071258545,999151515
2021-09-19,0.233142003417015,0.2412849962711334,0.2313369959592819,0.2412810027599334,892763953
2021-09-20,0.2070710062980651,0.2336059957742691,0.2000219970941543,0.2331610023975372,2244003542
2021-09-21,0.2010270059108734,0.2180940061807632,0.1981610059738159,0.2087730020284652,1766963639
2021-09-22,0.2248580008745193,0.2294230014085769,0.2002239972352981,0.2008219957351684,2016471206
2021-09-23,0.224831998348236,0.2270949929952621,0.2181150019168853,0.2247480005025863,1169581249
2021-09-24,0.2094510048627853,0.2282669991254806,0.197720006108284,0.2247260063886642,1883155313
2021-09-25,0.208639994263649,0.2126040011644363,0.2048750072717666,0.2093479931354522,1067132277
2021-09-26,0.2049620002508163,0.2090680003166198,0.1944890022277832,0.2087299972772598,1147321467
2021-09-27,0.2002619951963424,0.2092809975147247,0.2000779956579208,0.2052409946918487,838297166
2021-09-28,0.1968040019273758,0.2025790065526962,0.1963520050048828,0.2000010013580322,866301240
2021-09-29,0.1988759934902191,0.20414400100708,0.195041999220848,0.1969799995422363,926737135
2021-09-30,0.204244002699852,0.2058060020208358,0.197854995727539,0.1988690048456192,916819792
2021-10-01,0.2230100035667419,0.2246070057153701,0.2019940018653869,0.2044270038604736,1435469263
2021-10-02,0.2191330045461654,0.2249550074338913,0.2154929935932159,0.2227409929037094,1166058975
2021-10-03,0.2217479944229126,0.2262279987335205,0.2158720046281814,0.2188110053539276,1070267896
2021-10-04,0.2408519983291626,0.2479240000247955,0.2132840007543563,0.2219299972057342,3684051106
2021-10-05,0.252016007900238,0.2677870094776153,0.2335879951715469,0.241239994764328,4628329381
2021-10-06,0.2551339864730835,0.2715089917182922,0.2430959939956665,0.2520079910755157,4659725421
2021-10-07,0.2429230064153671,0.2567389905452728,0.2391269952058792,0.2543399930000305,2936116763
2021-10-08,0.2438510060310363,0.2547639906406402,0.2416920065879821,0.2430229932069778,1952117191
2021-10-09,0.2465959936380386,0.2519659996032715,0.2417570054531097,0.2434950023889541,1484990033
2021-10-10,0.2298049926757812,0.248662993311882,0.2278580069541931,0.2465720027685165,1466060853
2021-10-11,0.2315029948949813,0.2393810003995895,0.2255209982395172,0.2294500023126602,1463611233
2021-10-12,0.2262420058250427,0.2317180037498474,0.2164469957351684,0.2315250039100647,1881102059
2021-10-13,0.232572004199028,0.2339430004358291,0.2210610061883926,0.226174995303154,1457486924
2021-10-14,0.2322729974985122,0.2398799955844879,0.2314970046281814,0.2325610071420669,1337117776
2021-10-15,0.2337819933891296,0.2434689998626709,0.2257499992847442,0.2326440066099167,1837803539
2021-10-16,0.237292006611824,0.2444469928741455,0.2336830049753189,0.2338809967041015,1541850812
2021-10-17,0.2378980070352554,0.2419729977846145,0.2263800054788589,0.2371930032968521,1397143121
2021-10-18,0.2472810000181198,0.2713940143585205,0.2374880015850067,0.2378060072660446,5003365533
2021-10-19,0.2457879930734634,0.2546109855175018,0.2406509965658188,0.2473780065774917,1675967829
2021-10-20,0.2540929913520813,0.2615549862384796,0.2423840016126632,0.2455019950866699,1853058770
2021-10-21,0.2423910051584243,0.2582609951496124,0.2422730028629303,0.2547929883003235,1742570934
2021-10-22,0.2442210018634796,0.2527720034122467,0.2364719957113266,0.242478996515274,1829875043
2021-10-23,0.2517330050468445,0.2531400024890899,0.2415889948606491,0.2445140033960342,1502684867
2021-10-24,0.2770479917526245,0.2819350063800812,0.2460280060768127,0.2514320015907287,5278760541
2021-10-25,0.2647069990634918,0.2794719934463501,0.2602199912071228,0.2757450044155121,3364560707
2021-10-26,0.255731999874115,0.2743169963359833,0.2537209987640381,0.2647829949855804,2513384162
2021-10-27,0.2376900017261505,0.2633169889450073,0.220328003168106,0.255836009979248,5022822846
2021-10-28,0.3004469871520996,0.3388429880142212,0.2333340048789978,0.2373809963464737,20359592492
2021-10-29,0.2878530025482178,0.3063119947910309,0.2797710001468658,0.2999640107154846,5866664030
2021-10-30,0.2683449983596802,0.2946470081806183,0.2598879933357239,0.2877640128135681,3637334331
2021-10-31,0.2802439928054809,0.2847070097923279,0.2526139914989471,0.2692390084266662,4224104205
2021-11-01,0.2717280089855194,0.2855510115623474,0.2640889883041382,0.2801229953765869,2784956027
2021-11-02,0.2731209993362427,0.2806859910488128,0.2675969898700714,0.2718920111656189,2336414476
2021-11-03,0.2694070041179657,0.277103990316391,0.2639789879322052,0.2735039889812469,2091380862
2021-11-04,0.2632800042629242,0.2708649933338165,0.2547110021114349,0.2691119909286499,1902957818
2021-11-05,0.2614650130271911,0.2707889974117279,0.257887989282608,0.2636550068855285,1559898586
2021-11-06,0.261898010969162,0.2676970064640045,0.2505210041999817,0.2612639963626861,1353526462
2021-11-07,0.2663150131702423,0.2698490023612976,0.2589670121669769,0.2619709968566894,1155873526
2021-11-08,0.2823590040206909,0.29653200507164,0.2649179995059967,0.266728013753891,4093381450
2021-11-09,0.2735260128974914,0.2896679937839508,0.2717519998550415,0.2825390100479126,2353452396
2021-11-10,0.2557089924812317,0.2769890129566192,0.2380300015211105,0.2735970020294189,2820521435
2021-11-11,0.2611669898033142,0.2699649930000305,0.2532829940319061,0.2557049989700317,1628781435
2021-11-12,0.2594139873981476,0.268436998128891,0.2494570016860962,0.2609370052814483,1563007446
2021-11-13,0.261705994606018,0.2622509896755218,0.2545399963855743,0.2596180140972137,923837904
2021-11-14,0.2629120051860809,0.2712570130825043,0.2602750062942505,0.2615909874439239,1264556615
2021-11-15,0.2565290033817291,0.265170007944107,0.2563669979572296,0.2628700137138366,1028469310
2021-11-16,0.2372490018606186,0.257093995809555,0.2263939976692199,0.257093995809555,2248804980
2021-11-17,0.2374870032072067,0.2409060001373291,0.2328590005636215,0.2370100021362304,1543405154
2021-11-18,0.2213830053806305,0.2410909980535507,0.2160989940166473,0.2375559955835342,1860661769
2021-11-19,0.2331099957227707,0.2368319928646087,0.2165179997682571,0.2209949940443039,1296123511
2021-11-20,0.233024001121521,0.235953003168106,0.2254509925842285,0.2331739962100982,805305660
2021-11-21,0.2263280004262924,0.2333499938249588,0.2256799936294555,0.233254998922348,751789838
2021-11-22,0.2196760028600692,0.2275310009717941,0.2168979942798614,0.2261600047349929,921753721
2021-11-23,0.226511999964714,0.2362010031938552,0.2145660072565078,0.2196660041809082,1907278849
2021-11-24,0.2218250036239624,0.2302449941635131,0.2118359953165054,0.2266799956560135,1957665360
2021-11-25,0.2163259983062744,0.2288099974393844,0.2143169939517974,0.2171320021152496,1344826632
2021-11-26,0.200886994600296,0.2217590063810348,0.1903440058231353,0.2210469990968704,2231733479
2021-11-27,0.2053470015525818,0.2096129953861236,0.200871005654335,0.2014289945363998,917785649
2021-11-28,0.2074719965457916,0.2074719965457916,0.1930640041828155,0.2052949965000152,1027555437
2021-11-29,0.2151750028133392,0.2236919999122619,0.2032520025968551,0.2074439972639084,1869737827
2021-11-30,0.2147150039672851,0.2268899977207183,0.213250994682312,0.2151110023260116,1897635999
2021-12-01,0.2094870060682296,0.2184959948062896,0.2062979936599731,0.2144870012998581,988030934
2021-12-02,0.2097260057926178,0.2230110019445419,0.2021690011024475,0.2094759941101074,1879305770
2021-12-03,0.1999929994344711,0.2119909971952438,0.1932740062475204,0.2094630002975464,1260948451
2021-12-04,0.1788530051708221,0.2005620002746582,0.1328260004520416,0.2003560066223144,4388513696
2021-12-05,0.1712550073862075,0.1811330020427703,0.1629489958286285,0.1782629936933517,1645331135
2021-12-06,0.1783999949693679,0.180527001619339,0.1595579981803894,0.1713829934597015,1896979202
2021-12-07,0.1768050044775009,0.1835390031337738,0.1755049973726272,0.1783740073442459,1085087124
2021-12-08,0.1791509985923767,0.1821680068969726,0.1726299971342086,0.176608994603157,1014713070
2021-12-09,0.1694840043783188,0.181889995932579,0.1694840043783188,0.1789609938859939,1071039221
2021-12-10,0.1644220054149627,0.1746100038290023,0.1640650033950805,0.1694660037755966,845450410
2021-12-11,0.1690189987421035,0.1700800061225891,0.1618169993162155,0.1644989997148513,692929162
2021-12-12,0.1698909997940063,0.17289899289608,0.1658989936113357,0.1689040064811706,593132337
2021-12-13,0.1575649976730346,0.1706150025129318,0.1519960016012191,0.1698800027370453,968464045
2021-12-14,0.1801570057868957,0.2196319997310638,0.1554470062255859,0.1574649959802627,6411471551
2021-12-15,0.1810819953680038,0.1911440044641494,0.1712660044431686,0.1911440044641494,2466135011
2021-12-16,0.173454001545906,0.1849330067634582,0.1726550012826919,0.1811710000038147,1057988990
2021-12-17,0.1690099984407425,0.1765590012073516,0.1622630059719085,0.1733810007572174,1026719015
2021-12-18,0.1723999977111816,0.1748739928007125,0.1662440001964569,0.1691000014543533,658993272
2021-12-19,0.1695760041475296,0.1743779927492141,0.1693820059299469,0.1725330054759979,541018118
2021-12-20,0.1673219949007034,0.1708330065011978,0.1614969968795776,0.169523000717163,912233179
2021-12-21,0.1711750030517578,0.1723400056362152,0.1661079972982406,0.1670980006456375,621397179
2021-12-22,0.1732140034437179,0.1795849949121475,0.1700550019741058,0.1711290031671524,932537493
2021-12-23,0.1844899952411651,0.1845220029354095,0.1717399954795837,0.1732089966535568,1184481683
2021-12-24,0.1866219937801361,0.1952899992465973,0.1797610074281692,0.1849790066480636,1853415104
2021-12-25,0.1906570047140121,0.1948760002851486,0.1855709999799728,0.1867119967937469,1010443046
2021-12-26,0.1900199949741363,0.1925459951162338,0.1856459975242614,0.1905670017004013,650674078
2021-12-27,0.1877049952745437,0.1929229944944381,0.1872390061616897,0.1899860054254531,666773423
2021-12-28,0.1741169989109039,0.1878850013017654,0.1727380007505417,0.1878470033407211,954075337
2021-12-29,0.1677650064229965,0.1773390024900436,0.1667599976062774,0.1740950047969818,823628336
2021-12-30,0.171313002705574,0.1757709980010986,0.1653809994459152,0.1681369990110397,599236772
2021-12-31,0.1704960018396377,0.1752939969301223,0.1673070043325424,0.171316996216774,644416694
2022-01-01,0.1730349957942962,0.1734230071306228,0.1703529953956604,0.1705099940299987,371336089
2022-01-02,0.1744029968976974,0.1759890019893646,0.171201005578041,0.1730269938707351,391041933
2022-01-03,0.170087993144989,0.1744060069322586,0.168271005153656,0.1744060069322586,505900382
2022-01-04,0.1688030064105987,0.1723390072584152,0.1681279987096786,0.1701509952545166,541922892
2022-01-05,0.1594199985265731,0.1707469969987869,0.1518979966640472,0.1688349992036819,994086848
2022-01-06,0.1602129936218261,0.1617060005664825,0.155141994357109,0.1594360023736953,715345645
2022-01-07,0.155022993683815,0.1602949947118759,0.1512989997863769,0.1602050065994262,969384523
2022-01-08,0.1519539952278137,0.1577250063419342,0.1476690024137497,0.1550309956073761,584437036
2022-01-09,0.1510650068521499,0.1537420004606247,0.1496070027351379,0.1519590020179748,408786249
2022-01-10,0.1433590054512024,0.1521349996328354,0.1398400068283081,0.1510729938745498,763684873
2022-01-11,0.1533990055322647,0.1646209955215454,0.1426469981670379,0.1433510035276413,1628447666
2022-01-12,0.161651998758316,0.161651998758316,0.1520950049161911,0.1534579992294311,896008600
2022-01-13,0.1720429956912994,0.174792006611824,0.1615619957447052,0.1615619957447052,2301820074
2022-01-14,0.1835490018129348,0.203232005238533,0.1712830066680908,0.1720529943704605,5784004926
2022-01-15,0.1851029992103576,0.1935999989509582,0.1826760023832321,0.1836439967155456,1878282290
2022-01-16,0.1771759986877441,0.1850930005311966,0.1753270030021667,0.1850930005311966,1102750171
2022-01-17,0.1711450070142746,0.1778720021247863,0.1668909937143325,0.1771869957447052,1094379303
2022-01-18,0.165484994649887,0.1737899929285049,0.162564992904663,0.1710859984159469,979693368
2022-01-19,0.1623560041189193,0.1686470061540603,0.1601220071315765,0.165484994649887,935006164
2022-01-20,0.1552039980888366,0.168845996260643,0.1551759988069534,0.1623460054397583,469269658
2022-01-21,0.1426399946212768,0.1571560055017471,0.1414960026741027,0.1552630066871643,1163061854
2022-01-22,0.1328919976949691,0.1450269967317581,0.1228159964084625,0.1426510065793991,1693524581
2022-01-23,0.141863003373146,0.1430719941854477,0.1328189969062805,0.1329600065946579,1006234946
2022-01-24,0.1377979964017868,0.1419509947299957,0.1272200047969818,0.1418810039758682,1446873574
2022-01-25,0.1430490016937255,0.1472360044717788,0.1332349926233291,0.1377840042114257,1347567750
2022-01-26,0.143788993358612,0.1526030004024505,0.1421519964933395,0.1430139988660812,1253108115
2022-01-27,0.1412470042705536,0.1450099945068359,0.1369470059871673,0.1437560021877288,608707586
2022-01-28,0.1416559964418411,0.1424130052328109,0.1383800059556961,0.1412439942359924,506667466
2022-01-29,0.1430560052394867,0.1439840048551559,0.1414799988269806,0.14164899289608,397610776
2022-01-30,0.1394709944725036,0.1435150057077407,0.1387539952993393,0.1430570036172866,363976741
2022-01-31,0.1418049931526184,0.1422639936208725,0.1368529945611953,0.1394689977169037,412307174
2022-02-01,0.1426309943199157,0.144128993153572,0.1411249935626983,0.1418049931526184,409432267
2022-02-02,0.1372350007295608,0.1452530026435852,0.1369179934263229,0.1426260024309158,483194691
2022-02-03,0.1375409960746765,0.1387470066547393,0.1355649977922439,0.1372130066156387,383506507
2022-02-04,0.1475030034780502,0.1475919932126999,0.137250006198883,0.1375229954719543,580740990
2022-02-05,0.1471409946680069,0.1501400023698806,0.1454100012779235,0.1475329995155334,587009429
2022-02-06,0.1537699997425079,0.1547749936580658,0.1452579945325851,0.1471399962902069,757004142
2022-02-07,0.1655779927968979,0.1715860068798065,0.1517409980297088,0.1538030058145523,1791358822
2022-02-08,0.1584050059318542,0.1691450029611587,0.1537089943885803,0.1656060069799423,1190116000
2022-02-09,0.1591230034828186,0.1607040017843246,0.1550350040197372,0.1583569943904876,778670798
2022-02-10,0.1518889963626861,0.1604370027780532,0.1514970064163208,0.1591449975967407,1053630584
2022-02-11,0.1448470056056976,0.1540690064430236,0.1433490067720413,0.1518950015306472,776730555
2022-02-12,0.1444050073623657,0.1470129936933517,0.1416780054569244,0.1448560059070587,602699408
2022-02-13,0.14894799888134,0.1573539972305297,0.1440310031175613,0.1443790048360824,1581065491
2022-02-14,0.1460029929876327,0.1501320004463195,0.1436489969491958,0.1488689929246902,898042727
2022-02-15,0.151760995388031,0.1521990001201629,0.1452029943466186,0.1459960043430328,674961496
2022-02-16,0.1490949988365173,0.1518239974975586,0.1467709988355636,0.1517789959907531,505588732
2022-02-17,0.1385519951581955,0.1498890072107315,0.1380710005760193,0.1490499973297119,721382126
2022-02-18,0.1387680023908615,0.142096996307373,0.1369599997997284,0.1385940015316009,563817289
2022-02-19,0.1412059962749481,0.145906001329422,0.1387510001659393,0.1387639939785003,655782652
2022-02-20,0.1368680000305175,0.141196995973587,0.1358519941568374,0.141196995973587,490138547
2022-02-21,0.128490000963211,0.1413449943065643,0.1282459944486618,0.1368380039930343,913773124
2022-02-22,0.1315529942512512,0.1316960006952285,0.1253650039434433,0.128488004207611,711967119
2022-02-23,0.1278460025787353,0.1353369951248169,0.1278460025787353,0.1315609961748123,587472906
2022-02-24,0.1238130033016204,0.1278509944677353,0.109554998576641,0.127820998430252,2046477370
2022-02-25,0.1275759935379028,0.1281809955835342,0.1209829971194267,0.1238429993391037,805161073
2022-02-26,0.1276469975709915,0.1300709992647171,0.1261990070343017,0.1275680065155029,535575654
2022-02-27,0.1231110021471977,0.1282349973917007,0.1220529973506927,0.1276389956474304,592809151
2022-02-28,0.1331560015678405,0.1344790011644363,0.1219540014863014,0.1231179982423782,765755924
2022-03-01,0.1339379996061325,0.1377300024032592,0.1304620057344436,0.1331740021705627,876604512
2022-03-02,0.1329900026321411,0.1362140029668808,0.1312319934368133,0.1339640021324157,709536320
2022-03-03,0.129610002040863,0.133649006485939,0.127810001373291,0.1329980045557022,518193386
2022-03-04,0.122590996325016,0.1298560053110122,0.1215440034866333,0.1296309977769851,650665594
2022-03-05,0.1249959990382194,0.1253750026226043,0.1215720027685165,0.1226140037178993,334091552
2022-03-06,0.1207659989595413,0.1256110072135925,0.1203840002417564,0.1250250041484832,400458464
2022-03-07,0.1171049997210502,0.1225629970431327,0.1150150001049041,0.1207690015435218,513014829
2022-03-08,0.117028996348381,0.1197239980101585,0.1158379986882209,0.1171059980988502,491414294
2022-03-09,0.1215879991650581,0.1237339973449707,0.1167659983038902,0.1170469969511032,519157507
2022-03-10,0.1168849989771843,0.1216119974851608,0.1155320033431053,0.1215720027685165,513641345
2022-03-11,0.1156020015478134,0.1182930022478103,0.1145699992775917,0.1168930009007453,388727358
2022-03-12,0.1151359975337982,0.1172389984130859,0.1151319965720176,0.1156079992651939,235277001
2022-03-13,0.1116079986095428,0.1162310019135475,0.1106859967112541,0.1150799989700317,373430106
2022-03-14,0.11404799669981,0.1189669966697692,0.1108170002698898,0.1116070002317428,822092169
2022-03-15,0.1127839982509613,0.1142129972577095,0.1109369993209838,0.1140429973602294,400614617
2022-03-16,0.116907998919487,0.116907998919487,0.1123640015721321,0.1127789989113807,537170937
2022-03-17,0.1165020018815994,0.118709996342659,0.1162810027599334,0.116907000541687,412838814
2022-03-18,0.1193059980869293,0.1193749979138374,0.1145680025219917,0.1164899989962577,410862503
2022-03-19,0.1235689967870712,0.1245729997754097,0.1185299977660179,0.119277998805046,628081786
2022-03-20,0.1191539987921714,0.1239190027117729,0.1179910004138946,0.1235790029168129,428111799
2022-03-21,0.1193389967083931,0.1213319972157478,0.118306003510952,0.1191459968686103,439486516
2022-03-22,0.1224810034036636,0.1253499984741211,0.1190140023827552,0.1193329989910125,610507111
2022-03-23,0.1297270059585571,0.1307130008935928,0.1213610023260116,0.1224870011210441,998922753
2022-03-24,0.1365499943494796,0.1406050026416778,0.1284549981355667,0.129721999168396,2017926806
2022-03-25,0.1310130059719085,0.1372749954462051,0.1287820041179657,0.1366029977798462,882486375
2022-03-26,0.1358679980039596,0.1364949941635131,0.1298779994249344,0.1310099959373474,610401998
2022-03-27,0.1447319984436035,0.1448580026626587,0.1357029974460601,0.135900005698204,1445019558
2022-03-28,0.142656996846199,0.1527370065450668,0.1424569934606552,0.1447249948978424,1476875507
2022-03-29,0.1444700062274933,0.1485590040683746,0.1412899941205978,0.1425569951534271,961074557
2022-03-30,0.1432099938392639,0.1449970006942749,0.1398800015449524,0.144455999135971,884305263
2022-03-31,0.13782599568367,0.1472200006246566,0.1371719986200332,0.1431840062141418,1055136949
2022-04-01,0.1413149982690811,0.1423940062522888,0.1332090049982071,0.137922003865242,877530017
2022-04-02,0.1389130055904388,0.1440690010786056,0.1388819962739944,0.1413100063800811,682408266
2022-04-03,0.1464529931545257,0.1485580056905746,0.1370880007743835,0.1389030069112777,1047399132
2022-04-04,0.1485909968614578,0.1553120017051696,0.1420080065727234,0.1464129984378814,2253509569
2022-04-05,0.1729069948196411,0.1780450046062469,0.1477269977331161,0.1486140042543411,5230288678
2022-04-06,0.1434170007705688,0.1734970062971115,0.1432909965515136,0.1724849939346313,3729047979
2022-04-07,0.1461019963026046,0.1480280011892318,0.1413120031356811,0.143432006239891,1420790611
2022-04-08,0.142548993229866,0.1527159959077835,0.1416079998016357,0.1461060047149658,1683800631
2022-04-09,0.1443029940128326,0.1444620043039322,0.141415998339653,0.1425440013408661,523997409
2022-04-10,0.1495350003242492,0.1569720059633255,0.1438630074262619,0.1443040072917938,1931829669
2022-04-11,0.1346540004014969,0.1512919962406158,0.1338180005550384,0.1493739932775497,1515679359
2022-04-12,0.1380760073661804,0.1441220045089721,0.1342429965734481,0.1346520036458969,1214105682
2022-04-13,0.1400800049304962,0.1426080018281936,0.1370670050382614,0.1380700021982193,890728707
2022-04-14,0.1439200043678283,0.1466329991817474,0.1381009966135025,0.1400530040264129,1759067761
2022-04-15,0.146026000380516,0.1492870002985,0.142766997218132,0.1439169943332672,1140382087
2022-04-16,0.1437119990587234,0.1478109955787658,0.1420930027961731,0.1460170000791549,584019179
2022-04-17,0.1394589990377426,0.1447090059518814,0.1389950066804886,0.1436930000782013,636442285
2022-04-18,0.1402859985828399,0.1404609978199005,0.1343840062618255,0.1394709944725036,909718484
2022-04-19,0.1426649987697601,0.1441410034894943,0.139500007033348,0.140296995639801,679511647
2022-04-20,0.1408780068159103,0.1462409943342209,0.1395950019359588,0.1426769942045211,1068542289
2022-04-21,0.136364996433258,0.1424479931592941,0.1352549940347671,0.140867993235588,740549793
2022-04-22,0.1363950073719024,0.1379079967737198,0.1349849998950958,0.1363569945096969,505251263
2022-04-23,0.1342409998178482,0.1364949941635131,0.1338099986314773,0.1363870054483413,349740069
2022-04-24,0.1319469958543777,0.1346900016069412,0.1315020024776458,0.1342020034790039,436620221
2022-04-25,0.1579589992761612,0.1677349954843521,0.1238690018653869,0.1319359987974167,5177823685
2022-04-26,0.1377670019865036,0.1652780026197433,0.1374240070581436,0.1577769964933395,4529010503
2022-04-27,0.1396999955177307,0.1454049944877624,0.1362719982862472,0.1378470063209533,1765370972
2022-04-28,0.137363001704216,0.1426180005073547,0.1360580027103424,0.1396909952163696,1105137506
2022-04-29,0.1350270062685012,0.1446429938077926,0.134099006652832,0.137375995516777,1555397213
2022-04-30,0.1275569945573806,0.1365280002355575,0.126239001750946,0.1350329965353012,916612071
2022-05-01,0.1327729970216751,0.1348209977149963,0.1275330036878585,0.127589002251625,991710768
2022-05-02,0.1309379935264587,0.1337829977273941,0.1282999962568283,0.1327939927577972,769062732
2022-05-03,0.1295199990272522,0.1318330019712448,0.1273989975452423,0.1309349983930587,555706527
2022-05-04,0.1358090043067932,0.1358090043067932,0.1293130069971084,0.129513993859291,838050627
2022-05-05,0.1284299939870834,0.1373129934072494,0.1266970038414001,0.1358129978179931,1258066467
2022-05-06,0.1279010027647018,0.1293050050735473,0.1245660036802291,0.1284029930830001,839005988
2022-05-07,0.1275320053100586,0.1319199949502945,0.1253650039434433,0.1278900057077407,746383231
2022-05-08,0.1242069974541664,0.1280169934034347,0.1239740028977394,0.1275269985198974,728953161
2022-05-09,0.104823999106884,0.1251360028982162,0.104823999106884,0.1242000013589859,1353326367
2022-05-10,0.1084769964218139,0.1177750006318092,0.1008810028433799,0.1047080010175705,1723066438
2022-05-11,0.0845810025930404,0.11056499928236,0.0800359994173049,0.1084489971399307,2556008051
2022-05-12,0.0826710015535354,0.089028000831604,0.0700369998812675,0.0846360027790069,2631064083
2022-05-13,0.0883309990167617,0.0942540019750595,0.0823709964752197,0.0826390013098716,1444350618
2022-05-14,0.0897959992289543,0.0915979966521263,0.0844829976558685,0.0883409976959228,902479951
2022-05-15,0.0928430035710334,0.0928430035710334,0.0868759974837303,0.0897850021719932,651900826
2022-05-16,0.0878409966826438,0.0930610001087188,0.0864280015230178,0.0928670018911361,606521740
2022-05-17,0.0902130007743835,0.0911120027303695,0.0874840021133422,0.0878359973430633,560800173
2022-05-18,0.0836490020155906,0.0907969996333122,0.0836490020155906,0.0902210026979446,558257804
2022-05-19,0.0867229998111724,0.0871239975094795,0.0820870026946067,0.083635002374649,613801947
2022-05-20,0.083976998925209,0.0877500027418136,0.0828590020537376,0.0867189988493919,518556378
2022-05-21,0.0844630002975463,0.0851100012660026,0.0829320028424263,0.0839719995856285,335246011
2022-05-22,0.0861049965023994,0.0864799991250038,0.0840580016374588,0.0844480022788047,375026021
2022-05-23,0.0832530036568641,0.0881099998950958,0.0828580036759376,0.0860840007662773,507385171
2022-05-24,0.083636999130249,0.084316998720169,0.0808110013604164,0.0832670032978057,462415724
2022-05-25,0.0829849988222122,0.0843380019068718,0.0823189988732338,0.0836279988288879,419834752
2022-05-26,0.0782520025968551,0.0835999995470047,0.0760649964213371,0.0829939991235733,711890873
2022-05-27,0.081335000693798,0.0853839963674545,0.0765819996595382,0.0782110020518302,1310057650
2022-05-28,0.0818390026688575,0.0830480009317398,0.0811510011553764,0.0822480022907257,535539620
2022-05-29,0.082685999572277,0.0830340012907981,0.0802989974617958,0.0818379968404769,394962471
2022-05-30,0.0878710001707077,0.0882750004529953,0.0822689980268478,0.0826840028166771,690696756
2022-05-31,0.0858649984002113,0.0882299989461898,0.0836120024323463,0.0878650024533271,672444588
2022-06-01,0.081055998802185,0.0886470004916191,0.0798069983720779,0.0858549997210502,830748610
2022-06-02,0.0827720016241073,0.0830070003867149,0.0804169997572898,0.0810519978404045,434510607
2022-06-03,0.0804419964551925,0.082856997847557,0.079755999147892,0.0827770009636879,403339248
2022-06-04,0.0817769989371299,0.0823369994759559,0.0797270014882087,0.0804539993405342,350329772
2022-06-05,0.0812290012836456,0.0821380019187927,0.080835998058319,0.0817760005593299,282624184
2022-06-06,0.0825299993157386,0.0845590010285377,0.0811259970068931,0.081225000321865,503707292
2022-06-07,0.0805130004882812,0.0825299993157386,0.0783319994807243,0.0825299993157386,509642725
2022-06-08,0.0794389992952346,0.0814199969172477,0.0791559964418411,0.0804919973015785,328046389
2022-06-09,0.0793360024690628,0.0808980017900466,0.0790819972753524,0.0794359967112541,274673852
2022-06-10,0.0754539966583252,0.0795210003852844,0.0748040005564689,0.0793349966406822,431520761
2022-06-11,0.0698949992656707,0.0763989984989166,0.0685959979891777,0.0754719972610473,497184012
2022-06-12,0.0643360018730163,0.0703449994325637,0.06386099755764,0.0699189975857734,708156957
2022-06-13,0.0539209991693496,0.0657019987702369,0.0530019998550415,0.0642749965190887,1465281537
2022-06-14,0.0555920004844665,0.0581540018320083,0.0502669997513294,0.0539410002529621,908921329
2022-06-15,0.0630000010132789,0.0634720027446746,0.050670001655817,0.0555769987404346,1122284662
2022-06-16,0.0550290010869503,0.0629770010709762,0.0545080006122589,0.0629770010709762,724479688
2022-06-17,0.0569950006902217,0.0579110011458396,0.0548980012536048,0.0550470016896724,383830484
2022-06-18,0.0530119985342025,0.0577550008893013,0.049720000475645,0.0569790005683898,652345943
2022-06-19,0.0603960007429122,0.0624720007181167,0.0513079985976219,0.053006999194622,1166163984
2022-06-20,0.0601769983768463,0.0611569993197917,0.0577070005238056,0.0603989996016025,499018791
2022-06-21,0.0655710026621818,0.0693240016698837,0.0593149997293949,0.0601750016212463,1051899538
2022-06-22,0.0617109984159469,0.0657510012388229,0.0613889992237091,0.0656059980392456,633619298
2022-06-23,0.0640320032835006,0.0646149963140487,0.0617030002176761,0.0617030002176761,434169751
2022-06-24,0.0671240016818046,0.0681620016694068,0.0640039965510368,0.064019002020359,514729444
2022-06-25,0.0685029998421669,0.0691120028495788,0.0653840005397796,0.067110002040863,432671864
2022-06-26,0.0731770023703575,0.0769660025835037,0.0675040036439895,0.0684880018234252,883689355
2022-06-27,0.0722389966249466,0.0783889964222908,0.0710180029273033,0.0731540024280548,962250061
2022-06-28,0.0659570023417472,0.0729509964585304,0.0657230019569397,0.072221003472805,534793983
2022-06-29,0.0694679990410804,0.0713350027799606,0.0646350011229515,0.0659959986805915,592828738
2022-06-30,0.0660860016942024,0.0695130005478859,0.0627460032701492,0.0694810003042221,566648029
2022-07-01,0.0661749988794326,0.0678619965910911,0.0642239972949028,0.0662079975008964,472441458
2022-07-02,0.0666979998350143,0.0676919966936111,0.065932996571064,0.0662050023674964,352589827
2022-07-03,0.0671790018677711,0.0673559978604316,0.0651109963655471,0.0666979998350143,280878240
2022-07-04,0.069472000002861,0.0696050003170967,0.0659269988536834,0.0671740025281906,379581122
2022-07-05,0.0671550035476684,0.0698409974575042,0.0656969994306564,0.0694309994578361,403220687
2022-07-06,0.068582996726036,0.0690580010414123,0.0664480030536651,0.06717199832201,398926503
2022-07-07,0.0706209987401962,0.0711240023374557,0.0680529996752739,0.0685790032148361,402591742
2022-07-08,0.0692569985985755,0.0730089992284774,0.0685409978032112,0.0706180036067962,444369733
2022-07-09,0.0695120021700859,0.0700090005993843,0.0689949989318847,0.0692239999771118,254272147
2022-07-10,0.0672629997134208,0.0695089995861053,0.0665329992771148,0.0695089995861053,299810124
2022-07-11,0.0618470013141632,0.0672679990530014,0.0615350008010864,0.0672679990530014,326125900
2022-07-12,0.0600869990885257,0.0628610029816627,0.0600869990885257,0.0618509985506534,298462083
2022-07-13,0.0619530007243156,0.0620109997689724,0.058398000895977,0.0600849986076355,446505400
2022-07-14,0.0623940005898475,0.0626320019364357,0.0597410015761852,0.0619329996407032,348090510
2022-07-15,0.0630419999361038,0.0642590001225471,0.0617469996213912,0.062399998307228,374357844
2022-07-16,0.0642800033092498,0.0647249966859817,0.0618700012564659,0.0630370005965232,279644299
2022-07-17,0.0631069988012313,0.0653939992189407,0.0631010010838508,0.0642879977822303,249697026
2022-07-18,0.0677149966359138,0.0686739981174469,0.0631140023469924,0.0631140023469924,564795959
2022-07-19,0.0690129995346069,0.0698999986052513,0.0657519996166229,0.0676899999380111,552211168
2022-07-20,0.0701199993491172,0.0765739977359771,0.0679280012845993,0.0690149962902069,1019375521
2022-07-21,0.0699599981307983,0.0707319974899292,0.0672369971871376,0.0701240003108978,492434239
2022-07-22,0.067562997341156,0.0712699964642524,0.06700299680233,0.0699699968099594,479456105
2022-07-23,0.0681240037083625,0.0693320035934448,0.0662769973278045,0.0675309970974922,427922351
2022-07-24,0.0677239969372749,0.0688539966940879,0.0675889998674392,0.0681160017848014,369141492
2022-07-25,0.0623060017824173,0.0678799971938133,0.0623060017824173,0.0677160024642944,448572441
2022-07-26,0.0625120028853416,0.0625120028853416,0.0604249984025955,0.0623189993202686,416488015
2022-07-27,0.0670209974050521,0.0670209974050521,0.0618860013782978,0.0625139996409416,499204589
2022-07-28,0.0691080018877983,0.0705770030617713,0.065591000020504,0.0670310035347938,650983024
2022-07-29,0.0689089968800544,0.072003997862339,0.0675489977002143,0.0691040009260177,696887711
2022-07-30,0.069643996655941,0.0739099979400634,0.0681859999895095,0.0689050033688545,760571682
2022-07-31,0.0682720020413398,0.0720280036330223,0.0680539980530738,0.069641999900341,521194035
2022-08-01,0.0687249973416328,0.0707210004329681,0.0671869963407516,0.0682659968733787,444088167
2022-08-02,0.0666939988732338,0.0688960030674934,0.0658089965581893,0.0687080025672912,336642237
2022-08-03,0.0661950036883354,0.0683199986815452,0.0655160024762153,0.0666920021176338,286819387
2022-08-04,0.0673570036888122,0.0675019994378089,0.0660070031881332,0.0661970004439354,256457805
2022-08-05,0.0697650015354156,0.0701169967651367,0.0672560036182403,0.0673329979181289,336216727
2022-08-06,0.0686739981174469,0.0709989964962005,0.0685859993100166,0.0697659999132156,277979112
2022-08-07,0.0689399987459182,0.0698990002274513,0.0677469968795776,0.0686689987778663,204862521
2022-08-08,0.0700550004839897,0.0720579996705055,0.0689229965209961,0.0689459964632988,399183407
2022-08-09,0.0691249966621398,0.0738859996199607,0.068461999297142,0.0700609982013702,611327142
2022-08-10,0.0711949989199638,0.0713090002536773,0.0673889964818954,0.0691189989447593,431172729
2022-08-11,0.0709299966692924,0.0746460035443306,0.0707269981503486,0.0712049975991249,563908591
2022-08-12,0.0723450034856796,0.0724800005555152,0.0700270012021064,0.070931002497673,320410367
2022-08-13,0.0728399977087974,0.0748599991202354,0.0719510018825531,0.072343997657299,446287445
2022-08-14,0.0816870033740997,0.0840130001306533,0.0727540031075477,0.0728560015559196,1530403447
2022-08-15,0.0767199993133544,0.0818200036883354,0.0751509964466095,0.0816980004310607,855017472
2022-08-16,0.0869639962911605,0.088638998568058,0.076393999159336,0.0766950026154518,1947377918
2022-08-17,0.080154001712799,0.0881130024790763,0.079926997423172,0.0869330018758773,996272861
2022-08-18,0.0750790014863014,0.0820870026946067,0.0749889984726905,0.0801739990711212,621394159
2022-08-19,0.0679389983415603,0.0751829966902732,0.0675359964370727,0.075044997036457,965543533
2022-08-20,0.0695400014519691,0.0709609985351562,0.0678969994187355,0.0678969994187355,537299425
2022-08-21,0.0694480016827583,0.0706460028886795,0.0678469985723495,0.0695289969444274,421455865
2022-08-22,0.0683910027146339,0.0694890022277832,0.0656059980392456,0.0694409981369972,453413439
2022-08-23,0.0687699988484382,0.0691689997911453,0.0672129988670349,0.0683950036764144,335476543
2022-08-24,0.0679899975657463,0.0694150030612945,0.0672980025410652,0.0687709972262382,345474347
2022-08-25,0.0690940022468566,0.0715790018439292,0.0679569989442825,0.0679910033941268,469798193
2022-08-26,0.063571996986866,0.0692960023880004,0.0632539987564086,0.069081999361515,620512451
2022-08-27,0.0635870024561882,0.0640650019049644,0.0626069977879524,0.063570998609066,380887727
2022-08-28,0.0617859996855258,0.0642680004239082,0.0617859996855258,0.0635579973459243,295086067
2022-08-29,0.0638870000839233,0.0639820024371147,0.0612460002303123,0.0617530010640621,315005254
2022-08-30,0.061524998396635,0.0644079968333244,0.0605500005185604,0.0638990029692649,328934727
2022-08-31,0.0613300018012523,0.0633329972624778,0.0610579997301101,0.0615339986979961,309748693
2022-09-01,0.0623719990253448,0.0624790005385875,0.0601940006017684,0.0613359995186328,328765413
2022-09-02,0.061634998768568,0.0627119988203048,0.0609470009803772,0.0623719990253448,273453013
2022-09-03,0.0626939982175827,0.0636010020971298,0.0613440014421939,0.0616290010511875,297123402
2022-09-04,0.0632259994745254,0.0637139976024627,0.0620659999549388,0.0626970008015632,250044436
2022-09-05,0.0627380013465881,0.0636399984359741,0.0612969994544982,0.063230000436306,231918999
2022-09-06,0.0589830018579959,0.064641997218132,0.0586519986391067,0.0627499967813491,471485708
2022-09-07,0.0611039996147155,0.0614500008523464,0.0579439997673034,0.0589639991521835,324781387
2022-09-08,0.0609770007431507,0.0612929984927177,0.0599230006337165,0.0610890015959739,268099702
2022-09-09,0.064018003642559,0.0646219998598098,0.0609339997172355,0.0609739981591701,487988732
2022-09-10,0.0647760033607482,0.0652410015463829,0.0634040012955665,0.0640090033411979,413101249
2022-09-11,0.0637139976024627,0.0651869997382164,0.06300999969244,0.0647709965705871,327741964
2022-09-12,0.0639050006866455,0.0651940032839775,0.0628779977560043,0.0637150034308433,383630739
2022-09-13,0.0601290017366409,0.0639809966087341,0.0595239996910095,0.0639029964804649,461644993
2022-09-14,0.0611729994416236,0.0614250004291534,0.0595420002937316,0.0597169995307922,369554274
2022-09-15,0.0587910003960132,0.0612110011279583,0.0587849989533424,0.0611680001020431,327176374
2022-09-16,0.0604230016469955,0.0604230016469955,0.0584530010819435,0.0587919987738132,247011315
2022-09-17,0.0622100010514259,0.062314998358488,0.0603299997746944,0.0604300014674663,209604119
2022-09-18,0.0575199984014034,0.0622100010514259,0.0572380013763904,0.0622100010514259,265405124
2022-09-19,0.0586120001971721,0.0587439984083175,0.0561800003051757,0.0575190000236034,301268389
2022-09-20,0.0584169998764991,0.0602619983255863,0.0577379986643791,0.0586120001971721,294929293
2022-09-21,0.0574040003120899,0.060478001832962,0.056377999484539,0.05842300131917,406017754
2022-09-22,0.0595990009605884,0.0598380006849765,0.0569449998438358,0.0573859997093677,241738855
2022-09-23,0.0633359998464584,0.0640320032835006,0.0595650002360343,0.0595929995179176,704823247
2022-09-24,0.0632340013980865,0.0679730027914047,0.0630289986729621,0.0633329972624778,969527521
2022-09-25,0.0611519999802112,0.063679002225399,0.0604569986462593,0.0632229968905448,367453955
2022-09-26,0.0610890015959739,0.0617970004677772,0.0600510016083717,0.0611670017242431,323710024
2022-09-27,0.0606090016663074,0.0629310011863708,0.0599270015954971,0.0610839985311031,337427597
2022-09-28,0.060623001307249,0.061039000749588,0.0587540008127689,0.0605969987809658,277399298
2022-09-29,0.0607279986143112,0.0610359981656074,0.0594229996204376,0.060623999685049,229157795
2022-09-30,0.0616529993712902,0.0620400011539459,0.0599579997360706,0.0607380010187625,369084722
2022-10-01,0.0606269985437393,0.0628060027956962,0.0604000017046928,0.0616500005125999,347895211
2022-10-02,0.0592879988253116,0.0609080009162426,0.059128001332283,0.0606280006468296,198168354
2022-10-03,0.0603840015828609,0.0604670010507106,0.059078000485897,0.0592870004475116,195766522
2022-10-04,0.0659620016813278,0.0662520006299018,0.0600409992039203,0.0603809989988803,826424315
2022-10-05,0.0647350028157234,0.0664649978280067,0.0629969984292984,0.0659380033612251,606625264
2022-10-06,0.0634440034627914,0.0666180029511451,0.0632229968905448,0.0647400021553039,387962671
2022-10-07,0.0624089986085891,0.0637170001864433,0.0615699999034404,0.0634490028023719,299717356
2022-10-08,0.0616779997944831,0.0625760033726692,0.0613810010254383,0.06241400167346,169254316
2022-10-09,0.0621559992432594,0.0623419992625713,0.0612920001149177,0.0616719983518123,158280272
2022-10-10,0.0595129989087581,0.0624690018594265,0.0595129989087581,0.0621509999036788,254559947
2022-10-11,0.060258001089096,0.0606530010700225,0.0578869991004467,0.0595079995691776,295967661
2022-10-12,0.0598810017108917,0.0608659982681274,0.0595399998128414,0.060258999466896,199133108
2022-10-13,0.059673998504877,0.0601590014994144,0.0557410009205341,0.0598709993064403,466439562
2022-10-14,0.0586429983377456,0.0609430000185966,0.0583150014281272,0.0596660003066062,242691429
2022-10-15,0.0585799999535083,0.0595670007169246,0.0581459999084472,0.0586379989981651,182208164
2022-10-16,0.0589139983057975,0.0594150014221668,0.0585829988121986,0.0585829988121986,162246280
2022-10-17,0.0599349997937679,0.0600569993257522,0.0586250014603138,0.0589129999279975,174261450
2022-10-18,0.0597760006785392,0.0607730001211166,0.0587520003318786,0.0599349997937679,239236218
2022-10-19,0.058713000267744,0.0606799982488155,0.058628000319004,0.0597789995372295,287297160
2022-10-20,0.0595359988510608,0.0602370016276836,0.0584490001201629,0.0587109997868537,241388629
2022-10-21,0.059333998709917,0.0595260001718997,0.0574179999530315,0.0595260001718997,224787600
2022-10-22,0.0596939995884895,0.0598459988832473,0.0591839998960495,0.0593370012938976,159431212
2022-10-23,0.0603469982743263,0.0603789985179901,0.0589269995689392,0.0596829988062381,182523575
2022-10-24,0.0595059990882873,0.0608140006661415,0.0588579997420311,0.0603410005569458,226574582
2022-10-25,0.0628819987177848,0.0640489980578422,0.0592270009219646,0.0595020018517971,475512798
2022-10-26,0.0728000029921531,0.0732740014791488,0.0627600029110908,0.0628560036420822,1357027720
2022-10-27,0.0770180001854896,0.0848250016570091,0.0720330029726028,0.0727989971637725,2652784687
2022-10-28,0.0838970020413398,0.0879010036587715,0.0729300007224083,0.0770279988646507,3172500998
2022-10-29,0.1216029971837997,0.1493919938802719,0.0833870023488998,0.0839330032467842,12157642295
2022-10-30,0.1178020015358924,0.1416569948196411,0.1128920018672943,0.1216439977288246,7908593943
2022-10-31,0.1270260065793991,0.1302450001239776,0.1150759980082511,0.1177520006895065,5814247122
2022-11-01,0.1425749957561493,0.1572030037641525,0.1251769959926605,0.1269849985837936,7877293443
2022-11-02,0.1278299987316131,0.1473910063505172,0.1240670010447502,0.1425240039825439,4675647398
2022-11-03,0.1225920021533966,0.1359899938106537,0.1214110031723976,0.1278010010719299,2570574344
2022-11-04,0.1262799948453903,0.128599002957344,0.1164449974894523,0.1225550025701522,2957002544
2022-11-05,0.124388001859188,0.1351449936628341,0.1233920007944107,0.1262789964675903,1907421740
2022-11-06,0.114606000483036,0.1267019957304,0.1136339977383613,0.1243819966912269,1316810628
2022-11-07,0.1112990006804466,0.1185770034790039,0.108814001083374,0.1146259978413581,1337977256
2022-11-08,0.0884099975228309,0.1122960001230239,0.080654002726078,0.1112779974937439,3545838435
2022-11-09,0.0742880031466484,0.0910959988832473,0.0721089988946914,0.0884049981832504,2807794508
2022-11-10,0.0897890031337738,0.0932559967041015,0.0737349987030029,0.0742959976196289,2421832556
2022-11-11,0.0848850011825561,0.0918650031089782,0.081396996974945,0.0897789970040321,1305192050
2022-11-12,0.0880390033125877,0.0939939990639686,0.0793000012636184,0.0849089995026588,1842469589
2022-11-13,0.0848930031061172,0.0911369994282722,0.0838100016117096,0.0880530029535293,949584216
2022-11-14,0.0858789980411529,0.0907739996910095,0.0801009982824325,0.084926001727581,1212678659
2022-11-15,0.0869709998369216,0.088919997215271,0.0853599980473518,0.0858789980411529,640084422
2022-11-16,0.0855830013751983,0.090658999979496,0.0839859992265701,0.0869639962911605,712826081
2022-11-17,0.0847650021314621,0.0869539976119995,0.0831779986619949,0.0855939984321594,461654197
2022-11-18,0.0846719965338707,0.0865039974451065,0.083805002272129,0.0847639963030815,337485766
2022-11-19,0.0845810025930404,0.0849049985408783,0.0833870023488998,0.0846719965338707,246661551
2022-11-20,0.077174000442028,0.0856819972395896,0.0770429968833923,0.0845820009708404,499031478
2022-11-21,0.0747110024094581,0.0771880000829696,0.072403997182846,0.077174998819828,660061266
2022-11-22,0.0784879997372627,0.0789629966020584,0.0734070017933845,0.0747079998254776,556392479
2022-11-23,0.081785999238491,0.0831279978156089,0.077965997159481,0.0785000026226043,529744394
2022-11-24,0.0814810022711753,0.0836659967899322,0.0807589963078498,0.0817919969558715,360326829
2022-11-25,0.0894749984145164,0.0909899994730949,0.0809369981288909,0.0814689993858337,1022484210
2022-11-26,0.0889879986643791,0.0947400033473968,0.0883909985423088,0.0894649997353553,902063657
2022-11-27,0.0987119972705841,0.1064329966902732,0.088978998363018,0.088978998363018,1965264746
2022-11-28,0.0951220020651817,0.0993269979953765,0.091448999941349,0.0986760035157203,1375600313
2022-11-29,0.101852998137474,0.104712001979351,0.0940190032124519,0.0951310023665428,1352427444
2022-11-30,0.1068599969148635,0.1089420020580291,0.1003040000796318,0.1018270030617713,1388624554
2022-12-01,0.1015840023756027,0.1073810011148452,0.1010710000991821,0.1068570017814636,891639200
2022-12-02,0.1021479964256286,0.1032600030303001,0.0976390019059181,0.1015940010547638,776013992
2022-12-03,0.0998239964246749,0.1028229966759681,0.098650999367237,0.1021500006318092,632114946
2022-12-04,0.1042860001325607,0.1052640005946159,0.0998060032725334,0.0998110026121139,759219556
2022-12-05,0.1014740020036697,0.1110119968652725,0.1000630035996437,0.1042520031332969,1051327257
2022-12-06,0.1002779975533485,0.1026270017027854,0.0985080003738403,0.1014799997210502,534648134
2022-12-07,0.0957830026745796,0.100950002670288,0.0950170010328292,0.1002810001373291,622336382
2022-12-08,0.0985400006175041,0.0988740026950836,0.0953669995069503,0.0957849994301796,492909327
2022-12-09,0.0966619998216629,0.0990860015153884,0.096000999212265,0.0985379964113235,423432535
2022-12-10,0.0964569970965385,0.0973559990525245,0.0962579995393753,0.0966629981994628,242190274
2022-12-11,0.0928749963641166,0.0970930010080337,0.0926679968833923,0.0964640006422996,300470314
2022-12-12,0.0902580022811889,0.0930050015449523,0.087287999689579,0.0928720012307167,749817261
2022-12-13,0.0909399986267089,0.094379998743534,0.0877180024981498,0.0902549996972084,766352149
2022-12-14,0.0885140001773834,0.092239998281002,0.0882439985871315,0.0909579992294311,549320298
2022-12-15,0.0847219973802566,0.0887620002031326,0.0844189971685409,0.0885080024600029,412364377
2022-12-16,0.0759420022368431,0.0867310017347335,0.0753879994153976,0.0847219973802566,699338853
2022-12-17,0.0792670026421547,0.0793749988079071,0.0758929997682571,0.075943998992443,495547979
2022-12-18,0.0786409974098205,0.079865001142025,0.0779199972748756,0.0792620033025741,256971055
2022-12-19,0.0714289993047714,0.0793420001864433,0.0709130018949508,0.0786480009555816,581773249
2022-12-20,0.074934996664524,0.0752469971776008,0.0714220032095909,0.071442000567913,438099132
2022-12-21,0.0736790001392364,0.0749640017747879,0.0720100030303001,0.0749320015311241,349830700
2022-12-22,0.0769670009613037,0.0773620009422302,0.0733909979462623,0.0736780017614364,593083646
2022-12-23,0.0771289989352226,0.0786380022764206,0.0767420008778572,0.0769610032439231,398842519
2022-12-24,0.0776479989290237,0.0779760032892227,0.0768179967999458,0.0771280005574226,165055617
2022-12-25,0.0759520009160041,0.0776439979672432,0.0742290019989013,0.0776320025324821,423876257
2022-12-26,0.0757829993963241,0.0763610005378723,0.0747720003128051,0.0759650021791458,248935710
2022-12-27,0.0737240016460418,0.0760219991207122,0.0731310024857521,0.075763002038002,290428818
2022-12-28,0.0703810006380081,0.0738210007548332,0.0700519979000091,0.0737269967794418,496350491
2022-12-29,0.071042001247406,0.0713019967079162,0.0697709992527961,0.0703800022602081,285144119
2022-12-30,0.0684039965271949,0.0713080018758773,0.0669530034065246,0.0710320025682449,419889739
2022-12-31,0.0702940002083778,0.0711089968681335,0.0681620016694068,0.0683939978480339,289371049
2023-01-01,0.0702250003814697,0.0706849992275238,0.0692889988422393,0.0702869966626167,185279750
2023-01-02,0.0714540034532547,0.0724790021777153,0.0693579986691474,0.0702250003814697,405800240
2023-01-03,0.0704680010676384,0.0721969977021217,0.0697740018367767,0.0714560002088546,283398864
2023-01-04,0.0732370018959045,0.0732500031590461,0.0703099966049194,0.0704680010676384,343264145
2023-01-05,0.0715499967336654,0.0750269964337349,0.0714000016450882,0.0732330009341239,424927580
2023-01-06,0.0724700018763542,0.0725700035691261,0.0703440010547638,0.0715550035238266,306914647
2023-01-07,0.072222001850605,0.072843998670578,0.0718759968876838,0.0724690034985542,173703551
2023-01-08,0.0736010000109672,0.0736119970679283,0.0715460032224655,0.0722099989652633,246133445
2023-01-09,0.0757839977741241,0.0792109966278076,0.0732579976320266,0.0735919997096061,853703837
2023-01-10,0.0777290016412735,0.0777309983968734,0.0746899992227554,0.0757689997553825,492952309
2023-01-11,0.0781529992818832,0.0781809985637664,0.0751779973506927,0.077734000980854,394318759
2023-01-12,0.0802860036492347,0.080716997385025,0.0769879966974258,0.0792139992117881,706796194
2023-01-13,0.0844380035996437,0.0849160030484199,0.0791840031743049,0.0802839994430542,575039277
2023-01-14,0.0873230025172233,0.0918700024485588,0.0843620002269744,0.0844390019774437,1101070507
2023-01-15,0.0861309990286827,0.087686002254486,0.0831300020217895,0.0873339995741844,501123418
2023-01-16,0.083636000752449,0.0879039987921714,0.0823080018162727,0.0861269980669021,537067710
2023-01-17,0.0829820036888122,0.0847200006246566,0.0827559977769851,0.0836519971489906,366437449
2023-01-18,0.0801910012960434,0.0894580036401748,0.0801739990711212,0.0829780027270317,1094371447
2023-01-19,0.0816600024700164,0.0820519998669624,0.0801320001482963,0.0801709964871406,337970684
2023-01-20,0.0864029973745346,0.0867599993944168,0.0807669982314109,0.0816489979624748,444441989
2023-01-21,0.0847650021314621,0.0887060016393661,0.0847610011696815,0.0864079967141151,716057148
2023-01-22,0.0883039981126785,0.0928919985890388,0.0847709998488426,0.0847709998488426,794717541
2023-01-23,0.0886050015687942,0.0911500006914138,0.0873270034790039,0.0883100032806396,661273714
2023-01-24,0.0839499980211258,0.0905919969081878,0.0836599990725517,0.088577002286911,559881331
2023-01-25,0.0865940004587173,0.0878800004720687,0.0824460014700889,0.0839660018682479,542521010
2023-01-26,0.0863730013370513,0.0873579978942871,0.085548996925354,0.086568996310234,424196515
2023-01-27,0.0871229991316795,0.0877460017800331,0.0845249965786933,0.0863649994134903,400056534
2023-01-28,0.0877880007028579,0.092969000339508,0.0871239975094795,0.0871239975094795,642333816
2023-01-29,0.0902329981327056,0.0908590033650398,0.0875440016388893,0.0877830013632774,458157342
2023-01-30,0.0883369967341423,0.0918369963765144,0.0853990018367767,0.0902210026979446,787132771
2023-01-31,0.0961669981479644,0.0973350033164024,0.0883290022611618,0.0883290022611618,1542889216
2023-02-01,0.0941710025072097,0.0965989977121353,0.0887520015239715,0.0961569994688034,1110308356
2023-02-02,0.0909790024161338,0.0957529991865158,0.0909570008516311,0.0941449999809265,776556390
2023-02-03,0.0929870009422302,0.0932089984416961,0.0906670019030571,0.0909840017557144,548668917
2023-02-04,0.095781996846199,0.0995299965143203,0.0926629975438118,0.0929749980568885,1071858301
2023-02-05,0.0920950025320053,0.0967260003089904,0.0909660011529922,0.0957470014691352,753364305
2023-02-06,0.0895489975810051,0.0930970013141632,0.0890619978308677,0.0921040028333664,488311044
2023-02-07,0.0925759971141815,0.0926339998841285,0.0895180031657219,0.089537002146244,512569389
2023-02-08,0.0901559963822364,0.093138001859188,0.0891690030694007,0.0925640016794204,462925887
2023-02-09,0.0814799964427948,0.0907580032944679,0.0801720023155212,0.0901629999279975,819008026
2023-02-10,0.0810900032520294,0.0828799977898597,0.0804150030016899,0.0814789980649948,516764147
2023-02-11,0.0823720023036003,0.082514002919197,0.0807880014181137,0.0810659974813461,244141279
2023-02-12,0.0821439996361732,0.0854189991950988,0.0817420035600662,0.0823550000786781,448723137
2023-02-13,0.0821560025215148,0.0862049981951713,0.0799779966473579,0.0821439996361732,752090969
2023-02-14,0.0835340023040771,0.0836480036377906,0.0812729969620704,0.0821430012583732,427664094
2023-02-15,0.0892909988760948,0.0893549993634224,0.0828320011496543,0.0835350006818771,846713153
2023-02-16,0.0850439965724945,0.0912619978189468,0.0849659964442253,0.0892810001969337,849757697
2023-02-17,0.0877659991383552,0.0884110033512115,0.084706999361515,0.0850550010800361,447263733
2023-02-18,0.0889270007610321,0.0898220017552375,0.0869740024209022,0.0877590030431747,397918582
2023-02-19,0.0869660004973411,0.0897379964590072,0.0862860009074211,0.0889260023832321,505191212
2023-02-20,0.0882079973816871,0.0886270031332969,0.0858530029654502,0.0869939997792244,449906814
2023-02-21,0.0854130014777183,0.0887070000171661,0.0848449990153312,0.0882230028510093,483249308
2023-02-22,0.0855339989066124,0.0874639973044395,0.0832530036568641,0.0854180008172988,765182582
2023-02-23,0.0842920020222663,0.0863690003752708,0.0839319974184036,0.0855349972844123,351385340
2023-02-24,0.0808999985456466,0.0848999992012977,0.0798889994621276,0.0842880010604858,449138535
2023-02-25,0.0807859972119331,0.0817790031433105,0.0790579989552497,0.0809149965643882,316321963
2023-02-26,0.0822020024061203,0.0824730023741722,0.0805770009756088,0.080775998532772,218231642
2023-02-27,0.0813539996743202,0.0822020024061203,0.080204002559185,0.0822020024061203,267030813
2023-02-28,0.0807489976286888,0.082735002040863,0.0802000015974044,0.0813589990139007,370709700
2023-03-01,0.0819640010595321,0.0825639963150024,0.080545000731945,0.0807619988918304,260501052
2023-03-02,0.0805199965834617,0.0821669995784759,0.0798590034246444,0.0819680020213127,225493749
2023-03-03,0.0767770037055015,0.0805720016360282,0.0742349997162818,0.0805250033736229,564252293
2023-03-04,0.0745560005307197,0.0771550014615058,0.0731000006198883,0.0767780020833015,267382234
2023-03-05,0.0747950002551078,0.0759169980883598,0.0744149982929229,0.0745650008320808,215772335
2023-03-06,0.0748049989342689,0.0750610008835792,0.0735519975423812,0.0747900009155273,274994083
2023-03-07,0.0740479975938797,0.0758299976587295,0.0730300024151802,0.0748049989342689,309277502
2023-03-08,0.0711300000548362,0.0742349997162818,0.0707670003175735,0.0740479975938797,321627782
2023-03-09,0.0659869983792305,0.0722030028700828,0.0646279975771904,0.0711319968104362,523758954
2023-03-10,0.0658330023288726,0.0660710036754608,0.0630230009555816,0.0659959986805915,475760293
2023-03-11,0.0665939971804618,0.0681959986686706,0.0644470006227493,0.0658330023288726,449044632
2023-03-12,0.0710010007023811,0.0712499991059303,0.0660689994692802,0.0665820017457008,375272678
2023-03-13,0.0730409994721412,0.0737259984016418,0.0685139968991279,0.0710000023245811,537268873
2023-03-14,0.0747869983315467,0.0776399970054626,0.0717770010232925,0.0730360001325607,652033915
2023-03-15,0.0698660016059875,0.0760580003261566,0.0681409984827041,0.0748049989342689,528466415
2023-03-16,0.0727180019021034,0.0734769999980926,0.0692540034651756,0.0698779970407486,326147102
2023-03-17,0.0765089988708496,0.0772970020771026,0.0718140006065368,0.072731003165245,485591017
2023-03-18,0.0730499997735023,0.0787639990448951,0.0729459971189498,0.0765099972486496,517840653
2023-03-19,0.07481300085783,0.0766019970178604,0.0730409994721412,0.0730409994721412,338882489
2023-03-20,0.0714870020747184,0.0756080001592636,0.0710219964385032,0.0748070031404495,409238948
2023-03-21,0.076894000172615,0.0774770006537437,0.0708620026707649,0.071491003036499,631254174
2023-03-22,0.0739990025758743,0.0776429995894432,0.0721340030431747,0.0768700018525123,693511781
2023-03-23,0.0774120017886161,0.0789339989423751,0.073294997215271,0.0739959999918937,637122733
2023-03-24,0.0746800005435943,0.0774900019168853,0.0733880028128624,0.077403999865055,396748009
2023-03-25,0.0740439966320991,0.0759140029549598,0.072963997721672,0.0746819972991943,286831067
2023-03-26,0.0744170024991035,0.075375996530056,0.0737209990620613,0.0740550011396408,228916506
2023-03-27,0.0728949978947639,0.0758310034871101,0.0717559978365898,0.0744260028004646,435284210
2023-03-28,0.0738229975104332,0.0739250034093856,0.0719370022416114,0.0728989988565445,276514415
2023-03-29,0.0756269991397857,0.0767330005764961,0.0736420005559921,0.0738240033388137,423884022
2023-03-30,0.0742449983954429,0.0766410008072853,0.0736839994788169,0.0756419971585273,372289117
2023-03-31,0.0770350024104118,0.0777219980955123,0.0738079994916915,0.0742589980363845,378314248
2023-04-01,0.0840509980916976,0.0852790027856826,0.0761440023779869,0.0770249962806701,933070185
2023-04-02,0.0790890008211135,0.0852790027856826,0.0778480023145675,0.0818590000271797,929778146
2023-04-03,0.0960789993405342,0.1026400029659271,0.0766320005059242,0.079086996614933,3497240136
2023-04-04,0.095159001648426,0.1025379970669746,0.0928710028529167,0.0960830003023147,3096545498
2023-04-05,0.0928170010447502,0.0989390015602111,0.0920839980244636,0.0951680019497871,1529520651
2023-04-06,0.0854120030999183,0.0928469970822334,0.0854120030999183,0.0928220003843307,1410995902
2023-04-07,0.08245600014925,0.0860980004072189,0.0818910002708435,0.085437998175621,858234171
2023-04-08,0.0814049988985061,0.0838259980082511,0.0810350030660629,0.0824429988861084,507929909
2023-04-09,0.0832900032401084,0.0838249996304512,0.0813539996743202,0.0814009979367256,454428407
2023-04-10,0.0848520025610923,0.0852719992399215,0.0824699997901916,0.083296999335289,473882914
2023-04-11,0.0842370018362999,0.0857099965214729,0.0838989987969398,0.0848509967327117,472611203
2023-04-12,0.0834330022335052,0.0844290032982826,0.0813189968466758,0.0842370018362999,540510658
2023-04-13,0.0874840021133422,0.0883809998631477,0.0830200016498565,0.0834280028939247,810485328
2023-04-14,0.0887850001454353,0.0911160036921501,0.0858789980411529,0.0874850004911422,1007326042
2023-04-15,0.0889739990234375,0.0904470011591911,0.0876530036330223,0.0887850001454353,463978095
2023-04-16,0.0904719978570938,0.0915149971842765,0.0882309973239898,0.0889680013060569,594760862
2023-04-17,0.091448999941349,0.0945950001478195,0.088577002286911,0.0904819965362548,1360494890
2023-04-18,0.0939889997243881,0.0944949984550476,0.0900859981775283,0.0914580002427101,839983343
2023-04-19,0.0878679975867271,0.0940209999680519,0.086848996579647,0.0939880013465881,1277738666
2023-04-20,0.0839369967579841,0.0929720029234886,0.0829980000853538,0.087857000529766,1950918834
2023-04-21,0.0784789994359016,0.0846289992332458,0.0775170028209686,0.0839340016245842,853137910
2023-04-22,0.080375000834465,0.0809189975261688,0.0783130005002021,0.0784820020198822,396888464
2023-04-23,0.0788199976086616,0.0806280001997947,0.0774369984865188,0.0803800001740455,365182428
2023-04-24,0.0787839964032173,0.0799729973077774,0.0775690004229545,0.0788189992308616,392854009
2023-04-25,0.0798470005393028,0.079925999045372,0.0777560025453567,0.0787829980254173,343833135
2023-04-26,0.0786229968070983,0.0833719968795776,0.0761509984731674,0.0798479989171028,722718207
2023-04-27,0.0801900029182434,0.0809499993920326,0.0785270035266876,0.0786380022764206,435944109
2023-04-28,0.0803639963269233,0.0805760025978088,0.079423002898693,0.0801929980516433,258987983
2023-04-29,0.0816299989819526,0.081845998764038,0.0803029984235763,0.0803660005331039,268639541
2023-04-30,0.0797690004110336,0.0817010030150413,0.0796279981732368,0.0816269963979721,264245527
2023-05-01,0.0788199976086616,0.0799959972500801,0.0776280015707016,0.0797600001096725,325694977
2023-05-02,0.07880599796772,0.0790449976921081,0.0778319984674453,0.0788220018148422,234651604
2023-05-03,0.0797130018472671,0.0805270001292228,0.0773279964923858,0.07880599796772,306950726
2023-05-04,0.0784490033984184,0.0797360017895698,0.0781560018658638,0.079703003168106,255462655
2023-05-05,0.0803899988532066,0.0812920033931732,0.0779099985957145,0.0784519985318183,335482524
2023-05-06,0.0769980028271675,0.0803849995136261,0.0764390006661415,0.0803849995136261,341154511
2023-05-07,0.0767100006341934,0.0774959996342659,0.0766929984092712,0.0769869983196258,205466114
2023-05-08,0.0724729970097541,0.0771069973707199,0.0709460005164146,0.0766969993710517,459549555
2023-05-09,0.0731389969587326,0.073303997516632,0.0722879990935325,0.0724729970097541,249148363
2023-05-10,0.0732259973883628,0.0746079981327056,0.0713199973106384,0.0731429979205131,344464160
2023-05-11,0.0720850005745887,0.0732330009341239,0.0695670023560524,0.0732330009341239,325440313
2023-05-12,0.0724589973688125,0.0725670009851455,0.0697240009903907,0.0720760002732276,365130285
2023-05-13,0.0717770010232925,0.0724610015749931,0.0714730024337768,0.0724610015749931,150685494
2023-05-14,0.0719859972596168,0.0725819990038871,0.0714220032095909,0.0717779994010925,136339325
2023-05-15,0.0720459967851638,0.0734409987926483,0.0711980015039444,0.0719809979200363,225262487
2023-05-16,0.0727289989590644,0.0731379985809326,0.0711819976568222,0.0720489993691444,191614182
2023-05-17,0.0749109983444213,0.0753080025315284,0.0724660009145736,0.0727299973368644,327166551
2023-05-18,0.0735459998250007,0.0749019980430603,0.0719090029597282,0.0749019980430603,308943184
2023-05-19,0.0735270008444786,0.0739559978246688,0.0731619969010353,0.0735350027680397,168839396
2023-05-20,0.0736699998378753,0.0738440006971359,0.0732249990105629,0.0735400021076202,115557983
2023-05-21,0.0721419975161552,0.0739789977669715,0.0720819979906082,0.0736659988760948,142232849
2023-05-22,0.0729980021715164,0.0738679990172386,0.0711330026388168,0.0721440017223358,210015266
2023-05-23,0.0728640034794807,0.0738819986581802,0.0725720003247261,0.0729999989271164,160114643
2023-05-24,0.0707350000739097,0.0728759989142417,0.0700619965791702,0.0728669986128807,240278483
2023-05-25,0.0708749964833259,0.0709649994969368,0.0692239999771118,0.0707340016961097,195452304
2023-05-26,0.0709839984774589,0.0713500007987022,0.0704429969191551,0.0708770006895065,162190615
2023-05-27,0.072682999074459,0.0732870027422905,0.0709149986505508,0.0709820017218589,152865632
2023-05-28,0.0736130028963089,0.0739170014858245,0.0721990019083023,0.0726810023188591,190660985
2023-05-29,0.073184996843338,0.0739189982414245,0.0728309974074363,0.0736159980297088,157791026
2023-05-30,0.0723609998822212,0.0733830034732818,0.0722749978303909,0.073183000087738,248138018
2023-05-31,0.0716599971055984,0.0726329982280731,0.0708419978618621,0.0723619982600212,189603858
2023-06-01,0.071492001414299,0.0721189975738525,0.070882000029087,0.071662001311779,163467169
2023-06-02,0.0726120024919509,0.0731979981064796,0.0711679980158805,0.0714899972081184,172034498
2023-06-03,0.072671003639698,0.0729470029473304,0.0723339989781379,0.0726099982857704,112049190
2023-06-04,0.0724710002541542,0.0732500031590461,0.0724660009145736,0.072672002017498,135558595
2023-06-05,0.0665730014443397,0.0726319998502731,0.0648280009627342,0.0724750012159347,506101788
2023-06-06,0.070372998714447,0.071783997118473,0.066111996769905,0.0665680021047592,428926152
2023-06-07,0.0672999992966651,0.070371001958847,0.0668779984116554,0.070371001958847,278793457
2023-06-08,0.0679659992456436,0.0684259980916976,0.0671539977192878,0.0673020035028457,167825308
2023-06-09,0.0694890022277832,0.0709199979901313,0.0676259994506836,0.067962996661663,274101529
2023-06-10,0.0618599988520145,0.070591002702713,0.0585360005497932,0.0694890022277832,975736541
2023-06-11,0.0615869984030723,0.0625149980187416,0.0613030008971691,0.0618610009551048,235910036
2023-06-12,0.0614590011537075,0.061634998768568,0.060403998941183,0.0615790002048015,210832319
2023-06-13,0.0617230013012886,0.0624530017375946,0.0607639998197555,0.0614590011537075,204620564
2023-06-14,0.0603870004415512,0.062109000980854,0.0589490011334419,0.0617230013012886,248200812
2023-06-15,0.0615030005574226,0.0618249997496604,0.0597960017621517,0.0603890009224414,218623835
2023-06-16,0.0621020011603832,0.0626299977302551,0.0609520003199577,0.0615030005574226,198520116
2023-06-17,0.0622170008718967,0.0628229975700378,0.0618349984288215,0.0621059983968734,153965122
2023-06-18,0.0621670000255107,0.0637490004301071,0.0616049990057945,0.0622139982879161,243548821
2023-06-19,0.0623410008847713,0.0626979991793632,0.0616960003972053,0.0621670000255107,149792820
2023-06-20,0.0630450025200843,0.0630569979548454,0.0609109997749328,0.0623430013656616,190107977
2023-06-21,0.0657040029764175,0.0664699971675872,0.0629649981856346,0.0630450025200843,370299722
2023-06-22,0.0656429976224899,0.0690060034394264,0.0655499994754791,0.0656960010528564,406178282
2023-06-23,0.0681739971041679,0.0696630030870437,0.0655340030789375,0.0656400024890899,319058221
2023-06-24,0.0667420029640197,0.0683090016245842,0.065700002014637,0.068181000649929,276939973
2023-06-25,0.0667639970779419,0.067962996661663,0.0665450021624565,0.0667390003800392,191028870
2023-06-26,0.064749002456665,0.0667850002646446,0.0638789981603622,0.0667539983987808,266917426
2023-06-27,0.0655450001358985,0.0657429993152618,0.0645530000329017,0.0647469982504844,212409649
2023-06-28,0.0626019984483718,0.0655649974942207,0.061583999544382,0.0655499994754791,274764095
2023-06-29,0.0634069964289665,0.0640280023217201,0.0625509992241859,0.0625939965248107,192396033
2023-06-30,0.0664789974689483,0.0667119994759559,0.0626429989933967,0.0634019970893859,489091093
2023-07-01,0.0684780031442642,0.0707890018820762,0.0664680004119873,0.0664810016751289,635045706
2023-07-02,0.0680380016565322,0.0689079985022544,0.066720001399517,0.0684790015220642,374040291
2023-07-03,0.068352997303009,0.0686950013041496,0.0674590021371841,0.0680420026183128,265466622
2023-07-04,0.0689409971237182,0.0714239999651908,0.0679199993610382,0.0683469995856285,493149432
2023-07-05,0.0670330002903938,0.069132000207901,0.0659400001168251,0.0689470022916793,313972996
2023-07-06,0.0650260001420974,0.0684759989380836,0.0650049969553947,0.0670249983668327,281014235
2023-07-07,0.0654250010848045,0.0657970011234283,0.0645530000329017,0.065030001103878,202607383
2023-07-08,0.065760999917984,0.0659570023417472,0.0649709999561309,0.0654210001230239,148945060
2023-07-09,0.0654349997639656,0.0662939995527267,0.0653320029377937,0.065761998295784,146485995
2023-07-10,0.0652429983019828,0.0660319998860359,0.0640090033411979,0.0654369965195655,258321415
2023-07-11,0.0652870014309883,0.0654549971222877,0.064519003033638,0.0652469992637634,151465120
2023-07-12,0.0650710016489029,0.0655699968338012,0.0640000030398368,0.0652879998087883,164499091
2023-07-13,0.0705069974064827,0.0712670013308525,0.0646750032901763,0.0650729984045028,625261655
2023-07-14,0.0685290023684501,0.072731003165245,0.0671980008482933,0.0704990029335022,632033705
2023-07-15,0.0719270035624504,0.0747079998254776,0.0679749995470047,0.0685240030288696,883881437
2023-07-16,0.0695540010929107,0.0721350014209747,0.0693989992141723,0.0719290003180503,389882289
2023-07-17,0.0699049979448318,0.0727519989013671,0.0682549998164177,0.0695580020546913,464403123
2023-07-18,0.068582996726036,0.0702570006251335,0.0677430033683776,0.0699009969830513,284882933
2023-07-19,0.0701590031385421,0.071212001144886,0.0684870034456253,0.0685890018939971,418313611
2023-07-20,0.0705159977078437,0.0710219964385032,0.0684870034456253,0.0701479986310005,574227832
2023-07-21,0.073294997215271,0.0763909965753555,0.0704070031642913,0.0705259963870048,762216251
2023-07-22,0.070432998239994,0.073294997215271,0.0700810030102729,0.073294997215271,353000261
2023-07-23,0.0718189999461174,0.0728039965033531,0.0702200010418891,0.0704350024461746,287153173
2023-07-24,0.0742679983377456,0.0772219970822334,0.0705559998750686,0.0718119964003562,1446707666
2023-07-25,0.0818450003862381,0.0833410024642944,0.0738900005817413,0.0742660015821456,1525713202
2023-07-26,0.0779580026865005,0.0820799991488456,0.0772589966654777,0.0818509981036186,846709085
2023-07-27,0.0775619968771934,0.0797329992055893,0.0769160017371177,0.077964000403881,515430911
2023-07-28,0.0773210003972053,0.0777819976210594,0.0762009993195533,0.0775619968771934,370256171
2023-07-29,0.0801879987120628,0.0813160017132759,0.0770770013332367,0.0773150026798248,466582431
2023-07-30,0.0780609995126724,0.0804390013217926,0.0770390033721923,0.0801900029182434,436209339
2023-07-31,0.0778179988265037,0.07965599745512,0.0771000012755394,0.078063003718853,346973531
2023-08-01,0.0780420005321502,0.0781679973006248,0.076043002307415,0.0778239965438842,369078156
2023-08-02,0.0742129981517791,0.0781949982047081,0.0741000026464462,0.0780379995703697,364508311
2023-08-03,0.0736149996519088,0.0748929977416992,0.0730530023574829,0.0742119997739791,374949368
2023-08-04,0.0734160020947456,0.0747850015759468,0.0727950036525726,0.0736080035567283,307538917
2023-08-05,0.0756860002875328,0.0768029987812042,0.0729980021715164,0.0734170004725456,443213361
2023-08-06,0.0742660015821456,0.0762920007109642,0.0741999968886375,0.0756819993257522,311182997
2023-08-07,0.0734219998121261,0.0754659995436668,0.0723700001835823,0.0742620006203651,346276669
2023-08-08,0.0749860033392906,0.0753839984536171,0.0732100009918212,0.0734250023961067,305594303
2023-08-09,0.075314000248909,0.076053999364376,0.0744630023837089,0.07498399913311,347481441
2023-08-10,0.0758029967546463,0.0767059996724128,0.0751579999923706,0.0753189995884895,341419517
2023-08-11,0.0756660029292106,0.0759830027818679,0.0751670002937316,0.0758050009608268,222363416
2023-08-12,0.0767420008778572,0.0771500021219253,0.075602002441883,0.0756710022687912,301476614
2023-08-13,0.0747829973697662,0.0767889991402626,0.07447300106287,0.0767330005764961,271947904
2023-08-14,0.0747309997677803,0.0764139965176582,0.0739519968628883,0.0747810006141662,347333620
2023-08-15,0.0708630010485649,0.0748089998960495,0.0705119967460632,0.0747240036725997,400240141
2023-08-16,0.0671830028295517,0.0711160004138946,0.0668070018291473,0.0708639994263649,409310897
2023-08-17,0.061184998601675,0.0682509988546371,0.0583400018513202,0.0671849995851516,684430325
2023-08-18,0.0632340013980865,0.0636529996991157,0.0601960010826587,0.061184000223875,488755203
2023-08-19,0.0637580007314682,0.0643839985132217,0.0632089972496032,0.0632369965314865,246572116
2023-08-20,0.0638300031423568,0.0645869970321655,0.0636230036616325,0.0637610033154487,208195392
2023-08-21,0.0625289976596832,0.0639910027384758,0.0613650009036064,0.0638300031423568,277361290
2023-08-22,0.0625990033149719,0.0631889998912811,0.061074998229742,0.0625289976596832,271392247
2023-08-23,0.0637779980897903,0.0645050033926963,0.0625139996409416,0.0625929981470108,293273521
2023-08-24,0.0630360022187233,0.0640050023794174,0.0622260011732578,0.0637800022959709,210634657
2023-08-25,0.0630839988589286,0.0630939975380897,0.0618980005383491,0.0630389973521232,202977283
2023-08-26,0.0628679990768432,0.0632859990000724,0.0627230033278465,0.0630839988589286,127881732
2023-08-27,0.0631709992885589,0.0635320022702217,0.0627570003271102,0.0628670006990432,141407750
2023-08-28,0.0634379982948303,0.0635470002889633,0.0622109994292259,0.0631740018725395,169636026
2023-08-29,0.0663900002837181,0.0680650025606155,0.0625419989228248,0.0634339973330497,445903123
2023-08-30,0.0658380016684532,0.0664379969239234,0.0646750032901763,0.0663940012454986,260654192
2023-08-31,0.0637850016355514,0.0669199973344802,0.0630849972367286,0.0658409968018531,336593454
2023-09-01,0.063849002122879,0.064130000770092,0.0625950023531913,0.0637869983911514,238777563
2023-09-02,0.0634939968585968,0.0646580010652542,0.062960997223854,0.0638549998402595,208019339
2023-09-03,0.0631730034947395,0.0637309998273849,0.0629279986023902,0.0634990036487579,163140788
2023-09-04,0.0631849989295005,0.0637219995260238,0.0624569989740848,0.0631730034947395,181249918
2023-09-05,0.0639920011162757,0.0642170011997222,0.0629080012440681,0.0631859973073005,209934446
2023-09-06,0.0636129975318908,0.0644909963011741,0.0628250017762184,0.0639970004558563,208287267
2023-09-07,0.0635790005326271,0.0637630000710487,0.0628570020198822,0.0636119991540908,164667102
2023-09-08,0.0636489987373352,0.0639220029115676,0.062679998576641,0.0635859966278076,162864062
2023-09-09,0.0634049996733665,0.0638170018792152,0.0633279979228973,0.0636470019817352,108500870
2023-09-10,0.0613269992172718,0.0634049996733665,0.060844998806715,0.0634049996733665,240746565
2023-09-11,0.0604620017111301,0.0618689991533756,0.0594860017299652,0.0613240003585815,259096660
2023-09-12,0.0609509982168674,0.0620860010385513,0.0604479983448982,0.0604639984667301,231017444
2023-09-13,0.0612800009548664,0.0615830011665821,0.0606409981846809,0.0609499998390674,191695350
2023-09-14,0.0620720013976097,0.0623859986662864,0.0611560009419918,0.0612800009548664,189093769
2023-09-15,0.0625530034303665,0.0628739967942237,0.0615149997174739,0.0620739981532096,155088363
2023-09-16,0.0621480010449886,0.0628840029239654,0.0619300007820129,0.0625509992241859,144247521
2023-09-17,0.0615170001983642,0.0624979995191097,0.0612859986722469,0.0621519982814788,156292597
2023-09-18,0.0620159991085529,0.0628079995512962,0.0611440017819404,0.0615170001983642,207651893
2023-09-19,0.0627090036869049,0.0632150024175643,0.061974000185728,0.0620159991085529,198507548
2023-09-20,0.0626299977302551,0.06300900131464,0.0619649998843669,0.0627090036869049,187443142
2023-09-21,0.0613459981977939,0.0633070021867752,0.0612820014357566,0.0626289993524551,518556615
2023-09-22,0.0615309998393058,0.061829000711441,0.0610539987683296,0.0613449998199939,144488200
2023-09-23,0.0615070015192031,0.0618459992110729,0.0613779984414577,0.0615280009806156,117222607
2023-09-24,0.0607430003583431,0.0617429986596107,0.0607019998133182,0.0615070015192031,115250326
2023-09-25,0.0609590001404285,0.0612000003457069,0.0605450011789798,0.0607419982552528,117409471
2023-09-26,0.060598999261856,0.0611159987747669,0.0599070005118846,0.0609560012817382,141794234
2023-09-27,0.060504000633955,0.0613319985568523,0.0602749995887279,0.0605930015444755,153818653
2023-09-28,0.0614840015769004,0.0616610012948513,0.0604059994220733,0.0604970008134841,137019315
2023-09-29,0.0621780008077621,0.0623099990189075,0.0613849982619285,0.0614859983325004,141947701
2023-09-30,0.0621410012245178,0.0625059977173805,0.0617990009486675,0.0621800012886524,124411353
2023-10-01,0.0631930008530616,0.06351900100708,0.0618960000574588,0.0621399991214275,162108911
2023-10-02,0.062059998512268,0.0639609992504119,0.0616259984672069,0.0631899982690811,275648168
2023-10-03,0.0613860003650188,0.0622689984738826,0.0612279996275901,0.0620540007948875,156615776
2023-10-04,0.0614879988133907,0.0615609996020793,0.0604580007493495,0.0613889992237091,141610437
2023-10-05,0.0609229989349842,0.0616069994866848,0.0608390010893344,0.0614859983325004,114148166
2023-10-06,0.0614259988069534,0.0615549981594085,0.0608210004866123,0.0609200000762939,109783884
2023-10-07,0.0614550001919269,0.0616689994931221,0.0611290000379085,0.0614250004291534,97620505
2023-10-08,0.0610079988837242,0.0616110004484653,0.0608760006725788,0.0614559985697269,92483679
2023-10-09,0.0587790012359619,0.0610300004482269,0.0582600012421608,0.0610099993646144,241183528
2023-10-10,0.0590250007808208,0.0592040009796619,0.0586079992353916,0.0587790012359619,123311323
2023-10-11,0.0584699995815753,0.0594540014863014,0.057812999933958,0.0590410009026527,146066511
2023-10-12,0.057897001504898,0.0584950000047683,0.0574660003185272,0.0584699995815753,116644185
2023-10-13,0.058398000895977,0.0587560012936592,0.0578240007162094,0.057897001504898,139290300
2023-10-14,0.059859000146389,0.0599300004541873,0.0584000013768672,0.0584000013768672,112567930
2023-10-15,0.0593499988317489,0.0598599985241889,0.0591249987483024,0.0598599985241889,105304368
2023-10-16,0.060113999992609,0.0612259991466999,0.0593510009348392,0.0593569986522197,255254744
2023-10-17,0.0591199994087219,0.0601559989154338,0.0588009990751743,0.0601099990308284,154163593
2023-10-18,0.0586730018258094,0.05927399918437,0.0583619996905326,0.0591159984469413,113718362
2023-10-19,0.058883000165224,0.058883000165224,0.0580129995942115,0.0586679987609386,119806282
2023-10-20,0.0599649995565414,0.0603369995951652,0.0586999990046024,0.0588780008256435,154146216
2023-10-21,0.0611880011856555,0.0613630004227161,0.0595710016787052,0.0599649995565414,149488431
2023-10-22,0.0615959987044334,0.0616669990122318,0.060563001781702,0.0611889995634555,152154020
2023-10-23,0.0670849978923797,0.0672380030155181,0.061769001185894,0.0618279986083507,618990461
2023-10-24,0.0665559992194175,0.0697669982910156,0.0651239976286888,0.067111000418663,676497484
2023-10-25,0.0683609992265701,0.0694539994001388,0.0650490000844001,0.0665640011429786,536305756
2023-10-26,0.0718669965863227,0.0748879984021186,0.068131998181343,0.0683640018105506,1010931815
2023-10-27,0.0678810030221939,0.0721789970993995,0.0676240026950836,0.0718720033764839,468362462
2023-10-28,0.0690009966492652,0.069691002368927,0.0677099972963333,0.0678820013999939,246982558
2023-10-29,0.0693589970469474,0.0700839981436729,0.0679100006818771,0.0690020024776458,203013207
2023-10-30,0.0696500018239021,0.070200003683567,0.0682739987969398,0.0693589970469474,292736698
2023-10-31,0.0682770013809204,0.0707219988107681,0.0669699981808662,0.0696479976177215,474946795
2023-11-01,0.0688410028815269,0.0695540010929107,0.0661289989948272,0.0682789981365203,461539028
2023-11-02,0.0679339990019798,0.0707039982080459,0.0671859979629516,0.0688590034842491,501730943
2023-11-03,0.0681440010666847,0.0682080015540123,0.0666399970650672,0.0679309964179992,282752934
2023-11-04,0.0690789967775344,0.0692569985985755,0.0680589973926544,0.0681470036506652,203958701
2023-11-05,0.071223996579647,0.0715989992022514,0.0689809992909431,0.0690789967775344,447538899
2023-11-06,0.0763809978961944,0.076385997235775,0.0706209987401962,0.071223996579647,707371164
2023-11-07,0.0735180005431175,0.0763889998197555,0.0718979984521865,0.0763889998197555,789220960
2023-11-08,0.0754809975624084,0.0766810029745101,0.0730269998311996,0.0735170021653175,531673694
2023-11-09,0.073461003601551,0.077735997736454,0.0705569982528686,0.0754740014672279,964429145
2023-11-10,0.0754439979791641,0.0754539966583252,0.0731550008058548,0.073464997112751,649733691
2023-11-11,0.0784059986472129,0.0816980004310607,0.074922002851963,0.0754449963569641,1345253621
2023-11-12,0.0779810026288032,0.0799809992313385,0.0761440023779869,0.0784199982881546,727221576
2023-11-13,0.0747819989919662,0.0793979987502098,0.0741759985685348,0.0779799968004226,829471613
2023-11-14,0.0724570006132125,0.0754270032048225,0.0702809989452362,0.0747779980301857,708265059
2023-11-15,0.0763560011982917,0.0764079988002777,0.0724190026521682,0.0724560022354126,503454120
2023-11-16,0.0792770013213157,0.0828370004892349,0.0760470032691955,0.0763529986143112,1563730284
2023-11-17,0.0863040015101432,0.0870610028505325,0.0793230012059211,0.0793259963393211,2031597493
2023-11-18,0.0803830027580261,0.0863939970731735,0.0798289999365806,0.0863270014524459,1340580447
2023-11-19,0.0805760025978088,0.0805979967117309,0.0779839977622032,0.0803949981927871,620299419
2023-11-20,0.0778789967298507,0.0820399969816207,0.0778160020709037,0.0805749967694282,668234221
2023-11-21,0.0721189975738525,0.0786980018019676,0.071492001414299,0.0778789967298507,860811107
2023-11-22,0.0757839977741241,0.0765609964728355,0.0718839988112449,0.072113998234272,440962821
2023-11-23,0.0762000009417533,0.0763479992747306,0.0751620009541511,0.0757699981331825,279606815
2023-11-24,0.0782169997692108,0.0784289985895156,0.0761490017175674,0.0761990025639534,401116993
2023-11-25,0.0789550021290779,0.0791049972176551,0.0777629986405372,0.0782160013914108,291859035
2023-11-26,0.0787039995193481,0.0789799988269805,0.0763460025191307,0.0789519995450973,343339848
2023-11-27,0.0787879973649978,0.0813200026750564,0.0770889967679977,0.0786899998784065,743996999
2023-11-28,0.0810090005397796,0.0810310021042823,0.0770369991660118,0.0787919983267784,618900678
2023-11-29,0.0805929973721504,0.0828419998288154,0.0797860026359558,0.0810040012001991,596560786
2023-11-30,0.083416998386383,0.0842169970273971,0.0805369988083839,0.0805990025401115,645565938
2023-12-01,0.0838569998741149,0.0849080011248588,0.0825039967894554,0.0834140032529831,519429439
2023-12-02,0.08627899736166,0.0864809975028038,0.0835480019450187,0.083856001496315,462433973
2023-12-03,0.0856150016188621,0.0871469974517822,0.0838899984955787,0.0862829983234405,550096321
2023-12-04,0.0919400006532669,0.0919540002942085,0.0854310020804405,0.0856169983744621,1364950607
2023-12-05,0.0942469984292984,0.0950570032000541,0.0877199992537498,0.0919210016727447,1094480332
2023-12-06,0.0948640033602714,0.1054319962859153,0.0937739983201026,0.0942479968070983,2606846041
2023-12-07,0.0959199965000152,0.0979389995336532,0.093308001756668,0.0948909968137741,1229053762
2023-12-08,0.1014700010418891,0.1034059971570968,0.0958250015974044,0.0959139987826347,1017561991
2023-12-09,0.0985419973731041,0.1046150028705596,0.0980409979820251,0.1014960035681724,1122491938
2023-12-10,0.1018010005354881,0.1026360020041465,0.0971520021557807,0.0985430032014846,687190079
2023-12-11,0.0943839997053146,0.1058370023965835,0.0918150022625923,0.1018119975924491,1973481451
2023-12-12,0.0938350036740303,0.0974529981613159,0.0915419980883598,0.0943820029497146,948285886
2023-12-13,0.0964279994368553,0.0973820015788078,0.0906049981713295,0.0938199982047081,812811810
2023-12-14,0.0982550010085105,0.0986789986491203,0.0949750021100044,0.0964270010590553,742258598
2023-12-15,0.0930040031671524,0.0986109972000122,0.0929730013012886,0.0982690006494522,614056351
2023-12-16,0.0970560014247894,0.0970759987831115,0.0922849997878074,0.0930040031671524,498585277
2023-12-17,0.0930970013141632,0.0975850000977516,0.0927750021219253,0.0970619991421699,482463968
2023-12-18,0.0920360013842582,0.093650996685028,0.0871869996190071,0.0930840000510215,685264950
2023-12-19,0.0902969986200332,0.0933550000190734,0.0896070003509521,0.0920379981398582,482452805
2023-12-20,0.0914169996976852,0.0932649970054626,0.0897440016269683,0.0902900025248527,596172199
2023-12-21,0.0950039997696876,0.0972110033035278,0.0908320024609565,0.0914240032434463,808685569
2023-12-22,0.0951979979872703,0.0954940021038055,0.0923309996724128,0.0950070023536682,622353150
2023-12-23,0.0935619994997978,0.0952000021934509,0.0924270004034042,0.0952000021934509,357245326
2023-12-24,0.0918949991464614,0.0948019996285438,0.0913479998707771,0.09357900172472,566323407
2023-12-25,0.0944489985704422,0.0951670035719871,0.0915400013327598,0.0919030010700225,435910884
2023-12-26,0.0913560017943382,0.0944470018148422,0.0891219973564148,0.0944470018148422,567640365
2023-12-27,0.09357900172472,0.0938640013337135,0.0899209976196289,0.0913539975881576,423259088
2023-12-28,0.0918840020895004,0.0949010029435157,0.0913769975304603,0.0935949981212616,464569016
2023-12-29,0.0910380035638809,0.0930140018463134,0.0896669998764991,0.0918830037117004,407349878
2023-12-30,0.0901480019092559,0.0914010033011436,0.0895930007100105,0.0910310000181198,252403426
2023-12-31,0.0894720032811164,0.0908159986138343,0.0889709964394569,0.0901459977030754,259196255
2024-01-01,0.0920239984989166,0.0920460000634193,0.0888380035758018,0.0894730016589164,298687049
2024-01-02,0.0912040024995803,0.0943299978971481,0.0908040031790733,0.0920369997620582,496309010
2024-01-03,0.0820420011878013,0.0920929983258247,0.0810180008411407,0.0912050008773803,1026941029
2024-01-04,0.0841310024261474,0.0846550017595291,0.0815510004758834,0.0820489972829818,514230239
2024-01-05,0.0827730000019073,0.084755003452301,0.0812349990010261,0.0841209962964057,547983037
2024-01-06,0.0806640014052391,0.0827730000019073,0.078854002058506,0.0827730000019073,414677901
2024-01-07,0.0782250016927719,0.0814739987254142,0.0776349976658821,0.0806680023670196,399266341
2024-01-08,0.0813700035214424,0.0817169994115829,0.074972003698349,0.0782279968261718,603250657
2024-01-09,0.0792630016803741,0.0821819975972175,0.077233001589775,0.0813779979944229,957047300
2024-01-10,0.0829420015215873,0.0844499990344047,0.0766829997301101,0.0792630016803741,703451086
2024-01-11,0.0846249982714653,0.0876350030303001,0.0823829993605613,0.0829690024256706,778110109
2024-01-12,0.080045998096466,0.085377998650074,0.0782470032572746,0.0846149995923042,607108203
2024-01-13,0.0809229984879493,0.0812600031495094,0.0789059996604919,0.0800359994173049,297741301
2024-01-14,0.0799779966473579,0.0838240012526512,0.0798510015010833,0.0809210017323494,461353847
2024-01-15,0.0811249986290931,0.0816370025277137,0.0799689963459968,0.0799689963459968,272657967
2024-01-16,0.0813099965453147,0.0822670012712478,0.0799899995326995,0.081105999648571,328206882
2024-01-17,0.0805049985647201,0.0815389975905418,0.0795560032129287,0.0813120007514953,261149597
2024-01-18,0.0779870003461837,0.0806929990649223,0.0773990005254745,0.0805089995265007,314880990
2024-01-19,0.0785359963774681,0.0787049978971481,0.07515200227499,0.0779879987239837,351038255
2024-01-20,0.0878880023956298,0.0899979993700981,0.0782359987497329,0.0785339996218681,684267184
2024-01-21,0.0852729976177215,0.0899920016527175,0.0848430022597312,0.0878679975867271,948730356
2024-01-22,0.0803409963846206,0.0854159966111183,0.0801950022578239,0.0852919965982437,673330908
2024-01-23,0.0781539976596832,0.081676997244358,0.0760909989476203,0.0803460031747818,555482191
2024-01-24,0.0790160000324249,0.0805179998278617,0.0777499973773956,0.0781570002436637,372585722
2024-01-25,0.0779329985380172,0.0791369974613189,0.0771929994225502,0.0790160000324249,292888748
2024-01-26,0.0799010023474693,0.0802790001034736,0.0775950029492378,0.0779289975762367,283895680
2024-01-27,0.0801419988274574,0.0806780010461807,0.0790710002183914,0.0798830017447471,212327663
2024-01-28,0.0788130015134811,0.0813700035214424,0.0782919973134994,0.0801400020718574,257196385
2024-01-29,0.0812890008091926,0.0828720033168792,0.0782229974865913,0.0788130015134811,540569157
2024-01-30,0.0797230005264282,0.0821290016174316,0.0795930027961731,0.0812999978661537,333456483
2024-01-31,0.0787639990448951,0.0802220031619072,0.0782139971852302,0.0797289982438087,307301569
2024-02-01,0.0793270021677017,0.0797789990901947,0.077684000134468,0.0787630006670951,257042563
2024-02-02,0.0792329981923103,0.0799010023474693,0.0786219984292984,0.0793270021677017,220161256
2024-02-03,0.0786510035395622,0.0794550031423568,0.0786160007119178,0.0792339965701103,152907809
2024-02-04,0.0782380029559135,0.0798569992184639,0.0780839994549751,0.0786579996347427,183715849
2024-02-05,0.0782200023531913,0.0800269991159439,0.077504001557827,0.0782480016350746,257544919
2024-02-06,0.07846599817276,0.0791810005903244,0.0777629986405372,0.0782260000705719,192061699
2024-02-07,0.0801040008664131,0.0802550017833709,0.0782110020518302,0.0784699991345405,213373948
2024-02-08,0.0798709988594055,0.0807550027966499,0.0796260014176368,0.0801009982824325,248828595
2024-02-09,0.0815789997577667,0.0820880010724067,0.0798700004816055,0.0798700004816055,333635097
2024-02-10,0.0814480036497116,0.0820830017328262,0.0804620012640953,0.0815820023417472,212946391
2024-02-11,0.0811930000782013,0.0832789987325668,0.0809919983148574,0.081446997821331,304303558
2024-02-12,0.082345001399517,0.08279699832201,0.0795679986476898,0.0812029987573623,360525326
2024-02-13,0.0810889974236488,0.0829539969563484,0.0800620019435882,0.0823329985141754,419683385
2024-02-14,0.0855429992079734,0.0870030000805854,0.0805689990520477,0.0810860022902488,627015518
2024-02-15,0.0853559970855712,0.0880480036139488,0.0841659978032112,0.085546001791954,636946996
2024-02-16,0.0860129967331886,0.0878800004720687,0.0843930020928382,0.0853549987077713,441121282
2024-02-17,0.0835930034518241,0.086058996617794,0.0822049975395202,0.0860159993171691,347758664
2024-02-18,0.0851659998297691,0.0856999978423118,0.083016999065876,0.0835919976234436,300251530
2024-02-19,0.089477002620697,0.0905359983444213,0.0851209983229637,0.0851690024137497,663450017
2024-02-20,0.0861430019140243,0.0912080034613609,0.0835679993033409,0.0894740000367164,801458657
2024-02-21,0.0846149995923042,0.0862220004200935,0.0821729972958564,0.0861480012536048,435393890
2024-02-22,0.0840890035033226,0.0854069963097572,0.0831649973988533,0.0846050009131431,362895383
2024-02-23,0.0844340026378631,0.0854829996824264,0.0830359980463981,0.0840829983353614,400189069
2024-02-24,0.0861560031771659,0.0863199979066848,0.0839549973607063,0.0844480022788047,326082311
2024-02-25,0.0860989987850189,0.0867590010166168,0.0854609981179237,0.0861570015549659,290853292
2024-02-26,0.0893889963626861,0.0900240018963813,0.0842920020222663,0.0860980004072189,523738048
2024-02-27,0.0976710021495819,0.0999569967389106,0.088637001812458,0.0893879979848861,1806722811
2024-02-28,0.1165819987654686,0.1211159974336624,0.0946070030331611,0.0976729989051818,3843947641
2024-02-29,0.1171849966049194,0.1344089955091476,0.1118159964680671,0.1164470016956329,4799960277
2024-03-01,0.1395570039749145,0.1452610045671463,0.1171670034527778,0.1171670034527778,3758449851
2024-03-02,0.1421210020780563,0.150064006447792,0.136926993727684,0.139614000916481,3588994520
2024-03-03,0.1538359969854354,0.1557590067386627,0.12984000146389,0.1421310007572174,4012808483
2024-03-04,0.1829099953174591,0.1843069940805435,0.1487810015678405,0.1539410054683685,6348241494
2024-03-05,0.1539369970560073,0.2054390013217926,0.1301030069589615,0.1828040033578872,9368269377
2024-03-06,0.1577910035848617,0.1774329990148544,0.1469669938087463,0.1539250016212463,4497901224
2024-03-07,0.1581210047006607,0.1620409935712814,0.1470820009708404,0.1577910035848617,3006036407
2024-03-08,0.1653469949960708,0.1754949986934662,0.1554940044879913,0.1581200063228607,3976624455
2024-03-09,0.1790830045938491,0.1845429986715316,0.1643189936876297,0.1653469949960708,3451219764
2024-03-10,0.1699199974536895,0.1795880049467086,0.1659519970417022,0.1790830045938491,2274489696
2024-03-11,0.1819649934768676,0.1825090050697326,0.1625670045614242,0.1699070036411285,2905703482
2024-03-12,0.1681440025568008,0.1831080019474029,0.1601040065288543,0.1819729954004287,2524942571
2024-03-13,0.1691579967737198,0.1738509982824325,0.1657920032739639,0.1681520044803619,1930415342
2024-03-14,0.1773300021886825,0.1915120035409927,0.1656239926815033,0.1691579967737198,6047716785
2024-03-15,0.1632310003042221,0.1810570061206817,0.1540820002555847,0.1773290038108825,3584306802
2024-03-16,0.1423680037260055,0.1649360060691833,0.1384190022945404,0.1632310003042221,2400392026
2024-03-17,0.1543300002813339,0.1587609946727752,0.1377319991588592,0.1423639953136444,2329294453
2024-03-18,0.1436730027198791,0.1543319970369339,0.1401969939470291,0.1543280035257339,1657669949
2024-03-19,0.1287280023097992,0.145014002919197,0.1256300061941146,0.1436730027198791,2946516944
2024-03-20,0.1521860063076019,0.1528680026531219,0.1234529986977577,0.1287350058555603,3190645446
2024-03-21,0.1552920043468475,0.1587589979171753,0.1471890062093734,0.1521860063076019,2581283877
2024-03-22,0.1527030020952224,0.164902001619339,0.1455910056829452,0.1553000062704086,2672448713
2024-03-23,0.1617680042982101,0.1746190041303634,0.151855006814003,0.1527030020952224,2912614106
2024-03-24,0.1764529943466186,0.1799000054597854,0.1617159992456436,0.1617680042982101,2848346890
2024-03-25,0.175366997718811,0.1859990060329437,0.1701660007238388,0.1764529943466186,2654389972
2024-03-26,0.1824859976768493,0.1860570013523101,0.1749240010976791,0.175366997718811,2877194654
2024-03-27,0.1903299987316131,0.1912849992513656,0.1798429936170578,0.1824859976768493,4055908716
2024-03-28,0.2200559973716735,0.2265810072422027,0.1895730048418045,0.1903170049190521,6553128323
2024-03-29,0.2134909927845001,0.2243999987840652,0.2088100016117096,0.2200559973716735,3493454859
2024-03-30,0.1994339972734451,0.2165160030126571,0.1978469938039779,0.2134239971637725,2403795719
2024-03-31,0.2200639992952346,0.22393299639225,0.1993339955806732,0.199413001537323,2414867092
2024-04-01,0.2055699974298477,0.2200679928064346,0.1981080025434494,0.2200649976730346,3408206742
2024-04-02,0.1823039948940277,0.2055770009756088,0.1804679930210113,0.2055750042200088,3855758084
2024-04-03,0.1755470037460327,0.187402993440628,0.1705060005187988,0.1823019981384277,3112605374
2024-04-04,0.1799259930849075,0.1880999952554702,0.1722619980573654,0.1755470037460327,2153623709
2024-04-05,0.1775179952383041,0.1804800033569336,0.1680369973182678,0.1799259930849075,1914940616
2024-04-06,0.1859509944915771,0.1876859962940216,0.1767899990081787,0.1775210052728653,1620171667
2024-04-07,0.1991080045700073,0.2048110067844391,0.1858029961585998,0.1859489977359771,2643420654
2024-04-08,0.2026399970054626,0.2086900025606155,0.1958850026130676,0.1991059929132461,2106344172
2024-04-09,0.1890009939670562,0.203243002295494,0.1863609999418258,0.2026399970054626,2078490138
2024-04-10,0.19998399913311,0.201675996184349,0.1817619949579239,0.1890009939670562,2662343295
2024-04-11,0.1940110027790069,0.2031199932098388,0.1904419958591461,0.19998399913311,2179869259
2024-04-12,0.1745969951152801,0.2004279941320419,0.1625130027532577,0.1940110027790069,3611512055
2024-04-13,0.1531679928302765,0.1755719929933548,0.1321949958801269,0.1746120005846023,4750917199
2024-04-14,0.1622850000858307,0.1644860059022903,0.1444820016622543,0.1531679928302765,3723264167
2024-04-15,0.1613689959049224,0.1688899993896484,0.1508840024471283,0.1622850000858307,3604719833
2024-04-16,0.1559890061616897,0.1622370034456253,0.1469080001115799,0.1613689959049224,2473810383
2024-04-17,0.1476050019264221,0.1585109978914261,0.1448359936475753,0.1559900045394897,1972027907
2024-04-18,0.1524479985237121,0.1537169963121414,0.14130699634552,0.1476060003042221,1947482132
2024-04-19,0.1562680006027221,0.1569059938192367,0.1396439969539642,0.1524479985237121,2186567402
2024-04-20,0.1628270000219345,0.1648419946432113,0.1509419977664947,0.1562680006027221,1649509831
2024-04-21,0.1582600027322769,0.1654780060052871,0.1556060016155243,0.1628260016441345,1293159346
2024-04-22,0.1611939966678619,0.1633609980344772,0.1568430066108703,0.1582590043544769,1251987179
2024-04-23,0.1599439978599548,0.1628679931163787,0.1571689993143081,0.1611939966678619,1047860346
2024-04-24,0.1513539999723434,0.1640940010547638,0.1495289951562881,0.1599439978599548,1524749099
2024-04-25,0.1513939946889877,0.1541810035705566,0.1477530002593994,0.1513559967279434,1078441792
2024-04-26,0.1478369981050491,0.1517270058393478,0.1470610052347183,0.1513939946889877,877813549
2024-04-27,0.1477160006761551,0.1493639945983886,0.1432989984750747,0.1478369981050491,847646783
2024-04-28,0.146698996424675,0.1509599983692169,0.1463010013103485,0.1477160006761551,638063324
2024-04-29,0.1434919983148574,0.147949993610382,0.1399050056934356,0.146698996424675,1030579266
2024-04-30,0.1333270072937011,0.1459019929170608,0.1297619938850402,0.1434919983148574,1342359702
2024-05-01,0.1301340013742447,0.1337240040302276,0.1203479990363121,0.1333270072937011,2135887034
2024-05-02,0.1321060061454773,0.1342539936304092,0.1242270022630691,0.1301340013742447,1308884973
2024-05-03,0.1461459994316101,0.1477620005607605,0.1314219981431961,0.1321090012788772,1266276714
2024-05-04,0.1601569950580597,0.1690919995307922,0.1461060047149658,0.1461420059204101,2791346636
2024-05-05,0.1610680073499679,0.1631300002336502,0.1549780070781707,0.1601569950580597,1506950274
2024-05-06,0.1566080003976822,0.1689410060644149,0.154445007443428,0.1610659956932068,1747675308
2024-05-07,0.150189995765686,0.1598020046949386,0.149737998843193,0.1566080003976822,1139969527
2024-05-08,0.1432940065860748,0.1519210040569305,0.1422110050916671,0.150189995765686,1159774226
2024-05-09,0.1521169990301132,0.1539829969406128,0.1431580036878585,0.1432940065860748,1093467705
2024-05-10,0.1440310031175613,0.1530479937791824,0.1425250023603439,0.1521169990301132,1056928481
2024-05-11,0.1429239958524704,0.1460369974374771,0.1427070051431656,0.1440310031175613,533516788
2024-05-12,0.1412310004234314,0.1443890035152435,0.1400160044431686,0.1429249942302703,601107964
2024-05-13,0.1484339982271194,0.1568250060081482,0.1360429972410202,0.1412310004234314,1918835792
2024-05-14,0.1454190015792846,0.1547649949789047,0.1443610042333603,0.1484329998493194,1899294334
2024-05-15,0.1555259972810745,0.1569889932870865,0.1454000025987625,0.1454190015792846,1767635344
2024-05-16,0.1496369987726211,0.1590249985456466,0.149069994688034,0.1555290073156356,1374063837
2024-05-17,0.1555629968643188,0.1563639938831329,0.1495169997215271,0.1496369987726211,1112782871
2024-05-18,0.1530770063400268,0.1568720042705536,0.1516570001840591,0.1555629968643188,771261615
2024-05-19,0.1491069942712783,0.1559640020132064,0.1479569971561432,0.1530770063400268,786457296
2024-05-20,0.1656879931688308,0.1659449934959411,0.1480990052223205,0.1491069942712783,1512244150
2024-05-21,0.1704739928245544,0.1726299971342086,0.1609050035476684,0.1656879931688308,2792364765
2024-05-22,0.1661629974842071,0.1740950047969818,0.1622440069913864,0.1704739928245544,1978486152
2024-05-23,0.1596129983663559,0.1691419929265976,0.1534029990434646,0.1661629974842071,2243999960
2024-05-24,0.1638029962778091,0.1727010011672973,0.1561609953641891,0.1596129983663559,3012763365
2024-05-25,0.1739600002765655,0.1740860044956207,0.1629589945077896,0.1638039946556091,1489582490
2024-05-26,0.1662199944257736,0.1745499968528747,0.1657080054283142,0.1739609986543655,1359410362
2024-05-27,0.1690900027751922,0.1730359941720962,0.1643649935722351,0.1662199944257736,1404874711
2024-05-28,0.1649619936943054,0.1693300008773803,0.1617960035800933,0.1690900027751922,1410223091
2024-05-29,0.1636949926614761,0.1702689975500106,0.1622200012207031,0.1649640053510666,1525668595
2024-05-30,0.1595440059900283,0.1654070019721985,0.1565950065851211,0.1636960059404373,1452218159
2024-05-31,0.1591359972953796,0.1622260063886642,0.1549070030450821,0.1595389991998672,945969518
2024-06-01,0.1601999998092651,0.161322996020317,0.158390998840332,0.1591359972953796,496035603
2024-06-02,0.1572010070085525,0.1611939966678619,0.1549600064754486,0.1601999998092651,585756299
2024-06-03,0.158281996846199,0.1632110029458999,0.156027004122734,0.1572010070085525,929987302
2024-06-04,0.1614499986171722,0.1617439985275268,0.157162994146347,0.158281996846199,760727969
2024-06-05,0.163234993815422,0.1647240072488784,0.1612920016050338,0.1614499986171722,820053785
2024-06-06,0.1601590067148208,0.1651699990034103,0.1586569994688034,0.163234993815422,893170339
2024-06-07,0.1483030021190643,0.1620189994573593,0.1431179940700531,0.1601579934358596,1581768204
2024-06-08,0.1460590064525604,0.1485829949378967,0.1440100073814392,0.1482959985733032,872877278
2024-06-09,0.1467739939689636,0.1490889936685562,0.1451999992132187,0.1460449993610382,656320138
2024-06-10,0.1447400003671646,0.1478199958801269,0.1434669941663742,0.1467670053243637,752565082
2024-06-11,0.1381040066480636,0.1450469940900802,0.1341030001640319,0.1447419971227646,1271975142
2024-06-12,0.1461959928274154,0.1503250002861023,0.1350300014019012,0.1380970031023025,1274848212
2024-06-13,0.1410599946975708,0.146353006362915,0.1403809934854507,0.1461970061063766,790003626
2024-06-14,0.1349699944257736,0.143213003873825,0.1321640014648437,0.1410460025072097,859600884
2024-06-15,0.1365659981966018,0.1372770071029663,0.1343580037355423,0.1349750012159347,476136328
2024-06-16,0.1369370073080063,0.1373469978570938,0.1348190009593963,0.1365759968757629,385407083
2024-06-17,0.1288889944553375,0.1380230039358139,0.1264950037002563,0.1369400024414062,960646592
2024-06-18,0.1222959980368614,0.1291030049324035,0.1153919994831085,0.1288660019636154,1413960450
2024-06-19,0.1223409995436668,0.1265079975128173,0.121578998863697,0.1222790032625198,642487745
2024-06-20,0.1244190037250518,0.1282660067081451,0.1214540004730224,0.1223409995436668,734399819
2024-06-21,0.1240290030837059,0.1254999935626983,0.1216169968247413,0.1244300007820129,598393023
2024-06-22,0.1237889975309372,0.1253650039434433,0.1229590028524398,0.1240380033850669,328642106
2024-06-23,0.1222570016980171,0.1261200010776519,0.1218269988894462,0.1237829998135566,429188641
2024-06-24,0.1190430000424385,0.1236750036478042,0.1147309988737106,0.122248999774456,951099440
2024-06-25,0.1261530071496963,0.1282359957695007,0.1188950017094612,0.1190330013632774,783244352
2024-06-26,0.1226790025830268,0.1285219937562942,0.121919997036457,0.1261499971151352,526276880
2024-06-27,0.126910999417305,0.1281149983406067,0.1206300035119056,0.1226719990372657,616932730
2024-06-28,0.1227890029549598,0.1279760003089904,0.1223609969019889,0.126910001039505,634763078
2024-06-29,0.1216989979147911,0.1241210028529167,0.1213890016078949,0.1227950006723404,285391178
2024-06-30,0.1243050023913383,0.1253329962491989,0.1204520016908645,0.1216989979147911,369166834
2024-07-01,0.1234420016407966,0.1272359937429428,0.1232480034232139,0.1243039965629577,452573746
2024-07-02,0.1250160038471222,0.1250939965248108,0.1224619969725608,0.1234389990568161,408063753
2024-07-03,0.1184709966182708,0.1253259927034378,0.1170450001955032,0.1250189989805221,657681923
2024-07-04,0.1048870012164115,0.1189479976892471,0.104431003332138,0.1184479966759681,1239123198
2024-07-05,0.1055940017104148,0.1064179986715316,0.0937950015068054,0.1048529967665672,1709690679
2024-07-06,0.1136149987578392,0.1140789985656738,0.1049349978566169,0.1055850014090538,842720114
2024-07-07,0.1042319983243942,0.1135770007967948,0.1037330031394958,0.1135770007967948,641031095
2024-07-08,0.1075809970498085,0.1110209971666336,0.0991630032658577,0.1042350009083747,1023119021
2024-07-09,0.1075130030512809,0.1092199981212616,0.1061379984021186,0.1075699999928474,572733013
2024-07-10,0.1080219969153404,0.1104300022125244,0.1059039980173111,0.1075190007686615,552090147
2024-07-11,0.1066669970750808,0.1121790036559104,0.1063110008835792,0.108024001121521,546104180
2024-07-12,0.1076849997043609,0.1082660034298896,0.1050319969654083,0.1066640019416809,468503073
2024-07-13,0.112355999648571,0.1128889992833137,0.1074469983577728,0.1076849997043609,497448463
2024-07-14,0.1154489964246749,0.1164949983358383,0.1113499999046325,0.1123500019311904,551768272
2024-07-15,0.125228002667427,0.125351995229721,0.1147890016436576,0.1154709979891777,865334768
2024-07-16,0.1249310001730918,0.1272570043802261,0.1193709969520568,0.1251640021800995,1023424280
2024-07-17,0.1218840032815933,0.1275060027837753,0.1206429973244667,0.1249329969286918,731025036
2024-07-18,0.119496002793312,0.1238429993391037,0.1175730004906654,0.1218789964914321,710080580
2024-07-19,0.1254799962043762,0.1260560005903244,0.1179080009460449,0.1195010021328926,724349409
2024-07-20,0.1344300061464309,0.1356460005044937,0.1244850009679794,0.1254750043153762,1109519614
2024-07-21,0.1401689946651458,0.1430869996547699,0.1264050006866455,0.1344300061464309,1229665449
2024-07-22,0.1378809958696365,0.1424690037965774,0.1362140029668808,0.1401669979095459,1468393831
2024-07-23,0.1303910017013549,0.1392019987106323,0.128489002585411,0.1378819942474365,963364309
2024-07-24,0.1280879974365234,0.1346269994974136,0.1272439956665039,0.1303859949111938,734879689
2024-07-25,0.1252209991216659,0.1286409944295883,0.1203230023384094,0.1280889958143234,970420635
2024-07-26,0.1343179941177368,0.1348779946565628,0.1252000033855438,0.1252219974994659,752603628
2024-07-27,0.1315920054912567,0.1386670023202896,0.1313409954309463,0.1343179941177368,1193072781
2024-07-28,0.130074992775917,0.1317999958992004,0.1283240020275116,0.1315969973802566,755293791
2024-07-29,0.1286740005016327,0.1349489986896515,0.1279550045728683,0.1300760060548782,809333955
2024-07-30,0.1255950033664703,0.1303060054779052,0.1236620023846626,0.1286620050668716,638122391
2024-07-31,0.1220140010118484,0.1272010058164596,0.1215429976582527,0.1255930066108703,609802169
2024-08-01,0.1192359998822212,0.1229320019483566,0.1128280013799667,0.1220209971070289,861079384
2024-08-02,0.1115079969167709,0.1195129975676536,0.1105670034885406,0.1192350015044212,826720039
2024-08-03,0.1081689968705177,0.114496998488903,0.1054179966449737,0.1115069985389709,808239471
2024-08-04,0.1037330031394958,0.109214000403881,0.0996059998869896,0.1081689968705177,827323034
2024-08-05,0.0945030003786087,0.1041660010814666,0.0808309987187385,0.1037319973111152,3194029250
2024-08-06,0.0963710024952888,0.1013879999518394,0.0943669974803924,0.0945020020008087,1124169389
2024-08-07,0.0955149978399276,0.1018470004200935,0.0945940017700195,0.0963710024952888,1000135339
2024-08-08,0.1074040010571479,0.1077720001339912,0.0939769968390464,0.0955149978399276,858015369
2024-08-09,0.1039739996194839,0.107582002878189,0.1017739996314048,0.1074090003967285,602450305
2024-08-10,0.1052019968628883,0.1058589965105056,0.1031159982085228,0.1039739996194839,371267774
2024-08-11,0.1005659997463226,0.1107940003275871,0.1002990007400512,0.1052030026912689,676944256
2024-08-12,0.1077670007944107,0.108534999191761,0.1004709973931312,0.1005659997463226,778786434
2024-08-13,0.1064160019159317,0.1088429987430572,0.1035720035433769,0.1077670007944107,575505923
2024-08-14,0.1025549992918968,0.1067399978637695,0.1018050014972686,0.1064160019159317,564943505
2024-08-15,0.1002670004963874,0.1047979965806007,0.0981950014829635,0.1025549992918968,617034813
2024-08-16,0.1004389971494674,0.1020279973745346,0.09774199873209,0.1002670004963874,539609334
2024-08-17,0.1027550026774406,0.1036309972405433,0.1001560017466545,0.1004389971494674,305545333
2024-08-18,0.1001719981431961,0.1043059974908828,0.1001690030097961,0.1027550026774406,377630490
2024-08-19,0.1015039980411529,0.1018069982528686,0.0987119972705841,0.1001719981431961,463249309
2024-08-20,0.1030009984970092,0.1056189984083175,0.1012289971113205,0.1015060022473335,695089222
2024-08-21,0.1061569973826408,0.1078250035643577,0.102462001144886,0.1030000001192092,509933481
2024-08-22,0.1053080037236213,0.1068219989538192,0.104273997247219,0.1061569973826408,391690266
2024-08-23,0.112926997244358,0.1152390018105506,0.1053050011396408,0.1053080037236213,860650259
2024-08-24,0.1126310005784034,0.114946998655796,0.1112470030784607,0.112926997244358,673199379
2024-08-25,0.1096979975700378,0.1127580031752586,0.1081169992685318,0.1126310005784034,584876309
2024-08-26,0.1052919998764991,0.1102920025587081,0.1046390011906623,0.1096990033984184,560759055
2024-08-27,0.0990559980273246,0.1064779981970787,0.0973920002579689,0.1052919998764991,615156838
2024-08-28,0.0996270030736923,0.1017580032348632,0.0972919985651969,0.0990559980273246,657073357
2024-08-29,0.1004249975085258,0.1024919971823692,0.0985350012779235,0.0996270030736923,461885564
2024-08-30,0.1020430028438568,0.1023819968104362,0.0972749963402748,0.1004249975085258,572514236
2024-08-31,0.1013320013880729,0.10224100202322,0.1004739999771118,0.1020430028438568,303734469
2024-09-01,0.0953539982438087,0.1014610007405281,0.0943429991602897,0.1013320013880729,424515197
2024-09-02,0.0991149991750717,0.0997399985790252,0.0941670015454292,0.0953539982438087,463950026
2024-09-03,0.0967189967632293,0.1007060036063194,0.0967010036110878,0.0991149991750717,395659305
2024-09-04,0.0980250015854835,0.0994559973478317,0.0929789990186691,0.0967150032520294,579587111
2024-09-05,0.0983090028166771,0.0990990027785301,0.0962250009179115,0.0980250015854835,452927311
2024-09-06,0.0924839973449707,0.0993790030479431,0.0893729999661445,0.0983090028166771,802922234
2024-09-07,0.0952610000967979,0.0956180021166801,0.0918119996786117,0.0924839973449707,412044016
2024-09-08,0.0960799977183342,0.096902996301651,0.0940470024943351,0.0952610000967979,381739751
2024-09-09,0.1038289964199066,0.1046189963817596,0.0958319976925849,0.0960799977183342,698093518
2024-09-10,0.1027119979262352,0.1045209988951683,0.1016609966754913,0.1038289964199066,465166360
2024-09-11,0.1013780012726783,0.1029699966311454,0.0980909988284111,0.1027119979262352,532198021
2024-09-12,0.1027989983558654,0.1032069995999336,0.1006359979510307,0.1013780012726783,439730013
2024-09-13,0.1071140021085739,0.1082900017499923,0.1018650010228157,0.1027989983558654,675630464
2024-09-14,0.1054669991135597,0.1075579971075058,0.1046430021524429,0.1071129962801933,426157956
2024-09-15,0.1029329970479011,0.1063589975237846,0.1025770008563995,0.1054669991135597,428890116
2024-09-16,0.0996930003166198,0.1031320020556449,0.0984579995274543,0.1029379963874816,528755469
2024-09-17,0.1011369973421096,0.1024670004844665,0.0988439992070198,0.0996960029006004,480290242
2024-09-18,0.1035849973559379,0.1035899966955185,0.0995780006051063,0.1011369973421096,549512848
2024-09-19,0.1050309985876083,0.107073999941349,0.1035849973559379,0.1035849973559379,656532122
2024-09-20,0.1054710000753402,0.1072959974408149,0.1037480011582374,0.1050309985876083,595150523
2024-09-21,0.1100490018725395,0.1103729978203773,0.104152001440525,0.1054710000753402,502306053
2024-09-22,0.1063390001654625,0.1100500002503395,0.1040199995040893,0.1100490018725395,480950368
2024-09-23,0.1081560030579567,0.1090840026736259,0.1047199964523315,0.1063390001654625,644419670
2024-09-24,0.109774999320507,0.1104680001735687,0.1069829985499382,0.1081560030579567,708492630
2024-09-25,0.1085039973258972,0.1108840033411979,0.1081700026988983,0.109774999320507,696620734
2024-09-26,0.1181759983301162,0.1201630011200904,0.1071449965238571,0.1085039973258972,1347684388
2024-09-27,0.1237139999866485,0.1280799955129623,0.1171730011701583,0.1181759983301162,1367867354
2024-09-28,0.1286710053682327,0.1319500058889389,0.1206159964203834,0.1237139999866485,1449764972
2024-09-29,0.1246739998459816,0.1303019970655441,0.1246419996023178,0.1286700069904327,856945778
2024-09-30,0.1144279986619949,0.124669000506401,0.1137389987707138,0.124669000506401,976744755
2024-10-01,0.1070429980754852,0.1192739978432655,0.1039550006389617,0.1144270002841949,1332235464
2024-10-02,0.1047590002417564,0.1094110012054443,0.1025089994072914,0.1070429980754852,910153432
2024-10-03,0.1050990000367164,0.1066379994153976,0.1015290021896362,0.1047580018639564,825842052
2024-10-04,0.109264001250267,0.1104369983077049,0.1049590036273002,0.1050990000367164,670077063
2024-10-05,0.1094869971275329,0.1100630015134811,0.1077269986271858,0.109264001250267,391880787
2024-10-06,0.1114799976348877,0.1126559972763061,0.1085119992494583,0.1094869971275329,435305366
2024-10-07,0.108654998242855,0.1152089983224868,0.108654998242855,0.1114799976348877,849108258
2024-10-08,0.1070439964532852,0.1097040027379989,0.1053519994020462,0.1086520031094551,615072081
2024-10-09,0.1079389974474906,0.1111320033669471,0.1063769981265068,0.1070439964532852,667785123
2024-10-10,0.1059800013899803,0.1084500029683113,0.1033079996705055,0.1079370006918907,749185963
2024-10-11,0.1107330024242401,0.111344002187252,0.1057019978761673,0.1059800013899803,650490847
2024-10-12,0.1114159971475601,0.1120579987764358,0.1094570010900497,0.1107330024242401,519024338
2024-10-13,0.1113360002636909,0.1120050027966499,0.1087990030646324,0.1114159971475601,573648913
2024-10-14,0.1166540011763572,0.1174559965729713,0.1094290018081665,0.1113360002636909,1038038455
2024-10-15,0.11752700060606,0.1187919974327087,0.1105120033025741,0.1166540011763572,1367247373
2024-10-16,0.1257729977369308,0.1294440031051635,0.1159309968352317,0.1175249963998794,2270276586
2024-10-17,0.1296579986810684,0.1306490004062652,0.1207619979977607,0.1257729977369308,1557107117
2024-10-18,0.1372130066156387,0.140526995062828,0.1296470016241073,0.1296599954366684,2216997635
2024-10-19,0.1445270031690597,0.1465439945459365,0.1371899992227554,0.1372130066156387,1898579280
2024-10-20,0.142083004117012,0.1452459990978241,0.1375769972801208,0.1445260047912597,1456913937
2024-10-21,0.1436900049448013,0.1495330035686493,0.1384329944849014,0.142084002494812,2075196142
2024-10-22,0.1395079940557479,0.1478829979896545,0.1368480026721954,0.1436900049448013,1647303198
2024-10-23,0.138496994972229,0.1406040042638778,0.1332789957523346,0.1395110040903091,1430747359
2024-10-24,0.14198699593544,0.1435019969940185,0.1364499926567077,0.1399009972810745,1349772912
2024-10-25,0.1310130059719085,0.1423999965190887,0.1285479962825775,0.14198799431324,1458877964
2024-10-26,0.1373569965362548,0.1378310024738311,0.130839005112648,0.1310130059719085,947921669
2024-10-27,0.1443119943141937,0.1458570063114166,0.1360570043325424,0.1373569965362548,1129296560
2024-10-28,0.1611499935388565,0.1620099991559982,0.1411760002374649,0.1443109959363937,3078140199
2024-10-29,0.1758390069007873,0.1792269945144653,0.1608259975910186,0.1611520051956176,3785378330
2024-10-30,0.1681459993124008,0.1775349974632263,0.1652500033378601,0.1758390069007873,2319205433
2024-10-31,0.1613720059394836,0.1729969978332519,0.1565459966659546,0.1681459993124008,2213630995
2024-11-01,0.1591850072145462,0.1682419925928115,0.1544200032949447,0.1613720059394836,2406203136
2024-11-02,0.1593160033226013,0.1632979959249496,0.1560350060462951,0.1591890007257461,1342216649
2024-11-03,0.1514540016651153,0.1596270054578781,0.1428229957818985,0.1593160033226013,2214868458
2024-11-04,0.1583459973335266,0.1598940044641494,0.1485809981822967,0.1514540016651153,2541759238
2024-11-05,0.1701799929141998,0.1788399964570999,0.1581790000200271,0.1583449989557266,4095671194
2024-11-06,0.1966580003499984,0.2133360058069229,0.1696940064430236,0.1701879948377609,12194137333
2024-11-07,0.1931589990854263,0.203477993607521,0.1862549930810928,0.1966580003499984,4338342915
2024-11-08,0.2021320015192031,0.2065639942884445,0.1912889927625656,0.1931589990854263,4089504352
2024-11-09,0.218760997056961,0.2197369933128357,0.1978249996900558,0.2021310031414032,4290391407
2024-11-10,0.2790949940681457,0.2966139912605285,0.217301994562149,0.2187940031290054,14901681717
2024-11-11,0.3495210111141205,0.3496020138263702,0.2761420011520386,0.2790949940681457,19590715363
2024-11-12,0.3822210133075714,0.4358629882335663,0.333431988954544,0.3495210111141205,39936467957
2024-11-13,0.399522989988327,0.4316239953041076,0.3566089868545532,0.3822180032730102,28286313456
2024-11-14,0.3616459965705871,0.4147039949893951,0.3558079898357391,0.399522989988327,15564516841
2024-11-15,0.3791890144348144,0.3842459917068481,0.3544690012931824,0.3617129921913147,11623194182
2024-11-16,0.3637480139732361,0.3898789882659912,0.3613030016422272,0.3791899979114532,7524229950
2024-11-17,0.3665600121021271,0.3735580146312713,0.3416990041732788,0.363750010728836,7832273719
2024-11-18,0.3717409968376159,0.3799059987068176,0.3592349886894226,0.3665699958801269,8396330143
2024-11-19,0.3913559913635254,0.4183340072631836,0.3680199980735779,0.3717400133609772,12889618537
2024-11-20,0.377496987581253,0.3955990076065063,0.3665690124034881,0.3913399875164032,8029529786
2024-11-21,0.3876169919967651,0.3949440121650696,0.3700119853019714,0.377496987581253,8052510566
2024-11-22,0.4129239916801452,0.4191919863224029,0.381520003080368,0.3876259922981262,13591947495
2024-11-23,0.4300119876861572,0.4774599969387054,0.40556600689888,0.4129239916801452,20873625275
2024-11-24,0.4298819899559021,0.4524280130863189,0.400967001914978,0.4300119876861572,12213185937
2024-11-25,0.393339991569519,0.4370419979095459,0.3815149962902069,0.4298950135707855,9773285006
2024-11-26,0.3876180052757263,0.408372014760971,0.3673189878463745,0.3933109939098358,8847260920
2024-11-27,0.4015249907970428,0.408051997423172,0.3816910088062286,0.3876149952411651,6388400976
2024-11-28,0.4020180106163025,0.4273050129413605,0.3922590017318725,0.4015150070190429,5955119388
2024-11-29,0.4258390069007873,0.4370859861373901,0.3999919891357422,0.4020189940929413,6768739922
2024-11-30,0.4219709932804107,0.43470099568367,0.4153609871864319,0.4258390069007873,5601447294
2024-12-01,0.4400230050086975,0.4492810070514679,0.4176940023899078,0.421968013048172,8333397829
2024-12-02,0.42467001080513,0.4602450132369995,0.4051119983196258,0.4400489926338196,13072433718
2024-12-03,0.4078820049762726,0.4280489981174469,0.3914720118045807,0.42467200756073,9362620939
2024-12-04,0.4319570064544678,0.4356260001659393,0.4019590020179748,0.4078510105609894,8065078709
2024-12-05,0.4305860102176666,0.4634039998054504,0.4090110063552856,0.4319030046463012,15284058219
2024-12-06,0.435708999633789,0.441781997680664,0.4212599992752075,0.4278939962387085,6668459793
2024-12-07,0.4538869857788086,0.4660390019416809,0.4321280121803283,0.4357120096683502,8127914572
2024-12-08,0.4672969877719879,0.4835099875926971,0.4482400119304657,0.4538910090923309,8171222257
2024-12-09,0.4147189855575561,0.4672990143299103,0.3847210109233856,0.4672990143299103,11830538830
2024-12-10,0.3945200145244598,0.4224070012569427,0.3668400049209595,0.4147219955921173,11257345383
2024-12-11,0.4144920110702514,0.4187879860401153,0.3766329884529114,0.3945119976997375,6670843571
2024-12-12,0.4065479934215545,0.4233590066432953,0.40174400806427,0.4144949913024902,5601004925
2024-12-13,0.4090810120105743,0.4116869866847992,0.399861991405487,0.4065479934215545,3815608761
2024-12-14,0.3979760110378265,0.4127539992332458,0.388139009475708,0.4090810120105743,3165759137
2024-12-15,0.4062719941139221,0.409835010766983,0.3929089903831482,0.3979719877243042,2654366167
2024-12-16,0.4019339978694916,0.4135940074920654,0.3927359879016876,0.4062950015068054,3891164219
2024-12-17,0.394336998462677,0.4098989963531494,0.3915959894657135,0.4019350111484527,3618256203
2024-12-18,0.358038991689682,0.3961629867553711,0.3564940094947815,0.3943409919738769,5749656033
2024-12-19,0.3150660097599029,0.3670360147953033,0.3027690052986145,0.3580470085144043,9565836573
2024-12-20,0.3177129924297333,0.3280569911003113,0.2644400000572204,0.3150539994239807,11414899319
2024-12-21,0.3209510147571563,0.3494060039520263,0.3152489960193634,0.3177190124988556,6875286934
2024-12-22,0.3121919929981231,0.3240320086479187,0.3057180047035217,0.3209039866924286,4115525341
2024-12-23,0.3242189884185791,0.3278819918632507,0.3032779991626739,0.3121989965438843,4390431993
2024-12-24,0.3369239866733551,0.3394339978694916,0.3163929879665375,0.3242180049419403,3138423654
2024-12-25,0.334318995475769,0.3413659930229187,0.326898992061615,0.3369260132312774,2538802504
2024-12-26,0.3122560083866119,0.3373810052871704,0.3089979887008667,0.334304004907608,2514756816
2024-12-27,0.3110359907150268,0.3238469958305359,0.3097639977931976,0.3122549951076507,2157162506
2024-12-28,0.3239189982414245,0.3258579969406128,0.311055988073349,0.311055988073349,1410132054
2024-12-29,0.3143199980258941,0.3289330005645752,0.3116669952869415,0.3239170014858246,1654780626
2024-12-30,0.3135139942169189,0.3224799931049347,0.3065469861030578,0.3143199980258941,2526977895
2024-12-31,0.3156810104846954,0.3278659880161285,0.3094030022621155,0.3135179877281189,2204579838
2025-01-01,0.3243060111999511,0.3264780044555664,0.311722993850708,0.3156819939613342,1532271286
2025-01-02,0.3386099934577942,0.3441779911518097,0.3242920041084289,0.3243060111999511,3205163576
2025-01-03,0.3792789876461029,0.3877969980239868,0.335886001586914,0.3386099934577942,4823481336
2025-01-04,0.3947460055351257,0.3979969918727875,0.378042995929718,0.3792830109596252,4431717187
2025-01-05,0.3825629949569702,0.3973050117492676,0.3763160109519958,0.3947460055351257,2594267525
2025-01-06,0.3879570066928863,0.3937020003795624,0.3765510022640228,0.3824940025806427,2937148475
2025-01-07,0.3484370112419128,0.3978079855442047,0.3484219908714294,0.3879519999027252,5280516863
2025-01-08,0.3422479927539825,0.3551110029220581,0.3268100023269653,0.3484359979629516,4416730765
2025-01-09,0.3209120035171509,0.3462859988212585,0.3151029944419861,0.3422470092773437,3614560190
2025-01-10,0.3339810073375702,0.3385339975357055,0.3208909928798675,0.3209089934825897,3222794655
2025-01-11,0.34095498919487,0.3478110134601593,0.3300749957561493,0.3339790105819702,1461005907
2025-01-12,0.3359589874744415,0.3429889976978302,0.3322780132293701,0.3409500122070312,1436724129
2025-01-13,0.3382990062236786,0.3452140092849731,0.3113990128040313,0.3359560072422027,3713750868
2025-01-14,0.3561199903488159,0.3610909879207611,0.3360579907894134,0.3382970094680786,3143614167
2025-01-15,0.3857100009918213,0.3873539865016937,0.3487440049648285,0.3561199903488159,4079184871
2025-01-16,0.3767479956150055,0.3893490135669708,0.368461012840271,0.3857130110263824,4097841421
2025-01-17,0.4159390032291412,0.4205009937286377,0.3759729862213135,0.3767060041427612,6276540245
2025-01-18,0.3960810005664825,0.4335120022296905,0.387239009141922,0.4159129858016968,7331618418
2025-01-19,0.3577570021152496,0.408964991569519,0.3521200120449066,0.3960849940776825,9531626101
2025-01-20,0.3546079993247986,0.3849729895591736,0.3472470045089721,0.3577390015125274,8850825869
2025-01-21,0.3715769946575165,0.4001699984073639,0.3358989953994751,0.3545730113983154,9507969594
2025-01-22,0.3630560040473938,0.3733420073986053,0.355989009141922,0.3715879917144775,2940097446
2025-01-23,0.3523530066013336,0.3640869855880737,0.3429929912090301,0.3629800081253052,3093003294
2025-01-24,0.350739985704422,0.3638930022716522,0.3432880043983459,0.3523020148277282,2122786422
2025-01-25,0.3537760078907013,0.3595879971981048,0.3459599912166595,0.3507449924945831,1500843148
2025-01-26,0.336326003074646,0.3570230007171631,0.3363009989261627,0.3537850081920624,1263299832
2025-01-27,0.3338220119476318,0.3367410004138946,0.3078100085258484,0.3363229930400848,4453314117
2025-01-28,0.3190740048885345,0.3386459946632385,0.3158349990844726,0.3338179886341095,2019292120
2025-01-29,0.3238640129566192,0.3335089981555938,0.3179410099983215,0.3190740048885345,1981300959
2025-01-30,0.331508994102478,0.3380840122699737,0.3228709995746612,0.323870986700058,1365524939
2025-01-31,0.3287279903888702,0.3406769931316376,0.3243130147457123,0.331506997346878,1796042122
2025-02-01,0.3083570003509521,0.3318940103054046,0.3042640089988708,0.3287270069122314,1577548524
2025-02-02,0.2675090134143829,0.3145889937877655,0.2545549869537353,0.3083769977092743,5607210222
2025-02-03,0.2850039899349212,0.2924639880657196,0.2117200046777725,0.2675099968910217,11007373557
2025-02-04,0.2641440033912658,0.2884669899940491,0.2562919855117798,0.2850160002708435,4306969827
2025-02-05,0.2562330067157745,0.2690280079841614,0.2543720006942749,0.2641279995441437,1818131454
2025-02-06,0.2480839937925338,0.2656950056552887,0.2439420074224472,0.2562330067157745,1892595490
2025-02-07,0.2466129958629608,0.2612169981002807,0.239544004201889,0.2480790019035339,2042225149
2025-02-08,0.2532660067081451,0.2539499998092651,0.2449920028448104,0.2466129958629608,989182891
2025-02-09,0.2492900043725967,0.2598359882831573,0.2403060048818588,0.2532649934291839,1242077795
2025-02-10,0.2552599906921386,0.2559249997138977,0.2420610040426254,0.2492890059947967,1342589439
2025-02-11,0.2531220018863678,0.2692329883575439,0.2490310072898864,0.255264014005661,1721245015
2025-02-12,0.2641220092773437,0.2670300006866455,0.248890995979309,0.2531229853630066,1949247514
2025-02-13,0.2624920010566711,0.2669180035591125,0.2540499866008758,0.2641299962997436,1492303517
2025-02-14,0.271928995847702,0.2852930128574371,0.2612099945545196,0.2624909877777099,2320487584
2025-02-15,0.271723985671997,0.2826789915561676,0.2689409852027893,0.2719320058822632,1624562147
2025-02-16,0.2657400071620941,0.2738159894943237,0.2642379999160766,0.2717260122299194,969472255
2025-02-17,0.2581480145454407,0.2684989869594574,0.2544839978218078,0.2657580077648163,1369340298
2025-02-18,0.2509010136127472,0.2593939900398254,0.2426030039787292,0.2581480145454407,1601424562
2025-02-19,0.2547680139541626,0.2552230060100555,0.2492779940366745,0.2509030103683471,1007520306
2025-02-20,0.2548600137233734,0.2574599981307983,0.2505120038986206,0.2547670006752014,1119395680
2025-02-21,0.2393079996109008,0.260930985212326,0.2349189966917038,0.254857987165451,2024664109
2025-02-22,0.2467229962348938,0.2476650029420852,0.2383400052785873,0.239314004778862,932077730
2025-02-23,0.2430229932069778,0.2474350035190582,0.2406550049781799,0.2467239946126938,707579811
2025-02-24,0.2103590071201324,0.243827998638153,0.2083220034837722,0.2430219948291778,2239353273
2025-02-25,0.2123890072107315,0.2139209955930709,0.1967640072107315,0.2103729993104934,3432761745
2025-02-26,0.2055409997701645,0.2135020047426223,0.1963640004396438,0.2112679928541183,2020402428
2025-02-27,0.2068240046501159,0.2112389951944351,0.2012549936771392,0.2028529942035675,1369944972
2025-02-28,0.2019630074501037,0.2068589925765991,0.181876003742218,0.2068230062723159,2620914147
2025-03-01,0.2065369933843612,0.2086970061063766,0.1994629949331283,0.2019630074501037,1197948866
2025-03-02,0.2392670065164566,0.2416699975728988,0.2019049972295761,0.2065369933843612,3319886568
2025-03-03,0.1990759968757629,0.239653006196022,0.1942819952964782,0.2392590045928955,2824331185
2025-03-04,0.1991460025310516,0.2016289979219436,0.1837339997291565,0.199082002043724,2366639397
2025-03-05,0.2047200053930282,0.2059569954872131,0.1965830028057098,0.1991430073976516,1433656840
2025-03-06,0.2017270028591156,0.2192309945821762,0.1995660066604614,0.2047190070152282,1799078197
2025-03-07,0.1979729980230331,0.2083310037851333,0.191547006368637,0.2017270028591156,1829178903
2025-03-08,0.1921720057725906,0.2006690055131912,0.1915059983730316,0.1979729980230331,949946399
2025-03-09,0.1678030043840408,0.1939969956874847,0.1662870049476623,0.1921710073947906,1797791194
2025-03-10,0.1540600061416626,0.1802829951047897,0.1513639986515045,0.1678030043840408,2202314258
2025-03-11,0.1641660034656524,0.1683170050382614,0.1453499943017959,0.1540579944849014,2372945325
2025-03-12,0.1723809987306594,0.1725129932165146,0.1597909927368164,0.1641550064086914,1618464957
2025-03-13,0.1650650054216385,0.1727109998464584,0.1620949953794479,0.1723809987306594,1437934838
2025-03-14,0.1717990040779113,0.1757020056247711,0.1649270057678222,0.1650650054216385,1042050428
2025-03-15,0.1760679930448532,0.1776120066642761,0.1715610027313232,0.171764999628067,731309597
2025-03-16,0.1682350039482116,0.1766989976167678,0.1662269979715347,0.1760669946670532,935490545
2025-03-17,0.1734649986028671,0.1759919971227646,0.1681929975748062,0.1682330071926117,1002401452
2025-03-18,0.1680289953947067,0.1734720021486282,0.1632370054721832,0.1734720021486282,1046683878
2025-03-19,0.1780650019645691,0.178516998887062,0.1670040041208267,0.1680289953947067,1238919491
2025-03-20,0.1693509966135025,0.1790059953927993,0.167042002081871,0.178069993853569,959535286
2025-03-21,0.1670619994401931,0.1714009940624237,0.1649589985609054,0.1693509966135025,743835419
2025-03-22,0.1673430055379867,0.1695459932088852,0.1668040007352829,0.1670680046081543,438263314
2025-03-23,0.1722529977560043,0.1722529977560043,0.1671800017356872,0.1673420071601867,564898047
2025-03-24,0.1828889995813369,0.1889459937810897,0.1708790063858032,0.1722469925880432,1472602266
2025-03-25,0.1909099966287613,0.193350002169609,0.1812829971313476,0.1828899979591369,1549790934
2025-03-26,0.1947979927062988,0.2053789943456649,0.1898519992828369,0.1909079998731613,2068603477
2025-03-27,0.1904949992895126,0.2003840059041977,0.1883119940757751,0.1947979927062988,1282332601
2025-03-28,0.1801899969577789,0.1925809979438781,0.1774840056896209,0.1904949992895126,1407200953
2025-03-29,0.1695650070905685,0.1822070032358169,0.1665830016136169,0.1801909953355789,1120659030
2025-03-30,0.1663189977407455,0.1722099930047989,0.1649740040302276,0.1695709973573684,831596449
2025-03-31,0.166714996099472,0.1682119965553283,0.1604920029640197,0.1663189977407455,1321114553
2025-04-01,0.1740860044956207,0.1751450002193451,0.1662150025367736,0.166715994477272,1149373221
2025-04-02,0.1641950011253357,0.1786980032920837,0.1624089926481247,0.1740860044956207,1734215164
2025-04-03,0.1620599925518036,0.1672399938106537,0.1557350009679794,0.1641950011253357,1201472795
2025-04-04,0.171097993850708,0.1725790053606033,0.1604299992322921,0.1620589941740036,1645454216
2025-04-05,0.1690270006656646,0.1714130043983459,0.1663780063390731,0.171097993850708,607481980
2025-04-06,0.1488450020551681,0.1697690039873123,0.1464519947767257,0.1690270006656646,1267445532
2025-04-07,0.149520993232727,0.1526000052690506,0.1315069943666458,0.1488450020551681,3512035481
2025-04-08,0.1421069949865341,0.1567270010709762,0.1415140032768249,0.149519994854927,1829881699
2025-04-09,0.1603710055351257,0.1640260070562362,0.1367200016975402,0.1421090066432953,2265462273
2025-04-10,0.153666004538536,0.1603769958019256,0.1494189947843551,0.1603710055351257,1231567926
2025-04-11,0.1600890010595321,0.1621399968862533,0.1533630043268203,0.153668001294136,864574135
2025-04-12,0.1676110029220581,0.1693339943885803,0.1578769981861114,0.1600890010595321,867802910
2025-04-13,0.1627919971942901,0.1684889942407608,0.1613200008869171,0.1676110029220581,874509965
2025-04-14,0.158500999212265,0.1686410009860992,0.1576890051364898,0.1627919971942901,988651639
2025-04-15,0.1535499989986419,0.1610610038042068,0.1532579958438873,0.158502995967865,777400544
2025-04-16,0.1546880006790161,0.1570030003786087,0.1509439945220947,0.153547003865242,823568608
2025-04-17,0.1557399928569793,0.1593510061502456,0.1531810015439987,0.154690995812416,586169227
2025-04-18,0.1576160043478012,0.1587699949741363,0.1537739932537078,0.1557410061359405,477534244
2025-04-19,0.1573330014944076,0.1605560034513473,0.1565230041742324,0.1576180011034011,477710096
2025-04-20,0.1551840007305145,0.1592829972505569,0.1527449935674667,0.1573330014944076,637644889
2025-04-21,0.15938800573349,0.1629340052604675,0.1551399976015091,0.1551840007305145,1038358279
2025-04-22,0.1786479949951172,0.1793709993362426,0.1579540073871612,0.15938700735569,1568128902
2025-04-23,0.1786050051450729,0.1850219964981079,0.1756580024957656,0.1786520034074783,1860794550
2025-04-24,0.1824570000171661,0.1831450015306472,0.1702609956264495,0.1786050051450729,1479272164
2025-04-25,0.1818300038576126,0.186035007238388,0.1781200021505355,0.1824599951505661,1731253893
2025-04-26,0.181889995932579,0.1924429982900619,0.1804109960794448,0.1818320006132125,1467785872
2025-04-27,0.1796720027923584,0.1831450015306472,0.1770029962062835,0.181890994310379,1113159755
2025-04-28,0.1789519935846328,0.1826719939708709,0.1743730008602142,0.1796730011701584,1345897366
2025-04-29,0.1746360063552856,0.1805409938097,0.1727949976921081,0.1789519935846328,966758883
2025-04-30,0.1723400056362152,0.1763499975204467,0.1672690063714981,0.1746399998664856,970750123
2025-05-01,0.180758997797966,0.1832900047302246,0.1722940057516098,0.1723410040140152,1018176528
2025-05-02,0.1815769970417022,0.1840820014476776,0.1794400066137313,0.1807660013437271,1008214455
2025-05-03,0.1757570058107376,0.1820529997348785,0.1755080074071884,0.1815769970417022,577738365
2025-05-04,0.1705520004034042,0.177264004945755,0.1701709926128387,0.1757570058107376,626186290
2025-05-05,0.1706040054559707,0.1745380014181137,0.1686660051345825,0.1705520004034042,689655044
2025-05-06,0.1721159964799881,0.1724019944667816,0.1643979996442794,0.1706040054559707,831221260
2025-05-07,0.1720069944858551,0.1740629971027374,0.1694809943437576,0.1721149981021881,677248571
2025-05-08,0.1975769996643066,0.1979389935731887,0.1718930006027221,0.1720100045204162,1943565536
2025-05-09,0.2052900046110153,0.2126349955797195,0.193339005112648,0.1975809931755066,2387581238
2025-05-10,0.2486889958381652,0.249109998345375,0.2036100029945373,0.2052949965000152,3238796872
2025-05-11,0.2315080016851425,0.2587389945983886,0.223580002784729,0.2486820071935653,3518175098
2025-05-12,0.231002002954483,0.2515409886837005,0.2221850007772445,0.2315090000629425,4628696012
2025-05-13,0.2412150055170059,0.2428990006446838,0.2180230021476745,0.231002002954483,2734212256
2025-05-14,0.2328079938888549,0.2467689961194992,0.2287420034408569,0.2412150055170059,2249826077
2025-05-15,0.2191890031099319,0.2364369928836822,0.2149229943752288,0.232806995511055,2477683429
2025-05-16,0.2212869971990585,0.2302960008382797,0.2183160036802292,0.2191939949989318,1759584218
2025-05-17,0.2146980017423629,0.2220450043678283,0.2114879935979843,0.2212869971990585,1499656753
2025-05-18,0.2341810017824173,0.2371570020914077,0.2143779993057251,0.2146980017423629,2360198976
2025-05-19,0.2244209945201873,0.2351430058479309,0.2145449966192245,0.2339610010385513,2122215648
2025-05-20,0.2261260002851486,0.2303269952535629,0.2180459946393966,0.2244209945201873,1815889701
2025-05-21,0.234057992696762,0.2375829964876175,0.2232930064201355,0.2261269986629486,2813244924
2025-05-22,0.2450280040502548,0.2454389929771423,0.2340639978647232,0.2340680062770843,2739121621
2025-05-23,0.2248139977455139,0.253616988658905,0.2237779945135116,0.2450280040502548,3466192197
2025-05-24,0.2252970039844513,0.2303619980812072,0.2240539938211441,0.2248139977455139,1223553027
2025-05-25,0.2249840050935745,0.2262710034847259,0.2162310034036636,0.2252970039844513,1528958070
2025-05-26,0.2260250002145767,0.2302750051021576,0.2230100035667419,0.2249830067157745,1172026172
2025-05-27,0.2261639982461929,0.2320069968700409,0.2201099991798401,0.2260300070047378,1406054690
2025-05-28,0.220781996846199,0.2276570051908493,0.2172159999608993,0.2261610031127929,1203668237
2025-05-29,0.2148330062627792,0.2278340011835098,0.2145829945802688,0.220781996846199,1561923823
2025-05-30,0.1934359967708587,0.2162999957799911,0.1921350061893463,0.2148369997739792,2466944860
2025-05-31,0.1925790011882782,0.1953520029783249,0.1860630065202713,0.1934420019388198,1529424800
2025-06-01,0.1936320066452026,0.1947800070047378,0.1872680038213729,0.1925780028104782,939280532
2025-06-02,0.1953900009393692,0.1960649937391281,0.1888719946146011,0.1936320066452026,1007324701
2025-06-03,0.1931380033493042,0.2002509981393814,0.1921900063753128,0.1953960061073303,1062603805
2025-06-04,0.1882359981536865,0.1969099938869476,0.1874269992113113,0.1931390017271042,779255975
2025-06-05,0.1716279983520507,0.1923760026693344,0.1692329943180084,0.1882369965314865,1718819551
2025-06-06,0.1789730042219162,0.1842530071735382,0.1701840013265609,0.1716269999742508,1247591143
2025-06-07,0.1851679980754852,0.1885730028152465,0.1780339926481247,0.178969994187355,836264651
2025-06-08,0.1841730028390884,0.1867509931325912,0.1812230050563812,0.1851679980754852,689923176
2025-06-09,0.1949329972267151,0.1954250037670135,0.1804540008306503,0.1841730028390884,1177667689
2025-06-10,0.1982820034027099,0.1983000040054321,0.1898870021104812,0.1949329972267151,1400212022
2025-06-11,0.193011000752449,0.2043319940567016,0.1915940046310424,0.1982820034027099,1630500550
2025-06-12,0.181547999382019,0.1936189979314804,0.1805319935083389,0.193011000752449,1254786513
2025-06-13,0.1803800016641616,0.181547999382019,0.1707919985055923,0.181547999382019,1883491191
2025-06-14,0.1784670054912567,0.1804420053958892,0.1749780029058456,0.1803819984197616,777784368
2025-06-15,0.1756689995527267,0.1785759925842285,0.1717579960823059,0.1784670054912567,760010233
2025-06-16,0.1726980060338974,0.1810149997472763,0.1726980060338974,0.1756689995527267,1204577500
2025-06-17,0.1696680039167404,0.1758950054645538,0.1643030047416687,0.1726969927549362,1273076742
2025-06-18,0.170632004737854,0.1720609962940216,0.1643790006637573,0.1696680039167404,970407002
2025-06-19,0.1709630042314529,0.1718470007181167,0.1679359972476959,0.170633003115654,542107459
2025-06-20,0.1624750047922134,0.1718810051679611,0.1588670015335083,0.1709609925746917,1099193747
2025-06-21,0.1541689932346344,0.16423299908638,0.1517799943685531,0.1624750047922134,813191920
2025-06-22,0.1513220071792602,0.1572490036487579,0.143774002790451,0.1541970074176788,1841758169
2025-06-23,0.1643629968166351,0.1649910062551498,0.1491580009460449,0.151320993900299,1346692450
2025-06-24,0.1657309979200363,0.1674270033836364,0.1620270013809204,0.1643629968166351,1072291444
2025-06-25,0.1645780056715011,0.1673649996519088,0.1629920005798339,0.1657339930534362,839304495
2025-06-26,0.1599860042333603,0.1679040044546127,0.1583700031042099,0.1645780056715011,916611999
2025-06-27,0.1610680073499679,0.1625970005989074,0.1574649959802627,0.1599860042333603,638328531
2025-06-28,0.1636919975280761,0.1648979932069778,0.160631000995636,0.1610690057277679,400589442
2025-06-29,0.1696020066738128,0.1697759926319122,0.1627119928598404,0.1636919975280761,543918306
2025-06-30,0.1651359945535659,0.1697939932346344,0.1626269966363906,0.1696020066738128,838074434
2025-07-01,0.1577509939670562,0.1661520004272461,0.1570630073547363,0.1651359945535659,687516950
2025-07-02,0.168720006942749,0.1724389940500259,0.157036006450653,0.1577509939670562,1151068316
2025-07-03,0.1720339953899383,0.1751910001039505,0.1677580028772354,0.1687169969081878,1280276705
2025-07-04,0.1628710031509399,0.172661006450653,0.1615819931030273,0.1720329970121383,1005469062
2025-07-05,0.1642719954252243,0.1649550050497055,0.1623850017786026,0.1628720015287399,444944070
2025-07-06,0.1719859987497329,0.1747110038995742,0.1632709950208664,0.1642719954252243,1092475819
2025-07-07,0.1679659932851791,0.1767289936542511,0.1659040004014969,0.1719859987497329,1238654782
2025-07-08,0.1709890067577362,0.171776995062828,0.1661310046911239,0.1679670065641403,852173993
2025-07-09,0.180755004286766,0.1847860068082809,0.1701029986143112,0.1709890067577362,1657071962
2025-07-10,0.1947930008172989,0.1957419961690902,0.1789209991693496,0.180755004286766,1741316233
2025-07-11,0.2011879980564117,0.2129340022802353,0.1917760074138641,0.1947869956493377,3859031770
2025-07-12,0.1973280012607574,0.2061060070991516,0.1922439932823181,0.2011879980564117,1645230470
2025-07-13,0.1985950022935867,0.2036090046167373,0.1962620019912719,0.1973280012607574,1460860601
2025-07-14,0.1974309980869293,0.2103890031576156,0.1955299973487854,0.1985950022935867,2642688097
2025-07-15,0.1991620063781738,0.1991789937019348,0.1887509971857071,0.1974309980869293,2108544271
2025-07-16,0.2127469927072525,0.2197320014238357,0.1957210004329681,0.1991620063781738,2865490732
2025-07-17,0.2180279940366745,0.2220550030469894,0.2073819935321808,0.2127469927072525,3524415111
2025-07-18,0.2361290007829666,0.2525370121002197,0.2167550027370453,0.2180200070142746,6909551812
2025-07-19,0.2414930015802383,0.2566330134868622,0.2360820025205612,0.2361389994621276,4276687151
2025-07-20,0.2729290127754211,0.2769660055637359,0.2402420043945312,0.2414930015802383,6077966743
2025-07-21,0.2717190086841583,0.2867560088634491,0.2649300098419189,0.2729290127754211,6129417334
2025-07-22,0.2703790068626404,0.2744089961051941,0.258195012807846,0.2717190086841583,4399161114
2025-07-23,0.2406489998102188,0.2708770036697387,0.2320870012044906,0.2703779935836792,4422461834
2025-07-24,0.2319740056991577,0.2464780062437057,0.2232789993286132,0.240663006901741,4245820253
2025-07-25,0.2368119955062866,0.2368119955062866,0.2219820022583007,0.2319740056991577,3502127057
2025-07-26,0.2355140000581741,0.2398640066385269,0.2331849932670593,0.2368080019950866,1499470254
2025-07-27,0.2408030033111572,0.2435739934444427,0.2347390055656433,0.2355130016803741,1975404021
2025-07-28,0.2252259999513626,0.2482140064239502,0.224932000041008,0.2408030033111572,2900653769
2025-07-29,0.2237929999828338,0.2324489951133728,0.218312993645668,0.2252320051193237,2219777443
2025-07-30,0.2198999971151352,0.2261440008878708,0.2110079973936081,0.2237929999828338,2295849760
2025-07-31,0.2098730057477951,0.2255129963159561,0.2092179954051971,0.2198999971151352,1775122878
2025-08-01,0.2012159973382949,0.2120350003242492,0.1967770010232925,0.2098540067672729,3400021925
2025-08-02,0.1912139952182769,0.2032189965248108,0.189627006649971,0.2012159973382949,2202580408
2025-08-03,0.198863998055458,0.1999280005693435,0.1895419955253601,0.1912139952182769,1383820507
2025-08-04,0.2104129940271377,0.2111880034208297,0.1986529976129531,0.198862999677658,1808700824
2025-08-05,0.1997389942407608,0.2108779996633529,0.1964469999074936,0.2104129940271377,1606059547
2025-08-06,0.2052550017833709,0.2070180028676986,0.1957409977912902,0.1997399926185608,1273212150
2025-08-07,0.2223899960517883,0.2228730022907257,0.2035430073738098,0.2052550017833709,2060907648
2025-08-08,0.2302139997482299,0.2322359979152679,0.2200150042772293,0.2223909944295883,2813209061
2025-08-09,0.2403250038623809,0.2460979968309402,0.2299579977989196,0.2302190065383911,3167912055
2025-08-10,0.2340990006923675,0.2431299984455108,0.2299779951572418,0.2403250038623809,2275130914
2025-08-11,0.2225500047206878,0.2414080053567886,0.221561998128891,0.2341029942035675,2818659723
2025-08-12,0.2356660068035125,0.2378000020980835,0.219197005033493,0.2225510030984878,2721898586
2025-08-13,0.2452020049095153,0.24965700507164,0.2316019982099533,0.2356660068035125,4066944826
2025-08-14,0.2238930016756057,0.2547790110111236,0.2181330025196075,0.2452020049095153,5430971906
2025-08-15,0.2286130040884018,0.2328490018844604,0.220670998096466,0.2238940000534057,3284438866
2025-08-16,0.2312459945678711,0.2354110032320022,0.2263969928026199,0.2286130040884018,2012788849
2025-08-17,0.2345650047063827,0.2423480004072189,0.2287259995937347,0.2312449961900711,2308822296
2025-08-18,0.2224249988794326,0.2355320006608963,0.2204589992761612,0.2345650047063827,3221260023
2025-08-19,0.2090480029582977,0.2255620062351226,0.2089660018682479,0.2224240005016327,2965240262
2025-08-20,0.221450001001358,0.2227219939231872,0.208529993891716,0.2090499997138977,3332092604
2025-08-21,0.2147489935159683,0.224030002951622,0.2140990048646927,0.221450001001358,2146370687
2025-08-22,0.2405900061130523,0.2417249977588653,0.2087509930133819,0.2147469967603683,4553800466
2025-08-23,0.2360090017318725,0.2405930012464523,0.2292709946632385,0.2405879944562912,2633509850
2025-08-24,0.231797993183136,0.244501993060112,0.2283740043640136,0.2360209971666336,3243609548
2025-08-25,0.2098239958286285,0.2341099977493286,0.2072010040283203,0.2318039983510971,3601938683
2025-08-26,0.2184650003910064,0.2198240011930465,0.2082459926605224,0.2098239958286285,2273426712
2025-08-27,0.2189189940690994,0.2232650071382522,0.2163159996271133,0.2184620052576065,2291320646
2025-08-28,0.2243400067090988,0.2258780002593994,0.2172369956970214,0.2189259976148605,1900714656
2025-08-29,0.2140350043773651,0.2246280014514923,0.2100380063056945,0.2243379950523376,2575985418
2025-08-30,0.2159799933433532,0.218419998884201,0.2120019942522049,0.2140340059995651,1092661803
2025-08-31,0.2138150036334991,0.2209459990262985,0.2135629951953888,0.2159810066223144,1044727824
2025-09-01,0.2102539986371994,0.2196259945631027,0.2054529935121536,0.213811993598938,2726790335
2025-09-02,0.214818000793457,0.2152629941701889,0.2069990038871765,0.2102520018815994,2083072411
2025-09-03,0.2205599993467331,0.2232400029897689,0.2126590013504028,0.214818000793457,1806352077
2025-09-04,0.2124769985675811,0.220891997218132,0.2107889950275421,0.2205599993467331,1600512717
2025-09-05,0.2179040014743805,0.2206510007381439,0.2121050059795379,0.21246899664402,2429307965
2025-09-06,0.2158859968185424,0.2187259942293167,0.2125519961118698,0.2179040014743805,1195532222
2025-09-07,0.2284429967403412,0.2290520071983337,0.2158669978380203,0.2158859968185424,1913782985
2025-09-08,0.2418809980154037,0.2436400055885315,0.226950004696846,0.2284429967403412,3729000010
2025-09-09,0.240689992904663,0.2485309988260269,0.2340890020132064,0.2418809980154037,4216668251
2025-09-10,0.2453950047492981,0.2480390071868896,0.2369700074195861,0.2406910061836242,2829953595
2025-09-11,0.2556580007076263,0.2568559944629669,0.2443020045757293,0.2453919947147369,3760658715
2025-09-12,0.2754279971122741,0.2783870100975036,0.2551650106906891,0.2556520104408264,4643519794
2025-09-13,0.289463996887207,0.3056420087814331,0.2731469869613647,0.2754200100898742,9024886352
2025-09-14,0.2785899937152862,0.2942120134830475,0.2731879949569702,0.2894630134105682,5708225877
2025-09-15,0.2686299979686737,0.2816810011863708,0.2598290145397186,0.2785870134830475,5721394577
2025-09-16,0.269771009683609,0.2715620100498199,0.2589690089225769,0.2686290144920349,4384096063
2025-09-17,0.2824639976024627,0.2835659980773926,0.2622460126876831,0.269771009683609,4837069879
2025-09-18,0.278779000043869,0.2879019975662231,0.2764610052108764,0.2824490070343017,4420244724
2025-09-19,0.2653869986534118,0.2840220034122467,0.263711005449295,0.2787800133228302,3402582767
2025-09-20,0.267749011516571,0.2691450119018554,0.2635659873485565,0.265388011932373,1791655632
2025-09-21,0.2611590027809143,0.2696839869022369,0.2608299851417541,0.267749011516571,1759685373
2025-09-22,0.2413160055875778,0.2620410025119781,0.2358579933643341,0.2611599862575531,5600811076
2025-09-23,0.2373879998922348,0.2434010058641433,0.234702005982399,0.2413150072097778,2979805692
2025-09-24,0.2412440031766891,0.2501550018787384,0.2320860028266906,0.2373860031366348,3426936081
2025-09-25,0.2227060049772262,0.2419340014457702,0.2215700000524521,0.2412450015544891,4513449818
2025-09-26,0.2326290011405944,0.2332880049943924,0.2220360040664672,0.2227140069007873,3136341383
2025-09-27,0.2308360040187835,0.2342150062322616,0.2282470017671585,0.2326290011405944,1404236029
2025-09-28,0.2373879998922348,0.2374719977378845,0.2254170030355453,0.2308380007743835,1629383714
2025-09-29,0.23505699634552,0.2386849969625473,0.2291699945926666,0.2373889982700348,2451434578
2025-09-30,0.2329050004482269,0.2356510013341903,0.2267969995737075,0.2350669950246811,2112968133
2025-10-01,0.2483649998903274,0.2483649998903274,0.2308329939842224,0.2329050004482269,2935493861
2025-10-02,0.2619369924068451,0.2634150087833404,0.2470549941062927,0.2483720034360885,3466616007
2025-10-03,0.2586030066013336,0.264968991279602,0.2535470128059387,0.2619400024414062,3285893533
2025-10-04,0.250916987657547,0.2594049870967865,0.2473369985818863,0.2586039900779724,2121406683
2025-10-05,0.2529540061950683,0.2646650075912475,0.2498150020837783,0.250914990901947,3422890843
2025-10-06,0.2663129866123199,0.2700470089912414,0.2513220012187958,0.2529540061950683,3938750191
2025-10-07,0.2473160028457641,0.267863005399704,0.2472569942474365,0.2663120031356811,4263519773
2025-10-08,0.2555629909038543,0.260930985212326,0.2441360056400299,0.2473160028457641,3136056857
2025-10-09,0.2485630065202713,0.2557089924812317,0.2419410049915313,0.2555620074272156,3221293489
2025-10-10,0.1931550055742263,0.2536239922046661,0.1147840023040771,0.2485630065202713,8989277920
2025-10-11,0.1854429990053177,0.2002339959144592,0.1790120005607605,0.1931550055742263,6948749972
2025-10-12,0.2077949941158294,0.2140489965677261,0.1817560046911239,0.1854410022497177,5183180935
2025-10-13,0.2139910012483596,0.2182700037956237,0.2047459930181503,0.2077949941158294,4745994514
2025-10-14,0.2045319974422454,0.2155440002679824,0.1951040029525756,0.2139910012483596,4841725506
2025-10-15,0.1963270008563995,0.2079730033874511,0.1950979977846145,0.2045319974422454,2877365449
2025-10-16,0.1883669942617416,0.2012349963188171,0.1852090060710907,0.1963279992341995,3498982322
2025-10-17,0.1848420053720474,0.1907970011234283,0.1762109994888305,0.1883659958839416,3317944601
2025-10-18,0.1895990073680877,0.1902229934930801,0.1845320016145706,0.1848500072956085,1238849111
2025-10-19,0.1953230053186416,0.1985349953174591,0.1862950026988983,0.1895990073680877,1982258702
2025-10-20,0.2001139968633651,0.2024469971656799,0.1919409930706024,0.1953240036964416,2148033213
2025-10-21,0.1943890005350113,0.2054349929094314,0.1923319995403289,0.2001560032367706,2783675973
2025-10-22,0.1900019943714141,0.1953140050172805,0.186500996351242,0.1943860054016113,2573427089
2025-10-23,0.1948439925909042,0.1972160041332245,0.1898320019245147,0.1900019943714141,1769172845
2025-10-24,0.1976979970932006,0.1996829956769943,0.1944019943475723,0.1948579996824264,1546313970
2025-10-25,0.1965910047292709,0.1997179985046386,0.1962520033121109,0.1976979970932006,1136645097
2025-10-26,0.2056699991226196,0.2064110040664672,0.1947930008172989,0.1965900063514709,1679630618
2025-10-27,0.2003819942474365,0.2093150019645691,0.1998029947280883,0.2056680023670196,1984421014
2025-10-28,0.1937569975852966,0.202906996011734,0.1912200003862381,0.2003819942474365,2809894306
2025-10-29,0.1923899948596954,0.197270005941391,0.1890770047903061,0.1937550008296966,2590886109
2025-10-30,0.1827100068330764,0.1944890022277832,0.1767860054969787,0.1923830062150955,3112664146
2025-10-31,0.1864330023527145,0.1877560019493103,0.1825100034475326,0.1827130019664764,1579798665
2025-11-01,0.187280997633934,0.1883829981088638,0.1852989941835403,0.1864320039749145,849876271
2025-11-02,0.1865729987621307,0.1886769980192184,0.1824800074100494,0.187279999256134,967206772
2025-11-03,0.1672430038452148,0.1865780055522918,0.1638270020484924,0.1865720003843307,3648984899
2025-11-04,0.1626950055360794,0.1708849966526031,0.1524959951639175,0.1672420054674148,4796083616
2025-11-05,0.167380005121231,0.1684630066156387,0.1553049981594085,0.1626950055360794,2522587575
2025-11-06,0.1614059954881668,0.167380005121231,0.1577309966087341,0.1673790067434311,1870692567
2025-11-07,0.1786729991436004,0.1813839972019195,0.1604859977960586,0.1614080071449279,2931787387
2025-11-08,0.1761820018291473,0.183008998632431,0.1733119934797287,0.1786739975214004,2236137677
2025-11-09,0.1792600005865097,0.1809639930725097,0.1716790050268173,0.1761820018291473,1608940509
2025-11-10,0.1818140000104904,0.1850190013647079,0.1776600033044815,0.1792590022087097,2127003685
2025-11-11,0.1720249950885772,0.1853460073471069,0.1718699932098388,0.1818130016326904,2107396312
2025-11-12,0.1700810045003891,0.178284004330635,0.1674810051918029,0.1720200031995773,1803938275
2025-11-13,0.1642960011959076,0.1767950057983398,0.1603219956159591,0.1700810045003891,2729846444
2025-11-14,0.1574659943580627,0.1657190024852752,0.1554169952869415,0.1642960011959076,3090051874
2025-11-15,0.1631370037794113,0.1642930060625076,0.1574649959802627,0.1574659943580627,1245164553
2025-11-16,0.1586609929800033,0.1653279960155487,0.1544169932603836,0.1631370037794113,1764383845
2025-11-17,0.1518920063972473,0.1639450043439865,0.1509190052747726,0.1586609929800033,2792290270
2025-11-18,0.1617040038108825,0.1625330001115799,0.1501020044088363,0.1518920063972473,2444487369
2025-11-19,0.1543249934911728,0.1620970070362091,0.1473100036382675,0.1617040038108825,2265496568
2025-11-20,0.1490920037031173,0.1590999960899353,0.1464360058307647,0.1543249934911728,2500681053
2025-11-21,0.1401820033788681,0.150626003742218,0.134113997220993,0.1490930020809173,3788412140
2025-11-22,0.1403039991855621,0.1419059932231903,0.1358979940414428,0.1401820033788681,1508164780
2025-11-23,0.1448310017585754,0.1474259942770004,0.1397600024938583,0.1403039991855621,1345739666
2025-11-24,0.1517940014600753,0.1535950005054474,0.1437799930572509,0.1448310017585754,1886500747
2025-11-25,0.1529719978570938,0.1547390073537826,0.1463090032339096,0.1517949998378753,1584986684
2025-11-26,0.1547780036926269,0.156601995229721,0.1489000022411346,0.1529719978570938,1505665002
2025-11-27,0.1526889950037002,0.1554629951715469,0.1523589938879013,0.1547780036926269,922512953
2025-11-28,0.1502799987792968,0.155008003115654,0.1486299932003021,0.1526899933815002,1307624427
2025-11-29,0.1485690027475357,0.1508010029792785,0.1476189941167831,0.1502790004014969,648320199
2025-11-30,0.1466690003871917,0.1504819989204406,0.1466690003871917,0.1485690027475357,717631352
2025-12-01,0.1355880051851272,0.1466709971427917,0.1323660016059875,0.1466690003871917,1935250412
2025-12-02,0.1459719985723495,0.1472460031509399,0.1347009986639022,0.1355880051851272,1442143940
2025-12-03,0.1519439965486526,0.1529189944267273,0.1453900039196014,0.1459700018167495,1522255570
2025-12-04,0.1475030034780502,0.1527310013771057,0.1459839940071106,0.1519200056791305,1232527768
2025-12-05,0.1396320015192031,0.1482840031385421,0.1376609951257705,0.1475030034780502,1279447426
2025-12-06,0.1397430002689361,0.1405850052833557,0.1385650038719177,0.1396320015192031,637344481
2025-12-07,0.1385760009288787,0.1428319960832595,0.1352709978818893,0.1397449970245361,1065448744
2025-12-08,0.1425990015268325,0.1446080058813095,0.1382450014352798,0.1385709941387176,1167700280
2025-12-09,0.1480370014905929,0.1529130041599273,0.139626994729042,0.1425999999046325,1669844829
2025-12-10,0.1435150057077407,0.1501210033893585,0.1428250074386596,0.1480370014905929,1454774688
2025-12-11,0.1403840035200119,0.143543004989624,0.1365350037813186,0.1434990018606186,1459697025
2025-12-12,0.1369490027427673,0.1413899958133697,0.1347090005874633,0.1403840035200119,1065894918
2025-12-13,0.139165997505188,0.1399040073156356,0.1369470059871673,0.1369490027427673,519857549
2025-12-14,0.1341640055179596,0.1392379999160766,0.1333959996700287,0.139165997505188,831077847
2025-12-15,0.129731997847557,0.1380749940872192,0.1273179948329925,0.1341650038957595,1383279585
2025-12-16,0.131740003824234,0.1329330056905746,0.1282179951667785,0.129731997847557,1026120710
2025-12-17,0.1261750012636184,0.1359219998121261,0.1251129955053329,0.131741002202034,1368935538
2025-12-18,0.1220469996333122,0.1304199993610382,0.1202339977025985,0.1261759996414184,1762583322
2025-12-19,0.1322139948606491,0.1331129968166351,0.1207330003380775,0.1220479980111122,1479134848
2025-12-20,0.1319520026445388,0.1324519962072372,0.1307719945907592,0.1322149932384491,537943591
2025-12-21,0.1310579925775528,0.1329970061779022,0.1289079934358596,0.1319520026445388,662389637
2025-12-22,0.132433995604515,0.1349879950284958,0.1299999952316284,0.1310569941997528,1123402771
2025-12-23,0.1291950047016143,0.1334999948740005,0.1282130032777786,0.132433995604515,920201581
2025-12-24,0.1285180002450943,0.13018099963665,0.1267150044441223,0.1291929930448532,638034560
2025-12-25,0.1235449984669685,0.1288580000400543,0.1232530027627945,0.1285170018672943,726734769
2025-12-26,0.1220130026340484,0.1272439956665039,0.1207749992609024,0.1235449984669685,1170409215
2025-12-27,0.1242239996790885,0.1244850009679794,0.121918998658657,0.1220130026340484,481541479
2025-12-28,0.1238249987363815,0.1247249990701675,0.1228149980306625,0.1242249980568885,458322998
2025-12-29,0.1227300018072128,0.1278170049190521,0.1222290024161338,0.1238249987363815,1128737873
2025-12-30,0.1232760027050972,0.1248859986662864,0.1223910003900528,0.1227300018072128,915801292
