Date,Close,High,Low,Open,Volume,Daily_Return,MA_7,MA_30,Volatility_7,Lag_1,Lag_2,Lag_3,RSI,MACD,MACD_Signal,Target
2020-02-03,189.8650665283203,193.4368896484375,188.0126953125,188.6074066162109,12392875241,0.006614061907548319,182.63255092075892,163.3619181315104,5.719369383779275,188.61753845214844,183.6739501953125,180.16017150878903,73.9019341343334,10.185255615907067,8.977504089651262,189.25059509277344
2020-02-04,189.25059509277344,191.1114959716797,185.40362548828125,189.8617248535156,11714191695,-0.00323635857181348,184.47259085518974,165.1277119954427,5.43368820434979,189.8650665283203,188.61753845214844,183.6739501953125,72.95386661478398,10.324136809552215,9.246830633631454,204.2302398681641
2020-02-05,204.2302398681641,206.8040008544922,188.752685546875,189.29910278320312,14865434435,0.07915243155799545,188.64114815848214,167.12524820963543,7.7146783770813805,189.25059509277344,189.8650665283203,188.61753845214844,79.7679547913464,11.510250298797672,9.699514566664698,212.33908081054688
2020-02-06,212.33908081054688,214.59771728515625,201.9040679931641,204.12969970703125,16425589683,0.039704408845708805,192.59094892229353,169.41841786702474,11.502719167628983,204.2302398681641,189.25059509277344,189.8650665283203,82.35896214655187,12.955229657014229,10.350657584734606,222.7260589599609
2020-02-07,222.7260589599609,223.14093017578125,212.30419921875,212.31588745117188,16673443564,0.04891694034731886,198.67178998674666,172.13401540120444,14.655144278923023,212.33908081054688,204.2302398681641,189.25059509277344,85.00756142792358,14.768288896515912,11.234183847090868,223.14651489257807
2020-02-08,223.14651489257807,226.5880889892578,215.38629150390625,222.510971069336,16741203125,0.0018877716176568526,204.31072780064173,174.93959248860676,15.492649580473543,222.7260589599609,212.33908081054688,204.2302398681641,85.10504853156607,16.05401796030563,12.19815066973382,228.5785675048828
2020-02-09,228.5785675048828,229.8642425537109,222.98223876953125,222.98223876953125,15031356241,0.024342986557149393,210.01944623674666,177.760085550944,16.096887560664765,223.14651489257807,222.7260589599609,212.33908081054688,86.34079265390922,17.311729908583345,13.220866517503726,223.522705078125
2020-02-10,223.522705078125,229.1846160888672,218.08004760742188,228.54913330078125,16210008511,-0.02211870728715548,214.82768031529017,180.44660542805988,13.958055667316762,228.5785675048828,223.14651489257807,222.7260589599609,79.71207474293674,17.6965154305002,14.11599630010302,235.8511962890625
2020-02-11,235.8511962890625,236.5471343994141,218.6176147460937,223.3849334716797,16964695963,0.055155431331365135,221.4849090576172,183.4458475748698,10.38054255002615,223.522705078125,228.5785675048828,223.14651489257807,83.1160534856776,18.779785261586767,15.048754092399772,265.4061279296875
2020-02-12,265.4061279296875,272.3988342285156,235.89627075195312,235.89822387695312,24545049386,0.12531177329455678,230.22432163783483,187.48516540527345,17.045246230926203,235.8511962890625,223.522705078125,228.5785675048828,88.21912343543815,21.77214465885163,16.393432205690143,268.0992431640625
2020-02-13,268.0992431640625,273.7410583496094,258.9225158691406,265.0527038574219,25801317504,0.010147147902660691,238.1900591169085,190.88996175130208,20.057000193226923,265.4061279296875,235.8511962890625,223.522705078125,88.55847596572795,24.08330557672889,17.931406879897892,284.2174987792969
2020-02-14,284.2174987792969,285.0564270019531,262.76251220703125,268.0232849121094,23558253463,0.060120481598565645,246.97455051967077,194.8228556315104,25.009726165004114,268.0992431640625,265.4061279296875,235.8511962890625,90.35009027437374,26.905377335520626,19.72620097102244,264.72857666015625
2020-02-15,264.72857666015625,287.1236877441406,264.2796630859375,284.5613098144531,23682452994,-0.06857045116097638,252.9148450578962,198.16744130452474,23.285685463519954,284.2174987792969,268.0992431640625,265.4061279296875,75.04789835965909,27.25511638107534,21.23198405303302,259.89471435546875
2020-02-16,259.89471435546875,272.8824462890625,242.48440551757807,264.904052734375,25152366643,-0.018259692118138604,257.3885803222656,201.13793334960937,20.695019146323478,264.72857666015625,284.2174987792969,268.0992431640625,71.79972662610521,26.83292158754827,22.35217155993607,266.3634338378906
2020-02-17,266.3634338378906,266.8712463378906,244.3353271484375,259.8905639648437,26024080089,0.02488976929932618,263.50868443080356,204.1711919148763,14.382649699551283,259.89471435546875,264.72857666015625,284.2174987792969,73.45543837998474,26.712377117285257,23.224212671405912,281.944580078125
2020-02-18,281.944580078125,283.1961364746094,261.4638977050781,266.5088195800781,26511477187,0.05849581534422277,270.0934535435268,208.0036829630534,9.242970143243042,266.3634338378906,259.89471435546875,264.72857666015625,76.96382573852023,27.556459330775567,24.090662003279846,259.76397705078125
2020-02-19,259.76397705078125,283.5379333496094,259.76397705078125,282.0362854003906,22679414413,-0.07867008126631714,269.2874319893973,211.0917984008789,9.939603868676656,281.944580078125,266.3634338378906,259.89471435546875,63.99658909867396,26.134350745650465,24.49939975175397,257.949462890625
2020-02-20,257.949462890625,263.6954040527344,250.9512634277344,259.8198547363281,23229828870,-0.006985241682689214,267.83746337890625,214.03354187011718,10.841242534856324,259.76397705078125,281.944580078125,266.3634338378906,63.06055796592606,24.5775881804756,24.515037437498297,265.6006164550781
2020-02-21,265.6006164550781,267.0048522949219,255.6890869140625,257.89111328125,20867593292,0.029661444062387243,265.1779087611607,217.27709045410157,8.08682619332877,257.949462890625,259.76397705078125,281.944580078125,65.36119252150584,23.688164367540253,24.34966282350669,262.33172607421875
2020-02-22,262.33172607421875,266.38720703125,258.91314697265625,265.55157470703125,16906032862,-0.012307540639357906,264.8355015345982,220.5905293782552,8.159439368766792,265.6006164550781,257.949462890625,259.76397705078125,63.54037997652148,22.460605573547582,23.97185137351487,273.754150390625
2020-02-23,273.754150390625,273.754150390625,261.96051025390625,262.2784118652344,19585998814,0.04354190965516169,266.815420968192,224.28062845865887,8.43750612442736,262.33172607421875,265.6006164550781,257.949462890625,66.99980837821207,22.15407221234298,23.60829554128049,265.2164306640625
2020-02-24,265.2164306640625,275.5395202636719,259.6251525878906,273.705078125,22400845640,-0.031187544424001845,266.6515633719308,227.74504496256512,8.458857192732651,273.754150390625,262.33172607421875,265.6006164550781,62.24569213104298,20.98037102851282,23.082710638726958,247.81759643554688
2020-02-25,247.81759643554688,265.4314880371094,246.85899353027344,265.28338623046875,21878882134,-0.06560239946277657,261.77627999441967,230.40306142171224,7.997674917852382,265.2164306640625,273.754150390625,262.33172607421875,53.858552835592356,18.43377083459319,22.152922677900207,225.6802673339844
2020-02-26,225.6802673339844,249.6497039794922,221.2665557861328,247.74020385742188,26235617201,-0.08932912521133263,256.9071786063058,232.22804056803386,15.89912237148674,247.81759643554688,265.2164306640625,273.754150390625,45.46458107417586,14.462559006929325,20.61484994370603,226.75338745117188
2020-02-27,226.75338745117188,237.2289276123047,212.66452026367188,225.68704223632807,25645522790,0.0047550462867866905,252.45059640066964,233.90747629801433,19.518493123659226,225.6802673339844,247.81759643554688,265.2164306640625,45.904710164620475,11.272000245236939,18.746280004012213,226.760498046875
2020-02-28,226.760498046875,234.2089385986328,216.34620666503903,226.98760986328125,22563530559,3.135827774425337e-05,246.90200805664062,235.6311482747396,20.645337409956984,226.75338745117188,225.6802673339844,247.81759643554688,45.90782530911235,8.64438610345158,16.725901223900088,219.8485107421875
2020-02-29,219.8485107421875,232.25662231445312,219.8485107421875,226.8334503173828,18181296376,-0.030481443479889903,240.83297729492188,236.80308278401694,21.576852252510985,226.760498046875,226.75338745117188,225.6802673339844,43.297678222879895,5.9358189298446575,14.567884765089001,218.97059631347656
2020-03-01,218.97059631347656,226.67788696289065,214.13043212890625,219.752685546875,18179807469,-0.003993269846346403,233.00675528390067,238.09676361083984,17.121015965669095,219.8485107421875,226.760498046875,226.75338745117188,42.96355061258905,3.676044421396824,12.389516696350567,230.5697784423828
2020-03-02,230.5697784423828,232.81158447265625,217.28428649902344,218.7116241455078,20305587789,0.05297141408109862,228.05723353794642,239.6599578857422,9.624330588107915,218.97059631347656,219.8485107421875,226.760498046875,48.60661310281045,2.7889644558715645,10.469406248254767,224.4796295166016
2020-03-03,224.4796295166016,232.3258056640625,221.732666015625,230.5239715576172,19853178572,-0.026413474337024123,224.7232382638114,240.85536092122396,4.08829778938464,230.5697784423828,218.97059631347656,219.8485107421875,46.03146392461003,1.5763518682225595,8.690795372248326,224.5179748535156
2020-03-04,224.5179748535156,228.04042053222656,222.08888244628903,224.5653381347656,16567075208,0.00017081878207192425,224.55719648088728,242.01045786539714,4.066495464951717,224.4796295166016,230.5697784423828,218.97059631347656,46.0508442477268,0.6113940344824584,7.074915104695153,229.2681884765625
2020-03-05,229.2681884765625,234.3644561767578,224.6418914794922,224.6418914794922,18201291785,0.02115738673549905,224.9164537702288,243.34437764485676,4.3909953769917855,224.5179748535156,224.4796295166016,230.5697784423828,48.51726546986396,0.22733990635953205,5.705400065028029,243.5252990722656
2020-03-06,243.5252990722656,243.5549774169922,228.7435760498047,229.16842651367188,19374772256,0.06218529788383864,227.3114253452846,244.65421295166016,8.350872655679103,229.2681884765625,224.5179748535156,224.4796295166016,55.14541768938255,1.0611713930274504,4.7765543306279135,237.85308837890625
2020-03-07,237.85308837890625,249.97848510742188,237.55128479003903,243.7501983642578,19431652027,-0.023292079775564245,229.88350786481584,245.50467987060546,8.441413293978856,243.5252990722656,229.2681884765625,224.5179748535156,52.26253570951248,1.2498810051286,4.071219665528051,200.6890563964844
2020-03-08,200.6890563964844,237.7806854248047,200.6029815673828,237.7806854248047,21381823651,-0.1562478428836651,227.27185930524553,244.77011311848958,13.61998623969592,237.85308837890625,243.5252990722656,229.2681884765625,38.17934499478639,-1.5811653658130354,2.9407426592598336,201.986328125
2020-03-09,201.986328125,207.451400756836,192.2698974609375,201.3184967041016,23645428606,0.006464088036532978,223.18850925990515,244.0647735595703,16.45594995890357,200.6890563964844,237.85308837890625,243.5252990722656,38.799299454471935,-3.6777165970017904,1.6170508080075088,200.76724243164065
2020-03-10,200.76724243164065,205.71424865722656,198.0644989013672,202.86395263671875,18344930072,-0.0060354861869903464,219.801025390625,243.13772939046223,18.463976730443584,201.986328125,200.6890563964844,237.85308837890625,38.40948971301185,-5.3756514163834765,0.2185103631293117,194.8685302734375
2020-03-11,194.8685302734375,202.9542999267578,184.36215209960932,200.76803588867188,16984790291,-0.029380849618490967,215.56539045061385,242.18259023030598,20.491079755721252,200.76724243164065,201.986328125,200.6890563964844,36.49869599269656,-7.115233781323951,-1.248238465761341,112.3471221923828
2020-03-12,112.3471221923828,195.1479339599609,111.21070861816406,194.73892211914065,22134741655,-0.42347221465293305,198.8623809814453,238.06578776041667,42.88087500765,194.8685302734375,200.76724243164065,201.986328125,20.862404900084073,-14.979973500705341,-3.994585472750141,133.20181274414062
2020-03-13,133.20181274414062,137.42953491210938,95.1843032836914,112.68999481201172,27864623061,0.18562727860573358,183.1018829345703,233.65897725423176,43.989387975188116,112.3471221923828,194.8685302734375,200.76724243164065,29.125933827062156,-19.307472627137912,-7.057162903627695,123.30602264404295
2020-03-14,123.30602264404295,134.484375,122.41447448730467,133.5824737548828,12740784545,-0.07429170741922186,166.73801640101843,228.83253657023113,41.46045312779155,133.20181274414062,112.3471221923828,194.8685302734375,27.650508500819086,-23.267342974896167,-10.299198917881391,125.21430206298828
2020-03-15,125.21430206298828,132.2421417236328,121.85365295410156,123.24606323242188,12719251813,0.015475962795865161,155.9559086390904,223.53243001302084,40.970688389169524,123.30602264404295,133.20181274414062,112.3471221923828,28.40369780289221,-25.952423174336246,-13.429843769172363,110.60587310791016
2020-03-16,110.60587310791016,124.9961166381836,105.17144012451172,124.9961166381836,15984904590,-0.1166674150987117,142.90155792236328,218.3950065612793,38.33296566202921,125.21430206298828,123.30602264404295,133.20181274414062,26.158627985968266,-28.925709136988274,-16.529016842735547,113.9427490234375
2020-03-17,113.9427490234375,118.98828125,110.4067840576172,110.4067840576172,12087490572,0.030169066268947553,130.49805886404855,213.5299410502116,29.523282297106395,110.60587310791016,125.21430206298828,123.30602264404295,27.56698499248907,-30.659379443388815,-19.355089362866202,114.84226989746094
2020-03-18,114.84226989746094,116.02162170410156,111.74311065673828,113.8576431274414,11617854009,0.007894498612091683,119.06573595319476,208.4792355855306,8.330718999591507,113.9427490234375,110.60587310791016,125.21430206298828,27.9658329859935,-31.596516856533924,-21.803374861599746,136.59385681152344
2020-03-19,136.59385681152344,140.52772521972656,114.7328643798828,114.83982849121094,16396753275,0.1894040141620661,122.52955518450055,203.63421147664388,9.954180182114401,114.84226989746094,113.9427490234375,110.60587310791016,36.99977563414486,-30.23549773287303,-23.489799435854405,132.73716735839844
2020-03-20,132.73716735839844,150.8538055419922,122.60565948486328,136.64927673339844,18960388062,-0.02823472111521519,122.46317727225167,199.39998448689778,9.872365819724322,136.59385681152344,114.84226989746094,113.9427490234375,36.13447125525784,-29.132264270620198,-24.618292402807562,132.81871032714844
2020-03-21,132.81871032714844,135.972412109375,127.16375732421876,133.1017608642578,13684083308,0.0006143190364296114,123.82213265555245,195.22895940144858,10.633132179375806,132.73716735839844,136.59385681152344,114.84226989746094,36.16846207600224,-27.929411101597395,-25.28051614256553,123.32115173339844
2020-03-22,123.32115173339844,136.15164184570312,122.90933227539062,132.85113525390625,12497707224,-0.07150768570449428,123.5516826084682,190.48631057739257,10.615883094794405,132.81871032714844,132.73716735839844,136.59385681152344,33.90502046304101,-27.42636088717387,-25.709685091487202,134.91160583496094
2020-03-23,134.91160583496094,134.91160583496094,121.86788177490234,123.36598205566406,14149877968,0.09398593784316334,127.02393014090401,186.23897323608398,9.60243193931952,123.32115173339844,132.81871032714844,132.73716735839844,38.92792669502103,-25.79508747589489,-25.72676556836874,138.76144409179688
2020-03-24,138.76144409179688,141.9485321044922,133.1687774658203,135.1941375732422,14609068673,0.028536004986446484,130.5694580078125,181.73921635945638,8.484267344423037,134.91160583496094,123.32115173339844,132.81871032714844,40.544173700641466,-23.915953546559564,-25.36460316400691,136.19589233398438
2020-03-25,136.19589233398438,141.40379333496094,134.30422973632812,138.9149627685547,13433092920,-0.01848893815284358,133.61997549874442,177.43853174845378,5.017792888990726,138.76144409179688,134.91160583496094,123.32115173339844,39.78848068987353,-22.375810539338147,-24.766844639073156,138.36155700683594
2020-03-26,138.36155700683594,138.83056640625,134.8860321044922,136.190673828125,11367261176,0.015901101242766114,133.87250409807478,173.78999710083008,5.232298780043319,136.19589233398438,138.76144409179688,134.91160583496094,40.79169721850308,-20.741391223147048,-23.961753955887936,133.9379425048828
2020-03-27,133.9379425048828,139.90269470214844,133.9379425048828,138.36993408203125,11396286629,-0.031971413141401506,134.0440434047154,170.7319196065267,5.208502914760706,138.36155700683594,136.19589233398438,138.76144409179688,39.34949871237632,-19.577375067048905,-23.08487817812013,130.9864959716797
2020-03-28,130.9864959716797,134.03274536132812,126.96218872070312,134.03274536132812,12162403960,-0.022035925578709925,133.7822984967913,167.53968989054363,5.325075868863877,133.9379425048828,138.36155700683594,136.19589233398438,38.37464386730531,-18.677735636093075,-22.203449669714722,125.58373260498048
2020-03-29,125.58373260498048,131.17408752441406,125.4500503540039,131.0153350830078,9938133669,-0.04124672033266186,134.10552433558874,164.16713104248046,4.6041315600229025,130.9864959716797,133.9379425048828,138.36155700683594,36.58773664377978,-18.191027910196652,-21.400965317811107,132.904541015625
2020-03-30,132.904541015625,133.91146850585938,125.28968048095705,125.57789611816406,11841123306,0.05829424129056493,133.81880078996932,161.2689987182617,4.608059702700367,125.58373260498048,130.9864959716797,133.9379425048828,40.622406614419575,-17.01840291942642,-20.524452838134174,133.59356689453125
2020-03-31,133.59356689453125,134.27413940429688,131.65289306640625,132.8209228515625,11065246317,0.005184366716448396,133.08053261893136,158.4230977376302,4.066345894327482,132.904541015625,125.58373260498048,130.9864959716797,41.00288214646315,-15.850772695070589,-19.589716809521455,135.63455200195312
2020-04-01,135.63455200195312,135.63455200195312,129.73094177246094,133.61231994628906,12456564435,0.01527757028175758,133.00034114292689,155.2585901896159,3.9996572298717665,133.59356689453125,132.904541015625,125.58373260498048,42.184660970604384,-14.592513477161901,-18.590276143049543,142.02914428710938
2020-04-02,142.02914428710938,146.78709411621094,135.732177734375,135.732177734375,15322861686,0.047145747088574996,133.52428218296595,152.51024068196614,4.947029393513227,135.63455200195312,133.59356689453125,132.904541015625,45.8448449709422,-12.930291474831677,-17.458279209405973,142.09130859375
2020-04-03,142.09130859375,146.89987182617188,139.619384765625,142.11045837402344,13184603402,0.0004376869758151436,134.68904876708984,149.76268513997397,5.924028151159864,142.02914428710938,135.63455200195312,133.59356689453125,45.880714428947805,-11.475668064216052,-16.261756980367988,145.21939086914062
2020-04-04,145.21939086914062,145.37730407714844,140.121826171875,142.21517944335938,11946658257,0.02201459263306571,136.72231946672713,146.9610585530599,6.816701751724848,142.09130859375,142.02914428710938,135.63455200195312,47.755899029912975,-9.955695375079017,-15.000544659310195,143.54664611816406
2020-04-05,143.54664611816406,146.12852478027344,142.10208129882812,145.26101684570312,11280993591,-0.011518742372937596,139.28844996861048,143.62843678792316,5.086135948697237,145.21939086914062,142.09130859375,142.02914428710938,46.821624219185,-8.784816691359197,-13.757399065719996,169.13587951660156
2020-04-06,169.13587951660156,169.27264404296875,143.5446014404297,143.60821533203125,21636382525,0.17826423737809294,144.46435546875,141.33786315917968,11.674740869425868,143.54664611816406,145.21939086914062,142.09130859375,59.7834168094387,-5.7260433581836025,-12.151127924212718,165.10194396972656
2020-04-07,165.10194396972656,175.20413208007812,164.2033233642578,169.14744567871094,21659346091,-0.023850264996428838,148.9655521937779,140.15162607828776,12.80434859346574,169.13587951660156,143.54664611816406,145.21939086914062,57.407900448823995,-3.5861098973758487,-10.438124318845345,172.64173889160156
2020-04-08,172.64173889160156,173.21026611328125,164.49319458007812,165.24032592773438,17063110836,0.045667511481618295,154.2522931780134,139.17347310384113,13.96965101098893,165.10194396972656,169.13587951660156,143.54664611816406,60.56221547569837,-1.26719138135266,-8.603937731346809,170.80714416503906
2020-04-09,170.80714416503906,172.8977813720703,167.98712158203125,172.76126098632812,14901696210,-0.010626600139346465,158.36343601771765,138.1748031616211,14.007463192094008,172.64173889160156,165.10194396972656,169.13587951660156,59.40930449683957,0.4177166103511354,-6.79960686300722,158.41244506835938
2020-04-10,158.41244506835938,170.94976806640625,154.9144744873047,170.8292694091797,17980944616,-0.07256546063848213,160.69502694266183,136.95960032145183,12.072145678954833,170.80714416503906,172.64173889160156,165.10194396972656,52.181723453141686,0.7442899908927814,-5.29082749222722,158.2160186767578
2020-04-11,158.2160186767578,161.16757202148438,155.29833984375,158.5389862060547,13555089447,-0.0012399681825301379,162.55168805803572,138.48856353759766,10.140184452500618,158.41244506835938,170.80714416503906,172.64173889160156,52.07360379335422,0.976001047076636,-4.037461784366449,161.14242553710938
2020-04-12,161.14242553710938,164.51695251464844,156.3205108642578,158.23239135742188,15123721386,0.01849627417518529,165.06537083217077,139.41991729736327,5.965235933838404,158.2160186767578,158.41244506835938,170.80714416503906,53.61558089571071,1.3798640908148343,-2.953996609330192,156.27955627441406
2020-04-13,156.27955627441406,160.74969482421875,151.61448669433594,160.72067260742188,16465282133,-0.030177461003746964,163.22875322614397,140.5190350850423,6.461599200353159,161.14242553710938,158.2160186767578,158.41244506835938,50.696642558810396,1.292634863775703,-2.104670314709013,157.5963897705078
2020-04-14,157.5963897705078,160.94427490234375,155.86593627929688,156.35595703125,14723156630,0.008426140484949274,162.15653119768416,141.5984380086263,6.716653920695505,156.27955627441406,161.14242553710938,158.2160186767578,51.46717762452431,1.3146085418376856,-1.4208145433996733,153.28689575195312
2020-04-15,153.28689575195312,160.71112060546875,152.80284118652344,157.56564331054688,14171753737,-0.02734513160377705,159.3915536063058,143.02113876342773,5.5662043370710546,157.5963897705078,156.27955627441406,161.14242553710938,48.7803434294101,0.9730657919236307,-0.9420384763350125,172.15737915039062
2020-04-16,172.15737915039062,173.1572723388672,150.3594207763672,153.20042419433594,22910469236,0.12310565300359055,159.5844443184989,144.96162643432618,6.031665477041262,153.28689575195312,157.5963897705078,156.27955627441406,58.8986536189108,2.199723956488299,-0.3136859897703503,171.63858032226562
2020-04-17,171.63858032226562,174.27590942382812,169.75157165527344,172.2794189453125,16714684266,-0.003013514905287895,161.47389221191406,146.85483678181967,7.496937705079479,172.15737915039062,153.28689575195312,157.5963897705078,58.55616621295609,3.0943271822484917,0.36791664463341817,186.9140014648437
2020-04-18,186.9140014648437,187.9404754638672,171.61807250976562,171.61807250976562,20160323443,0.08899759665861362,165.5736040387835,148.53217493693035,11.945406433083946,171.63858032226562,172.15737915039062,153.28689575195312,65.00804670557781,4.978516271556856,1.2900365700181058,181.61495971679688
2020-04-19,181.61495971679688,188.0989227294922,180.12081909179688,186.8619842529297,19146038381,-0.028350159466483338,168.49825177873885,150.16143468221028,13.127396335935781,186.9140014648437,171.63858032226562,172.15737915039062,61.435059148513986,5.975281985312591,2.227085653077003,172.2971649169922
2020-04-20,172.2971649169922,186.0835418701172,170.32127380371094,181.480224609375,21266681335,-0.05130521634525309,170.78648158482142,151.4773831685384,11.9892622726263,181.61495971679688,186.9140014648437,171.63858032226562,55.64369549245553,5.944829532170274,2.970634428895657,172.73770141601562
2020-04-21,172.73770141601562,175.178466796875,170.55284118652344,172.01771545410156,16458767984,0.0025568412529346496,172.94952610560827,153.1246014912923,10.484368242119713,172.2971649169922,181.61495971679688,186.9140014648437,55.855577380394145,5.8883659402324895,3.5541807311630236,182.59957885742188
2020-04-22,182.59957885742188,183.75100708007807,171.82659912109375,172.67039489746094,17994666395,0.05709163292415953,177.13705226353235,154.714200592041,6.36774061243389,172.73770141601562,172.2971649169922,181.61495971679688,60.414262604544945,6.563726671900753,4.15608991931057,185.02867126464844
2020-04-23,185.02867126464844,189.0888671875,180.3406524658203,182.62017822265625,21275740032,0.013302836854422573,178.9758082798549,156.25644149780274,6.546017407242597,182.59957885742188,172.73770141601562,172.2971649169922,61.469706613884846,7.211828899603091,4.767237715369074,189.2369384765625
2020-04-24,189.2369384765625,190.2103881835937,185.2221069335937,185.2221069335937,16788555028,0.022743865494742277,181.48985944475447,158.02447636922201,6.63720284167926,185.02867126464844,182.59957885742188,172.73770141601562,63.29553243129344,7.973117443629633,5.408413661021186,195.5153045654297
2020-04-25,195.5153045654297,196.79237365722656,188.45953369140625,189.2073974609375,18260969748,0.0331772757444222,182.71861703055245,159.9296012878418,8.376929102361606,189.2369384765625,185.02867126464844,182.59957885742188,65.89232441603086,8.979545165342046,6.122639961885358,197.31753540039065
2020-04-26,197.31753540039065,199.344970703125,194.76806640625,195.41358947753903,18335367012,0.00921785043358514,184.9618421282087,162.04225438435873,9.981011917199512,195.5153045654297,189.2369384765625,185.02867126464844,66.62232429445906,9.809493616021427,6.860010692712573,197.22471618652344
2020-04-27,197.22471618652344,199.55279541015625,193.45416259765625,197.4757232666016,18670194595,-0.00047040529712105705,188.5229208809989,164.25019505818685,9.119015402520606,197.31753540039065,195.5153045654297,189.2369384765625,66.5433315218184,10.340544645891669,7.556117483348392,198.41539001464844
2020-04-28,198.41539001464844,198.7865447998047,194.84942626953125,197.2735137939453,18217507467,0.006037143067803674,192.191162109375,166.67791697184245,6.49916004193457,197.22471618652344,197.31753540039065,195.5153045654297,67.08251164479277,10.733751830559044,8.191644352790522,216.96823120117188
2020-04-29,216.96823120117188,218.4546356201172,198.12451171875,198.46519470214844,26397548759,0.09350505112105334,197.10096958705358,169.48003997802735,10.054813977473156,198.41539001464844,197.22471618652344,197.31753540039065,74.08947309208907,12.399496906581675,9.033214863548753,207.60205078125
2020-04-30,207.60205078125,227.5296936035156,206.4369201660156,216.9091339111328,28089191904,-0.04316844161041067,200.32573808942522,171.94698944091797,9.113489095239437,216.96823120117188,198.41539001464844,197.22471618652344,66.40457972994898,12.816103335419541,9.789792557922912,214.21910095214844
2020-05-01,214.21910095214844,217.6280212402344,207.7808837890625,207.9017333984375,20816320834,0.03187372256679111,203.89461844308036,174.56647440592448,8.937186422139357,207.60205078125,216.96823120117188,198.41539001464844,68.86189096307115,13.524307778080185,10.536695601954367,215.32537841796875
2020-05-02,215.32537841796875,215.8475341796875,212.8786773681641,214.23008728027344,18260876092,0.005164233538947682,206.72462899344308,177.00968221028646,8.977995891823637,214.21910095214844,207.60205078125,216.96823120117188,69.26662954021256,14.01329569734608,11.23201562103271,210.9331512451172
2020-05-03,210.9331512451172,219.2708740234375,208.6923675537109,215.35206604003903,20469034664,-0.020398093365129433,208.66971697126115,179.30441029866537,8.024557520364597,215.32537841796875,214.21910095214844,207.60205078125,65.61974260033884,13.88633311663068,11.762879120152306,208.17401123046875
2020-05-04,208.17401123046875,211.8283843994141,199.0477294921875,210.890853881836,22602446422,-0.013080637151445917,210.23390197753906,181.40289764404298,6.304655666880898,210.9331512451172,215.32537841796875,214.21910095214844,63.362871662273974,13.40850986143576,12.092005268408997,206.7743988037109
2020-05-05,206.7743988037109,211.77862548828125,204.0311279296875,208.01300048828125,19004689099,-0.006723281251511892,211.42804609026228,183.51048940022787,4.098804185911678,208.17401123046875,210.9331512451172,215.32537841796875,62.19433652909733,12.769693386867203,12.22754289210064,204.0557861328125
2020-05-06,204.0557861328125,211.5346221923828,204.04087829589844,206.4813537597656,20343543799,-0.013147723734789674,209.58341108049666,184.6744862874349,4.095505506222193,206.7743988037109,208.17401123046875,210.9331512451172,59.8841705103049,11.906803190744768,12.163394951829465,212.28941345214844
2020-05-07,212.28941345214844,214.39247131347656,202.0748443603516,203.9128570556641,23594744655,0.04034988409481799,210.25303431919642,186.24740193684895,4.100749633426532,204.0557861328125,206.7743988037109,208.17401123046875,64.21901209924582,11.751873128764032,12.08109058721638,212.9915771484375
2020-05-08,212.9915771484375,216.3276824951172,208.8307342529297,212.1982421875,20445139356,0.00330757754176636,210.07767377580916,187.59239654541017,3.9253780791498136,212.28941345214844,204.0557861328125,206.7743988037109,64.57061537548569,11.552577755363245,11.975388020845754,211.60012817382807
2020-05-09,211.60012817382807,214.73912048339844,209.071517944336,213.1421661376953,18950547549,-0.006532882629624814,209.5454951695033,188.95216267903646,3.2976891728717663,212.9915771484375,212.28941345214844,204.0557861328125,63.24433359466167,11.15378257019023,11.811066930714649,188.5995635986328
2020-05-10,188.5995635986328,211.5522003173828,182.711166381836,211.5522003173828,25211575193,-0.10869825445616199,206.35498264857696,189.9583999633789,8.473482088741427,211.60012817382807,212.9915771484375,212.28941345214844,46.31104374915207,8.87942469466654,11.224738483505027,185.912841796875
2020-05-11,185.912841796875,191.36233520507807,180.7183380126953,188.63218688964844,20054601647,-0.014245641667949727,203.17481558663502,190.88162740071616,11.362052426647951,188.5995635986328,211.60012817382807,212.9915771484375,44.80205318147555,6.782004965330657,10.336191779870154,189.3125
2020-05-12,189.3125,191.60134887695312,185.7017974853516,185.87733459472656,15899726284,0.018286301098228597,200.68025861467635,191.8206298828125,12.316821185934746,185.912841796875,188.5995635986328,211.60012817382807,47.14873693416305,5.332637399116436,9.33548090371941,199.1932830810547
2020-05-13,199.1932830810547,200.19732666015625,189.1277008056641,189.3740997314453,17054662289,0.05219297764835762,199.98561532156808,193.25108744303387,12.231541943114506,189.3125,185.912841796875,188.5995635986328,53.35559725206642,4.924532829213774,8.453291288818283,202.9490966796875
2020-05-14,202.9490966796875,204.1175994873047,196.8688201904297,198.8915100097656,20150524861,0.018855121721672363,198.65128435407365,194.76284434000652,11.125042391253746,199.1932830810547,189.3125,185.912841796875,55.49514197730438,4.848281811326672,7.732289393319961,195.62266540527344
2020-05-15,195.62266540527344,203.5663909912109,193.75567626953125,202.9553985595703,16602342092,-0.03609984668213273,196.17001124790735,196.17403666178384,9.15633597534522,202.9490966796875,199.1932830810547,189.3125,50.617646096667094,4.148845250506554,7.01560056475728,200.6771240234375
2020-05-16,200.6771240234375,202.7711944580078,194.5015869140625,195.61338806152344,15379081645,0.025837796493022314,194.60958208356584,197.12469482421875,6.685954356530686,195.62266540527344,202.9490966796875,199.1932830810547,53.644621712984446,3.9567780313641947,6.403836058078664,207.15869140625
2020-05-17,207.15869140625,209.1609344482422,200.1027984619141,200.6088714599609,15470397303,0.03229848650838507,197.2608860560826,198.30869852701824,7.53177543551697,200.6771240234375,195.62266540527344,202.9490966796875,57.262364637315464,4.278254639139533,5.9787197742908385,214.52505493164065
2020-05-18,214.52505493164065,215.9084625244141,207.10906982421875,207.1797790527344,17411566928,0.035559036772175645,201.34834507533483,199.22906697591145,8.089993995493721,207.15869140625,200.6771240234375,195.62266540527344,60.98873014106994,5.068998876440389,5.796775594720748,213.4511108398437
2020-05-19,213.4511108398437,214.6049346923828,210.1430511474609,214.6049346923828,14346192779,-0.005006147613569767,204.79671805245536,200.29027201334637,7.200283052659832,214.52505493164065,207.15869140625,200.6771240234375,60.1650989107908,5.545090714564765,5.746438618689552,210.09674072265625
2020-05-20,210.09674072265625,214.71682739257807,207.975814819336,213.4462432861328,12730175511,-0.015714933991157753,206.35435485839844,201.55025787353514,6.961472379243925,213.4511108398437,214.52505493164065,207.15869140625,57.5508384141685,5.587320142897255,5.714614923531093,199.88360595703125
2020-05-21,199.88360595703125,211.62518310546875,193.346435546875,210.129150390625,13308321229,-0.04861158117206166,205.9164276123047,202.4551213582357,7.299599672728894,210.09674072265625,213.4511108398437,214.52505493164065,50.37385158489374,4.74200971207776,5.5200938812404265,207.169189453125
2020-05-22,207.169189453125,208.591537475586,198.04086303710932,199.8371124267578,12041592114,0.036449129788362455,207.56593104771204,203.27410837809245,5.71936437411821,199.88360595703125,210.09674072265625,213.4511108398437,54.712539600034546,4.6068756111288565,5.337450227218112,208.69439697265625
2020-05-23,208.69439697265625,210.386459350586,205.29421997070312,207.19448852539065,10665476768,0.007362134898328376,208.7112557547433,204.0629659016927,4.845997754125088,207.169189453125,199.88360595703125,210.09674072265625,55.587922823715985,4.570170284466229,5.183994238667736,202.370346069336
2020-05-24,202.370346069336,210.59507751464844,202.370346069336,208.716064453125,11833299572,-0.030302926168874866,208.02720642089844,204.50074615478516,5.407146205751766,208.69439697265625,207.169189453125,199.88360595703125,51.171229857386486,3.984848144115631,4.944165019757316,205.3197479248047
2020-05-25,205.3197479248047,206.3614501953125,200.6675567626953,201.982650756836,10415044124,0.014574278854364131,206.712162562779,204.827560933431,4.626487046350993,202.370346069336,208.69439697265625,207.169189453125,53.04502310844447,3.716130966851381,4.698558209176129,201.90231323242188
2020-05-26,201.90231323242188,205.75254821777344,200.2642822265625,205.2595672607422,10159741290,-0.016644452016541522,205.06233433314733,204.98038686116536,3.8099428851596326,205.3197479248047,202.370346069336,208.69439697265625,50.62104896402197,3.190632622116908,4.396973091764285,208.86343383789065
2020-05-27,208.86343383789065,208.86343383789065,201.7850646972656,201.8930053710937,10631034756,0.03447766642205541,204.88614763532365,205.36834411621095,3.5585532222115197,201.90231323242188,205.3197479248047,202.370346069336,55.1198920962387,3.297859977281263,4.177150468867681,219.8404235839844
2020-05-28,219.8404235839844,220.2765045166016,206.2426605224609,208.88543701171875,12212469604,0.05255582341240994,207.73712158203128,206.08251190185547,6.023404145551554,208.86343383789065,201.90231323242188,205.3197479248047,61.13335729489055,4.219944865177837,4.185709348129712,220.6751251220703
2020-05-29,220.6751251220703,224.2168731689453,218.2380523681641,219.925048828125,12265816557,0.0037968519368642983,209.6665409633092,206.2060750325521,7.731959213344713,219.8404235839844,208.86343383789065,201.90231323242188,61.55519097907891,4.960871383061743,4.3407417551161185,242.34559631347656
2020-05-30,242.34559631347656,243.94314575195312,218.7444610595703,220.7172088623047,15027397867,0.0982007880562834,214.47385515485493,207.36419321695965,14.513803005805993,220.6751251220703,219.8404235839844,208.86343383789065,70.50532703380296,7.213533776922731,4.915300159477441,230.9757080078125
2020-05-31,230.9757080078125,244.04525756835932,230.0528259277344,242.35137939453125,12234904813,-0.046916009527802616,218.56033543178017,207.92274678548176,14.564934112275788,242.34559631347656,220.6751251220703,219.8404235839844,62.309067390587046,7.989235060812973,5.530087139744548,246.99176025390625
2020-06-01,246.99176025390625,248.2362823486328,230.4880523681641,230.8602600097656,13951727936,0.06934085140049451,224.51348005022325,208.9782928466797,16.622159296750453,230.9757080078125,242.34559631347656,220.6751251220703,67.9594482750529,9.78356661556279,6.380783034908196,237.21905517578125
2020-06-02,237.21905517578125,252.2220001220703,233.2252960205078,246.82818603515625,13782107567,-0.03956692752858926,229.5587288992746,209.8544896443685,13.722014556216395,246.99176025390625,230.9757080078125,242.34559631347656,61.86505797666345,10.29829929050996,7.16428628602855,244.1793212890625
2020-06-03,244.1793212890625,244.1793212890625,235.4644470214844,237.3952178955078,9861760817,0.02934109196296908,234.6038556780134,211.0546666463216,11.083437008601763,237.21905517578125,246.99176025390625,230.9757080078125,64.31925840091256,11.139455243844168,7.9593200775916735,244.4263916015625
2020-06-04,244.4263916015625,245.9289703369141,236.7653045654297,244.10528564453125,10170414304,0.0010118396234197746,238.1161368233817,212.30973307291666,9.391715395385384,244.1793212890625,237.21905517578125,246.99176025390625,64.40682391123883,11.691244517181872,8.705704965509714,241.22198486328125
2020-06-05,241.22198486328125,247.3294982910156,240.6820526123047,244.3495941162109,9293963914,-0.01310990485636565,241.05140250069755,213.5486063639323,5.390930951054003,244.4263916015625,244.1793212890625,237.21905517578125,62.272276961079015,11.734702304723925,9.311504433352557,241.9313201904297
2020-06-06,241.9313201904297,245.9810485839844,239.7245330810547,241.20135498046875,8114873845,0.0029405915366731428,240.99222019740515,214.536669921875,5.376610128056198,241.22198486328125,244.4263916015625,244.1793212890625,62.56801373964157,11.691606781975565,9.78752490307716,245.1672515869141
2020-06-07,245.1672515869141,245.4352569580078,236.32525634765625,241.9080810546875,9544883157,0.013375413294720806,243.01958356584822,215.60919240315755,3.2087529737656593,241.9313201904297,241.22198486328125,244.4263916015625,63.95607680295858,11.782741776898234,10.186568277841374,246.30990600585932
2020-06-08,246.30990600585932,246.64419555664065,241.5421905517578,245.17857360839844,8076783299,0.004660713906727176,242.92217581612724,216.76618499755858,3.075662262289981,245.1672515869141,241.9313201904297,241.22198486328125,64.45728390764796,11.81101949834158,10.511458521941416,244.9114532470703
2020-06-09,244.9114532470703,248.34243774414065,242.3385467529297,246.17501831054688,8446545788,-0.005677614763718641,244.0210898263114,218.64324798583985,1.8136770089387844,246.30990600585932,245.1672515869141,241.9313201904297,63.29720566721062,11.587018410471103,10.726570499647355,247.4449462890625
2020-06-10,247.4449462890625,248.65115356445312,242.8197479248047,244.8220672607422,8792990206,0.01034452659686913,244.48760768345423,220.69431813557944,2.232742307156787,244.9114532470703,246.30990600585932,245.1672515869141,64.54224511600394,11.481575197848628,10.87757143928761,231.70266723632807
2020-06-11,231.70266723632807,249.8883056640625,229.94297790527344,247.5485382080078,12356528860,-0.0636193193226281,242.66993277413502,222.1073237101237,5.326571592139104,247.4449462890625,244.9114532470703,246.30990600585932,52.60187517496684,10.012324492039113,10.70452204983791,237.4932098388672
2020-06-12,237.4932098388672,239.3546905517578,229.6450653076172,231.62545776367188,8868955009,0.024991264328575902,242.13725062779014,223.3839879353841,5.670829522945152,231.70266723632807,247.4449462890625,244.9114532470703,55.83823273040155,9.209025206584215,10.405422681187172,238.90884399414065
2020-06-13,238.90884399414065,239.193099975586,235.88967895507807,237.54461669921875,7141624980,0.005960735282637852,241.70546831403456,224.58264617919923,5.802657367558594,237.4932098388672,231.70266723632807,247.4449462890625,56.61809941120336,8.587641594109073,10.041866463771553,234.1147003173828
2020-06-14,234.1147003173828,239.10145568847656,232.95819091796875,238.9681854248047,7439385176,-0.020066832171668825,240.12653241838726,225.86571400960287,6.19421155279057,238.90884399414065,237.4932098388672,231.70266723632807,53.19225956278122,7.6204989081936105,9.557592952655966,229.9289093017578
2020-06-15,229.9289093017578,234.2378387451172,221.24176025390625,234.0583038330078,10536099884,-0.017879231889114333,237.78639003208704,226.8407735188802,6.552774020135693,234.1147003173828,238.90884399414065,237.4932098388672,50.32887192445822,6.442013487404381,8.93447705960565,234.41616821289065
2020-06-16,234.41616821289065,236.3943023681641,228.4261474609375,229.7622985839844,7965648016,0.01951585350776308,236.2870635986328,227.74935607910157,5.809318594127933,229.9289093017578,234.1147003173828,238.90884399414065,53.2351648507498,5.803243415737853,8.30823033083209,233.0282745361328
2020-06-17,233.0282745361328,235.9540557861328,229.34164428710932,234.49237060546875,7701391592,-0.005920639720965792,234.2275390625,228.36613006591796,3.133660425775337,234.41616821289065,229.9289093017578,234.1147003173828,52.217485257237726,5.125933540180995,7.671770972701872,232.1011657714844
2020-06-18,232.1011657714844,234.57064819335932,228.9514312744141,232.8986968994141,6713800872,-0.003978524779853054,234.28446742466522,228.98779856363933,3.0833630381354458,233.0282745361328,234.41616821289065,229.9289093017578,51.50912239125407,4.462905063403184,7.029997790842135,227.13829040527344
2020-06-19,227.13829040527344,232.15411376953125,226.7951812744141,231.95497131347656,6946372590,-0.02138238017769012,232.8051932198661,229.55585021972655,3.708027747346044,232.1011657714844,233.0282745361328,234.41616821289065,47.77309080768114,3.496680101518791,6.3233342529774665,229.27426147460932
2020-06-20,229.27426147460932,231.4490203857422,226.640625,226.9763641357422,6252830566,0.009403835282570716,231.42882428850447,230.53553873697916,2.721794898572155,227.13829040527344,232.1011657714844,233.0282745361328,49.471754059021706,2.8702088907413383,5.632709180530242,228.9898223876953
2020-06-21,228.9898223876953,232.35894775390625,228.4929962158203,229.2161407470703,5600408178,-0.001240606272525313,230.69669886997767,231.2628931681315,2.5635831580632686,229.27426147460932,227.13829040527344,232.1011657714844,49.2420715759035,2.3239846372930515,4.970964271882804,242.5331878662109
2020-06-22,242.5331878662109,243.7760162353516,228.9347381591797,229.0033721923828,9079586552,0.05914396254513776,232.497310093471,232.39085286458334,5.103092479721384,228.9898223876953,229.27426147460932,227.13829040527344,59.00215629153309,2.9499294382929975,4.566757305164843,244.14215087890625
2020-06-23,244.14215087890625,244.86441040039065,239.75973510742188,242.5370178222656,6624530348,0.0066339911121067185,233.88673618861608,233.7832463582357,6.765797359490379,242.5331878662109,228.9898223876953,229.27426147460932,59.98653011834075,3.5350749279718627,4.360420829726247,235.7724609375
2020-06-24,235.7724609375,248.50802612304688,232.8077392578125,244.18592834472656,8815030025,-0.03428203573727662,234.2787628173828,234.7983367919922,6.78723422726146,244.14215087890625,242.5331878662109,228.9898223876953,52.87450402264998,3.285568921107,4.145450448002398,232.94448852539065
2020-06-25,232.94448852539065,236.05340576171875,230.29660034179688,235.70285034179688,7010426122,-0.011994498428122169,234.39923749651226,235.83307596842448,6.749519127168043,235.7724609375,244.14215087890625,242.5331878662109,50.68778300680977,2.8270513851772705,3.881770635437373,229.6680450439453
2020-06-26,229.6680450439453,233.9019317626953,229.25946044921875,232.8774871826172,7187490226,-0.014065340211250388,234.76063101632252,236.5265630086263,6.351963516850199,232.94448852539065,235.7724609375,244.14215087890625,48.200578376887165,2.174228178904201,3.5402621441307387,222.9597930908203
2020-06-27,222.9597930908203,232.4934234619141,220.5645751953125,229.6314849853516,6918380955,-0.029208468909296514,233.85856410435267,236.6305419921875,7.58889644059453,229.6680450439453,232.94448852539065,235.7724609375,43.49474663523289,1.1028482668580182,3.052779368676195,225.34716796875
2020-06-28,225.34716796875,228.5982818603516,219.47267150878903,222.9144897460937,6205925718,0.01070764753067932,233.3381849016462,236.7862767537435,8.08694165293422,222.9597930908203,229.6680450439453,232.94448852539065,45.53279810443323,0.4413258386582868,2.5304886626726133,228.1948699951172
2020-06-29,228.1948699951172,229.90321350097656,222.25498962402344,225.36143493652344,6726164653,0.012636955023823893,231.28985377720423,236.31458587646483,7.128905219008435,225.34716796875,222.9597930908203,229.6680450439453,47.94464821832746,0.1451767948654492,2.0534262891111807,226.31500244140625
2020-06-30,226.31500244140625,229.476806640625,224.815185546875,227.9684295654297,6094093001,-0.008237992176384878,228.7431182861328,236.1592290242513,4.45522747496539,228.1948699951172,225.34716796875,222.9597930908203,46.481420130347374,-0.2384641901100224,1.5950481932669403,231.1134185791016
2020-07-01,231.1134185791016,232.7561187744141,224.8357391357422,226.13458251953125,6463737443,0.021202377597294486,228.0775408063616,235.62995096842448,3.4689100790590413,226.31500244140625,228.1948699951172,225.34716796875,50.6237557717667,-0.15354043584321175,1.24533046744491,229.39219665527344
2020-07-02,229.39219665527344,232.3968811035156,225.4619598388672,231.28890991210932,6212210566,-0.007447520504911931,227.57007053920202,235.36905568440756,2.8413166025788525,231.1134185791016,226.31500244140625,228.1948699951172,49.15407216115231,-0.22256043498975941,0.9517522869579762,225.38706970214844
2020-07-03,225.38706970214844,229.6293182373047,224.9139709472656,229.31895446777344,5109032700,-0.017459734949675898,226.95850263323103,234.74264729817708,2.774417918629264,229.39219665527344,231.1134185791016,226.31500244140625,45.820617680383684,-0.5935969384451596,0.6426824418773491,229.07411193847656
2020-07-04,229.07411193847656,230.0541381835937,225.13331604003903,225.2884826660156,5228310135,0.016358712330749814,227.83197675432478,234.23090464274088,2.2109498022946807,225.38706970214844,229.39219665527344,231.1134185791016,49.2337757334475,-0.5834073888134697,0.39746447573918536,227.6645965576172
2020-07-05,227.6645965576172,229.85671997070312,224.54449462890625,228.9761962890625,5292172429,-0.006153097654430395,228.1630379813058,233.77899169921875,1.9328875138382766,229.07411193847656,225.38706970214844,229.39219665527344,47.98914155894493,-0.681215579582954,0.18172846467475753,241.51022338867188
2020-07-06,241.51022338867188,242.13270568847656,227.029525756836,227.6850128173828,8782917553,0.06081589777420948,230.0652313232422,233.76495513916015,5.404231263520439,227.6645965576172,229.07411193847656,225.38706970214844,58.9634449041496,0.35441166009300673,0.2162651037584074,239.07553100585932
2020-07-07,239.07553100585932,242.68185424804688,234.2186584472656,240.9725952148437,6441497597,-0.010081115195253343,231.88816397530692,233.56189778645833,6.0428193312992535,241.51022338867188,227.6645965576172,229.07411193847656,56.69793312726899,0.9675411687875055,0.366520316764227,246.6700134277344
2020-07-08,246.6700134277344,248.30886840820312,238.3983764648437,239.15997314453125,9892586411,0.03176603807977729,234.11053466796875,233.5739013671875,8.189671494840562,239.07553100585932,241.51022338867188,227.6645965576172,61.6479918569581,2.0427148383839153,0.7017592210881647,243.01596069335932
2020-07-09,243.01596069335932,247.2916717529297,239.89865112304688,246.748291015625,8429099199,-0.014813526312332237,236.0567866734096,233.5107182820638,8.4946349359592,246.6700134277344,239.07553100585932,241.51022338867188,58.20060113517848,2.5703171837485,1.0754708136202318,240.9849853515625
2020-07-10,240.9849853515625,242.8837890625,236.73052978515625,242.86801147460932,7281370522,-0.008357374289335362,238.2850603376116,233.2953862508138,7.172177650219104,243.01596069335932,246.6700134277344,239.07553100585932,56.31558657348605,2.792374353748386,1.4188515216458626,239.4581756591797
2020-07-11,239.4581756591797,241.5274810791016,238.33123779296875,241.04478454589844,5643067316,-0.006335704650459517,239.76849801199776,233.55390319824218,5.912857618324534,240.9849853515625,243.01596069335932,246.6700134277344,54.87665606834355,2.8127320544556653,1.6976276282078233,242.13169860839844
2020-07-12,242.13169860839844,243.31114196777344,237.7702178955078,239.4596405029297,6596394718,0.011164884814891307,241.8352268763951,233.7085194905599,2.547941016337754,239.4581756591797,240.9849853515625,243.01596069335932,56.950896114806945,3.00990037939809,1.9600821784458766,239.6045837402344
2020-07-13,239.6045837402344,244.31051635742188,238.2323760986328,242.181869506836,7787751468,-0.010436943542246224,241.562992640904,233.7317108154297,2.6864903287086794,242.13169860839844,239.4581756591797,240.9849853515625,54.40510290089705,2.9284829193781263,2.1537623266323265,240.21148681640625
2020-07-14,240.21148681640625,242.0037841796875,237.7961883544922,239.97561645507807,7357458555,0.0025329360010484248,241.72527204241072,233.9349370320638,2.541592089492678,239.6045837402344,242.13169860839844,239.4581756591797,54.92620844494353,2.8797352069843782,2.298956902702737,238.42352294921875
2020-07-15,238.42352294921875,241.40269470214844,237.0961761474609,240.1436462402344,6189328448,-0.007443290455772633,240.54720197405135,234.2180908203125,1.6069784379977903,240.21148681640625,239.6045837402344,242.13169860839844,53.004248989958526,2.6660954633449307,2.3723846148311756,233.6408843994141
2020-07-16,233.6408843994141,239.0062561035156,231.6211700439453,238.450912475586,5832057567,-0.020059424047782826,239.20790536063058,234.19224802652994,2.724601594657992,238.42352294921875,240.21148681640625,239.6045837402344,48.150686862054066,2.0868100196162516,2.315269695788191,232.7730865478516
2020-07-17,232.7730865478516,234.41506958007807,232.10997009277344,233.6913909912109,5859850529,-0.0037142380015947607,238.03477696010046,234.1837417602539,3.491799709029831,233.6408843994141,238.42352294921875,240.21148681640625,47.30426686031396,1.5399465525290736,2.1602050671363675,235.4838104248047
2020-07-18,235.4838104248047,236.54397583007807,232.32489013671875,232.85568237304688,5397402117,0.01164534919888971,237.46701049804688,234.29649658203124,3.5444991740139113,232.7730865478516,233.6408843994141,238.42352294921875,50.246380896697666,1.3101831020891552,1.9902006741269251,238.48751831054688
2020-07-19,238.48751831054688,239.1606903076172,233.2797393798828,235.4582977294922,6251377305,0.01275547512299724,236.94641331263952,234.6748041788737,2.965518993078338,235.4838104248047,232.7730865478516,233.6408843994141,53.35418632515761,1.3548501662528452,1.8631305725521092,236.15316772460932
2020-07-20,236.15316772460932,239.5762481689453,234.85264587402344,238.494873046875,5600686192,-0.009788145738083731,236.45335388183594,234.9041010538737,2.7272523631702894,238.48751831054688,235.4838104248047,232.7730865478516,50.70348946926638,1.1881898402521358,1.7281424260921148,245.0167236328125
2020-07-21,245.0167236328125,246.186264038086,235.68096923828125,236.3025054931641,6806696015,0.03753308072724826,237.1398162841797,235.4383310953776,4.093420669068173,236.15316772460932,238.48751831054688,235.4838104248047,59.02714946179918,1.7511391747777054,1.7327417758292332,262.1906433105469
2020-07-22,262.1906433105469,262.98504638671875,242.48434448242188,245.03726196289065,7702077383,0.07009284681918926,240.53511919294084,236.0935796101888,10.374134627774552,245.0167236328125,236.15316772460932,238.48751831054688,69.70193517663887,3.542239634242037,2.0946413475117938,274.6890563964844
2020-07-23,274.6890563964844,277.5834655761719,261.0470886230469,262.3886413574219,10281309262,0.047669180441096026,246.3991437639509,237.11180979410807,15.93732244126251,262.1906433105469,245.0167236328125,236.15316772460932,74.83945156381249,5.902180472481319,2.856149172505699,279.2154235839844
2020-07-24,279.2154235839844,286.1928405761719,269.2397766113281,274.7226867675781,9466060358,0.01647814895460087,253.0337633405413,238.55990854899088,18.73989072837418,274.6890563964844,262.1906433105469,245.0167236328125,76.40017753189764,8.044953378110591,3.8939100136266775,304.0567626953125
2020-07-25,304.0567626953125,306.7409973144531,279.0263671875,279.0263671875,10785021813,0.08896836282346765,262.8298993791853,240.9303176879883,24.935572561662227,279.2154235839844,274.6890563964844,262.1906433105469,82.73125080662828,11.613728964016019,5.437873803704546,309.64361572265625
2020-07-26,309.64361572265625,316.3863220214844,300.267822265625,303.6923828125,12003973026,0.018374375158832335,272.99505615234375,243.5961700439453,27.70786985107146,304.0567626953125,279.2154235839844,274.6890563964844,83.78482966136522,14.723102909980554,7.294919624959748,321.5140991210937
2020-07-27,321.5140991210937,330.7012023925781,309.6579284667969,309.6579284667969,15644257058,0.03833595396673606,285.1894749232701,246.88131357828777,27.574753409777593,309.64361572265625,304.0567626953125,279.2154235839844,85.77120023687733,17.938370598460835,9.423609819659966,316.6572570800781
2020-07-28,316.6572570800781,325.9059753417969,307.7213439941406,321.8297424316406,12357108065,-0.015106155699835422,295.423836844308,249.92498321533202,23.113410154309737,321.5140991210937,309.64361572265625,304.0567626953125,81.37862351933221,19.865588703275023,11.512005596382977,318.1908874511719
2020-07-29,318.1908874511719,324.3807983398437,313.1095886230469,316.55535888671875,10878845706,0.004843187189946141,303.4238717215402,252.9248504638672,19.02309083014931,316.6572570800781,321.5140991210937,309.64361572265625,81.69736810600796,21.271469826925852,13.463898442491551,334.5866394042969
2020-07-30,334.5866394042969,338.6311950683594,315.7510986328125,318.1449890136719,11827689045,0.05152803741320544,311.9806692940848,256.5339050292969,17.34053485043326,318.1908874511719,316.6572570800781,321.5140991210937,84.71050869496197,23.438456961922327,15.458810146377708,345.5546569824219
2020-07-31,345.5546569824219,348.6113586425781,329.3409423828125,334.6337280273437,12030600492,0.032780799608892464,321.45770263671875,260.3486129760742,14.312681378216944,334.5866394042969,318.1908874511719,316.6572570800781,86.33159177687412,25.744075555836446,17.515863228269456,385.19970703125
2020-08-01,385.19970703125,388.8479614257813,343.5874328613281,345.7986145019531,14045259477,0.11472873899322056,333.049551827567,265.5421966552734,25.976818926209997,345.5546569824219,334.5866394042969,318.1908874511719,90.32477232335202,30.419660206748745,20.096622623965317,370.6717224121094
2020-08-02,370.6717224121094,411.2283020019531,357.1436462402344,385.54986572265625,18909744275,-0.037715461237258996,341.7678527832031,270.38501841227213,27.031768972897282,385.19970703125,345.5546569824219,334.5866394042969,80.98749888867145,32.57727721198506,22.592753541569266,386.295166015625
2020-08-03,386.295166015625,396.5069885253906,369.3363342285156,371.13385009765625,12834648062,0.042149003171452204,351.0222909109933,275.62572021484374,29.881024953666103,370.6717224121094,385.19970703125,345.5546569824219,83.02031839644013,35.14278145269873,25.10275912379516,389.87548828125
2020-08-04,389.87548828125,400.70062255859375,382.985107421875,386.1564636230469,14086704221,0.009268358966418422,361.48203822544644,281.03274993896486,28.63571520615014,386.295166015625,370.6717224121094,385.19970703125,83.45684228581078,37.03791411316297,27.489790121668722,401.590576171875
2020-08-05,401.590576171875,406.303955078125,386.2184753417969,389.7108154296875,12875466638,0.030048280137513927,373.39627947126115,286.36876169840497,24.70139058771547,389.87548828125,386.295166015625,370.6717224121094,84.8310201933709,39.03515709354059,29.798863516043095,394.9619445800781
2020-08-06,394.9619445800781,403.4886779785156,392.6001892089844,401.5838623046875,11304626458,-0.016505944076137702,382.02132306780135,291.56497548421225,18.704287797027,401.590576171875,389.87548828125,386.295166015625,80.7440802269195,39.6263237791797,31.764355568670418,379.5128479003906
2020-08-07,379.5128479003906,398.2490234375,367.9355163574219,395.2268676757813,12751687084,-0.03911540565284821,386.8724931989397,295.9930699666341,10.089929325473435,394.9619445800781,401.590576171875,389.87548828125,72.03359139128708,38.405499951267416,33.09258444518982,393.98736572265625
2020-08-08,393.98736572265625,393.98736572265625,377.3497314453125,379.5515747070313,9342060531,0.038139730716217235,388.1278730119978,301.0254501342773,10.38934863934358,379.5128479003906,394.9619445800781,401.590576171875,74.77884519654988,38.166006921474036,34.107268940446666,391.1204528808594
2020-08-09,391.1204528808594,399.7370910644531,385.8307189941406,395.3052368164063,9451065592,-0.007276661870967205,391.0491202218192,306.0299657185872,6.977749572489847,393.98736572265625,379.5128479003906,394.9619445800781,73.24521680341383,37.314730082586834,34.7487611688747,395.8875732421875
2020-08-10,395.8875732421875,399.3759460449219,391.04150390625,391.04150390625,11685827893,0.01218836889304864,392.4194641113281,311.24427897135416,6.828855260161529,391.1204528808594,393.98736572265625,379.5128479003906,74.19299203020563,36.60281931077162,35.11957279725409,380.3840637207031
2020-08-11,380.3840637207031,398.4789123535156,370.8606262207031,395.8947143554688,12792218737,-0.039161394722536436,391.0635463169643,315.8526911417643,8.218972391855914,395.8875732421875,391.1204528808594,393.98736572265625,66.0039612444871,34.39118111677209,34.97389446115769,391.024169921875
2020-08-12,391.024169921875,391.3123168945313,367.9236145019531,380.0638122558594,12408772745,0.027972008335723553,389.55405970982144,320.90001068115237,6.813496254773045,380.3840637207031,395.8875732421875,391.1204528808594,68.56809648102863,33.115277258697574,34.60217102066567,428.7417907714844
2020-08-13,428.7417907714844,432.9046020507813,379.71087646484375,390.8381042480469,18480303526,0.09645854080361627,394.3797520228795,327.1843541463216,16.441635614966295,391.024169921875,380.3840637207031,395.8875732421875,75.59513120300421,34.747068466058806,34.6311505097443,437.3978271484375
2020-08-14,437.3978271484375,444.5777587890625,423.3458557128906,428.6772766113281,15064589987,0.020189392691058572,402.64903477260043,333.8168309529622,21.497391233701816,428.7417907714844,391.024169921875,380.3840637207031,76.87298303926582,36.32006939687017,34.968934287169475,433.35491943359375
2020-08-15,433.35491943359375,441.7546081542969,429.8746032714844,437.56298828125,12416067894,-0.009243090532024323,408.2729710170201,340.4739654541016,23.87206599439128,437.3978271484375,428.7417907714844,391.024169921875,74.90034554311072,36.816062452055405,35.338359920146665,433.78662109375
2020-08-16,433.78662109375,436.2658386230469,415.0862426757813,433.3505859375,12168816874,0.0009961849763249209,414.3681379045759,347.1744166056315,24.207207105735584,433.35491943359375,437.3978271484375,428.7417907714844,74.97419311375978,36.81954247157705,35.634596430432744,429.53125
2020-08-17,429.53125,442.7349853515625,422.6472778320313,433.9737548828125,13227089410,-0.009809825584340293,419.17437744140625,353.6426645914714,23.24730229488935,433.78662109375,433.35491943359375,437.3978271484375,72.7034809881703,36.06321325464586,35.72031979527537,423.6693115234375
2020-08-18,423.6693115234375,432.5802917480469,419.6741027832031,429.6696166992188,11978984079,-0.013647292197162653,425.3579842703683,359.815391031901,15.761130584895444,429.53125,433.78662109375,433.35491943359375,69.5773535056504,34.59205181584696,35.49466619938969,406.4637756347656
2020-08-19,406.4637756347656,427.024658203125,396.6783447265625,423.7385864257813,13137391167,-0.04061076745635395,427.5636422293527,365.49241129557294,10.284334745211824,423.6693115234375,429.53125,433.78662109375,61.25232568335256,31.67269965682732,34.73027289087722,416.4397888183594
2020-08-20,416.4397888183594,418.73443603515625,404.0260925292969,406.7589111328125,10043032427,0.024543424978067163,425.80621337890625,371.2065134684245,11.070512141726562,406.4637756347656,423.6693115234375,429.53125,63.94599798534056,29.820322810055018,33.74828287471278,389.1263427734375
2020-08-21,389.1263427734375,418.6379699707031,387.4411315917969,416.1487731933594,11781796374,-0.06558798361324525,418.9102870396205,375.4377034505208,16.398720640112103,416.4397888183594,406.4637756347656,423.6693115234375,53.0682695514074,25.850347273415593,32.16869575445334,395.8351440429688
2020-08-22,395.8351440429688,396.4665832519531,382.8146362304688,389.0310974121094,10131847985,0.017240676181713654,413.5503191266741,379.4759063720703,17.01087034280734,389.1263427734375,416.4397888183594,406.4637756347656,55.089099276632375,22.98055175739671,30.331066955042015,391.3844909667969
2020-08-23,391.3844909667969,396.4904174804688,385.039794921875,395.5628356933594,8137303970,-0.011243703706330876,407.4928719656808,383.2148752848307,16.13064173589994,395.8351440429688,389.1263427734375,416.4397888183594,53.44497908055409,20.115211985124347,28.287895961058485,408.1441955566406
2020-08-24,408.1441955566406,409.3885803222656,389.3146057128906,391.6789855957031,10328860398,0.04282158587440188,404.4375784737723,386.68445638020836,12.97803275190057,391.3844909667969,395.8351440429688,389.1263427734375,58.47123098443408,18.978010968600756,26.42591896256694,384.00103759765625
2020-08-25,384.00103759765625,408.5279235839844,374.3553771972656,408.0716857910156,12428442042,-0.05915350070348824,398.7706821986607,389.163037109375,11.786805177781583,408.1441955566406,391.3844909667969,395.8351440429688,50.08283325864248,15.944817959284649,24.329698761910482,386.4661254882813
2020-08-26,386.4661254882813,391.8732604980469,378.7058410644531,383.9774475097656,9967343483,0.006419482369232288,395.9138750348772,391.32810465494794,12.032329068104094,384.00103759765625,408.1441955566406,391.3844909667969,50.85803073217277,13.583322550562286,22.180423519640847,382.6326293945313
2020-08-27,382.6326293945313,395.3491821289063,374.8664855957031,386.60986328125,10457777652,-0.00991935862142268,391.0842808314732,393.52728373209635,8.760376178607064,386.4661254882813,384.00103759765625,408.1441955566406,49.56883623133566,11.27254643026049,19.998848101764775,395.8746643066406
2020-08-28,395.8746643066406,397.7576293945313,381.2738342285156,382.6295776367188,9120674421,0.034607699121382396,392.04832676478793,396.116742960612,8.879505478098677,382.6326293945313,386.4661254882813,384.00103759765625,53.914604917678695,10.389991896742117,18.077076860760243,399.9214782714844
2020-08-29,399.9214782714844,405.6163635253906,393.0374145507813,395.6875915527344,8777703481,0.010222462637086371,392.632088797433,398.29457092285156,9.294575371215815,395.8746643066406,382.6326293945313,386.4661254882813,55.185555966398326,9.902950092500305,16.442251507108256,428.3957214355469
2020-08-30,428.3957214355469,428.6639709472656,399.6083679199219,399.61669921875,11211948040,0.07119958469630605,397.9194074358259,401.0559397379557,16.330572241591135,399.9214782714844,395.8746643066406,382.6326293945313,62.931792101671824,11.679960098361391,15.489793225358884,435.0797424316406
2020-08-31,435.0797424316406,438.5603332519531,419.7701721191406,428.5090026855469,12774741797,0.015602445733341463,401.767342703683,402.71860758463544,21.497377756884912,428.3957214355469,399.9214782714844,395.8746643066406,64.48371640173809,13.472297702660455,15.0862941208192,477.0519104003906
2020-09-01,477.0519104003906,487.2118835449219,432.0791931152344,434.87445068359375,18862763756,0.09647005795804109,415.0603245326451,406.2646138509115,33.88220889433768,435.0797424316406,428.3957214355469,399.9214782714844,72.32046638457545,18.071227484702092,15.68328079359578,440.0404968261719
2020-09-02,440.0404968261719,480.33099365234375,424.46002197265625,477.00787353515625,19691854014,-0.07758361882075893,422.71380615234375,408.0561248779297,32.36349486654515,477.0519104003906,435.0797424316406,428.3957214355469,59.79169951930567,18.51596024836158,16.24981668454894,385.67193603515625
2020-09-03,385.67193603515625,449.532470703125,381.1296997070313,440.239990234375,19622845896,-0.123553539238214,423.1479928152902,407.91600646972654,31.750733810262787,440.0404968261719,477.0519104003906,435.0797424316406,46.93008943132724,14.31629633629467,15.863112614898087,388.24114990234375
2020-09-04,388.24114990234375,402.4117431640625,371.6366882324219,384.671630859375,16747106257,0.006661656260499305,422.05749075753346,407.4710255940755,32.95194343278199,385.67193603515625,440.0404968261719,477.0519104003906,47.50475020345763,11.06776421982073,14.904042935882616,335.26007080078125
2020-09-05,335.26007080078125,394.1722717285156,316.7743530273437,388.0383911132813,29880047640,-0.13646435756459385,412.8201468331473,405.4809631347656,46.47844098595262,388.24114990234375,385.67193603515625,440.0404968261719,38.295638570618934,4.170078739041855,12.757250096514465,353.3622741699219
2020-09-06,353.3622741699219,359.7640380859375,319.0419006347656,335.3345642089844,27643678917,0.053994510368928994,402.101082938058,404.60927734375,50.744169847120396,335.26007080078125,388.24114990234375,385.67193603515625,42.403997368127115,0.16243734920027464,10.238287547051627,352.6734924316406
2020-09-07,352.6734924316406,358.2118835449219,326.2543640136719,353.45025634765625,21763614732,-0.0019492226211732522,390.3287615094866,403.2321482340495,51.3731552781437,353.3622741699219,335.26007080078125,388.24114990234375,42.28862258165539,-3.034249318250204,7.583780173991261,337.60211181640625
2020-09-08,337.60211181640625,355.5628662109375,328.8167724609375,353.2022705078125,17991403432,-0.04273465666874776,370.40736171177457,401.448203531901,37.22984095317995,352.6734924316406,353.3622741699219,335.26007080078125,39.74064766105598,-6.706472946462327,4.725729549900544,351.1100158691406
2020-09-09,351.1100158691406,359.1644897460937,332.1650085449219,337.8249206542969,14547933520,0.04001131385125989,357.70300728934154,399.9556182861328,21.253141124977123,337.60211181640625,352.6734924316406,353.3622741699219,43.05246339158023,-8.429590588900794,2.0946655221402763,368.1018981933594
2020-09-10,368.1018981933594,377.3935852050781,351.1117553710937,351.4293212890625,31421134556,0.04839475251697656,355.1930018833705,399.5462127685547,18.220643571456407,351.1100158691406,337.60211181640625,352.6734924316406,46.998558889335,-8.328070031171023,0.010118411478016398,374.6955871582031
2020-09-11,374.6955871582031,376.6304016113281,355.58258056640625,368.1184997558594,27296269329,0.01791267308646205,353.25792149135043,399.0019266764323,14.456314104924413,368.1018981933594,351.1100158691406,337.60211181640625,48.490166008537,-7.62763206958698,-1.517431684734983,387.18310546875
2020-09-12,387.18310546875,387.5384521484375,367.8421936035156,374.5953979492188,13295405814,0.03332710268956118,360.67549787248885,397.61663716634115,16.811516428883245,374.6955871582031,368.1018981933594,351.1100158691406,51.28625294538581,-5.995776000044941,-2.413100547796975,365.5700073242188
2020-09-13,365.5700073242188,388.9598083496094,354.3401794433594,387.519287109375,15005899191,-0.05582138745017018,362.4194597516741,395.2223765055339,16.557705499397144,387.18310546875,374.6955871582031,368.1018981933594,46.57398979688896,-6.373050145123614,-3.205090467262303,377.2688598632813
2020-09-14,377.2688598632813,384.4851989746094,357.5697631835937,365.6995849609375,17536695361,0.03200167493140915,365.93308367047996,393.35284118652345,16.753345943424826,365.5700073242188,387.18310546875,374.6955871582031,49.290010108829634,-5.662766151455287,-3.6966256041009,364.8392028808594
2020-09-15,364.8392028808594,381.50830078125,363.6068115234375,377.1540222167969,16140584321,-0.032946416481143825,369.82409667968756,391.0545939127604,11.377026084184218,377.2688598632813,365.5700073242188,387.18310546875,46.58053418817734,-6.033282483772041,-4.163956980035128,365.8122863769531
2020-09-16,365.8122863769531,372.7674255371094,356.6827392578125,364.7439880371094,16107612177,0.002667157170638479,371.9244210379465,388.9306284586589,8.28269883123277,364.8392028808594,377.2688598632813,365.5700073242188,46.82696413970666,-6.177192807308813,-4.566604145489865,389.0192260742188
2020-09-17,389.0192260742188,393.901611328125,364.7951354980469,365.8657836914063,19899531080,0.0634394758227228,374.9126107352121,387.77562561035154,10.220358231134373,365.8122863769531,364.8392028808594,377.2688598632813,52.45957166986455,-4.368281856368469,-4.526939687665586,384.3645324707031
2020-09-18,384.3645324707031,391.9041442871094,376.9649963378906,389.3374938964844,14108357740,-0.011965201952840343,376.29388863699785,387.0389841715495,10.821818693450128,389.0192260742188,365.8122863769531,364.8392028808594,51.2860920522098,-3.2725775314806356,-4.276067256428597,385.54437255859375
2020-09-19,385.54437255859375,387.0763549804688,378.72406005859375,384.0416564941406,11049507684,0.003069586260487034,376.05978393554693,386.00913696289064,10.56159184261176,384.3645324707031,389.0192260742188,365.8122863769531,51.58174125366215,-2.2827070986286913,-3.877395224868616,371.0528259277344
2020-09-20,371.0528259277344,385.5979919433594,367.0943603515625,385.5979919433594,12292195784,-0.03758723421298804,376.8430437360491,385.4066864013672,9.83211639840235,385.54437255859375,384.3645324707031,389.0192260742188,47.74855235221119,-2.6371746434584793,-3.629351108586589,341.7860717773437
2020-09-21,341.7860717773437,375.7370300292969,336.0689697265625,371.400146484375,17398267133,-0.07887489895061639,371.7740740094866,383.6050506591797,16.477114746156165,371.0528259277344,385.54437255859375,384.3645324707031,41.10496025061826,-5.219507955325412,-3.9473824779343536,344.503173828125
2020-09-22,344.503173828125,346.600830078125,336.85504150390625,341.72381591796875,12732578043,0.00794971555350954,368.8689270019531,382.04234008789064,19.431513353877126,341.7860717773437,371.0528259277344,385.54437255859375,41.91300926186296,-6.966473116351779,-4.551200605617838,321.1163024902344
2020-09-23,321.1163024902344,344.67138671875,318.9692077636719,344.58990478515625,12899346599,-0.06788579355602253,362.4837864467076,379.1414103190104,26.617920729609118,344.503173828125,341.7860717773437,371.0528259277344,37.18404071577922,-10.121407373553438,-5.665241959204959,349.3555908203125
2020-09-24,349.3555908203125,351.46148681640625,318.54510498046875,320.9850158691406,15714304470,0.08794099866959249,356.8175528390067,377.98656209309894,24.133513229901027,321.1163024902344,344.503173828125,341.7860717773437,45.22110035356563,-10.225171527382656,-6.577227872840499,352.1832580566406
2020-09-25,352.1832580566406,357.7727355957031,339.01593017578125,349.41143798828125,14381086966,0.008093951580075087,352.22022792271207,376.8437998453776,20.85366311349047,349.3555908203125,321.1163024902344,344.503173828125,45.966602174335385,-9.964373161503204,-7.254656930573041,355.48809814453125
2020-09-26,355.48809814453125,355.8547668457031,348.10711669921875,352.35089111328125,13049148579,0.009383864826871147,347.92647443498885,375.93898213704426,15.1678262477184,352.1832580566406,349.3555908203125,321.1163024902344,46.87657475669556,-9.382855880238878,-7.680296720506209,357.4385070800781
2020-09-27,357.4385070800781,361.9844055175781,349.8340759277344,354.9598999023437,13598126926,0.005486566064312859,345.98157174246654,374.65777689615885,12.312255579823798,355.48809814453125,352.1832580566406,349.3555908203125,47.43915987293866,-8.66473586296263,-7.877184548997493,355.159423828125
2020-09-28,355.159423828125,366.4321594238281,354.5476379394531,357.9259338378906,14258455166,-0.006376154798124589,347.89205060686385,373.16570841471355,12.587236043489556,357.4385070800781,355.48809814453125,352.1832580566406,46.815268638492505,-8.185170002141717,-7.938781639626338,359.75738525390625
2020-09-29,359.75738525390625,360.3533630371094,352.1468505859375,354.3630065917969,11600013236,0.012946190125610713,350.0712236676897,370.8777638753255,13.207896508962387,355.159423828125,357.4385070800781,355.48809814453125,48.29272070140104,-7.349374527337716,-7.820900217168615,359.9378662109375
2020-09-30,359.9378662109375,361.17877197265625,353.32794189453125,360.0385131835937,11818610610,0.0005016740848944323,355.6171613420759,368.37303466796874,3.880558014322144,359.75738525390625,355.159423828125,357.4385070800781,48.35336907658697,-6.596398115721456,-7.5759997968791835,353.2059020996094
2020-10-01,353.2059020996094,369.264404296875,346.47705078125,360.3091430664063,14679481911,-0.01870312835433363,356.1672058105469,364.244834391276,3.023283158240813,359.9378662109375,359.75738525390625,355.159423828125,46.17769027611097,-6.468309481703841,-7.354461733844115,346.2389221191406
2020-10-02,346.2389221191406,354.11541748046875,336.4671630859375,352.9496765136719,14215390463,-0.01972498177140869,355.3180149623326,361.118115234375,4.699158577230711,353.2059020996094,359.9378662109375,359.75738525390625,43.97254553060664,-6.850012693018584,-7.253571925679009,346.5220947265625
2020-10-03,346.5220947265625,351.3077087402344,344.66656494140625,346.2186279296875,10060167889,0.0008178531913418663,354.0371573311942,359.81312052408856,5.749603734319541,346.2389221191406,353.2059020996094,359.9378662109375,44.08941210514443,-7.048415825017628,-7.212540705546734,352.5790100097656
2020-10-04,352.5790100097656,354.0457458496094,345.1310119628906,346.60223388671875,10696959020,0.017479160421163265,353.3429434640067,358.6243825276693,5.560742484195106,346.5220947265625,346.2389221191406,353.2059020996094,46.6526404386871,-6.640363318094444,-7.098105228056276,353.956787109375
2020-10-05,353.956787109375,355.2140808105469,349.6799011230469,352.73681640625,11809507622,0.003907711634822508,353.17113821847096,359.2476064046224,5.5136455826154664,352.5790100097656,346.5220947265625,346.2389221191406,47.24511278051342,-6.13508225978876,-6.905500634402774,340.8158569335937
2020-10-06,340.8158569335937,354.989013671875,338.0032958984375,353.9564819335937,12830796112,-0.03712580364145035,350.46520560128346,358.8293924967448,6.330107318462415,353.956787109375,352.5790100097656,346.5220947265625,42.40751450535147,-6.717570649670961,-6.867914637456412,341.80865478515625
2020-10-07,341.80865478515625,342.4508361816406,334.5455627441406,340.9430847167969,11929918060,0.0029130036979352347,347.8753182547433,358.46723124186195,5.457006348289341,340.8158569335937,353.956787109375,352.5790100097656,42.883348052326426,-7.0181851362098655,-6.897968737207103,350.7661437988281
2020-10-08,350.7661437988281,352.21148681640625,335.6474914550781,342.0446472167969,13461017711,0.02620615039517382,347.5267813546317,358.9060323079427,5.1277823685558,341.80865478515625,340.8158569335937,353.956787109375,47.12784645574018,-6.459172460627428,-6.810209481891168,365.5904846191406
2020-10-09,365.5904846191406,368.3103332519531,348.2058410644531,351.1128845214844,13043501763,0.042262747082040475,350.2912902832031,359.3887145996094,8.454842192696171,350.7661437988281,341.80865478515625,340.8158569335937,53.311527596447526,-4.765022265195967,-6.4011720385521285,370.9675903320313
2020-10-10,370.9675903320313,378.2671508789063,365.3540344238281,365.4024658203125,13618484324,0.01470800236634262,353.7835039411272,359.48423767089844,11.231204995882482,365.5904846191406,350.7661437988281,341.80865478515625,55.35132273053579,-2.954451459596612,-5.711827922761025,375.1420593261719
2020-10-11,375.1420593261719,377.2467956542969,369.8280334472656,370.9284362792969,12584512533,0.011252921017720796,357.00679670061385,359.4991200764974,13.777091873644478,370.9675903320313,365.5904846191406,350.7661437988281,56.92473381411531,-1.1692380430321236,-4.803309946815245,387.7312622070313
2020-10-12,387.7312622070313,395.1221618652344,366.642333984375,374.7987365722656,15867455424,0.03355849488983487,361.8317217145647,359.51739196777345,17.84460924848035,375.1420593261719,370.9675903320313,365.5904846191406,61.34840377629095,1.2470249837240885,-3.593242960707379,381.1907653808594
2020-10-13,381.1907653808594,387.3756713867188,375.58245849609375,387.1429443359375,14226744838,-0.01686863418993434,367.5995657784598,360.0380839029948,16.385004824276034,387.7312622070313,375.1420593261719,370.9675903320313,58.014968703239546,2.6041484062034215,-2.353764687325219,379.4840393066406
2020-10-14,379.4840393066406,387.2961730957031,374.1750183105469,381.9714660644531,13918846567,-0.0044773541995790644,372.9817635672433,360.11192321777344,12.138805188758141,381.1907653808594,387.7312622070313,375.1420593261719,57.142428999356454,3.5015957494481427,-1.1826925999705467,377.44183349609375
2020-10-15,377.44183349609375,381.2087707519531,371.3541259765625,379.1922302246094,14964182545,-0.005381532815657342,376.7925763811384,360.5320109049479,7.174096347524018,379.4840393066406,381.1907653808594,387.7312622070313,56.05603372186091,4.0019087799300905,-0.14577232399041928,366.22900390625
2020-10-16,366.22900390625,380.0215148925781,362.597412109375,377.8684997558594,14670784817,-0.02970743726519065,376.88379342215404,360.5459014892578,7.010110676365303,377.44183349609375,379.4840393066406,381.1907653808594,50.39123396393203,3.453815388896544,0.5741452185869733,368.8559265136719
2020-10-17,368.8559265136719,369.7681274414063,364.489013671875,366.0157165527344,10951115359,0.0071728961371237965,376.5821271623884,359.87379150390626,7.344590759419508,366.22900390625,377.44183349609375,379.4840393066406,51.62463190549567,3.1945928502013317,1.098234744909845,378.2136840820313
2020-10-18,378.2136840820313,378.59765625,368.129150390625,368.7275390625,11047103109,0.02536968202410761,377.0209306989397,359.66876322428385,7.335966459204074,368.8559265136719,366.22900390625,377.44183349609375,55.83687818228845,3.701580435306994,1.618903882989275,379.93560791015625
2020-10-19,379.93560791015625,383.3176574707031,373.7022705078125,378.4696350097656,12811242092,0.004552780347713448,375.90726579938615,359.4818044026693,5.887852169457082,378.2136840820313,368.8559265136719,366.22900390625,56.58598924633339,4.193971122914775,2.1339173309743753,369.1369018554688
2020-10-20,369.1369018554688,380.7610168457031,367.60107421875,379.7196960449219,13741586582,-0.028422463780338858,374.18528529575894,359.4179402669271,5.847602943911308,379.93560791015625,378.2136840820313,368.8559265136719,50.76985002466049,3.6705175191233934,2.441237368604179,392.1899719238281
2020-10-21,392.1899719238281,400.6272583007813,368.72796630859375,369.0594177246094,20241324322,0.06245127472350487,376.0004185267857,361.0980702718099,8.927445949806884,369.1369018554688,379.93560791015625,378.2136840820313,60.17951498906105,5.057566381787012,2.9645031712407457,413.7729797363281
2020-10-22,413.7729797363281,420.14166259765625,391.27630615234375,391.4886169433594,15772846485,0.055032023655851914,381.1905822753906,363.4070638020833,16.903253395790937,392.1899719238281,369.1369018554688,379.93560791015625,66.6135215006733,7.808370912998839,3.9332767195923646,409.7666931152344
2020-10-23,409.7666931152344,418.9599304199219,403.08203125,414.0513305664063,14256222052,-0.009682330208334755,387.4102521623884,366.36207682291666,18.422246881992216,413.7729797363281,392.1899719238281,369.1369018554688,64.52928714505154,9.554985548442232,5.0576184853623385,412.4576110839844
2020-10-24,412.4576110839844,416.59967041015625,407.8517150878906,409.7672424316406,12201739194,0.006566951423729428,393.6390642438616,368.4654774983724,18.474286500119256,409.7666931152344,413.7729797363281,392.1899719238281,65.31430172789689,11.029187217040999,6.2519322316980706,406.2177734375
2020-10-25,406.2177734375,417.1592102050781,405.35064697265625,412.4576416015625,10890207469,-0.015128433756102622,397.6396484375,370.2666280110677,17.58808509919594,412.4576110839844,409.7666931152344,413.7729797363281,61.893630904972525,11.560734954633347,7.3136927762851265,393.8883056640625
2020-10-26,393.8883056640625,411.2798767089844,383.7828979492188,406.2179870605469,15155684229,-0.030351866854822607,399.6328909737723,371.5466349283854,15.96283619165941,406.2177734375,412.4576110839844,409.7666931152344,55.687557756946255,10.861896180739109,8.023333457175923,403.9970397949219
2020-10-27,403.9970397949219,409.7728576660156,390.60845947265625,393.88818359375,13940434102,0.025663961040470307,404.61291067940846,373.0985860188802,8.605319134507305,393.8883056640625,406.2177734375,412.4576110839844,59.2916169079191,10.996985377662725,8.618063841273283,388.6507568359375
2020-10-28,388.6507568359375,408.9647521972656,381.1463317871094,403.9971008300781,15276441134,-0.037986127241859236,404.1073085239955,374.2149637858073,9.512979008186049,403.9970397949219,393.8883056640625,406.2177734375,52.332858041163774,9.753297812966991,8.845110635612025,386.7301025390625
2020-10-29,386.7301025390625,393.2276916503906,381.2887573242188,388.6510620117188,12920477749,-0.004941851425972588,400.2440403529576,375.1140543619792,10.384674756498248,388.6507568359375,403.9970397949219,393.8883056640625,51.51791462989904,8.51453544300773,8.778995597091168,382.8199768066406
2020-10-30,382.8199768066406,391.4647216796875,375.0924072265625,386.7302551269531,13688056970,-0.010110735385608915,396.3945094517299,375.8767913818359,11.226706822781603,386.7301025390625,388.6507568359375,403.9970397949219,49.81709749009385,7.135044519877681,8.450205381648471,386.59033203125
2020-10-31,386.59033203125,393.0101318359375,381.2952575683594,382.8200378417969,11276963426,0.009848898837674147,392.69918387276783,376.98960571289064,9.117239342865135,382.8199768066406,386.7301025390625,388.6507568359375,51.48047979180333,6.273704817167641,8.014905268752306,396.3581848144531
2020-11-01,396.3581848144531,397.1161193847656,385.16552734375,386.59033203125,10475146018,0.02526667630791546,391.2906712123326,378.6602478027344,7.251356058005589,386.59033203125,382.8199768066406,386.7301025390625,55.58764023341311,6.306572738580087,7.6732387627178635,383.15673828125
2020-11-02,383.15673828125,403.2407531738281,381.01763916015625,396.3559875488281,13997574252,-0.033306859903456054,389.7575901576451,379.88140258789065,7.729314174197314,396.3581848144531,386.59033203125,382.8199768066406,49.49015091820816,5.207347338307784,7.180060477835848,387.6021728515625
2020-11-03,387.6021728515625,389.515380859375,371.312744140625,383.1560363769531,12588494762,0.011602130737028649,387.41546630859375,381.04884134928386,4.508119980313867,383.15673828125,396.3581848144531,386.59033203125,51.42249901562728,4.641409428167151,6.67233026790211,402.1419982910156
2020-11-04,402.1419982910156,407.6656494140625,377.8276062011719,387.6032104492188,15126077675,0.03751223924387381,389.34278651646207,382.65501505533854,7.202797301490845,387.6021728515625,383.15673828125,396.3581848144531,57.19112944144631,5.304989340712268,6.398862082464142,414.0673522949219
2020-11-05,414.0673522949219,417.5259399414063,397.2458190917969,402.1429443359375,15440711038,0.02965458483467409,393.24810791015625,385.0967315673828,11.611768619590944,402.1419982910156,387.6021728515625,383.15673828125,61.25508567878658,6.715742704519755,6.462238206875265,454.7192993164063
2020-11-06,454.7192993164063,456.20062255859375,412.9822998046875,414.0667114257813,16738305610,0.09817713663290673,403.5194396972656,388.86041971842445,24.968175346078294,414.0673522949219,402.1419982910156,387.6021728515625,71.26826270038839,10.987391481814768,7.367268861863165,435.713134765625
2020-11-07,435.713134765625,465.6754760742188,428.4563598632813,454.7225646972656,18873289788,-0.04179757617359514,410.53698294503346,391.6919860839844,26.285536592779206,454.7192993164063,414.0673522949219,402.1419982910156,63.06237901060993,12.692751141093936,8.43236531770932,453.5547790527344
2020-11-08,453.5547790527344,457.7804565429688,433.1537780761719,435.71881103515625,11292383601,0.040948144234179695,418.70792497907365,394.62412923177084,29.798543066433357,435.713134765625,454.7192993164063,414.0673522949219,66.91364238278406,15.307477470941365,9.80738774835573,444.1630554199219
2020-11-09,444.1630554199219,457.349609375,435.1638793945313,453.57415771484375,13704320630,-0.02070692244149086,427.42311314174106,397.06397806803386,26.394804635428816,453.5547790527344,435.713134765625,454.7192993164063,63.17938049068716,16.4324107162563,11.132392341935844,449.67962646484375
2020-11-10,449.67962646484375,453.7583618164063,439.6001281738281,444.1663818359375,12090381666,0.01242014836129579,436.29132080078125,399.54856363932294,20.572002092549738,444.1630554199219,453.5547790527344,435.713134765625,64.43489794794493,17.566573077664827,12.419228489081641,462.9605407714844
2020-11-11,462.9605407714844,473.578857421875,449.5249328613281,449.6796569824219,14075403511,0.029534169495399443,444.9796840122768,402.05620625813805,16.103317978400884,449.67962646484375,444.1630554199219,453.5547790527344,67.32364009294596,19.314419110891663,13.798266613443646,461.0052795410156
2020-11-12,461.0052795410156,467.6778259277344,452.0724182128906,462.9595336914063,12877327234,-0.004223386354289427,451.6851021902902,404.71669006347656,9.507980233586917,462.9605407714844,449.67962646484375,444.1630554199219,66.46767373548984,20.307731556021793,15.100159601959277,474.6264343261719
2020-11-13,474.6264343261719,475.2172546386719,457.2982482910156,461.0054931640625,13191505725,0.029546635124694687,454.5289786202567,407.8881032307943,12.928618543499779,461.0052795410156,462.9605407714844,449.67962646484375,69.38765170254202,21.941128508076133,16.46835338318265,460.14984130859375
2020-11-14,460.14984130859375,475.1614379882813,452.986083984375,474.6264343261719,10312037942,-0.030501025586850417,458.01993669782365,410.64503682454426,9.959465045572768,474.6264343261719,461.0052795410156,462.9605407714844,63.098763681531125,21.81598618126833,17.537879942799787,447.55908203125
2020-11-15,447.55908203125,460.99407958984375,440.25433349609375,460.14990234375,10308617165,-0.027362302769762148,457.1634085518973,413.3560394287109,10.641914209626018,460.14984130859375,474.6264343261719,461.0052795410156,58.161382765708815,20.46493391812635,18.1232907378651,459.9403076171875
2020-11-16,459.9403076171875,463.8310241699219,445.5016174316406,447.5589904785156,11441239444,0.027663890831452376,459.4173017229353,416.3921854654948,8.968869997086514,447.55908203125,460.14984130859375,474.6264343261719,61.36304201837856,20.160874682712347,18.53080752683455,480.3600769042969
2020-11-17,480.3600769042969,482.2322082519531,460.776611328125,464.4066467285156,14593057877,0.044396563964784974,463.8002232142857,419.79706522623695,10.738957750618868,459.9403076171875,447.55908203125,460.14984130859375,65.98606958208168,21.321825541884323,19.089011129844508,479.4840698242188
2020-11-18,479.4840698242188,491.9999084472656,465.8309631347656,480.3468322753906,17880199224,-0.0018236467229406639,466.16072736467635,423.11534729003904,12.235368134963965,480.3600769042969,459.9403076171875,447.55908203125,65.6233064569279,21.91853775231897,19.6549164543394,471.6304321289063
2020-11-19,471.6304321289063,480.1217346191406,465.7042541503906,479.4810180664063,12473929218,-0.016379350617824917,467.67860630580356,426.53179829915365,12.147954100550447,479.4840698242188,480.3600769042969,459.9403076171875,62.31568227833515,21.509762400157967,20.025885643503116,509.74456787109375
2020-11-20,509.74456787109375,513.6103515625,471.6314697265625,471.6314697265625,18629943296,0.08081356321758748,472.6954825265067,430.4502848307292,20.126790653626138,471.6304321289063,479.4840698242188,480.3600769042969,70.17290270980135,23.984815190290078,20.81767155286051,549.4866333007812
2020-11-21,549.4866333007812,550.2274169921875,504.2377624511719,509.7445983886719,20757099184,0.07796466688339021,485.45788138253346,434.9740732828776,34.22928123657668,509.74456787109375,471.6304321289063,479.4840698242188,75.83148132796669,28.820935100707175,22.418324262429845,558.068115234375
2020-11-22,558.068115234375,579.3724975585938,514.5172119140625,549.4866333007812,21967049601,0.015617271492200935,501.24488612583707,439.9174540201823,38.989705051954935,549.4866333007812,509.74456787109375,471.6304321289063,76.8526425704935,32.96603689302202,24.52786678854828,608.4540405273438
2020-11-23,608.4540405273438,609.9876098632812,551.2652587890625,558.0595092773438,27272302872,0.09028633587462331,522.4611336844308,446.45066833496094,51.24778541339916,558.068115234375,549.4866333007812,509.74456787109375,81.73292478372723,39.85733248708931,27.593759928256485,603.8977661132812
2020-11-24,603.8977661132812,621.1734008789062,593.8351440429688,608.5227661132812,23281758100,-0.007488280314670304,540.109375,453.0400014241537,55.43346797030136,608.4540405273438,558.068115234375,549.4866333007812,80.08855571655539,44.43881760055484,30.96277146271616,570.6866455078125
2020-11-25,570.6866455078125,605.0941772460938,559.67138671875,603.9020385742188,20088492893,-0.05499460748003315,553.1383143833706,458.9332794189453,49.17398573966576,603.8977661132812,608.4540405273438,558.068115234375,69.16537031432358,44.872554805249024,33.74472813122273,518.8011474609375
2020-11-26,518.8011474609375,575.6414794921875,485.497314453125,570.514892578125,31104004592,-0.09091766638538712,559.8769880022321,462.7600830078125,38.13599207400132,570.6866455078125,603.8977661132812,608.4540405273438,56.25624716400171,40.56199516638128,35.10818153825444,517.4937133789062
2020-11-27,517.4937133789062,530.7771606445312,497.24261474609375,519.1080932617188,16831105703,-0.0025201063807008817,560.9840087890625,467.0548482259115,36.516268756185276,518.8011474609375,570.6866455078125,603.8977661132812,55.97275359888217,36.61823438105074,35.4101921068137,538.2297973632812
2020-11-28,538.2297973632812,548.0448608398438,508.1253662109375,517.5973510742188,14770243833,0.04007021428140933,559.3758893694196,472.10483805338544,37.34543582389399,517.4937133789062,518.8011474609375,570.6866455078125,59.46196117846678,34.765252039376605,35.28120409332629,575.758056640625
2020-11-29,575.758056640625,576.6024169921875,531.987548828125,538.2645874023438,15017517758,0.06972534679646114,561.9030238560268,478.5361073811849,37.83748082606976,538.2297973632812,517.4937133789062,518.8011474609375,64.88577454360572,35.91100733182026,35.407164741025085,614.842529296875
2020-11-30,614.842529296875,615.2405395507812,571.5377807617188,575.757080078125,20276867833,0.06788350107386454,562.8156651088169,486.14451395670574,39.1999434871478,575.758056640625,538.2297973632812,517.4937133789062,69.46755344336324,39.51728627902747,36.229189048625564,587.3241577148438
2020-12-01,587.3241577148438,635.1605834960938,571.7539672851562,615.0703125,27178964465,-0.04475677961558855,560.4480067661831,492.5100463867187,36.72760079526939,614.842529296875,575.758056640625,538.2297973632812,63.21346801546851,39.69718132480807,36.92278750386207,598.3523559570312
2020-12-02,598.3523559570312,604.0224609375,578.7410278320312,587.2615966796875,16883292129,0.018777021338771238,564.4002511160714,499.6832336425781,39.40403591332499,587.3241577148438,614.842529296875,575.758056640625,64.5893531625524,40.26547751589544,37.591325506268745,616.708740234375
2020-12-03,616.708740234375,622.4526977539062,588.3463745117188,598.459228515625,16146190946,0.030678218435329363,578.3870500837054,507.3201192220052,37.867211497795545,598.3523559570312,587.3241577148438,614.842529296875,66.81426129983438,41.71618492971629,38.416297390958256,569.3541870117188
2020-12-04,569.3541870117188,618.983154296875,569.2835083007812,616.7227783203125,16337589997,-0.07678592848328947,585.7956891741071,512.8938588460286,27.66746846551955,616.708740234375,598.3523559570312,587.3241577148438,56.884643133831574,38.599809741247554,38.45299986101612,596.595458984375
2020-12-05,596.595458984375,596.595458984375,563.1066284179688,569.34765625,13498010566,0.047845914887590935,594.1336408342634,518.9781290690104,18.07578383145524,569.3541870117188,616.708740234375,598.3523559570312,60.51956920291399,37.891414298058066,38.340682748424506,601.9089965820312
2020-12-06,601.9089965820312,606.7919311523438,584.4117431640625,596.5686645507812,11290893016,0.008906433191264718,597.8694893973214,523.884452311198,16.25577783370748,596.595458984375,569.3541870117188,616.708740234375,61.20657869750295,37.328464579155025,38.13823911457061,591.8433837890625
2020-12-07,591.8433837890625,602.9179077148438,585.4286499023438,601.797119140625,10720480962,-0.01672281499383932,594.5838971819196,529.0887939453125,14.48082599970169,601.9089965820312,596.595458984375,569.3541870117188,59.10826594454477,35.659056632664715,37.642402618189436,554.8277587890625
2020-12-08,554.8277587890625,594.7515869140625,552.46923828125,591.9008178710938,14398919320,-0.06254293959158741,589.9415544782366,532.4645599365234,20.956913068384388,591.8433837890625,601.9089965820312,596.595458984375,52.04249183519448,30.991931527777297,36.312308400107014,573.4791259765625
2020-12-09,573.4791259765625,577.2883911132812,532.9984130859375,554.7929077148438,15855915840,0.033616499701109914,586.3882359095982,536.7750956217448,21.39719877632093,554.8277587890625,591.8433837890625,601.9089965820312,54.96383894780772,28.470025975910744,34.74385191526776,559.6785278320312
2020-12-10,559.6785278320312,574.6001586914062,549.7840576171875,573.5040283203125,11672582040,-0.024064691319026776,578.2410627092634,540.4417256673177,18.603230892448867,573.4791259765625,554.8277587890625,591.8433837890625,52.41940846283311,25.068826891256094,32.808846910465434,545.79736328125
2020-12-11,545.79736328125,560.376708984375,537.8116455078125,559.67919921875,11098819124,-0.024802031631535493,574.8758021763393,543.2029530843099,22.251679418106274,559.6785278320312,573.4791259765625,554.8277587890625,49.91636078122687,21.0110557708374,30.44928868253983,568.5673217773438
2020-12-12,568.5673217773438,573.3394165039062,545.24560546875,545.5785522460938,8534557897,0.041718703731370654,570.8717825753348,546.7883544921875,20.110741921860644,545.79736328125,559.6785278320312,573.4791259765625,53.81240085154704,19.408855077652674,28.2412019615624,589.6632080078125
2020-12-13,589.6632080078125,593.78125,564.5659790039062,568.60986328125,9070377862,0.037103585490145585,569.1223842075893,550.6229136149088,17.296617674319513,568.5673217773438,545.79736328125,559.6785278320312,57.139068117068426,19.615248819865656,26.516011333223055,586.0111694335938
2020-12-14,586.0111694335938,590.4929809570312,577.118408203125,589.782470703125,8125837102,-0.006193431308962327,568.2892107282366,554.8182912190755,16.120204175358186,589.6632080078125,568.5673217773438,545.79736328125,56.38197976783603,19.262087007190303,25.065226468016505,589.3555908203125
2020-12-15,589.3555908203125,596.2477416992188,580.6287841796875,586.0217895507812,9326645840,0.005707094951707736,573.2217581612723,559.5448415120443,16.590345629062444,586.0111694335938,589.6632080078125,568.5673217773438,56.944594899953614,19.032673765918616,23.85871592759693,636.1818237304688
2020-12-16,636.1818237304688,636.6403198242188,582.0391235351562,589.378662109375,15817248373,0.07945327683237835,582.1792864118304,565.4195587158204,29.022060116168152,589.3555908203125,586.0111694335938,589.6632080078125,63.95500387513209,22.371463466975456,23.561265435472638,642.8689575195312
2020-12-17,642.8689575195312,673.834228515625,628.7493896484375,636.1541748046875,25479532147,0.010511356250089365,594.0636335100446,570.8365214029948,34.741828634365106,636.1818237304688,589.3555908203125,586.0111694335938,64.83555567384204,25.265825461324425,23.902177440642994,654.8119506835938
2020-12-18,654.8119506835938,662.6990966796875,632.3560791015625,642.9169921875,15756303983,0.018577647939548747,609.6371459960938,576.6807840983073,33.923819313045065,642.8689575195312,636.1818237304688,589.3555908203125,66.41364177919483,28.198275761023638,24.761397104719123,659.2979125976562
2020-12-19,659.2979125976562,668.7695922851562,646.6162109375,654.6242065429688,12830893778,0.006850763657229253,622.5986589704241,582.936366780599,32.93531197340857,654.8119506835938,642.8689575195312,636.1818237304688,67.01247210979915,30.53228619682693,25.915574923140685,638.2908325195312
2020-12-20,638.2908325195312,659.9237060546875,625.0144653320312,659.18505859375,13375855442,-0.03186280386564,629.5454624720982,587.2212422688802,29.810799153615207,659.2979125976562,654.8119506835938,642.8689575195312,61.48408576770103,30.337202102442575,26.799900359001064,609.81787109375
2020-12-21,609.81787109375,646.8465576171875,600.8360595703125,638.315185546875,14419493621,-0.04460813155249255,632.9464198521206,589.2322835286458,24.983594919422362,638.2908325195312,659.2979125976562,654.8119506835938,54.87598432362894,27.567287987663804,26.953377884733612,634.8541870117188
2020-12-22,634.8541870117188,635.0765991210938,589.552001953125,609.4205322265625,14745890080,0.04105539884074627,639.4462193080357,591.7918192545573,16.087404698872614,609.81787109375,638.2908325195312,659.2979125976562,59.044214628275945,27.080169218969445,26.978736151580783,583.714599609375
2020-12-23,583.714599609375,637.122802734375,560.3642578125,634.8245849609375,15261413038,-0.0805532804990381,631.9509015764509,590.9671712239583,26.62995237240476,634.8541870117188,609.81787109375,638.2908325195312,49.07280937248452,22.310406297224517,26.045070180709534,611.607177734375
2020-12-24,611.607177734375,613.815185546875,568.5963745117188,584.1356201171875,14317413703,0.04778461622112218,627.4849330357143,591.2241516113281,27.110807221714293,583.714599609375,634.8541870117188,609.81787109375,53.66869942177008,20.54421187794037,24.944898520155704,626.4107055664062
2020-12-25,626.4107055664062,633.0614013671875,605.4244384765625,611.5545654296875,13520927700,0.02420430689984565,623.4276123046875,593.081620279948,24.321219541123234,611.607177734375,583.714599609375,634.8541870117188,55.94124887812603,20.107227451963126,23.97736430651719,635.8358154296875
2020-12-26,635.8358154296875,650.721435546875,617.402099609375,626.498046875,14761125202,0.015046214535492375,620.0758841378348,596.9827758789063,19.739034126814452,626.4107055664062,611.607177734375,583.714599609375,57.374793538437025,20.287579159143434,23.239407277042442,682.642333984375
2020-12-27,682.642333984375,711.3935546875,628.3349609375,635.8871459960938,26093552821,0.07361415859069909,626.4118129185268,602.4877298990885,30.658183129498084,635.8358154296875,626.4107055664062,611.607177734375,63.69275462868529,23.9315362029306,23.377833062220077,730.3973388671875
2020-12-28,730.3973388671875,745.8777465820312,683.205810546875,683.205810546875,24222565862,0.06995611391998069,643.637451171875,608.8933146158854,48.47700067334353,682.642333984375,635.8358154296875,626.4107055664062,68.7775619554751,30.3232803024988,24.766922510275823,731.5201416015625
2020-12-29,731.5201416015625,737.952880859375,692.1494140625,730.3587036132812,18710683199,0.0015372492130329984,657.4468732561384,614.0853841145833,58.325863539033776,730.3973388671875,682.642333984375,635.8358154296875,68.88788848042961,35.07506088008802,26.828550184238264,751.6189575195312
2020-12-30,751.6189575195312,754.30322265625,720.9888916015625,731.4728393554688,17294574210,0.027475410142453693,681.4332101004464,618.6445983886719,57.46877548775812,731.5201416015625,730.3973388671875,682.642333984375,70.87204024160997,40.00157444424701,29.463155036240014,737.8034057617188
2020-12-31,737.8034057617188,754.2994384765625,726.5119018554688,751.6266479492188,13926846861,-0.018381058140691575,699.4612426757812,623.6605733235677,51.38549631545735,751.6189575195312,731.5201416015625,730.3973388671875,67.67705190537943,42.30342482358594,32.0312089937092,730.3675537109375
2021-01-01,730.3675537109375,749.2018432617188,719.792236328125,737.7083740234375,13652004358,-0.010078365039673964,714.3122209821429,628.0610799153645,40.65663861896115,737.8034057617188,751.6189575195312,731.5201416015625,65.95367398616716,43.03160515863431,34.231288226694225,774.5349731445312
2021-01-02,774.5349731445312,786.7984619140625,718.1094970703125,730.4026489257812,19740771179,0.06047286631119175,734.1263863699777,633.3219543457031,27.802275632942298,730.3675537109375,737.8034057617188,751.6189575195312,70.7226659340528,46.63505506075512,36.712041593506406,975.5076904296876
2021-01-03,975.5076904296876,1006.5650024414062,771.5616455078125,774.5118408203125,45200463368,0.2594753293956864,775.9642944335938,646.8604044596354,89.44202183888568,774.5349731445312,730.3675537109375,737.8034057617188,82.63913285388082,64.9588288123922,42.36139903728356,1040.2330322265625
2021-01-04,1040.2330322265625,1153.189208984375,912.3053588867188,977.058837890625,56945985763,0.06635041674388531,820.2265363420759,661.6483235677083,130.41398669078754,975.5076904296876,774.5349731445312,730.3675537109375,84.78676323564062,83.73806538436679,50.63673230670021,1100.006103515625
2021-01-05,1100.006103515625,1129.3714599609375,986.811279296875,1041.498779296875,41535932781,0.057461231702209625,872.8673880440848,678.2515604654948,159.71704898146078,1040.2330322265625,975.5076904296876,774.5349731445312,86.45337736985628,102.26508473436479,60.962402792233135,1207.1121826171875
2021-01-06,1207.1121826171875,1209.4285888671875,1064.2333984375,1101.0050048828125,44699914188,0.09736862255513934,937.9378487723214,698.7605204264323,191.67527278835053,1100.006103515625,1040.2330322265625,975.5076904296876,88.81739025043382,124.1592163501931,73.60176550382513,1225.6781005859375
2021-01-07,1225.6781005859375,1282.57958984375,1167.443115234375,1208.078369140625,40468027280,0.015380441218393326,1007.6342337472098,721.1221984863281,195.43712368071894,1207.1121826171875,1100.006103515625,1040.2330322265625,89.17018871325064,141.3788603162244,87.157184466305,1224.1971435546875
2021-01-08,1224.1971435546875,1273.8275146484375,1076.08154296875,1225.9678955078125,44334826666,-0.0012082756724967059,1078.1813180106026,742.8127990722656,165.5085396764758,1225.6781005859375,1207.1121826171875,1100.006103515625,88.92917680499292,153.14074023793034,100.35389562063007,1281.0772705078125
2021-01-09,1281.0772705078125,1303.871826171875,1182.2703857421875,1223.740478515625,33233105361,0.04646320835871487,1150.5445033482142,766.859423828125,113.04063493483504,1224.1971435546875,1225.6781005859375,1207.1121826171875,90.04238623107895,165.14814072854256,113.31274464221258,1262.2467041015625
2021-01-10,1262.2467041015625,1347.9261474609375,1194.715576171875,1280.87109375,40616938053,-0.014699009060386903,1191.5072195870537,790.7410685221354,88.2826878117905,1281.0772705078125,1224.1971435546875,1225.6781005859375,86.92611853617232,171.17146469614693,124.88448865299947,1090.1453857421875
2021-01-11,1090.1453857421875,1261.6229248046875,924.922607421875,1261.6229248046875,60733630300,-0.13634523092842832,1198.6375558035713,808.1270039876302,75.05270097353547,1262.2467041015625,1281.0772705078125,1224.1971435546875,64.83936018528172,160.21104110140095,131.94979914267978,1043.4345703125
2021-01-12,1043.4345703125,1149.240234375,1012.76416015625,1088.5267333984375,37494601692,-0.0428482439504031,1190.555908203125,823.2527160644531,89.16282826930106,1090.1453857421875,1262.2467041015625,1281.0772705078125,60.35680284587281,146.0718288934463,134.77420509283309,1130.7393798828125
2021-01-13,1130.7393798828125,1134.3385009765625,994.549072265625,1043.740966796875,30109792795,0.08367061246989871,1179.6455078125,841.410323079427,91.44279509700765,1043.4345703125,1090.1453857421875,1262.2467041015625,65.19940906502013,140.29394853791212,135.8781537818489,1218.4530029296875
2021-01-14,1218.4530029296875,1244.1630859375,1093.060791015625,1130.231201171875,33410915929,0.07757191852287426,1178.6133510044642,862.3802368164063,90.87562314963854,1130.7393798828125,1043.4345703125,1090.1453857421875,69.26197156355256,141.16542589799462,136.93560820507807,1171.8345947265625
2021-01-15,1171.8345947265625,1250.505859375,1090.7210693359375,1221.877197265625,35972039310,-0.03826032525754719,1171.1329868861608,880.2353291829427,88.62528961779408,1218.4530029296875,1130.7393798828125,1043.4345703125,64.92393372325162,136.52063712518327,136.8526139890991,1233.53759765625
2021-01-16,1233.53759765625,1290.0535888671875,1157.623779296875,1171.443115234375,32319240157,0.052655044668727724,1164.3416050502233,899.9242838541667,80.21884819316142,1171.8345947265625,1218.4530029296875,1130.7393798828125,67.79871758196721,136.24794373774,136.73167993882728,1230.1722412109375
2021-01-17,1230.1722412109375,1265.6446533203125,1174.3885498046875,1233.453369140625,29258032819,-0.0027282155417935883,1159.7595389229912,919.1029602050781,74.39946075043859,1233.53759765625,1171.8345947265625,1218.4530029296875,67.47389996098704,134.21315047002884,136.22797404506758,1257.279541015625
2021-01-18,1257.279541015625,1259.4500732421875,1187.31103515625,1230.313232421875,25817455560,0.02203536943575002,1183.6358468191963,939.0356811523437,75.15001939844791,1230.1722412109375,1233.53759765625,1171.8345947265625,68.77169579565,133.25185031057163,135.6327492981684,1377.2958984375
2021-01-19,1377.2958984375,1432.300048828125,1254.52294921875,1257.4345703125,47195935190,0.09545717838129009,1231.330322265625,963.6691833496094,77.2545891144444,1257.279541015625,1230.1722412109375,1233.53759765625,73.763129237387,140.55410974851907,136.61702138823853,1382.2740478515625
2021-01-20,1382.2740478515625,1405.744140625,1243.2999267578125,1375.2484130859375,46784030909,0.00361443711529974,1267.2638462611608,989.4177225748698,81.07257326267025,1377.2958984375,1257.279541015625,1230.1722412109375,73.94912853679195,145.07061427853387,138.30773996629762,1121.5709228515625
2021-01-21,1121.5709228515625,1382.6844482421875,1098.4761962890625,1382.6844482421875,45932464754,-0.18860451399286926,1253.423549107143,1005.6416137695312,97.41631069821847,1382.2740478515625,1377.2958984375,1257.279541015625,52.827676371760504,126.15912934588414,135.87801784221494,1236.51220703125
2021-01-22,1236.51220703125,1271.6876220703125,1046.5965576171875,1118.8890380859375,43918338506,0.1024824037765284,1262.6632080078125,1027.4015340169271,91.2608554985811,1121.5709228515625,1382.2740478515625,1377.2958984375,58.460960484848606,119.07383328653668,132.5171809310793,1230.9906005859375
2021-01-23,1230.9906005859375,1272.151123046875,1200.893310546875,1235.2679443359375,27253895441,-0.004465468609136769,1262.299351283482,1048.0476481119792,91.40130252403014,1236.51220703125,1121.5709228515625,1382.2740478515625,58.10200582237436,111.72523861435593,128.35879246773465,1391.609375
2021-01-24,1391.609375,1395.111328125,1225.2740478515625,1231.2105712890625,36418163554,0.13047928581876245,1285.3617989676338,1073.5542704264324,101.72756443740562,1230.9906005859375,1236.51220703125,1121.5709228515625,64.8609545818225,117.50746423910414,126.18852682200855,1324.414794921875
2021-01-25,1324.414794921875,1467.784912109375,1304.9739990234375,1390.639892578125,43565777745,-0.04828551839708972,1294.9525495256696,1096.506903076172,101.8034298748104,1391.609375,1230.9906005859375,1236.51220703125,60.46632649961071,115.33833018685868,124.01848749497859,1357.05810546875
2021-01-26,1357.05810546875,1376.0850830078125,1253.34033203125,1323.74169921875,41572917750,0.0246473466409749,1292.0614362444196,1118.9874287923178,99.33260057554213,1324.414794921875,1391.609375,1230.9906005859375,61.8197153316513,114.92849403357559,122.20048880269799,1253.1871337890625
2021-01-27,1253.1871337890625,1368.0740966796875,1215.311279296875,1358.3333740234375,39394416990,-0.07654128534445381,1273.6204485212054,1136.4137552897134,91.46419984849842,1357.05810546875,1324.414794921875,1391.609375,55.32899522592079,105.01166746571653,118.76272453530171,1332.4921875
2021-01-28,1332.4921875,1356.2886962890625,1226.1739501953125,1251.27978515625,34637234789,0.06328269064744974,1303.7520577566963,1156.4461568196614,63.48966502738587,1253.1871337890625,1357.05810546875,1324.414794921875,58.87893953247758,102.37168891267447,115.48451741077628,1382.5228271484375
2021-01-29,1382.5228271484375,1428.981201171875,1292.2401123046875,1369.0867919921875,53611955259,0.03754666640282833,1324.6107177734375,1177.4762858072916,61.6761381368659,1332.4921875,1253.1871337890625,1357.05810546875,60.98535186257713,103.12774889107573,113.01316370683617,1376.115478515625
2021-01-30,1376.115478515625,1402.3997802734375,1328.529052734375,1382.23193359375,30616574234,-0.004634533699547028,1345.3428431919642,1198.7533548990884,47.78936938830063,1382.5228271484375,1332.4921875,1253.1871337890625,60.55751900096825,102.0337310471366,110.81727717489626,1314.9862060546875
2021-01-31,1314.9862060546875,1378.916015625,1288.5015869140625,1376.8236083984375,25198853581,-0.04442161534791822,1334.3966761997767,1218.2406433105468,44.05516694854113,1376.115478515625,1382.5228271484375,1332.4921875,56.48610041841657,95.13740779876593,107.6813032996702,1369.04052734375
2021-02-01,1369.04052734375,1373.8458251953125,1274.3577880859375,1314.855224609375,29210670920,0.041106378941601296,1340.7717808314733,1238.0574951171875,45.57267303250765,1314.9862060546875,1376.115478515625,1382.5228271484375,59.104404552275334,92.96214418508157,104.73747147675249,1515.1937255859375
2021-02-02,1515.1937255859375,1542.990966796875,1362.771240234375,1369.505126953125,45437142801,0.10675593258422955,1363.362583705357,1256.047029622396,80.6706999518196,1369.04052734375,1314.9862060546875,1376.115478515625,65.20140687518608,101.85742475567349,104.1614621325367,1660.9095458984375
2021-02-03,1660.9095458984375,1660.9095458984375,1510.01025390625,1514.7696533203125,41874566399,0.09616976222373852,1421.608642578125,1276.7362467447917,123.6216757631269,1515.1937255859375,1369.04052734375,1314.9862060546875,70.00314636110738,119.28994733869354,107.18715917376807,1594.7626953125
2021-02-04,1594.7626953125,1689.1866455078125,1561.853515625,1661.170166015625,44396871836,-0.03982567909810919,1459.0758579799108,1293.228133138021,131.59784073317388,1660.9095458984375,1515.1937255859375,1369.04052734375,65.5793878099806,126.31180518646988,111.01208837630844,1718.65087890625
2021-02-05,1718.65087890625,1756.510986328125,1594.7933349609375,1594.7933349609375,40108628454,0.07768440029221635,1507.0941510881696,1310.279423014323,157.73737654828525,1594.7626953125,1660.9095458984375,1515.1937255859375,69.47070019559762,140.25662805831507,116.86099631270977,1677.8468017578125
2021-02-06,1677.8468017578125,1738.314453125,1649.0687255859375,1717.7974853515625,39873420648,-0.023741923184774527,1550.1986258370537,1325.3517130533853,157.20557909958555,1718.65087890625,1594.7626953125,1660.9095458984375,66.79237829946611,146.32866685423483,122.75453042101478,1614.227783203125
2021-02-07,1614.227783203125,1690.03662109375,1501.750244140625,1677.605712890625,39889440151,-0.03791706041817189,1592.9474225725446,1338.352734375,118.5075228392859,1677.8468017578125,1718.65087890625,1594.7626953125,62.73154494631888,144.34337762896325,127.07229986260448,1746.6168212890625
2021-02-08,1746.6168212890625,1770.5908203125,1571.5799560546875,1613.6422119140625,48012285956,0.08201385173983122,1646.8868931361608,1353.8707194010417,78.92815171105379,1614.227783203125,1677.8468017578125,1718.65087890625,67.20049312832222,151.70396172850997,131.99863223578558,1768.0350341796875
2021-02-09,1768.0350341796875,1815.963623046875,1711.62060546875,1746.9261474609375,44180727529,0.012262685569933707,1683.007080078125,1370.730330403646,65.29296179652252,1746.6168212890625,1614.227783203125,1677.8468017578125,67.8717169093558,157.45055643334967,137.08901707529841,1744.243408203125
2021-02-10,1744.243408203125,1826.69677734375,1686.5423583984375,1768.039794921875,41916084617,-0.01345653537210656,1694.9119175502233,1392.5335978190103,68.12798732254322,1768.0350341796875,1746.6168212890625,1614.227783203125,66.24986719477721,158.260658401309,141.32334534050054,1783.7979736328125
2021-02-11,1783.7979736328125,1806.5390625,1708.67919921875,1743.7142333984375,36021495262,0.022677205052725746,1721.916957310268,1417.2123779296876,58.61526391610663,1744.243408203125,1768.0350341796875,1746.6168212890625,67.63458149553205,160.24716335747667,145.10810894389576,1843.5325927734373
2021-02-12,1843.5325927734373,1861.35693359375,1744.1689453125,1783.4891357421875,37905036865,0.03348732312940772,1739.7572021484375,1440.9721516927084,74.34858231499503,1783.7979736328125,1744.243408203125,1768.0350341796875,69.65912431819648,164.7425181878291,149.03499079268244,1814.10986328125
2021-02-13,1814.10986328125,1871.603515625,1770.612060546875,1843.98681640625,35359490535,-0.015959972504702713,1759.223353794643,1460.8273803710938,73.26797080479025,1843.5325927734373,1783.7979736328125,1744.243408203125,67.42200600276993,164.03999989670183,152.03599261348631,1805.0841064453125
2021-02-14,1805.0841064453125,1848.154052734375,1789.9141845703125,1814.372314453125,31439114900,-0.004975308838028325,1786.4885428292412,1481.9356974283853,36.708156872801396,1814.10986328125,1843.5325927734373,1783.7979736328125,66.7141994561745,160.90018872561063,153.80883183591118,1779.791015625
2021-02-15,1779.791015625,1833.83056640625,1683.9066162109375,1804.6767578125,38955610883,-0.014012139783403876,1791.2277134486608,1500.1441446940105,32.61599099353827,1805.0841064453125,1814.10986328125,1843.5325927734373,64.665453127859,154.58891986543586,153.9648494418161,1781.0675048828125
2021-02-16,1781.0675048828125,1824.5186767578125,1729.6419677734375,1778.945556640625,34269369268,0.0007172130023165302,1793.0894949776787,1518.5073201497396,31.42155063046953,1779.791015625,1805.0841064453125,1814.10986328125,64.72433005343879,147.9843246609032,152.76874448563353,1848.458251953125
2021-02-17,1848.458251953125,1853.6676025390625,1736.705810546875,1781.35009765625,35955412703,0.03783727842182305,1807.977329799107,1538.2132771809895,29.017548541836053,1781.0675048828125,1779.791015625,1805.0841064453125,67.77699683938545,146.49925325941786,151.5148462403904,1937.44921875
2021-02-18,1937.44921875,1949.9034423828125,1848.206298828125,1848.206298828125,28255902969,0.04814334686912458,1829.9275076729912,1556.8850545247396,54.55542341401809,1848.458251953125,1781.0675048828125,1779.791015625,71.30797961572046,150.76522312228508,151.36492161676935,1960.164794921875
2021-02-19,1960.164794921875,1969.5469970703125,1896.6844482421875,1938.85986328125,26268814253,0.0117244756414987,1846.5892508370537,1576.1480794270833,73.81409327470203,1937.44921875,1848.458251953125,1781.0675048828125,72.14698418568243,154.20145375650668,151.93222804471682,1919.5340576171875
2021-02-20,1919.5340576171875,2036.2864990234373,1830.531494140625,1959.9029541015625,34696091102,-0.02072822520328288,1861.6498500279017,1602.7468505859374,76.7782574258254,1960.164794921875,1937.44921875,1848.458251953125,68.29983959507334,151.8951773030983,151.9248178963931,1935.60107421875
2021-02-21,1935.60107421875,1974.2596435546875,1890.3681640625,1918.673095703125,23626547717,0.00837026909619265,1880.295131138393,1626.0498128255208,76.59958609388516,1919.5340576171875,1960.164794921875,1937.44921875,69.00371405696558,149.63896571034616,151.46764745918372,1781.992919921875
2021-02-22,1781.992919921875,1936.4537353515625,1580.6265869140625,1935.557861328125,42409646036,-0.0793594074434344,1880.6096888950892,1644.4165568033854,76.12110352083553,1935.60107421875,1919.5340576171875,1960.164794921875,56.16399665498978,133.91234926829293,147.95658782100557,1570.2039794921875
2021-02-23,1570.2039794921875,1781.4090576171875,1378.8409423828125,1781.4090576171875,52029864713,-0.11884948478862234,1850.486328125,1650.3697102864583,138.35803457622094,1781.992919921875,1935.60107421875,1919.5340576171875,44.00585603533706,103.17001522080295,138.99927330096506,1626.57568359375
2021-02-24,1626.57568359375,1710.9837646484375,1511.0189208984375,1571.4764404296875,31329000537,0.03590087965500732,1818.788818359375,1660.441739908854,162.25310123118143,1570.2039794921875,1781.992919921875,1935.60107421875,47.2773701032055,82.40530237436633,127.68047911564531,1475.7037353515625
2021-02-25,1475.7037353515625,1670.22412109375,1465.0589599609375,1625.3939208984375,24481681873,-0.09275433646521236,1752.8251778738838,1664.3965942382813,196.2672852913157,1626.57568359375,1570.2039794921875,1781.992919921875,40.463395308775105,53.16219185286013,112.77682166308828,1446.03369140625
2021-02-26,1446.03369140625,1559.0289306640625,1407.979248046875,1478.6533203125,31435997881,-0.02010569143015961,1679.3778773716517,1670.824812825521,201.86416281239414,1475.7037353515625,1626.57568359375,1570.2039794921875,39.264873905219275,27.27824486911527,95.67710630429369,1459.97314453125
2021-02-27,1459.97314453125,1524.932373046875,1433.7869873046875,1446.929443359375,20742103233,0.009639784472410318,1613.726318359375,1675.0741780598958,184.74640133849115,1446.03369140625,1475.7037353515625,1626.57568359375,40.161632277861905,7.79991520385488,78.10166808420593,1416.0489501953125
2021-02-28,1416.0489501953125,1468.3914794921875,1300.47216796875,1459.8604736328125,27637026080,-0.03008561801322729,1539.5045863560267,1676.1917154947917,130.19109145075748,1459.97314453125,1446.03369140625,1475.7037353515625,38.24536087795519,-11.053696648476489,60.270595137669446,1564.7076416015625
2021-03-01,1564.7076416015625,1567.694580078125,1416.4161376953125,1417.151123046875,24032838645,0.10498132242232572,1508.463832310268,1682.4781209309897,78.30307034731486,1416.0489501953125,1459.97314453125,1446.03369140625,47.39392159813013,-13.840263923183329,45.448423325498894,1492.6087646484375
2021-03-02,1492.6087646484375,1597.610107421875,1461.325439453125,1564.0634765625,22523669722,-0.046078177824534605,1497.3788016183037,1688.3988728841146,73.4479600503227,1564.7076416015625,1416.0489501953125,1459.97314453125,43.99014201744905,-21.617225460332065,32.035293568332705,1575.8531494140625
2021-03-03,1575.8531494140625,1650.360595703125,1481.90576171875,1491.451171875,22674780680,0.055771067902868676,1490.1327253069196,1695.292626953125,59.81424943069207,1492.6087646484375,1564.7076416015625,1416.0489501953125,48.58177332722358,-20.823358643913707,21.46356312588342,1541.914306640625
2021-03-04,1541.914306640625,1622.953857421875,1511.1033935546875,1574.623779296875,22906118718,-0.02153680549869552,1499.5913783482142,1696.1833129882812,62.334233775858785,1575.8531494140625,1492.6087646484375,1564.7076416015625,46.89387822182893,-22.671452058630166,12.636560088980705,1533.2750244140625
2021-03-05,1533.2750244140625,1547.878173828125,1450.891357421875,1541.541748046875,21067146937,-0.005602958730816177,1512.0544259207588,1691.928828938802,58.44115202590238,1541.914306640625,1575.8531494140625,1492.6087646484375,46.45145619729154,-24.55019787958804,5.199208495266957,1654.7415771484375
2021-03-06,1654.7415771484375,1669.1065673828125,1519.14111328125,1532.372802734375,22746262366,0.07922032955620151,1539.8784877232142,1693.928125,73.84682779090453,1533.2750244140625,1541.914306640625,1575.8531494140625,53.14478622214109,-16.052735864438773,0.9488196233258108,1723.15380859375
2021-03-07,1723.15380859375,1730.9241943359375,1636.564453125,1655.3924560546875,23809935410,0.04134315133557287,1583.7506103515625,1694.07822265625,79.05996744779992,1654.7415771484375,1533.2750244140625,1541.914306640625,56.44678230301228,-3.754857009474108,0.008084296765827004,1834.7279052734373
2021-03-08,1834.7279052734373,1835.192138671875,1670.9420166015625,1724.229248046875,27630991158,0.06474993475523916,1622.3249337332588,1699.3075927734376,122.27972689294651,1723.15380859375,1654.7415771484375,1533.2750244140625,61.243827560366185,14.823521395609532,2.971171716534568,1868.048828125
2021-03-09,1868.048828125,1868.048828125,1804.266357421875,1835.1480712890625,23461244507,0.01816123402047287,1675.959228515625,1707.7682942708334,137.31440466405974,1834.7279052734373,1723.15380859375,1654.7415771484375,62.56973968582804,31.868381269282963,8.750613627084247,1799.166259765625
2021-03-10,1799.166259765625,1873.80322265625,1766.490478515625,1868.489013671875,25154173185,-0.03687407273423038,1707.8611014229912,1709.5199422200521,136.11644119456264,1868.048828125,1834.7279052734373,1723.15380859375,58.14144344364454,39.36453803885706,14.873398509438811,1826.1949462890625
2021-03-11,1826.1949462890625,1843.81884765625,1734.6170654296875,1798.033935546875,24013132909,0.015022895397648561,1748.472621372768,1711.4586059570313,119.7814709200787,1799.166259765625,1868.048828125,1834.7279052734373,59.35695433970483,46.9451311503492,21.287745037620887,1772.1024169921875
2021-03-12,1772.1024169921875,1839.497314453125,1728.98095703125,1826.5467529296875,22435821312,-0.02962034771084776,1782.5908203125,1712.3872395833334,73.24116063462567,1826.1949462890625,1799.166259765625,1868.048828125,55.86088944432799,48.034281465866115,26.637052323269934,1924.6854248046875
2021-03-13,1924.6854248046875,1937.6455078125,1733.639892578125,1772.1663818359375,25014689475,0.08610281570039335,1821.1542271205358,1717.0834879557292,65.34663840157293,1772.1024169921875,1826.1949462890625,1799.166259765625,62.55974012661422,60.51206901473688,33.41205566156332,1854.5643310546875
2021-03-14,1854.5643310546875,1930.77978515625,1845.1199951171875,1923.86376953125,19344589211,-0.036432495849089586,1839.9271589006696,1717.4512125651042,49.440690297281684,1924.6854248046875,1772.1024169921875,1826.1949462890625,58.18909527605867,64.00481167821408,39.53060686489348,1791.7022705078125
2021-03-15,1791.7022705078125,1889.1966552734373,1749.6063232421875,1854.086669921875,26244738810,-0.03389586410902523,1833.7806396484375,1716.7042928059896,52.75800235071317,1854.5643310546875,1924.6854248046875,1772.1024169921875,54.51229798783848,60.99725410109431,43.82393631213365,1806.9718017578125
2021-03-16,1806.9718017578125,1817.0601806640625,1720.05322265625,1792.413818359375,23828509590,0.008522359714190797,1825.0553501674108,1716.767215983073,51.17279743528081,1791.7022705078125,1854.5643310546875,1924.6854248046875,55.251944185292515,59.163862434107614,46.89192153652844,1823.4493408203125
2021-03-17,1823.4493408203125,1839.8189697265625,1749.179931640625,1807.05615234375,24512917348,0.009118868953279069,1828.5243617466517,1718.2224934895833,49.93333415489509,1806.9718017578125,1791.7022705078125,1854.5643310546875,56.08184360442523,58.36765997140742,49.18706922350424,1782.8551025390625
2021-03-18,1782.8551025390625,1848.6461181640625,1705.716064453125,1823.158447265625,23263845504,-0.022262334013067764,1822.3329554966517,1718.282080078125,52.87082944887884,1823.4493408203125,1806.9718017578125,1791.7022705078125,53.451757255874234,53.840409290486605,50.11773723690071,1817.6241455078125
2021-03-19,1817.6241455078125,1841.196044921875,1746.473388671875,1782.5687255859375,21249297710,0.019501889367920855,1828.8360595703125,1717.254276529948,48.26140796845708,1782.8551025390625,1823.4493408203125,1806.9718017578125,55.38182499315224,52.45345096772235,50.584879983065036,1812.6346435546875
2021-03-20,1812.6346435546875,1874.708984375,1811.7286376953125,1817.522705078125,22677674970,-0.00274506804140795,1812.8288051060267,1713.0937906901042,23.297856451023495,1817.6241455078125,1782.8551025390625,1823.4493408203125,55.02920119982736,50.3710196363304,50.54210791371811,1788.217041015625
2021-03-21,1788.217041015625,1823.35302734375,1764.1392822265625,1812.6065673828125,22977404620,-0.013470780019506856,1803.350620814732,1707.362198893229,15.767972045082217,1812.6346435546875,1817.6241455078125,1782.8551025390625,53.242574165615025,46.21761346604012,49.67720902418252,1691.333984375
2021-03-22,1691.333984375,1811.96826171875,1674.2998046875,1788.3621826171875,23599296129,-0.0541785781135381,1789.0122942243304,1699.7555297851563,45.57905798901167,1788.217041015625,1812.6346435546875,1817.6241455078125,46.75610296312116,34.70826094002473,46.68341940735096,1678.650146484375
2021-03-23,1678.650146484375,1725.1087646484375,1662.5399169921875,1690.871826171875,21998237965,-0.0074993100167096705,1770.680629185268,1691.190498860677,60.511174318183926,1691.333984375,1788.217041015625,1812.6346435546875,45.966554244642126,24.283610087170473,42.20345754331486,1593.4134521484375
2021-03-24,1593.4134521484375,1740.42822265625,1570.7879638671875,1678.0025634765625,31228051473,-0.050776926040515424,1737.818359375,1684.9045166015626,84.70461123968616,1678.650146484375,1691.333984375,1788.217041015625,40.96079864805966,9.039903915404693,35.570746817732825,1595.3592529296875
2021-03-25,1595.3592529296875,1625.9114990234375,1560.3704833984375,1593.123291015625,29650328701,0.0012211524752892,1711.033238002232,1685.743025716146,96.86194357373782,1593.4134521484375,1678.650146484375,1691.333984375,41.1184375772409,-2.8509689934905964,27.88640365548814,1702.842041015625
2021-03-26,1702.842041015625,1702.9228515625,1594.7366943359375,1595.2100830078125,22548516548,0.06737215325548651,1694.6357945033483,1688.2852376302083,84.77102271158493,1595.3592529296875,1593.4134521484375,1678.650146484375,49.18903490724517,-3.5605647415420663,21.597009976082102,1716.49462890625
2021-03-27,1716.49462890625,1732.8243408203125,1674.3193359375,1703.0361328125,18102277710,0.008017530435460829,1680.9015066964287,1696.3116007486979,68.73914869814948,1702.842041015625,1595.3592529296875,1593.4134521484375,50.12417607840375,-2.9868442595206943,16.680239128961542,1691.35595703125
2021-03-28,1691.35595703125,1728.5841064453125,1672.660400390625,1716.4056396484375,16599472938,-0.014645354230451879,1667.064208984375,1704.4890096028646,50.994769915260854,1716.49462890625,1702.842041015625,1595.3592529296875,48.359309586266725,-4.508674182329969,12.44245646670324,1819.6849365234373
2021-03-29,1819.6849365234373,1837.18798828125,1683.716552734375,1691.26318359375,22796570548,0.07587343099405075,1685.4000592912946,1716.479402669271,77.4095601158317,1691.35595703125,1716.49462890625,1702.842041015625,56.734156552526244,4.587459418063418,10.871457056975276,1846.03369140625
2021-03-30,1846.03369140625,1860.9747314453125,1793.92236328125,1819.46630859375,22512781703,0.014479844479645454,1709.3119942801338,1730.8122273763022,98.07189368275358,1819.6849365234373,1691.35595703125,1716.49462890625,58.23194052383473,13.76367605383166,11.449900856346552,1918.362060546875
2021-03-31,1918.362060546875,1947.8377685546875,1793.002197265625,1846.0982666015625,30226902621,0.039180416629085224,1755.7332240513392,1742.6007080078125,110.22214092966009,1846.03369140625,1819.6849365234373,1691.35595703125,62.1095739586489,26.56595299559376,14.473111284195994,1977.27685546875
2021-04-01,1977.27685546875,1989.0550537109373,1912.178466796875,1919.1572265625,30914259795,0.03071098836529318,1810.2928815569196,1758.7563110351562,112.11452368382733,1918.362060546875,1846.03369140625,1819.6849365234373,64.96289748679447,40.99323676999461,19.777136381355717,2143.2255859375
2021-04-02,2143.2255859375,2152.451904296875,1960.6787109375,1976.9327392578125,34862511022,0.08392791834374091,1873.2048165457588,1777.6687255859374,156.53067861709295,1977.27685546875,1918.362060546875,1846.03369140625,71.47817705724466,65.0675802002088,28.835225145126334,2028.4224853515625
2021-04-03,2028.4224853515625,2144.96240234375,2028.4224853515625,2142.89599609375,32011518871,-0.053565570203716883,1917.7659388950892,1793.8856648763021,148.68630653955108,2143.2255859375,1977.27685546875,1918.362060546875,62.78066304870641,74.02965229736492,37.87411057557405,2093.122802734375
2021-04-04,2093.122802734375,2110.353515625,2007.11181640625,2027.6712646484373,26006501902,0.031896864607867226,1975.1612025669642,1812.547257486979,121.84330256416622,2028.4224853515625,2143.2255859375,1977.27685546875,65.3403305931636,85.36885487356813,47.37305943517286,2107.88720703125
2021-04-05,2107.88720703125,2140.9853515625,2032.3876953125,2093.2607421875,28889391170,0.007053768788714887,2016.3329554966517,1827.6521118164062,108.51441729216695,2093.122802734375,2028.4224853515625,2143.2255859375,65.91637362436458,94.45776829030342,56.79000120619898,2118.37890625
2021-04-06,2118.37890625,2151.223388671875,2057.609130859375,2109.4931640625,29222865881,0.004977353239657756,2055.239414760045,1840.8262817382813,83.13425013201582,2107.88720703125,2093.122802734375,2028.4224853515625,66.34443104837456,101.33921471356825,65.69984390767284,1971.0772705078125
2021-04-07,1971.0772705078125,2133.1875,1945.442138671875,2117.728515625,36116271935,-0.06953507481952037,2062.7701590401784,1845.3712605794271,70.02224995542734,2118.37890625,2107.88720703125,2093.122802734375,55.7567651488821,93.8252406587601,71.3249232578903,2088.57373046875
2021-04-08,2088.57373046875,2091.516357421875,1959.0794677734373,1969.1331787109373,25312956529,0.059610275923209555,2078.6697126116073,1852.7220906575521,59.16902575030295,1971.0772705078125,2118.37890625,2107.88720703125,61.090736301805855,96.24192741431261,76.30832408917476,2072.10888671875
2021-04-09,2072.10888671875,2102.873779296875,2055.163330078125,2088.772216796875,19812472092,-0.007883295432574822,2068.510184151786,1861.8201782226563,51.89558936827898,2088.57373046875,1971.0772705078125,2118.37890625,59.99912944807885,95.72513403288758,80.19168607791732,2135.942138671875
2021-04-10,2135.942138671875,2196.996337890625,2062.78759765625,2071.111572265625,24986243611,0.030805935133171092,2083.870134626116,1872.1450846354167,53.925042915407346,2072.10888671875,2088.57373046875,1971.0772705078125,62.77619242348723,99.32146548207265,84.01764195874838,2157.656982421875
2021-04-11,2157.656982421875,2165.19140625,2119.86572265625,2136.156982421875,19692836132,0.010166400745060589,2093.0893031529017,1884.9969034830729,60.84323720678575,2135.942138671875,2072.10888671875,2088.57373046875,63.69945214020313,102.73947377722266,87.76200832244324,2139.353271484375
2021-04-12,2139.353271484375,2199.71875,2110.368896484375,2157.36181640625,21727936609,-0.008483142170705449,2097.584455217634,1892.152498372396,63.23412731639257,2157.656982421875,2135.942138671875,2072.10888671875,62.29684429620783,102.78645520117539,90.76689769818967,2299.187744140625
2021-04-13,2299.187744140625,2318.42333984375,2138.5595703125,2139.3642578125,29456642939,0.07471158447120319,2123.414289202009,1906.9732788085937,99.60969145453129,2139.353271484375,2157.656982421875,2135.942138671875,68.7647235989375,114.40223669734996,95.49396549802174,2435.10498046875
2021-04-14,2435.10498046875,2449.6875,2284.563720703125,2299.347900390625,35592822986,0.05911532743444026,2189.7039620535716,1928.4200358072917,130.84139155247883,2299.187744140625,2139.353271484375,2157.656982421875,73.00552434402215,133.0415916313841,103.00349072469422,2519.1162109375
2021-04-15,2519.1162109375,2544.267333984375,2409.924072265625,2436.03466796875,32325606817,0.03450004461515177,2251.210030691964,1952.158182779948,170.54859966162516,2435.10498046875,2299.187744140625,2139.353271484375,75.24295136074264,152.83068192613882,112.96892896498315,2431.946533203125
2021-04-16,2431.946533203125,2547.5556640625,2318.675048828125,2516.601806640625,36196928256,-0.034603277671709454,2302.615408761161,1972.4414225260416,161.56104232644375,2519.1162109375,2435.10498046875,2299.187744140625,68.86494477394483,159.63958827027136,122.30306082604079,2344.89501953125
2021-04-17,2344.89501953125,2497.38525390625,2333.682861328125,2429.98095703125,32349808978,-0.03579499486660964,2332.4658203125,1991.1760864257812,143.98036869759122,2431.946533203125,2519.1162109375,2435.10498046875,63.11155748755988,156.21066664275804,129.08458198938425,2237.136962890625
2021-04-18,2237.136962890625,2365.46044921875,2011.766845703125,2346.452392578125,50696368718,-0.04595432023313606,2343.8201032366073,2005.1598470052083,130.38986571650582,2344.89501953125,2431.946533203125,2519.1162109375,56.786969940533545,143.1479267565055,131.8972509428085,2166.188720703125
2021-04-19,2166.188720703125,2276.77685546875,2086.688720703125,2238.03271484375,34060654971,-0.03171385720426667,2347.653738839286,2016.9449829101563,123.59372147607412,2237.136962890625,2344.89501953125,2431.946533203125,53.01961569615642,125.62258214968051,130.64231718418293,2330.2109375
2021-04-20,2330.2109375,2345.8349609375,2060.143798828125,2161.939453125,39433483315,0.07571926454479683,2352.085623604911,2035.0114461263022,122.11350961860111,2166.188720703125,2237.136962890625,2344.89501953125,59.67940402801379,123.54469603810503,129.22279295496736,2364.751708984375
2021-04-21,2364.751708984375,2467.20068359375,2238.366943359375,2331.16015625,38899067643,0.014823023499079602,2342.03515625,2057.458703613281,116.92689185599585,2330.2109375,2166.188720703125,2237.136962890625,60.935268415883634,123.26419500313841,128.03107336460158,2403.53515625
2021-04-22,2403.53515625,2641.094970703125,2315.960205078125,2357.87109375,53575904724,0.016400642451499525,2325.5235770089284,2081.6215372721354,93.58375265160939,2364.751708984375,2330.2109375,2166.188720703125,62.353161147821844,124.73354531313635,127.37156775430853,2363.586181640625
2021-04-23,2363.586181640625,2439.537109375,2117.03955078125,2401.25634765625,55413933925,-0.01662092376951263,2315.7578125,2107.2939615885416,83.668829055664,2403.53515625,2364.751708984375,2330.2109375,59.93982448917217,121.2764680052569,126.15254780449821,2211.625732421875
2021-04-24,2211.625732421875,2367.740966796875,2163.693115234375,2367.19921875,31854226936,-0.06429232426518516,2296.7193429129466,2127.8361775716144,90.79290329422807,2363.586181640625,2403.53515625,2364.751708984375,51.736887958963116,105.0636625641946,121.9347707564375,2316.0595703125
2021-04-25,2316.0595703125,2354.086669921875,2172.51513671875,2214.413818359375,31814355546,0.047220393740067035,2307.9940011160716,2148.2767618815105,86.98109631325215,2211.625732421875,2363.586181640625,2403.53515625,56.17567651757052,99.49491987014517,117.44680057917904,2534.481689453125
2021-04-26,2534.481689453125,2536.33740234375,2308.315185546875,2319.47802734375,35208325408,0.09430764300727978,2360.6072823660716,2175.542997233073,97.64314326768233,2316.0595703125,2211.625732421875,2363.586181640625,63.69610261892769,111.4220862963366,116.24185772261055,2662.865234375
2021-04-27,2662.865234375,2676.392822265625,2485.375,2534.03125,32275969215,0.050654753378619466,2408.129324776786,2207.926639811198,148.22990067817733,2534.481689453125,2316.0595703125,2211.625732421875,67.2531835268889,129.7383873784729,118.94116365378304,2746.380126953125
2021-04-28,2746.380126953125,2757.477294921875,2564.08154296875,2664.685546875,34269031076,0.03136279354284577,2462.6476702008927,2238.8164794921877,193.02800247503032,2662.865234375,2534.481689453125,2316.0595703125,69.35656110971615,149.27242225101145,125.00741537322872,2756.876953125
2021-04-29,2756.876953125,2797.972412109375,2672.106689453125,2748.649658203125,32578127990,0.003822058741562495,2513.125069754464,2269.1779215494794,219.39297504767032,2746.380126953125,2662.865234375,2534.481689453125,69.6206833170723,163.7131089568711,132.74855408995722,2773.20703125
2021-04-30,2773.20703125,2796.054931640625,2728.169921875,2757.734130859375,29777179889,0.005923397526498064,2571.642333984375,2297.67275390625,227.34354369103178,2756.876953125,2746.380126953125,2662.865234375,70.05313120180695,174.46404512719573,141.09165229740495,2945.892822265625
2021-05-01,2945.892822265625,2951.44091796875,2755.908447265625,2772.83837890625,28726205272,0.062269347030246225,2676.5376325334823,2329.959952799479,201.46994404549773,2773.20703125,2756.876953125,2746.380126953125,74.23059911628647,194.67445371627764,151.8082125811795,2952.05615234375
2021-05-02,2952.05615234375,2984.891845703125,2860.526123046875,2945.56005859375,28032013047,0.0020921772956372653,2767.394287109375,2356.9209716796877,148.1678832568889,2945.892822265625,2773.20703125,2756.876953125,74.36803089900602,208.78196878556537,163.2029638220567,3431.086181640625
2021-05-03,3431.086181640625,3450.037841796875,2951.17578125,2951.17578125,49174290212,0.16226995848861292,2895.480643136161,2403.6764282226563,259.20332440348795,2952.05615234375,2945.892822265625,2773.20703125,82.27866490212904,255.66880522210204,181.69613210206575,3253.62939453125
2021-05-04,3253.62939453125,3523.5859375,3180.74267578125,3431.131591796875,62402045158,-0.051720294307653125,2979.8755231584823,2442.359981282552,266.902388401261,3431.086181640625,2952.05615234375,2945.892822265625,73.25873255871893,275.3338045386172,200.42366658937604,3522.783203125
2021-05-05,3522.783203125,3541.462646484375,3213.1015625,3240.5546875,48334198383,0.08272417536125909,3090.7902483258927,2489.5231811523436,311.3239001186658,3253.62939453125,3431.086181640625,2952.05615234375,77.31992150932217,309.0741072010446,222.15375471170978,3490.88037109375
2021-05-06,3490.88037109375,3598.89599609375,3386.239990234375,3524.930908203125,44300394788,-0.00905614401787469,3195.647879464286,2535.273229980469,303.62904523979506,3522.783203125,3253.62939453125,3431.086181640625,75.84951502945113,329.44164995457277,243.61133376028238,3484.72900390625
2021-05-07,3484.72900390625,3573.2900390625,3370.261962890625,3490.105224609375,39607240515,-0.0017621248893077146,3297.293875558036,2585.7282877604166,253.617773199083,3490.88037109375,3522.783203125,3253.62939453125,75.55117308684873,341.1540983196778,263.11988667216144,3902.647705078125
2021-05-08,3902.647705078125,3950.1650390625,3453.7685546875,3481.988037109375,50208491286,0.11992860871057798,3433.97314453125,2646.1974202473957,288.13591988996745,3484.72900390625,3490.88037109375,3522.783203125,81.01480471907342,379.7809659548284,286.4521025286948,3928.8447265625
2021-05-09,3928.8447265625,3981.259033203125,3743.989013671875,3911.463134765625,50568290278,0.006712627801450655,3573.5143694196427,2708.088614908854,249.82843153673227,3902.647705078125,3484.72900390625,3490.88037109375,81.29695500683414,407.8059840101264,310.72287882498114,3952.2939453125
2021-05-10,3952.2939453125,4197.47314453125,3684.45166015625,3924.413330078125,62691789007,0.005968476837850734,3647.9726213727677,2768.6336751302083,276.54578604539,3928.8447265625,3902.647705078125,3484.72900390625,81.5611115130477,426.9861382955005,333.97553071908504,4168.701171875
2021-05-11,4168.701171875,4178.208984375,3783.889404296875,3948.27197265625,52679737865,0.05475484100041772,3778.6971609933034,2835.6684814453124,275.3466713726975,3952.2939453125,3928.8447265625,3902.647705078125,83.8307969573167,454.4106403440637,358.06255264408077,3785.8486328125
2021-05-12,3785.8486328125,4362.3505859375,3785.8486328125,4174.6357421875,69023382175,-0.09183976573938502,3816.2779366629466,2890.55166015625,251.51796603622003,4168.701171875,3952.2939453125,3928.8447265625,67.90571378893601,440.17766145012865,374.4855744052904,3715.1484375
2021-05-13,3715.1484375,4032.5634765625,3549.4072265625,3828.91845703125,78398214539,-0.0186748605582725,3848.316231863839,2937.750349934896,214.7580642028433,3785.8486328125,4168.701171875,3952.2939453125,65.4336864576361,418.37029589348276,383.26251870292884,4079.057373046875
2021-05-14,4079.057373046875,4171.01708984375,3703.39990234375,3720.122314453125,48174271215,0.09795273100628976,3933.220284598214,2992.548763020833,156.69028450334298,3715.1484375,3785.8486328125,4168.701171875,71.2376881403513,425.54677305490986,391.7193695733251,3638.1220703125
2021-05-15,3638.1220703125,4129.185546875,3638.1220703125,4075.95166015625,42422321751,-0.10809735250304064,3895.430908203125,3029.8489583333335,192.98665162139582,4079.057373046875,3715.1484375,3785.8486328125,58.43468125132568,391.1455071022333,391.6045970791068,3587.506103515625
2021-05-16,3587.506103515625,3878.89599609375,3350.95166015625,3641.830810546875,47359478734,-0.013912663131868785,3846.6682477678573,3068.367610677083,223.80039802602099,3638.1220703125,4079.057373046875,3715.1484375,57.1646138046531,355.6977087099044,384.42321940526637,3282.397705078125
2021-05-17,3282.397705078125,3587.765625,3129.0087890625,3581.343017578125,54061732774,-0.08504749250140786,3750.9687848772323,3099.6177001953124,301.0136918044109,3587.506103515625,3638.1220703125,4079.057373046875,50.09633932034648,299.53255045070136,367.4450856143534,3380.070068359375
2021-05-18,3380.070068359375,3562.465087890625,3246.404052734375,3276.872314453125,40416525218,0.029756407375664207,3638.307198660714,3137.715470377604,263.9041920938708,3282.397705078125,3587.506103515625,3638.1220703125,52.13662809603093,259.90656027631803,345.93738054674634,2460.67919921875
2021-05-19,2460.67919921875,3437.935791015625,1952.460205078125,3382.6572265625,84482912776,-0.2720034941722024,3448.9972795758927,3147.5318196614585,505.31245245872645,3380.070068359375,3282.397705078125,3587.506103515625,36.85999417040487,152.55693670082474,307.26129177756206,2784.294189453125
2021-05-20,2784.294189453125,2993.145263671875,2170.22900390625,2439.638671875,67610826680,0.13151449824793127,3316.0181012834823,3162.667928059896,544.5569412831951,2460.67919921875,3380.070068359375,3282.397705078125,43.17190633749777,92.52800649141864,264.3146347203334,2430.621337890625
2021-05-21,2430.621337890625,2938.205078125,2113.34716796875,2772.34130859375,53774070802,-0.12702423935739582,3080.5272391183034,3164.8635823567706,515.228177449645,2784.294189453125,2460.67919921875,3380.070068359375,38.6271858762609,16.229124219902133,214.69753262024716,2295.70556640625
2021-05-22,2295.70556640625,2483.983154296875,2168.124267578125,2436.0146484375,42089937660,-0.05550670085100928,2888.7534528459823,3161.2692626953126,522.869202175841,2430.621337890625,2784.294189453125,2460.67919921875,37.02594106515307,-54.4966613160218,160.85869383299337,2109.579833984375
2021-05-23,2109.579833984375,2384.41162109375,1737.46875,2298.3671875,56005721977,-0.08107561141354924,2677.6211286272323,3152.802384440104,491.1163251046813,2295.70556640625,2430.621337890625,2784.294189453125,34.87789628950735,-124.13519375171245,103.85991631605219,2643.591064453125
2021-05-24,2643.591064453125,2672.595703125,2090.6396484375,2099.93603515625,53697121740,0.2531362984543515,2586.363037109375,3167.2012288411456,413.1744045956101,2109.579833984375,2295.70556640625,2430.621337890625,44.77680672063859,-134.6814649530893,56.151640062223905,2706.62890625
2021-05-25,2706.62890625,2750.534912109375,2394.35546875,2649.033203125,49558333256,0.023845534449147276,2490.157156808036,3180.220206705729,239.43773013395113,2643.591064453125,2109.579833984375,2295.70556640625,45.823703621452125,-136.38072179141864,17.645167691495395,2888.69873046875
2021-05-26,2888.69873046875,2911.735595703125,2652.094482421875,2707.052734375,42499766020,0.06726811488576234,2551.302804129464,3192.02744140625,281.5958878481775,2706.62890625,2643.591064453125,2109.579833984375,48.840395124100475,-121.63376357275729,-10.210618561355144,2736.488525390625
2021-05-27,2736.488525390625,2888.75244140625,2642.60791015625,2888.75244140625,33373635283,-0.052691616288219056,2544.4734235491073,3194.481551106771,275.5176179993512,2888.69873046875,2706.62890625,2643.591064453125,46.50883034203606,-120.83586379430835,-32.33566760794579,2419.90625
2021-05-28,2419.90625,2761.36328125,2336.361328125,2742.468994140625,39999114805,-0.115689239130076,2542.942696707589,3183.599088541667,276.28428246186394,2736.488525390625,2888.69873046875,2706.62890625,42.01608867421891,-144.0881082862943,-54.686155743615494,2279.51416015625
2021-05-29,2279.51416015625,2566.9384765625,2208.490966796875,2414.067138671875,33773720220,-0.05801550776760467,2540.629638671875,3167.6869954427084,278.7558585394529,2419.90625,2736.488525390625,2888.69873046875,40.16321738494661,-171.86301802354728,-78.12152819960187,2390.305419921875
2021-05-30,2390.305419921875,2472.187744140625,2188.83447265625,2278.288818359375,25876619428,0.048603014494119634,2580.7332938058034,3154.9236083984374,220.51616968541614,2279.51416015625,2419.90625,2736.488525390625,42.32477335697105,-182.82738506688884,-99.06269957305926,2714.9453125
2021-05-31,2714.9453125,2715.85498046875,2279.505126953125,2387.198486328125,31007383150,0.1358152351044477,2590.9267578125,3147.2253580729166,225.4989675617137,2390.305419921875,2279.51416015625,2419.90625,48.22659461461495,-163.4369987548207,-111.93755940941156,2633.518310546875
2021-06-01,2633.518310546875,2739.737548828125,2531.16064453125,2707.560546875,27363223090,-0.0299921333878157,2580.4823869977677,3136.607430013021,220.89294740049053,2714.9453125,2390.305419921875,2279.51416015625,46.929435315695024,-152.8781720421407,-120.1256819359574,2706.125
2021-06-02,2706.125,2801.392333984375,2555.4013671875,2634.4560546875,27723267359,0.027570223894910928,2554.4004255022323,3112.4420572916665,186.54268326528702,2633.518310546875,2714.9453125,2390.305419921875,48.26565704042996,-137.0713989970045,-123.51482534816682,2855.12646484375
2021-06-03,2855.12646484375,2891.2548828125,2667.684326171875,2708.376220703125,30038207402,0.05506082122730849,2571.348702566964,3099.158626302083,209.78497007956722,2706.125,2633.518310546875,2714.9453125,50.99265361907156,-111.23895113653225,-121.05965050583991,2688.195068359375
2021-06-04,2688.195068359375,2857.16552734375,2562.637451171875,2857.16552734375,34173841611,-0.05846725128986907,2609.6756766183034,3071.3390218098957,201.863799052555,2855.12646484375,2706.125,2633.518310546875,47.94357751207223,-103.0486381319356,-117.45744803105906,2630.576904296875
2021-06-05,2630.576904296875,2817.48486328125,2558.233642578125,2691.619384765625,30496672724,-0.021433773441770665,2659.8274972098216,3042.6622395833333,140.42658747130952,2688.195068359375,2855.12646484375,2706.125,46.90113978277152,-100.05370355916693,-113.97669913668065,2715.0927734375
2021-06-06,2715.0927734375,2743.441162109375,2616.162353515625,2629.748779296875,25311639414,0.032128263957071024,2706.2256905691966,3017.0076985677083,74.9002814801548,2630.576904296875,2688.195068359375,2855.12646484375,48.66434287592085,-89.82502504724243,-109.14636431879302,2590.26318359375
2021-06-07,2590.26318359375,2845.18505859375,2583.9951171875,2713.04736328125,30600111277,-0.04597617844406354,2688.4139578683034,2973.2615478515627,86.42027102055434,2715.0927734375,2630.576904296875,2688.195068359375,46.22294417319069,-90.74537212603673,-105.46616588024176,2517.438720703125
2021-06-08,2517.438720703125,2620.84619140625,2315.546630859375,2594.602294921875,41909736778,-0.028114696356679736,2671.8311593191966,2926.2146809895835,107.31950322472063,2590.26318359375,2715.0927734375,2630.576904296875,44.81056061431753,-96.24166534285132,-103.62126577276368,2608.26708984375
2021-06-09,2608.26708984375,2625.070556640625,2412.19775390625,2510.19921875,36075832186,0.03607967431090309,2657.8514578683034,2881.413785807292,108.47515359553645,2517.438720703125,2590.26318359375,2715.0927734375,46.98632502949757,-92.20553895343528,-101.338120408898,2471.5185546875
2021-06-10,2471.5185546875,2619.957763671875,2435.401611328125,2611.142578125,28753626390,-0.05242888494385056,2603.0503278459823,2824.841031901042,86.96889209559572,2608.26708984375,2517.438720703125,2590.26318359375,44.16337010298372,-98.90127135079092,-100.85075059727659,2353.768798828125
2021-06-11,2353.768798828125,2495.414794921875,2326.86962890625,2472.85888671875,24832564195,-0.04764267524354615,2555.275146484375,2777.1050374348956,118.52981857424388,2471.5185546875,2608.26708984375,2517.438720703125,41.83275300872123,-112.41327843891622,-103.16325616560452,2372.484375
2021-06-12,2372.484375,2447.227783203125,2265.758056640625,2354.752197265625,25724364410,0.007951323078627226,2518.40478515625,2732.349568684896,130.71728650437066,2353.768798828125,2471.5185546875,2608.26708984375,42.353479519778325,-120.22556534110026,-106.57571800070369,2508.3916015625
2021-06-13,2508.3916015625,2547.367919921875,2312.64013671875,2372.690185546875,27092945370,0.05728477202826676,2488.876046316964,2679.99404296875,98.17715971300753,2372.484375,2353.768798828125,2471.5185546875,46.12521121719409,-114.13460891086106,-108.08749618273518,2537.89111328125
2021-06-14,2537.89111328125,2606.432861328125,2469.38818359375,2508.7705078125,26964576331,0.011760329487777943,2481.3943219866073,2643.319677734375,90.88804461857069,2508.3916015625,2372.484375,2353.768798828125,46.93676697062416,-105.70857534366951,-107.61171201492205,2610.936767578125
2021-06-15,2610.936767578125,2639.229248046875,2515.153076171875,2587.7626953125,29005279219,0.028782028478138377,2494.7511858258927,2610.767366536458,103.11565171945792,2537.89111328125,2508.3916015625,2372.484375,48.98597754781038,-92.07532220217445,-104.50443405237253,2367.66357421875
2021-06-16,2367.66357421875,2554.62890625,2354.3505859375,2544.86474609375,24101926180,-0.09317467829181958,2460.3792550223216,2580.276228841146,98.98856747627431,2610.936767578125,2537.89111328125,2508.3916015625,43.02643648867938,-99.75111568178272,-103.55377037825457,2372.001953125
2021-06-17,2372.001953125,2457.175537109375,2312.301513671875,2367.306396484375,21871633186,0.0018323460112703582,2446.16259765625,2546.6739583333333,104.13459960791067,2367.66357421875,2610.936767578125,2537.89111328125,43.15924282583574,-104.28206763275193,-103.69942982915404,2231.733154296875
2021-06-18,2231.733154296875,2377.195068359375,2147.308349609375,2374.5869140625,22752818388,-0.05913519533292433,2428.728934151786,2539.0424235026044,129.34445792032113,2372.001953125,2367.66357421875,2610.936767578125,39.91923605439206,-117.83309294093715,-106.52616245151066,2178.4990234375
2021-06-19,2178.4990234375,2278.4150390625,2168.885009765625,2235.1591796875,18765854896,-0.023853268817950024,2401.0167410714284,2518.8492513020833,160.44507421173248,2231.733154296875,2372.001953125,2367.66357421875,38.73088887862626,-131.35376317469718,-111.49168259614797,2246.364501953125
2021-06-20,2246.364501953125,2275.3828125,2049.962646484375,2171.337890625,22535930423,0.03115240254206708,2363.584298270089,2512.7073567708335,161.77936158708516,2178.4990234375,2231.733154296875,2372.001953125,41.13663414442423,-135.03620153124302,-116.20058638316698,1888.447509765625
2021-06-21,1888.447509765625,2259.464111328125,1867.1854248046875,2245.31787109375,33745173825,-0.1593316631723415,2270.806640625,2499.132088216146,220.66324899319022,2246.364501953125,2178.4990234375,2231.733154296875,33.63554094391753,-164.93421156877912,-125.94731142028942,1874.9500732421875
2021-06-22,1874.9500732421875,1993.1597900390625,1707.6005859375,1886.6676025390625,35547251725,-0.0071473718245484985,2165.665684291295,2491.3110961914062,206.47243178568849,1888.447509765625,2246.364501953125,2178.4990234375,33.38828678661598,-187.55570483574093,-138.26899010337974,1989.736328125
2021-06-23,1989.736328125,2043.5303955078125,1827.571533203125,1878.625,28408659206,0.06122096610515215,2111.6760777064733,2469.515938313802,193.87669535756942,1874.9500732421875,1888.447509765625,2246.364501953125,37.58996590033619,-193.9849717655211,-149.41218643580802,1988.456298828125
2021-06-24,1988.456298828125,2032.33935546875,1887.4320068359373,1968.9573974609373,20272845769,-0.0006433160408149119,2056.8838413783483,2445.5768513997396,159.12639964201298,1989.736328125,1874.9500732421875,1888.447509765625,37.561512769568225,-196.91360236079163,-158.91246962080476,1813.21728515625
2021-06-25,1813.21728515625,2017.759521484375,1794.400390625,1989.2158203125,22774334998,-0.08812816946248714,1997.0958600725446,2409.727469889323,161.0932213610451,1988.456298828125,1989.736328125,1874.9500732421875,33.790575637279474,-210.94326443221235,-169.31862858308628,1829.2392578125
2021-06-26,1829.2392578125,1850.1798095703125,1719.5594482421875,1810.88427734375,20637542361,0.008836212177885328,1947.2016078404017,2379.4858276367186,149.19161739952267,1813.21728515625,1988.456298828125,1989.736328125,34.438648718722206,-218.25314698929742,-179.10553226432853,1978.8946533203125
2021-06-27,1978.8946533203125,1979.9581298828125,1811.245849609375,1830.9969482421875,19885474742,0.0818129147779052,1908.9916294642858,2364.785441080729,76.1958299373854,1829.2392578125,1813.21728515625,1988.456298828125,40.31527957153156,-209.55472545374914,-185.19537090221266,2079.657470703125
2021-06-28,2079.657470703125,2139.805419921875,1963.615478515625,1981.386474609375,25514602841,0.05091873749506903,1936.307338169643,2358.1235514322916,98.58715257418861,1978.8946533203125,1829.2392578125,1813.21728515625,43.9576921145011,-192.3135752805024,-186.6190117778706,2160.768310546875
2021-06-29,2160.768310546875,2242.23876953125,2076.240234375,2083.44873046875,24815124419,0.03900201883549914,1977.1385149274554,2350.472314453125,124.67576556096655,2079.657470703125,1978.8946533203125,1829.2392578125,46.77358705470836,-170.143563558594,-183.3239221340153,2274.547607421875
2021-06-30,2274.547607421875,2282.989013671875,2090.7607421875,2164.21630859375,25828056268,0.052656870391718735,2017.8258405412946,2335.7923909505207,168.3099983418625,2160.768310546875,2079.657470703125,1978.8946533203125,50.528698273726505,-141.7585271191092,-175.01084313103408,2113.60546875
2021-07-01,2113.60546875,2274.3974609375,2081.0810546875,2274.3974609375,29061701793,-0.07075786769497328,2035.7042933872767,2318.461962890625,171.29079899263937,2274.547607421875,2160.768310546875,2079.657470703125,45.625347154908255,-130.7427457899862,-166.15722366282452,2150.040283203125
2021-07-02,2150.040283203125,2155.596435546875,2021.8248291015625,2109.892578125,31796212554,0.017238228700587443,2083.82186453683,2299.9258056640624,143.41569653718236,2113.60546875,2274.547607421875,2160.768310546875,46.88203605889509,-117.71572113654929,-156.46892315756946,2226.1142578125
2021-07-03,2226.1142578125,2237.567138671875,2117.590087890625,2150.8349609375,17433361641,0.035382581063104546,2140.518293108259,2278.958732096354,96.90355904003069,2150.040283203125,2113.60546875,2274.547607421875,49.50610008009171,-100.09929391915966,-145.19499730988753,2321.72412109375
2021-07-04,2321.72412109375,2384.286865234375,2190.837646484375,2226.55029296875,18787107473,0.0429492165308718,2189.4939313616073,2266.7430338541667,87.81121576910725,2226.1142578125,2150.040283203125,2113.60546875,52.67066959713634,-77.52951946806616,-131.66190174152325,2198.58251953125
2021-07-05,2198.58251953125,2321.9228515625,2163.04150390625,2321.9228515625,20103794829,-0.05303886040710504,2206.483224051339,2252.343221028646,73.32912060401117,2321.72412109375,2226.1142578125,2150.040283203125,48.458262395393376,-68.78638212284386,-119.08679781778739,2324.679443359375
2021-07-06,2324.679443359375,2346.294921875,2197.91943359375,2197.91943359375,20891861314,0.057353737104673064,2229.899100167411,2239.329443359375,81.96069152684919,2198.58251953125,2321.72412109375,2226.1142578125,52.63558540941875,-51.09344148006585,-105.48812655024308,2315.161865234375
2021-07-07,2315.161865234375,2403.7734375,2298.02685546875,2323.20849609375,22398345285,-0.004094146464876158,2235.7011369977677,2230.1593994140626,86.93477844578149,2324.679443359375,2198.58251953125,2321.72412109375,52.29109795873032,-37.408426508031425,-91.87218654180076,2120.0263671875
2021-07-08,2120.0263671875,2324.0068359375,2089.414306640625,2317.94921875,23188123689,-0.08428589852706492,2236.618408203125,2216.912320963542,85.45305210176608,2315.161865234375,2324.679443359375,2198.58251953125,45.68875890278543,-41.82660634270587,-81.8630705019818,2146.6923828125
2021-07-09,2146.6923828125,2185.376220703125,2051.066650390625,2115.573974609375,23029574602,0.012578152818153887,2236.14013671875,2201.5264973958333,86.02583118826696,2120.0263671875,2315.161865234375,2324.679443359375,46.679523804797405,-42.684283242035235,-74.02731304999249,2111.403564453125
2021-07-10,2111.403564453125,2190.1240234375,2081.923583984375,2146.999755859375,17581542471,-0.016438693611583566,2219.7528948102677,2189.522664388021,98.30358091219082,2146.6923828125,2120.0263671875,2315.161865234375,45.496688326846694,-45.684884177676395,-68.35882727552928,2139.664794921875
2021-07-11,2139.664794921875,2172.6533203125,2083.8037109375,2110.875732421875,14705386138,0.013385044405790802,2193.7444196428573,2182.3858642578125,90.611304860557,2111.403564453125,2146.6923828125,2120.0263671875,46.66234453432164,-45.260699754501275,-63.73920177132368,2036.7210693359373
2021-07-12,2036.7210693359373,2167.710205078125,2011.0189208984373,2140.5068359375,17768129077,-0.04811208084100693,2170.621355329241,2171.1937540690105,108.13004825942593,2139.664794921875,2111.403564453125,2146.6923828125,43.05057489400108,-52.62460517049885,-61.516282451158716,1940.083984375
2021-07-13,1940.083984375,2040.693603515625,1922.577880859375,2034.098388671875,16621628658,-0.04744738315710817,2115.6791469029017,2152.250166829427,114.33554789242316,2036.7210693359373,2139.664794921875,2111.403564453125,39.92635379629029,-65.5032773859507,-62.313681438117115,1994.331298828125
2021-07-14,1994.331298828125,2015.107421875,1869.22314453125,1941.1678466796875,17342819679,0.02796132275201524,2069.846208844866,2134.1315063476563,80.2735353997048,1940.083984375,2036.7210693359373,2139.664794921875,42.451106737675495,-70.51950799853739,-63.95484675020117,1911.1756591796875
2021-07-15,1911.1756591796875,2037.7425537109373,1883.272216796875,1994.7120361328125,15688092552,-0.04169600090882597,2040.0103934151787,2110.8061360677084,95.82110656207475,1994.331298828125,1940.083984375,2036.7210693359373,39.6969409181975,-80.27946041057021,-67.21976948227498,1880.3829345703125
2021-07-16,1880.3829345703125,1959.6962890625,1853.59033203125,1916.598388671875,14884569147,-0.016111927996504405,2001.9661865234375,2094.563448079427,99.21227560642406,1911.1756591796875,1994.331298828125,1940.083984375,38.69577578195154,-89.46768081150822,-71.66935174812164,1898.8251953125
2021-07-17,1898.8251953125,1917.597900390625,1855.5908203125,1876.88134765625,13364282076,0.009807715440898646,1971.5978480747767,2078.790889485677,92.43405424495201,1880.3829345703125,1911.1756591796875,1994.331298828125,39.67703128798686,-94.17567678367527,-76.17061675523237,1895.5521240234373
2021-07-18,1895.5521240234373,1988.33642578125,1883.0125732421875,1900.1943359375,13791868728,-0.001723734916274977,1936.724609375,2067.584855143229,58.14891857271528,1898.8251953125,1880.3829345703125,1911.1756591796875,39.55601877768452,-97.05215023468645,-80.34692345112319,1817.296630859375
2021-07-19,1817.296630859375,1916.1180419921875,1807.909912109375,1893.0535888671875,14157735481,-0.041283746393615206,1905.3782610212054,2055.544775390625,54.2730374262767,1895.5521240234373,1898.8251953125,1880.3829345703125,36.67586597868158,-104.44239355857007,-85.16601747261257,1787.5107421875
2021-07-20,1787.5107421875,1836.998046875,1722.05078125,1819.08203125,17368597636,-0.01639021839697663,1883.5820835658483,2040.249650065104,67.12690326251418,1817.296630859375,1895.5521240234373,1898.8251953125,35.61296810626159,-111.41832581682138,-90.41647914145433,1990.9708251953125
2021-07-21,1990.9708251953125,2025.680419921875,1759.0233154296875,1786.2762451171875,21253359756,0.1138231386284283,1883.102015904018,2043.6670939127605,66.20859302552776,1787.5107421875,1817.296630859375,1895.5521240234373,46.92744533000483,-99.38364132546235,-92.20991157825594,2025.2027587890625
2021-07-22,2025.2027587890625,2044.116455078125,1954.2978515625,1994.8228759765625,17495480331,0.01719358875607435,1899.3916015625,2048.6755167643228,85.48733260719285,1990.9708251953125,1787.5107421875,1817.296630859375,48.56513126757916,-86.0914278181956,-90.98621482624387,2124.776611328125
2021-07-23,2124.776611328125,2129.441162109375,2000.436279296875,2025.105712890625,16200392492,0.04916734984036908,1934.3049839564733,2053.1768595377603,119.54982750069392,2025.2027587890625,1990.9708251953125,1787.5107421875,53.0987367978116,-66.75298822598802,-86.1395695061927,2189.21875
2021-07-24,2189.21875,2197.6494140625,2107.323486328125,2123.961181640625,16057446601,0.03032890061397775,1975.7897774832588,2059.8689412434896,151.34302295956002,2124.776611328125,2025.2027587890625,1990.9708251953125,55.813223578953114,-45.70038787392696,-78.05173317973956,2191.373779296875
2021-07-25,2191.373779296875,2194.438232421875,2108.829833984375,2187.1455078125,14566483636,0.0009843828063664795,2018.050013950893,2072.474157714844,165.81372645851766,2189.21875,2124.776611328125,2025.2027587890625,55.9051328130413,-28.51347200889859,-68.14408094557137,2233.36669921875
2021-07-26,2233.36669921875,2428.817138671875,2177.32958984375,2191.309814453125,29614324233,0.01916282850447759,2077.488595145089,2085.9450724283856,156.14837542316167,2191.373779296875,2189.21875,2124.776611328125,57.7493326493149,-11.373137226189101,-56.78989220169492,2298.33349609375
2021-07-27,2298.33349609375,2316.9501953125,2154.731201171875,2230.197021484375,23067480378,0.029089175950248514,2150.4632742745534,2096.5930338541666,110.83176394469025,2233.36669921875,2191.373779296875,2189.21875,60.5016526695296,7.368044901018493,-43.958304781152236,2296.54541015625
2021-07-28,2296.54541015625,2341.77783203125,2250.9140625,2302.081298828125,18991302378,-0.0007779923760146135,2194.11678641183,2103.8226318359375,96.83734184323232,2298.33349609375,2233.36669921875,2191.373779296875,60.38505859905623,21.82470159369086,-30.80170350618362,2380.956787109375
2021-07-29,2380.956787109375,2396.451904296875,2273.40478515625,2299.011962890625,16313373113,0.03675580573317805,2244.938790457589,2111.162247721354,86.17997555300765,2296.54541015625,2298.33349609375,2233.36669921875,63.919931923976606,39.63609857032225,-16.714143090882448,2466.96142578125
2021-07-30,2466.96142578125,2469.704833984375,2322.337158203125,2382.545166015625,20212848934,0.03612188139554173,2293.822335379464,2117.5760416666667,102.21694549007131,2380.956787109375,2296.54541015625,2298.33349609375,67.1374545613676,59.99997223728769,-1.371320025248421,2536.2099609375
2021-07-31,2536.2099609375,2551.1611328125,2423.816162109375,2461.57568359375,18001710283,0.028070376144742504,2343.392508370536,2131.6628580729166,124.69914479043285,2466.96142578125,2380.956787109375,2296.54541015625,69.49620268748092,80.79491341632274,15.061926663065814,2561.85205078125
2021-08-01,2561.85205078125,2695.429443359375,2520.931884765625,2530.462890625,22697987055,0.010110397103823221,2396.3179757254466,2145.3899169921874,128.00156397922763,2536.2099609375,2466.96142578125,2380.956787109375,70.34500344091235,98.21202933140648,31.69194719673395,2610.1533203125
2021-08-02,2610.1533203125,2665.73095703125,2511.375244140625,2557.774658203125,22162754104,0.01885404331468732,2450.1446358816966,2158.1912190755206,127.27769702585834,2561.85205078125,2536.2099609375,2466.96142578125,71.92950175959984,114.5917851895183,48.271914795290826,2502.349609375
2021-08-03,2502.349609375,2630.314208984375,2449.353515625,2609.4130859375,22696753413,-0.04130167760589376,2479.289794921875,2164.2120686848957,108.72773947389358,2610.1533203125,2561.85205078125,2536.2099609375,63.743202242355345,117.51931172505329,62.121394181243325,2724.619873046875
2021-08-04,2724.619873046875,2764.443603515625,2463.469482421875,2508.544921875,25038698173,0.0888246242008488,2540.443289620536,2181.746647135417,109.19662361924287,2502.349609375,2610.1533203125,2561.85205078125,71.057181666247,136.2046676600512,76.9380488770049,2827.328857421875
2021-08-05,2827.328857421875,2840.4306640625,2540.68408203125,2725.669677734375,31057928075,0.03769662894668069,2604.2107282366073,2198.5016276041665,129.0650976542,2724.619873046875,2502.349609375,2610.1533203125,73.69759271851674,157.4853108907755,93.04750127975903,2890.941650390625
2021-08-06,2890.941650390625,2944.9033203125,2727.792724609375,2827.50341796875,26528577879,0.02249925501300054,2664.7793317522323,2217.694287109375,151.46185282489986,2827.328857421875,2724.619873046875,2502.349609375,75.20626002189994,177.437999916448,109.92560100709684,3157.23876953125
2021-08-07,3157.23876953125,3170.229736328125,2868.53564453125,2891.70751953125,33081467129,0.09211431822037741,2753.497732979911,2252.268033854167,226.7648153550548,2890.941650390625,2827.328857421875,2724.619873046875,80.30031799476939,212.2914381453138,130.39876843474025,3013.732666015625
2021-08-08,3013.732666015625,3184.60400390625,2951.747314453125,3161.232666015625,28433638008,-0.045453041087839874,2818.0521065848216,2281.1693766276044,227.43386280562544,3157.23876953125,2890.941650390625,2827.328857421875,71.74559994845634,225.73120698269076,149.46525614433037,3167.856201171875
2021-08-09,3167.856201171875,3185.701171875,2900.926025390625,3012.8857421875,31983260936,0.0511404136452529,2897.723946707589,2316.3844645182294,239.8140794451183,3013.732666015625,3157.23876953125,2890.941650390625,74.8451168705126,245.98325993631715,168.76885690272775,3141.691162109375
2021-08-10,3141.691162109375,3228.940673828125,3059.22900390625,3163.050048828125,27605221710,-0.008259541279942217,2989.0584542410716,2349.7853434244794,177.8903903651949,3167.856201171875,3013.732666015625,3157.23876953125,73.37353485082926,256.9597853743571,186.40704259705365,3164.2451171875
2021-08-11,3164.2451171875,3269.20947265625,3122.91650390625,3142.830322265625,26729035052,0.007178921769949609,3051.862060546875,2387.3694783528645,143.19130490413525,3141.691162109375,3167.856201171875,3013.732666015625,73.85080614441883,264.4304865029926,202.01173137824145,3043.414306640625
2021-08-12,3043.414306640625,3236.314697265625,2984.1669921875,3164.17578125,25403699845,-0.03818629912409377,3082.7314104352677,2424.1471557617188,104.88746882862783,3164.2451171875,3141.691162109375,3167.856201171875,66.92919695557006,257.6312220273521,213.1356295080636,3322.211669921875
2021-08-13,3322.211669921875,3324.671630859375,3037.676025390625,3049.001220703125,23868866254,0.09160677291715547,3144.3414132254466,2468.409834798177,100.00435175765169,3043.414306640625,3164.2451171875,3141.691162109375,73.17615421082499,271.60844012696634,224.83019163184417,3265.443359375
2021-08-14,3265.443359375,3329.281005859375,3214.519775390625,3322.7626953125,19860862133,-0.017087505609842735,3159.7992117745534,2513.5520914713543,110.17558488797621,3322.211669921875,3043.414306640625,3164.2451171875,70.26564600713415,274.93547295196186,234.85124789586774,3310.504150390625
2021-08-15,3310.504150390625,3320.084228515625,3117.791748046875,3266.276123046875,22166205051,0.013799287280931383,3202.195138113839,2561.2227986653647,101.346433726609,3265.443359375,3322.211669921875,3043.414306640625,71.24336670868655,278.00354783373814,243.48170788344186,3156.509521484375
2021-08-16,3156.509521484375,3333.994873046875,3139.778564453125,3309.422119140625,23080039949,-0.04651697201106941,3200.5741838727677,2603.1456095377603,102.0753139456029,3310.504150390625,3265.443359375,3322.211669921875,63.55241937631535,264.9547067846743,247.77630766368836,3014.845947265625
2021-08-17,3014.845947265625,3288.812744140625,2996.46826171875,3149.38037109375,25509056745,-0.04487981843695865,3182.453438895089,2640.4554036458335,123.31900105954782,3156.509521484375,3310.504150390625,3265.443359375,57.41228929239521,240.4110310189867,246.30325233474804,3020.08984375
2021-08-18,3020.08984375,3124.97607421875,2959.0283203125,3011.963623046875,21539248425,0.0017393580222999638,3161.8598284040177,2680.5485107421873,138.02606796759693,3014.845947265625,3156.509521484375,3310.504150390625,57.57568510400222,218.8602450985377,240.814650887506,3182.7021484375
2021-08-19,3182.7021484375,3184.435546875,2963.150146484375,3019.126953125,19546290360,0.05384353217968729,3181.7580915178573,2727.054890950521,127.76322318095355,3020.08984375,3014.845947265625,3156.509521484375,62.394025227955304,212.45351410917146,235.1424235318391,3286.935302734375
2021-08-20,3286.935302734375,3298.24658203125,3178.103759765625,3182.16259765625,20885619828,0.03274989283808627,3176.7186104910716,2770.2537068684896,121.85914729389552,3182.7021484375,3020.08984375,3014.845947265625,65.12801242094483,213.32776835931418,230.77949249733416,3226.083984375
2021-08-21,3226.083984375,3307.3515625,3209.8662109375,3286.931640625,18113977628,-0.01851308673728791,3171.0958426339284,2810.2830810546875,117.92756330386928,3286.935302734375,3182.7021484375,3020.08984375,62.28128437437533,206.7274034911934,225.96907469610602,3242.115478515625
2021-08-22,3242.115478515625,3272.733154296875,3142.007080078125,3226.227294921875,15983278460,0.004969335646024975,3161.3260323660716,2847.5277099609375,106.75706782318281,3226.083984375,3286.935302734375,3182.7021484375,62.74331530903018,200.47917523831347,220.8710948045475,3319.25732421875
2021-08-23,3319.25732421875,3373.38427734375,3235.851318359375,3241.357421875,20511110509,0.023793676139643116,3184.5757184709823,2885.195662434896,122.14587455345236,3242.115478515625,3226.083984375,3286.935302734375,64.96709142862095,199.4529422160699,216.58746428685203,3172.456298828125
2021-08-24,3172.456298828125,3358.688232421875,3154.121337890625,3324.85546875,20131028906,-0.04422706980850821,3207.091482979911,2917.8984130859376,97.73062942059373,3319.25732421875,3242.115478515625,3226.083984375,57.88623329525982,184.6653223843923,210.2030359063601,3224.915283203125
2021-08-25,3224.915283203125,3248.727294921875,3086.114990234375,3174.269775390625,18902728235,0.01653576265002532,3236.3522600446427,2950.9500325520835,52.69784755309016,3172.456298828125,3319.25732421875,3242.115478515625,59.58153784424018,175.15989451901123,203.19440762889033,3100.325439453125
2021-08-26,3100.325439453125,3249.6552734375,3060.228759765625,3228.747314453125,17405668117,-0.03863352454525626,3224.584158761161,2977.683097330729,72.24717158295593,3224.915283203125,3172.456298828125,3319.25732421875,54.019642735265,155.77770686643044,193.71106747639837,3270.600830078125
2021-08-27,3270.600830078125,3281.840576171875,3064.485107421875,3096.406005859375,18489602004,0.05492177964873113,3222.250662667411,3010.151611328125,70.13044425284768,3100.325439453125,3224.915283203125,3172.456298828125,59.573909754272975,152.40020973131504,185.44889592738173,3244.4033203125
2021-08-28,3244.4033203125,3284.845947265625,3217.403564453125,3275.1044921875,13709633698,-0.008009999118418598,3224.8677106584823,3038.9331624348956,70.63731139976511,3270.600830078125,3100.325439453125,3224.915283203125,58.40495707381656,145.92743815148742,177.54460437220285,3227.002685546875
2021-08-29,3227.002685546875,3283.235595703125,3158.84033203125,3246.77099609375,13296586731,-0.005363277326429605,3222.708740234375,3064.26787109375,70.25219227824769,3244.4033203125,3270.600830078125,3100.325439453125,57.596555585987794,137.80510279394912,169.5967040565521,3224.374267578125
2021-08-30,3224.374267578125,3346.5810546875,3151.444580078125,3227.192626953125,19306924485,-0.0008145075244350153,3209.1540178571427,3087.206681315104,56.28388540881749,3227.002685546875,3244.4033203125,3270.600830078125,57.46716247095665,129.66134684630242,161.6096326145022,3433.732666015625
2021-08-31,3433.732666015625,3466.9921875,3195.216552734375,3227.758056640625,27280502987,0.0649299309148601,3246.4792131696427,3116.2693684895835,98.61026800087126,3224.374267578125,3227.002685546875,3244.4033203125,64.3392113871672,138.50424394961328,156.9885548815244,3834.828125
2021-09-01,3834.828125,3836.867431640625,3387.408447265625,3430.762451171875,30070890104,0.11681033382537342,3333.609619140625,3157.091861979167,241.83031075353546,3433.732666015625,3224.374267578125,3227.002685546875,73.2547962317122,175.8502626937002,160.76089644395955,3790.989990234375
2021-09-02,3790.989990234375,3830.71142578125,3726.75048828125,3825.02783203125,24387397330,-0.011431577462321041,3432.2759835379466,3200.0465413411457,270.03744503327704,3834.828125,3433.732666015625,3224.374267578125,71.160739925332,199.6089132076927,168.53049979670618,3940.61474609375
2021-09-03,3940.61474609375,4022.46923828125,3712.67822265625,3787.486572265625,26207765094,0.039468517786860335,3527.992257254464,3240.5797037760417,317.7156845388346,3790.989990234375,3834.828125,3433.732666015625,73.90283033725547,227.88437304410263,180.40127444618548,3887.828369140625
2021-09-04,3887.828369140625,3969.44873046875,3837.93115234375,3937.91015625,20806963328,-0.013395467548673934,3619.9101213727677,3275.9296875,315.0599475403744,3940.61474609375,3790.989990234375,3834.828125,71.32621310601175,243.2296591072045,192.9669513783893,3952.133544921875
2021-09-05,3952.133544921875,3979.1865234375,3838.4873046875,3886.3310546875,18371468576,0.016540127206146282,3723.500244140625,3311.3027506510416,281.7967289101767,3887.828369140625,3940.61474609375,3790.989990234375,72.58039019813687,257.6102287732988,205.8956068573712,3928.37939453125
2021-09-06,3928.37939453125,3968.426513671875,3868.994384765625,3951.520751953125,18674691198,-0.0060104624807395535,3824.0724051339284,3337.0074381510417,181.88906296793817,3952.133544921875,3887.828369140625,3940.61474609375,71.33908211523972,264.04640977656254,217.5257674412095,3426.394287109375
2021-09-07,3426.394287109375,3945.314208984375,3062.222412109375,3926.527587890625,39131346397,-0.1277842736169259,3823.0240652901784,3350.7628255208333,184.51597395606746,3928.37939453125,3952.133544921875,3887.828369140625,51.351858701156715,226.03552980214272,219.22771991339616,3497.315185546875
2021-09-08,3497.315185546875,3559.121337890625,3224.764892578125,3428.378173828125,31738430771,0.02069840552335589,3774.807931082589,3361.7447916666665,221.3407016352363,3426.394287109375,3928.37939453125,3952.133544921875,53.34083668406122,199.33652992771522,215.24948191625998,3427.340087890625
2021-09-09,3427.340087890625,3562.99267578125,3400.51708984375,3452.54833984375,24118055831,-0.020008233157088995,3722.8579450334823,3371.266422526042,256.752368656013,3497.315185546875,3426.394287109375,3928.37939453125,51.120039625230724,170.5648096440873,206.31254746182546,3211.505859375
2021-09-10,3211.505859375,3512.5712890625,3157.05908203125,3425.56494140625,22355974097,-0.06297426662682348,3618.699532645089,3372.8417805989584,298.23111280326003,3427.340087890625,3497.315185546875,3426.394287109375,44.90925599477029,128.8615597437697,190.82234991821434,3270.278076171875
2021-09-11,3270.278076171875,3346.5263671875,3208.9619140625,3209.030517578125,18627122934,0.01830051675767863,3530.4780622209823,3380.40390625,296.68635674006515,3211.505859375,3427.340087890625,3497.315185546875,46.8045059735221,99.40794751798603,172.53946943816868,3410.134521484375
2021-09-12,3410.134521484375,3462.46826171875,3235.109375,3270.291748046875,16810411424,0.04276591838826538,3453.049630301339,3383.33466796875,231.9697727696134,3270.278076171875,3211.505859375,3427.340087890625,51.11437554253328,86.35554101253729,155.3026837530424,3285.51171875
2021-09-13,3285.51171875,3426.502197265625,3121.51416015625,3407.471923828125,22721552948,-0.036544834800279036,3361.2113909040177,3384.00361328125,104.84161419942008,3410.134521484375,3270.278076171875,3211.505859375,47.42702146064928,65.20376770880193,137.28290054419432,3429.169677734375
2021-09-14,3429.169677734375,3429.169677734375,3273.630859375,3286.31640625,19125420848,0.043724683179346746,3361.6078752790177,3387.959130859375,105.1340436457364,3285.51171875,3410.134521484375,3270.278076171875,51.74819957357798,59.348696831879806,121.69605980173142,3615.28271484375
2021-09-15,3615.28271484375,3615.28271484375,3365.9130859375,3431.21728515625,17548551804,0.054273499009923176,3378.460379464286,3403.251570638021,135.56388696027938,3429.169677734375,3285.51171875,3410.134521484375,56.712252059070074,68.93167620675513,111.14318308273617,3571.294921875
2021-09-16,3571.294921875,3673.310791015625,3489.8056640625,3613.07373046875,20093903064,-0.012167179288121388,3399.0253557477677,3421.799869791667,153.89439657916978,3615.28271484375,3429.169677734375,3285.51171875,55.265100991704905,72.14516458321805,103.34357938283254,3398.538818359375
2021-09-17,3398.538818359375,3589.30517578125,3356.449951171875,3569.568115234375,17722363229,-0.04837351921216426,3425.7443498883927,3434.414835611979,130.34585689255536,3571.294921875,3615.28271484375,3429.169677734375,49.881617176479736,60.0595741181387,94.68677832989377,3432.018310546875
2021-09-18,3432.018310546875,3540.8076171875,3371.892333984375,3397.4228515625,15995220233,0.009851143087328929,3448.85009765625,3442.725374348958,111.11009983644533,3398.538818359375,3571.294921875,3615.28271484375,50.88023400016946,52.57709579016273,86.26484182194756,3329.447998046875
2021-09-19,3329.447998046875,3448.322021484375,3286.17236328125,3433.287841796875,14257609743,-0.029886295240556526,3437.3234514508927,3444.1424641927083,119.65272406537717,3432.018310546875,3398.538818359375,3571.294921875,47.74169748514741,37.93333888602092,76.59854123476224,2958.993408203125
2021-09-20,2958.993408203125,3343.325439453125,2940.839111328125,3329.670654296875,27371684581,-0.11126606874805267,3390.677978515625,3435.2394449869794,214.64034776336615,3329.447998046875,3432.018310546875,3398.538818359375,38.50368806582994,-3.5239118826630147,60.57405061127719,2764.43115234375
2021-09-21,2764.43115234375,3101.697509765625,2676.407470703125,2977.310546875,30405062665,-0.06575285207462656,3295.71533203125,3419.3166341145834,317.2803755141128,2958.993408203125,3329.447998046875,3432.018310546875,34.705415798054375,-51.48514116448632,38.16221225612449,3077.867919921875
2021-09-22,3077.867919921875,3089.0830078125,2741.440673828125,2763.209228515625,23742102645,0.11338201253895797,3218.9417898995534,3411.2703206380206,290.99712642431376,2764.43115234375,2958.993408203125,3329.447998046875,44.24714157173446,-63.47137477034403,17.835494850830788,3155.523681640625
2021-09-23,3155.523681640625,3173.544677734375,3038.097900390625,3077.974365234375,18516291047,0.0252303749670717,3159.5458984375,3410.7059000651043,246.05215873451138,3077.867919921875,2764.43115234375,2958.993408203125,46.3393925634122,-65.94421640682413,1.0795525992998058,2931.669189453125
2021-09-24,2931.669189453125,3159.64404296875,2747.337646484375,3154.56201171875,25595422789,-0.07094052042452526,3092.8502371651784,3400.9310302734375,233.42450207164757,3155.523681640625,3077.867919921875,2764.43115234375,41.50418275099696,-84.98746531182269,-16.13385098292469,2925.565673828125
2021-09-25,2925.565673828125,2968.99462890625,2818.970458984375,2930.884765625,18932786754,-0.002081925084507441,3020.4998604910716,3395.105704752604,184.04215690053218,2931.669189453125,3155.523681640625,3077.867919921875,41.37740962007649,-99.4257616797072,-32.792233122281196,3062.265380859375
2021-09-26,3062.265380859375,3114.857421875,2744.5830078125,2926.343017578125,21172766310,0.046725906122755845,2982.3309151785716,3388.1611897786456,128.66391710457395,2925.565673828125,2931.669189453125,3155.523681640625,45.399951587486726,-98.69994019131491,-45.973774536087944,2934.138916015625
2021-09-27,2934.138916015625,3163.6650390625,2932.69287109375,3065.837890625,19164053681,-0.04184041841853481,2978.7802734375,3377.81904296875,129.7536136569578,3062.265380859375,2925.565673828125,2931.669189453125,42.45916840527647,-107.22740556325789,-58.224500741521936,2807.296630859375
2021-09-28,2807.296630859375,2970.7705078125,2793.360595703125,2928.96337890625,16895079070,-0.04322981589722885,2984.9039132254466,3363.8288411458334,118.47264293967179,2934.138916015625,3062.265380859375,2925.565673828125,39.71641032887964,-122.80497633079722,-71.14059585937699,2853.143310546875
2021-09-29,2853.143310546875,2946.88134765625,2786.98828125,2809.297607421875,15763456158,0.01633125590773976,2952.8003976004466,3351.4544759114583,119.52594043375446,2807.296630859375,2934.138916015625,3062.265380859375,41.19503692858962,-129.952853893476,-82.9030474661968,3001.678955078125
2021-09-30,3001.678955078125,3046.51953125,2840.28955078125,2852.558837890625,17661065099,0.0520603518169509,2930.822579520089,3337.052685546875,85.27398459816804,2853.143310546875,2807.296630859375,2934.138916015625,45.83078111684835,-122.22310137862587,-90.76705824868262,3307.51611328125
2021-10-01,3307.51611328125,3329.853515625,2978.654296875,3001.12939453125,22307625573,0.10188869721917504,2984.5149972098216,3319.475618489583,166.00556531986223,3001.678955078125,2853.143310546875,2807.296630859375,53.890819854386564,-90.37690543336703,-90.6890276856195,3391.6943359375
2021-10-02,3391.6943359375,3464.83740234375,3260.027587890625,3308.870361328125,19202671704,0.02545058580916182,3051.104806082589,3306.165763346354,222.3464484922006,3307.51611328125,3001.678955078125,2853.143310546875,55.83852113566706,-57.681173977371145,-84.08745694396983,3418.358642578125
2021-10-03,3418.358642578125,3484.605712890625,3348.1201171875,3390.767578125,15516566862,0.00786164789618482,3101.975272042411,3288.7572265625,262.44486747541356,3391.6943359375,3307.51611328125,3001.678955078125,56.4658286056524,-29.280457646186733,-73.1260570844132,3380.089111328125
2021-10-04,3380.089111328125,3434.775390625,3283.44873046875,3418.7763671875,17747154101,-0.01119529436534994,3165.682442801339,3271.832584635417,268.9584511717571,3418.358642578125,3391.6943359375,3307.51611328125,55.25272448088102,-9.748343838036817,-60.45051443513793,3518.5185546875
2021-10-05,3518.5185546875,3541.45166015625,3365.817626953125,3381.784423828125,16632591670,0.040954376881792376,3267.285574776786,3257.3787516276043,244.20703218081297,3380.089111328125,3418.358642578125,3391.6943359375,58.70840838713066,16.708491166680233,-45.0187133147743,3580.56201171875
2021-10-06,3580.56201171875,3622.55126953125,3354.4697265625,3516.5703125,21855226591,0.01763340339603814,3371.2025320870534,3245.7848388671873,186.57421231446108,3518.5185546875,3380.089111328125,3418.358642578125,60.192249000845926,42.19570614817758,-27.57582942218393,3587.974853515625
2021-10-07,3587.974853515625,3650.01318359375,3479.9091796875,3576.814453125,19090322927,0.0020703011908782543,3454.9590890066966,3251.170857747396,108.1635026147864,3580.56201171875,3518.5185546875,3380.089111328125,60.37546493296853,62.27479693345322,-9.605704151056502,3563.75927734375
2021-10-08,3563.75927734375,3667.95751953125,3547.828125,3587.832763671875,16222029488,-0.00674909305681104,3491.565255301339,3253.3856608072915,92.11770532246553,3587.974853515625,3580.56201171875,3518.5185546875,59.41346458068895,75.36486714828061,7.3884101088109215,3575.716796875
2021-10-09,3575.716796875,3628.2373046875,3544.640380859375,3559.997802734375,12707036942,0.003355310670748457,3517.854178292411,3258.331551106771,84.83666553412216,3563.75927734375,3587.974853515625,3580.56201171875,59.75447162609731,85.7156374826377,23.05385558357628,3425.852783203125
2021-10-10,3425.852783203125,3603.244873046875,3414.970947265625,3575.0205078125,16171746693,-0.041911600438504726,3518.9247698102677,3265.4764485677083,83.40706487023589,3575.716796875,3563.75927734375,3587.974853515625,53.66835085577115,80.89343494476088,34.6217714558132,3545.35400390625
2021-10-11,3545.35400390625,3622.28955078125,3385.76171875,3419.726806640625,18579189588,0.03488218212091221,3542.5340401785716,3274.645646158854,56.65952647035739,3425.852783203125,3575.716796875,3563.75927734375,57.394778147231484,85.72635443761646,44.842688052173855,3492.5732421875
2021-10-12,3492.5732421875,3546.477783203125,3407.338134765625,3546.477783203125,18109578443,-0.014887303682677766,3538.827566964286,3277.393603515625,59.28038436923584,3545.35400390625,3425.852783203125,3575.716796875,55.27997135019846,84.32546017738787,52.739242477216656,3606.20166015625
2021-10-13,3606.20166015625,3607.74169921875,3417.60205078125,3492.753662109375,16211275589,0.03253429780547168,3542.4903738839284,3288.0832682291666,62.9663604614242,3492.5732421875,3545.35400390625,3425.852783203125,58.79959174391433,91.33129476671138,60.457652935115604,3786.01416015625
2021-10-14,3786.01416015625,3819.258544921875,3590.275146484375,3604.958984375,19443499909,0.049862020193349066,3570.7817034040177,3299.9780843098956,112.11658858043657,3606.20166015625,3492.5732421875,3545.35400390625,63.672090746548136,110.1234011285269,70.39080257379787,3862.634765625
2021-10-15,3862.634765625,3895.46630859375,3735.363525390625,3790.154296875,20966841512,0.020237802139014605,3613.478201729911,3308.223152669271,156.94411706317166,3786.01416015625,3606.20166015625,3492.5732421875,65.54212317306965,129.7037789009205,82.2533978392224,3830.382080078125
2021-10-16,3830.382080078125,3962.453125,3805.885986328125,3865.66650390625,16578095629,-0.008349918515181298,3649.858956473214,3316.8593912760416,175.18808407939977,3862.634765625,3786.01416015625,3606.20166015625,64.04755316685888,140.99356117012803,94.00143050540353,3847.1044921875
2021-10-17,3847.1044921875,3914.89794921875,3660.723388671875,3829.85888671875,15908090346,0.004365729517258554,3710.037772042411,3331.8115804036456,156.8023148284661,3830.382080078125,3862.634765625,3786.01416015625,64.49956227653908,149.56604954167824,105.11435431265848,3748.76025390625
2021-10-18,3748.76025390625,3888.209228515625,3686.75048828125,3847.72998046875,17386204158,-0.02556318355297138,3739.0958077566966,3342.3696451822916,139.03830206730476,3847.1044921875,3830.382080078125,3862.634765625,59.74252057202758,146.73280575858553,113.4380446018439,3877.65087890625
2021-10-19,3877.65087890625,3883.9287109375,3736.7802734375,3747.162841796875,15998757133,0.03438220005285597,3794.1068987165177,3360.643074544271,94.18995714058047,3748.76025390625,3847.1044921875,3830.382080078125,63.53808808843817,153.1227323586295,121.37498215320102,4155.9921875
2021-10-20,4155.9921875,4167.47216796875,3833.2880859375,3877.73095703125,20338319988,0.0717809099596558,3872.6484026227677,3400.543033854167,132.72885698884542,3877.65087890625,3748.76025390625,3847.1044921875,70.09519339061603,178.58796177801014,132.81757807816285,4054.32275390625
2021-10-21,4054.32275390625,4366.08837890625,4032.48388671875,4161.71337890625,28220661820,-0.02446333607159845,3910.978201729911,3443.5394205729167,141.96100421991605,4155.9921875,3877.65087890625,3748.76025390625,65.46420152148377,188.3937797341141,143.9328184093531,3970.181884765625
2021-10-22,3970.181884765625,4162.9755859375,3908.34033203125,4055.6865234375,19432937968,-0.02075337220243678,3926.3420758928573,3473.2832194010416,141.67639663464422,4054.32275390625,4155.9921875,3877.65087890625,61.82385175955941,187.2173708539276,152.589728898268,4171.66357421875
2021-10-23,4171.66357421875,4171.66357421875,3944.6318359375,3971.3564453125,14781537792,0.050748730234816186,3975.0965750558034,3507.154549153646,160.60744928964345,3970.181884765625,4054.32275390625,4155.9921875,66.61176210816487,200.23476509672128,162.11873613795865,4087.903076171875
2021-10-24,4087.903076171875,4185.7294921875,3967.120361328125,4171.85595703125,14978083638,-0.02007844030485162,4009.4963727678573,3545.6956787109375,154.2878410864063,4171.66357421875,3970.181884765625,4054.32275390625,63.07041929205496,201.46995145304254,169.98897920097545,4217.876953125
2021-10-25,4217.876953125,4236.6669921875,4072.03466796875,4084.42578125,15995727040,0.031794755044642464,4076.5130440848216,3588.7727213541666,120.29749955336385,4087.903076171875,4171.66357421875,3970.181884765625,66.0836199072198,210.5100226691784,178.09318789461605,4131.10205078125
2021-10-26,4131.10205078125,4289.13134765625,4106.82373046875,4217.337890625,17157714562,-0.02057312323429894,4112.720354352678,3624.4006103515626,82.75057309722328,4217.876953125,4087.903076171875,4171.66357421875,62.42167479272714,208.2715104986246,184.12885241541778,3930.25732421875
2021-10-27,3930.25732421875,4299.15283203125,3930.25732421875,4132.17333984375,26219530404,-0.04861771122902114,4080.4725167410716,3657.604557291667,104.26471814158563,4131.10205078125,4217.876953125,4087.903076171875,54.84611302614917,188.12242436572797,184.92756680547984,4287.31884765625
2021-10-28,4287.31884765625,4293.15087890625,3905.7060546875,3924.8154296875,25958154575,0.09084940093801008,4113.757672991072,3706.9386311848957,128.8235691592137,3930.25732421875,4131.10205078125,4217.876953125,63.35959142320077,198.6757983607149,187.67721311652684,4414.74658203125
2021-10-29,4414.74658203125,4455.7353515625,4271.70751953125,4288.6865234375,22967641914,0.029722010166018054,4177.26691545759,3758.9920735677083,153.47063838372893,4287.31884765625,3930.25732421875,4131.10205078125,65.83527649781215,214.8451750492577,193.11080550307304,4325.650390625
2021-10-30,4325.650390625,4426.8486328125,4252.494140625,4414.24365234375,14615490626,-0.020181496208386274,4199.265032087053,3803.1244547526044,163.25759778055783,4414.74658203125,4287.31884765625,3930.25732421875,62.64798308113247,217.95772356714133,198.08018911588672,4288.07421875
2021-10-31,4288.07421875,4394.44970703125,4179.01611328125,4322.744140625,17498160238,-0.008686825906328188,4227.860909598215,3835.8097249348957,157.94502014652545,4325.650390625,4414.74658203125,4287.31884765625,61.30006835514954,214.91495187383543,201.4471416674765,4324.626953125
2021-11-01,4324.626953125,4377.322265625,4160.966796875,4288.21728515625,17985288261,0.008524277451908313,4243.110909598215,3866.907478841146,161.92376118999502,4288.07421875,4325.650390625,4414.74658203125,62.153124039708715,212.99772833920724,203.75725900182266,4584.798828125
2021-11-02,4584.798828125,4599.9482421875,4288.6865234375,4322.5009765625,20794448222,0.0601605358843722,4307.924734933035,3905.788818359375,196.68699845162146,4324.626953125,4288.07421875,4325.650390625,67.62355459459255,229.82275715579,208.97035863261613,4607.19384765625
2021-11-03,4607.19384765625,4664.91015625,4462.97607421875,4589.6845703125,21220463155,0.004884624248695513,4404.629952566965,3946.6923095703123,137.5867526632926,4584.798828125,4324.626953125,4288.07421875,68.0516258013291,242.17219431479862,215.61072576905264,4537.32421875
2021-11-04,4537.32421875,4606.51611328125,4426.62255859375,4604.6787109375,18415244464,-0.015165333002385761,4440.345005580357,3980.6524983723957,134.47280078812523,4607.19384765625,4584.798828125,4324.626953125,65.15714564724244,243.5142365714737,221.19142792953687,4486.2431640625
2021-11-05,4486.2431640625,4570.89599609375,4447.4873046875,4537.42333984375,15086003586,-0.011257968843489952,4450.558803013393,4010.8418701171877,134.91893551848577,4537.32421875,4607.19384765625,4584.798828125,63.04587057760832,237.7157611955472,224.49629458273895,4521.5810546875
2021-11-06,4521.5810546875,4530.9970703125,4334.9736328125,4482.64794921875,14429076700,0.007876944992210255,4478.548897879465,4041.9620768229165,124.61717768285274,4486.2431640625,4537.32421875,4607.19384765625,63.91693767005401,233.2827616637469,226.25358799894056,4620.5546875
2021-11-07,4620.5546875,4640.921875,4510.984375,4523.98193359375,13541376033,0.021889164788917004,4526.046107700893,4077.1885904947917,101.05262008179447,4521.5810546875,4486.2431640625,4537.32421875,66.31205464103351,235.04645340406023,228.01216107996453,4812.08740234375
2021-11-08,4812.08740234375,4822.36328125,4619.6494140625,4619.6494140625,19290896267,0.04145232072718552,4595.683314732143,4118.400944010416,106.90677741337439,4620.5546875,4521.5810546875,4486.2431640625,70.40594289130033,249.02863411800627,232.21545568757287,4735.06884765625
2021-11-09,4735.06884765625,4837.58935546875,4718.0390625,4810.0712890625,20834172627,-0.01600522772092372,4617.150460379465,4162.041479492187,118.7843569145437,4812.08740234375,4620.5546875,4521.5810546875,66.88601424364589,251.00147066676072,235.97265868341046,4636.17431640625
2021-11-10,4636.17431640625,4859.5029296875,4485.09326171875,4733.36279296875,22748160545,-0.020885552973311183,4621.29052734375,4198.402156575521,118.88449055388226,4735.06884765625,4812.08740234375,4620.5546875,62.56097879850117,241.797702271434,237.13766740101516,4730.38427734375
2021-11-11,4730.38427734375,4778.05908203125,4580.990234375,4635.45361328125,17933201129,0.020320625262970626,4648.870535714285,4239.662524414062,118.55212625937088,4636.17431640625,4735.06884765625,4812.08740234375,64.89010547511535,239.34656776559223,237.5794474739306,4667.115234375
2021-11-12,4667.115234375,4808.73876953125,4510.92041015625,4724.306640625,18316060208,-0.013375032398906361,4674.709402901785,4275.026310221354,94.46279466878865,4730.38427734375,4636.17431640625,4735.06884765625,62.09619345110896,229.65146388156427,235.99385075545734,4651.46044921875
2021-11-13,4651.46044921875,4702.115234375,4582.1806640625,4666.71923828125,14457436261,-0.0033542744008004943,4693.263602120535,4303.874519856771,68.5829572121765,4667.115234375,4730.38427734375,4636.17431640625,61.39184837027467,218.1896593003421,232.4330124644343,4626.35888671875
2021-11-14,4626.35888671875,4689.8427734375,4516.935546875,4648.6328125,12172962219,-0.005396490580547919,4694.0927734375,4329.3319905598955,67.58522289424764,4651.46044921875,4667.115234375,4730.38427734375,60.21249098972918,204.72071728599076,226.89055342874562,4557.50390625
2021-11-15,4557.50390625,4764.63623046875,4546.59912109375,4627.0908203125,16275851299,-0.01488319046462594,4657.723702566965,4353.569384765625,61.75407557256032,4626.35888671875,4651.46044921875,4667.115234375,56.979019905022085,186.34242276685836,218.7809272963682,4216.365234375
2021-11-16,4216.365234375,4891.70458984375,4144.3349609375,4570.47802734375,27417502801,-0.07485208546001998,4583.623186383928,4365.878076171875,169.93146441269434,4557.50390625,4626.35888671875,4651.46044921875,44.289085472247336,142.60657234996597,203.54605630708775,4287.59375
2021-11-17,4287.59375,4300.306640625,4107.1259765625,4213.91064453125,22183461850,0.016893345729229292,4533.825962611607,4383.839192708333,200.3221060591356,4216.365234375,4557.50390625,4626.35888671875,46.94595674801425,112.3974933854497,185.31634372276014,4000.65087890625
2021-11-18,4000.65087890625,4343.55712890625,3959.227783203125,4287.80224609375,21383250893,-0.06692398763146579,4429.578334263393,4387.939192708333,261.51520023894324,4287.59375,4216.365234375,4557.50390625,38.89802928009283,64.55849885722,161.1647747496521,4298.306640625
2021-11-19,4298.306640625,4311.7138671875,3982.91748046875,3995.7294921875,20626269711,0.07440183378363852,4376.891392299107,4392.6830078125,242.11508331002125,4000.65087890625,4287.59375,4216.365234375,48.71883803717888,50.08671491828227,138.94916278337814,4409.93115234375
2021-11-20,4409.93115234375,4434.38818359375,4209.24267578125,4298.3505859375,15448261277,0.02596941564469657,4342.38720703125,4404.53662109375,211.77345148231157,4298.306640625,4000.65087890625,4287.59375,51.8446749598735,47.082153337781165,120.57576089425875,4269.73291015625
2021-11-21,4269.73291015625,4422.49169921875,4255.455078125,4412.1953125,14094831413,-0.031791480942506056,4291.440638950893,4414.521655273437,171.0544898134704,4409.93115234375,4298.306640625,4000.65087890625,47.89579841382349,33.00769798382407,103.06214831217181,4088.457763671875
2021-11-22,4088.457763671875,4302.02294921875,4033.572265625,4266.50927734375,19752218877,-0.04245585152485365,4224.434047154018,4411.748128255208,138.16718915448553,4269.73291015625,4409.93115234375,4298.306640625,43.3030919653215,7.143851499960874,83.87848894972964,4340.763671875
2021-11-23,4340.763671875,4385.4833984375,4069.7666015625,4089.680419921875,22133497059,0.06171175606728707,4242.20525251116,4420.176814778646,144.79744393591696,4088.457763671875,4269.73291015625,4409.93115234375,50.428032809987485,6.925709735360215,68.48793310685576,4239.9814453125
2021-11-24,4239.9814453125,4376.8759765625,4176.18359375,4340.0361328125,21838037128,-0.023217625786793206,4235.40349469866,4420.913631184896,143.4217445572283,4340.763671875,4088.457763671875,4269.73291015625,47.84178308708353,-1.3637323385901254,54.51760001776659,4274.7431640625
2021-11-25,4274.7431640625,4550.51806640625,4249.7744140625,4271.39453125,18705358318,0.008198554450852713,4274.559535435268,4425.701668294271,99.26834939709549,4239.9814453125,4340.763671875,4088.457763671875,48.816834571274825,-5.0697537516443845,42.6001292638844,4030.908935546875
2021-11-26,4030.908935546875,4550.84228515625,3933.506591796875,4522.208984375,26281795488,-0.05704067335916796,4236.35986328125,4429.056722005208,133.98533271998,4274.7431640625,4239.9814453125,4340.763671875,42.77616878115817,-27.366720338598498,28.60675934338782,4096.912109375
2021-11-27,4096.912109375,4187.68408203125,4033.513916015625,4042.9990234375,16515693874,0.016374265676426303,4191.642857142857,4422.709830729166,117.6391555572335,4030.908935546875,4274.7431640625,4239.9814453125,44.7684792955823,-39.25877179976851,15.033653114756557,4294.45361328125
2021-11-28,4294.45361328125,4297.91650390625,3989.969970703125,4101.64892578125,15953126340,0.048217169085520206,4195.174386160715,4418.700065104166,120.70523244596028,4096.912109375,4030.908935546875,4274.7431640625,50.34105300528197,-32.37021611671298,5.552879268462649,4445.10498046875
2021-11-29,4445.10498046875,4460.8486328125,4284.5048828125,4296.94677734375,19086475837,0.03508045044929298,4246.123988560268,4422.681884765625,141.6123519812895,4294.45361328125,4096.912109375,4030.908935546875,54.14112336386038,-14.586535323102908,1.5249963501495376,4631.47900390625
2021-11-30,4631.47900390625,4753.26611328125,4358.07421875,4447.76806640625,28626354111,0.041927923919998555,4287.654750279018,4434.1287109375,203.2209546338867,4445.10498046875,4294.45361328125,4096.912109375,58.38392064033431,14.380219707624747,4.09604102164458,4586.990234375
2021-12-01,4586.990234375,4780.732421875,4530.2724609375,4623.6796875,27634826695,-0.009605737064494413,4337.227434430803,4442.874153645834,230.18810038325455,4631.47900390625,4445.10498046875,4294.45361328125,57.027596064802054,33.3621319804015,9.949259213395965,4511.30224609375
2021-12-02,4511.30224609375,4628.919921875,4441.5078125,4586.3330078125,21502671027,-0.016500577593133392,4371.021589006697,4440.424267578125,236.75684121613213,4586.990234375,4631.47900390625,4445.10498046875,54.699427569641806,41.81601709497863,16.3226107897125,4220.7060546875
2021-12-03,4220.7060546875,4647.2890625,4100.1455078125,4514.35595703125,25879591528,-0.0644151456839035,4398.135463169643,4427.541341145833,199.20459281233218,4511.30224609375,4586.990234375,4631.47900390625,46.79957647442273,24.781432988865163,18.014375229543035,4119.58740234375
2021-12-04,4119.58740234375,4242.7255859375,3525.494140625,4227.76220703125,38478999182,-0.023957757548988323,4401.374790736607,4413.616780598958,193.59531649041026,4220.7060546875,4511.30224609375,4586.990234375,44.39679758854302,3.08639416618189,15.028779016870807,4198.32275390625
2021-12-05,4198.32275390625,4246.92333984375,4040.217529296875,4119.62890625,25533062707,0.019112436240023678,4387.641810825893,4404.01943359375,205.48832396434452,4119.58740234375,4220.7060546875,4511.30224609375,46.6918300831291,-7.665433210320771,10.489936571432493,4358.7373046875
2021-12-06,4358.7373046875,4375.5205078125,3930.806640625,4199.0,28229518513,0.03820919928845279,4375.303571428572,4398.59130859375,204.05086672354247,4198.32275390625,4119.58740234375,4220.7060546875,51.118641047417164,-3.2052718821787494,7.750894880710244,4315.0615234375
2021-12-07,4315.0615234375,4428.58935546875,4264.32373046875,4358.5869140625,22366213354,-0.01002028298494384,4330.10107421875,4388.408203125,170.059268652029,4358.7373046875,4198.32275390625,4119.58740234375,49.90354609460959,-3.1584240822703578,5.569031088114124,4439.35791015625
2021-12-08,4439.35791015625,4453.1123046875,4234.53759765625,4311.67431640625,18704315119,0.028805240908762686,4309.0107421875,4375.98388671875,139.25535895358394,4315.0615234375,4358.7373046875,4198.32275390625,53.305286271688836,6.829654748011308,5.82115582009356,4119.81591796875
2021-12-09,4119.81591796875,4482.31396484375,4078.84423828125,4433.02490234375,22296131874,-0.07197932643737959,4253.084123883928,4355.475455729166,122.01820390017313,4439.35791015625,4315.0615234375,4358.7373046875,44.86992617313562,-10.913287479665996,2.4742671601416495,3908.49609375
2021-12-10,3908.49609375,4227.11181640625,3897.767578125,4113.58837890625,28014595631,-0.05129351127002291,4208.482700892857,4331.219514973958,179.39630947292727,4119.81591796875,4439.35791015625,4315.0615234375,40.325208076636656,-41.54750696917381,-6.330087665721443,4084.452392578125
2021-12-11,4084.452392578125,4095.6484375,3846.054443359375,3909.667724609375,19131502454,0.0450189266171952,4203.463413783482,4309.688452148437,182.7580393534695,3908.49609375,4119.81591796875,4439.35791015625,45.29384274176666,-51.038800315472145,-15.271830195671583,4134.453125
2021-12-12,4134.453125,4173.60888671875,3993.055908203125,4084.811279296875,14057603914,0.01224172241858712,4194.33918108259,4291.933048502604,184.64210331850626,4084.452392578125,3908.49609375,4119.81591796875,46.653130245020165,-53.90469764070804,-22.998403684678877,3784.226806640625
2021-12-13,3784.226806640625,4145.955078125,3680.609130859375,4136.35986328125,23999841386,-0.08470922459893049,4112.266252790178,4263.025260416666,223.07319263097716,4134.453125,4084.452392578125,3908.49609375,39.289260964907655,-83.47404205079147,-35.0935313579014,3745.4404296875
2021-12-14,3745.4404296875,3866.6337890625,3700.104736328125,3782.82275390625,23836759957,-0.010249485280602655,4030.8918108258927,4233.661311848959,240.01824919732871,3784.226806640625,4134.453125,4084.452392578125,38.563297830618886,-108.78370615124004,-49.83156631656913,4018.388671875
2021-12-15,4018.388671875,4086.372802734375,3664.719970703125,3862.25146484375,26411188833,0.07287480532970947,3970.753348214286,4215.690804036459,160.02494132215733,3745.4404296875,3784.226806640625,4134.453125,46.10965630822586,-105.59986575741732,-60.98522620473877,3962.4697265625
2021-12-16,3962.4697265625,4110.36865234375,3956.05712890625,4020.4150390625,19825531254,-0.013915763227156375,3948.275320870536,4207.227620442708,146.03654095462988,4018.388671875,3745.4404296875,3784.226806640625,44.89304471505632,-106.36275720305639,-70.0607324044023,3879.486572265625
2021-12-17,3879.486572265625,3992.79248046875,3711.424560546875,3959.012451171875,23143541098,-0.020942280956898096,3944.131103515625,4193.624047851563,147.7550399737625,3962.4697265625,4018.388671875,3745.4404296875,43.07662026963643,-112.36809178724707,-78.52220428097125,3960.860107421875
2021-12-18,3960.860107421875,3993.829833984375,3774.614990234375,3880.29150390625,19530895889,0.020975336205050432,3926.4750627790177,4192.297688802083,135.02898208160914,3879.486572265625,3962.4697265625,4018.388671875,45.40919570723255,-109.30124181325391,-84.67801178742779,3922.592529296875
2021-12-19,3922.592529296875,4018.658447265625,3894.398681640625,3960.872314453125,16167785597,-0.009661431377819718,3896.2092633928573,4179.7738850911455,99.7872949708816,3960.860107421875,3879.486572265625,3962.4697265625,44.485985258296985,-108.70552522464641,-89.48351447487153,3933.844482421875
2021-12-20,3933.844482421875,3980.0986328125,3759.4033203125,3923.69580078125,21589690675,0.0028684990961875823,3917.5832170758927,4163.904329427083,87.00904478311402,3922.592529296875,3960.860107421875,3879.486572265625,44.84108815223362,-106.1023945971092,-92.80729049931907,4020.260009765625
2021-12-21,4020.260009765625,4058.8212890625,3918.837890625,3938.4638671875,16388555198,0.021967194618366825,3956.8431570870534,4155.588566080729,50.897654700169255,3933.844482421875,3922.592529296875,3960.860107421875,47.612662030397445,-95.96021435042485,-93.43787526954023,3982.099609375
2021-12-22,3982.099609375,4073.79150390625,3947.690185546875,4018.69580078125,13921756199,-0.009492022978098258,3951.659005301339,4152.043294270833,45.10236044703302,4020.260009765625,3933.844482421875,3922.592529296875,46.501484605525185,-89.96463254329547,-92.74322672429128,4108.015625
2021-12-23,4108.015625,4149.02685546875,3897.234375,3981.961669921875,18007273742,0.03162050877094025,3972.4512765066966,4144.285026041666,74.73244336033089,3982.099609375,4020.260009765625,3933.844482421875,50.59837995379839,-74.19741896884034,-89.03406517320109,4047.98291015625
2021-12-24,4047.98291015625,4134.1064453125,4029.064453125,4111.34521484375,12769090623,-0.01461355562486455,3996.5221819196427,4137.885074869791,66.47851855922897,4108.015625,3982.099609375,4020.260009765625,48.68415713108003,-65.78756884569066,-84.384765907699,4093.281005859375
2021-12-25,4093.281005859375,4138.56494140625,4027.927001953125,4049.781982421875,10894785525,0.011190288276532456,4015.439453125,4131.836336263021,73.1457505973468,4047.98291015625,4108.015625,3982.099609375,50.2146594937525,-54.83541574330775,-78.47489587482076,4067.328125
2021-12-26,4067.328125,4105.02392578125,4013.0263671875,4094.151611328125,11197244172,-0.0063403613927860425,4036.115966796875,4133.050309244792,62.15714019582327,4093.281005859375,4047.98291015625,4108.015625,49.30729039200291,-47.70007927018514,-72.31993255389364,4037.547607421875
2021-12-27,4037.547607421875,4126.00146484375,4033.492431640625,4064.746337890625,11424360002,-0.007321887161027885,4050.9306989397323,4131.0714925130205,43.18047306229381,4067.328125,4093.281005859375,4047.98291015625,48.23031710006068,-43.9417791134847,-66.64430186581185,3800.89306640625
2021-12-28,3800.89306640625,4037.5380859375,3769.280029296875,4037.5380859375,17299472803,-0.058613436676413055,4019.5925641741073,4114.619474283854,104.79415950464879,4037.547607421875,4067.328125,4093.281005859375,40.63477257702968,-59.374905862461674,-65.19042266514182,3628.53173828125
2021-12-29,3628.53173828125,3827.98193359375,3612.7958984375,3797.436279296875,15722555672,-0.045347586768066606,3969.0828683035716,4087.4003662109376,182.37102175126884,3800.89306640625,4037.547607421875,4067.328125,36.16727562090942,-84.53937144656084,-69.06021242142563,3713.85205078125
2021-12-30,3713.85205078125,3767.559814453125,3595.204833984375,3632.2197265625,12925377999,0.02351372914831229,3912.7737862723216,4056.8128011067706,192.87327780308595,3628.53173828125,3800.89306640625,4037.547607421875,39.70131636387027,-96.4855304204666,-74.54527602123383,3682.6328125
2021-12-31,3682.6328125,3807.288818359375,3636.869873046875,3713.43017578125,14157285268,-0.008406161003285728,3860.5809151785716,4026.6675537109377,199.50576341691144,3713.85205078125,3628.53173828125,3800.89306640625,38.85366987811899,-107.23593004444774,-81.08340682587662,3769.697021484375
2022-01-01,3769.697021484375,3769.91796875,3682.28662109375,3683.047119140625,9776191466,0.023641838167751006,3814.3546316964284,4001.9473795572917,172.22454468781456,3682.6328125,3713.85205078125,3628.53173828125,42.53827186226633,-107.4912529072808,-86.36497604215747,3829.56494140625
2022-01-02,3829.56494140625,3836.161865234375,3727.357421875,3769.29833984375,9881471548,0.01588136117589123,3780.3884626116073,3988.9093424479165,132.9960046196344,3769.697021484375,3682.6328125,3713.85205078125,44.99285898747657,-101.69053216037901,-89.43008726580177,3761.38037109375
2022-01-03,3761.38037109375,3836.19873046875,3698.047607421875,3829.53564453125,12080777893,-0.017804782359288618,3740.9360002790177,3976.9691080729167,70.07451719846259,3829.56494140625,3769.697021484375,3682.6328125,42.752890671488146,-101.42616644730333,-91.82930310210209,3794.056640625
2022-01-04,3794.056640625,3876.78515625,3723.349853515625,3761.361572265625,14030925983,0.008687307931515731,3739.9593680245534,3963.4935709635415,69.14104393899524,3761.38037109375,3829.56494140625,3769.697021484375,44.186943454998584,-97.45653458473907,-92.95474939862949,3550.386962890625
2022-01-05,3550.386962890625,3842.059814453125,3456.745361328125,3794.26904296875,18061338502,-0.06422404850925867,3728.795828683036,3936.5485595703126,92.49514544512446,3794.056640625,3761.38037109375,3829.56494140625,36.78655671370534,-112.67384534262646,-96.89856858742888,3418.408203125
2022-01-06,3418.408203125,3549.708984375,3335.376708984375,3549.708984375,24293791313,-0.0371730634280415,3686.5895647321427,3906.660115559896,149.98871744802315,3550.386962890625,3794.056640625,3761.38037109375,33.5127175559502,-133.84042753774338,-104.28694037749179,3193.21044921875
2022-01-07,3193.21044921875,3420.4619140625,3117.38134765625,3417.837890625,24494179209,-0.06587795854818668,3616.6720842633927,3865.121866861979,239.5021953208643,3418.408203125,3550.386962890625,3794.056640625,28.802480299689307,-166.86317825820242,-116.80218795363393,3091.97265625
2022-01-08,3091.97265625,3240.304443359375,3020.880859375,3193.50244140625,16037732700,-0.031704077942472875,3519.854317801339,3830.8604248046877,297.33396162347736,3193.21044921875,3418.408203125,3550.386962890625,26.9674773880172,-198.9100783670865,-133.22376603632446,3157.75146484375
2022-01-09,3157.75146484375,3206.790771484375,3075.911376953125,3091.6962890625,12334683863,0.021274058960640163,3423.8809640066966,3805.8356038411457,289.0116842172093,3091.97265625,3193.21044921875,3418.408203125,30.08428290256232,-216.50395465155907,-149.87980375937138,3083.097900390625
2022-01-10,3083.097900390625,3177.21337890625,2947.68359375,3157.570556640625,19535744145,-0.02364136800640171,3326.983468191964,3772.4571207682293,270.08328822842924,3157.75146484375,3091.97265625,3193.21044921875,28.592861891310193,-233.77631922224646,-166.6591068519464,3238.111572265625
2022-01-11,3238.111572265625,3247.511962890625,3061.140625,3082.990966796875,15211447193,0.05027854349203764,3247.562744140625,3742.579069010417,174.76517630747222,3083.097900390625,3157.75146484375,3091.97265625,35.71889839043297,-232.27891799019517,-179.78306907959617,3372.25830078125
2022-01-12,3372.25830078125,3401.219970703125,3216.718017578125,3238.449951171875,16662871689,0.04142745718356022,3222.115792410714,3728.846785481771,130.7483868712771,3238.111572265625,3083.097900390625,3157.75146484375,41.188589208958206,-217.75752366195456,-187.37795999606786,3248.28857421875
2022-01-13,3248.28857421875,3396.9697265625,3247.91748046875,3372.10498046875,15294466275,-0.03676163434271329,3197.81298828125,3712.2750569661457,100.49109745006068,3372.25830078125,3238.111572265625,3083.097900390625,37.97290405974013,-213.78811855892354,-192.65999170863898,3310.00146484375
2022-01-14,3310.00146484375,3330.76611328125,3203.82373046875,3248.648681640625,13562957230,0.018998586244709736,3214.4974190848216,3688.662150065104,108.9397718078088,3248.28857421875,3372.25830078125,3238.111572265625,40.464719852848695,-203.3188883165608,-194.79177103022334,3330.53076171875
2022-01-15,3330.53076171875,3364.537841796875,3278.6708984375,3309.84423828125,9619999078,0.006202201749167191,3248.5771484375,3667.597517903646,101.26587670997279,3310.00146484375,3248.28857421875,3372.25830078125,41.30938776256538,-191.16181087378027,-194.06577899893475,3350.921875
2022-01-16,3350.921875,3376.401123046875,3291.563720703125,3330.38720703125,9505934874,0.006122481592311324,3276.172921316964,3649.978694661458,98.67718260757594,3330.53076171875,3310.00146484375,3248.28857421875,42.18677305471713,-177.83191140900908,-190.81900548094964,3212.304931640625
2022-01-17,3212.304931640625,3355.8193359375,3157.22412109375,3350.947265625,12344309617,-0.04136680845756069,3294.6310686383927,3625.02685546875,61.69731515772187,3350.921875,3330.53076171875,3310.00146484375,38.025236637502694,-176.41944535662878,-187.93909345608546,3164.025146484375
2022-01-18,3164.025146484375,3236.01611328125,3096.12353515625,3212.28759765625,13024154091,-0.015029639521672689,3284.047293526786,3599.741276041667,77.37214351023006,3212.304931640625,3350.921875,3330.53076171875,36.66847385477907,-177.1537132727076,-185.7820174194099,3095.825927734375
2022-01-19,3095.825927734375,3171.158447265625,3055.21240234375,3163.850341796875,13187424144,-0.021554575451392277,3244.556954520089,3571.80732421875,93.67353251592435,3164.025146484375,3212.304931640625,3350.921875,34.7806212402904,-181.15054218675596,-184.85572237287911,3001.1201171875
2022-01-20,3001.1201171875,3265.3369140625,3000.908203125,3095.271728515625,10645922764,-0.030591452089873683,3209.2471749441966,3537.8359944661456,131.128746665953,3095.825927734375,3164.025146484375,3212.304931640625,32.294162877189294,-189.77244668227968,-185.83906723475923,2557.931640625
2022-01-21,2557.931640625,3029.0810546875,2496.81298828125,3002.956787109375,26796291874,-0.14767435465989753,3101.8086286272323,3490.363728841146,269.6997401069444,3001.1201171875,3095.825927734375,3164.025146484375,23.74081699942562,-229.71891760333347,-194.6150373084741,2405.18115234375
2022-01-22,2405.18115234375,2615.247314453125,2330.247314453125,2561.145263671875,27369692036,-0.05971640752836038,2969.6158272879466,3433.602579752604,352.86427238344356,2557.931640625,3001.1201171875,3095.825927734375,21.61580116465649,-270.5833549388076,-209.80870083454082,2535.0390625
2022-01-23,2535.0390625,2542.144775390625,2381.51513671875,2406.92431640625,16481489511,0.053990906269038685,2853.0611397879466,3383.1711181640626,340.4523619569491,2405.18115234375,2557.931640625,3001.1201171875,27.55269433658698,-289.1570454320413,-225.67836975404092,2440.352294921875
2022-01-24,2440.352294921875,2537.20849609375,2172.30126953125,2535.89111328125,28220804648,-0.03735120652726631,2742.7821916852677,3328.073494466146,329.5424172131094,2535.0390625,2405.18115234375,2557.931640625,26.005982055328133,-307.96720553488694,-242.13613691021013,2455.93505859375
2022-01-25,2455.93505859375,2498.507080078125,2359.384765625,2440.3935546875,16179776932,0.006385456601614825,2641.62646484375,3274.360392252604,284.2526785980632,2440.352294921875,2535.0390625,2405.18115234375,26.734906383589973,-317.9518432081927,-257.29927816980666,2468.0302734375
2022-01-26,2468.0302734375,2705.7841796875,2417.68310546875,2455.5791015625,21229909340,0.0049248919678990255,2551.9413713727677,3222.043147786458,205.07400509140322,2455.93505859375,2440.352294921875,2535.0390625,27.33328374743894,-321.1863217600485,-270.07668688785503,2423.001220703125
2022-01-27,2423.001220703125,2510.45166015625,2328.4521484375,2467.1884765625,16126522783,-0.018244935331225953,2469.352957589286,3176.113419596354,56.93589891197053,2468.0302734375,2455.93505859375,2440.352294921875,26.466639697413157,-323.6522755813671,-280.79180462655745,2547.092041015625
2022-01-28,2547.092041015625,2548.778564453125,2367.833740234375,2421.64697265625,14666227351,0.05121368460412512,2467.804443359375,3140.0654296875,54.20728155095786,2423.001220703125,2468.0302734375,2455.93505859375,32.7908843043916,-311.9969628457179,-287.03283627038957,2597.084716796875
2022-01-29,2597.084716796875,2627.609375,2526.98974609375,2546.590576171875,11172062661,0.019627353458854913,2495.21923828125,3102.839851888021,64.75761460638857,2547.092041015625,2423.001220703125,2468.0302734375,35.20853447778087,-295.3217669039468,-288.69062239710104,2603.466552734375
2022-01-30,2603.466552734375,2631.408447265625,2550.4609375,2598.56494140625,9501221177,0.0024573075711489256,2504.9945940290177,3066.867643229167,75.96518009653191,2597.084716796875,2547.092041015625,2423.001220703125,35.52736846620709,-278.3825721522294,-286.6290123481267,2688.27880859375
2022-01-31,2688.27880859375,2697.7353515625,2489.072265625,2603.263427734375,13778234614,0.03257666428258821,2540.412667410714,3030.8203694661456,95.96670303013673,2603.466552734375,2597.084716796875,2547.092041015625,39.76928838876574,-255.17302226791708,-280.3378143320848,2792.1171875
2022-02-01,2792.1171875,2802.3154296875,2682.621826171875,2687.89892578125,13194846235,0.03862634283851252,2588.4386858258927,2996.238777669271,126.04949984767084,2688.27880859375,2603.466552734375,2597.084716796875,44.57723081329893,-225.7975438729527,-269.4297602402584,2682.85400390625
2022-02-02,2682.85400390625,2802.212158203125,2630.120361328125,2791.958984375,13876301217,-0.039132735575322264,2619.1277901785716,2960.2878987630206,117.7243794516264,2792.1171875,2688.27880859375,2603.466552734375,40.87940488628114,-208.92552793710638,-257.328913779628,2679.16259765625
2022-02-03,2679.16259765625,2712.482666015625,2587.783447265625,2682.22607421875,12755505065,-0.0013759251322007504,2655.7222726004466,2923.124763997396,80.53842866630431,2682.85400390625,2792.1171875,2688.27880859375,40.75639731588488,-193.62026548951007,-244.58718412160442,2983.5869140625
2022-02-04,2983.5869140625,2983.5869140625,2675.44384765625,2681.0576171875,18987223729,0.11362666703116964,2718.078683035714,2904.2314290364584,133.78781297418547,2679.16259765625,2682.85400390625,2792.1171875,53.249849720971596,-155.13790339714024,-226.6973279767116,3014.648193359375
2022-02-05,3014.648193359375,3054.130126953125,2966.781005859375,2984.446044921875,13102093957,0.010410717097086852,2777.7306082589284,2890.7727620442706,161.14204019542007,2983.5869140625,2679.16259765625,2682.85400390625,54.30861576364374,-120.74212844186195,-205.50628806974166,3057.47607421875
2022-02-06,3057.47607421875,3061.26123046875,2965.429931640625,3014.959716796875,9466018022,0.014206593311191451,2842.589111328125,2886.248282877604,170.4130909704563,3014.648193359375,2983.5869140625,2679.16259765625,55.795163009390286,-89.001423910433,-182.20531523787994,3142.470703125
2022-02-07,3142.470703125,3182.5283203125,3002.927001953125,3057.422119140625,15197063785,0.027798951436755814,2907.4736676897323,2887.9315511067707,187.47932749754347,3057.47607421875,3014.648193359375,2983.5869140625,58.66904803316504,-56.33889100114584,-157.03203039053312,3122.608642578125
2022-02-08,3122.608642578125,3219.47265625,3038.3779296875,3143.008544921875,17136080906,-0.00632052369720526,2954.6867327008927,2886.7601236979167,195.04846183184708,3142.470703125,3057.47607421875,3014.648193359375,57.72460007654587,-31.69098667423441,-131.9638216472734,3239.45703125
2022-02-09,3239.45703125,3263.15576171875,3063.16015625,3121.1826171875,13951308490,0.037420119536786256,3034.2014508928573,2891.9720947265623,178.51534593492354,3122.608642578125,3142.470703125,3057.47607421875,61.63717510885073,-2.697560693009109,-106.11056945642054,3077.482177734375
2022-02-10,3077.482177734375,3271.316162109375,3070.378173828125,3240.113037109375,18629485080,-0.05000061799033162,3091.104248046875,2886.617781575521,85.98595635945455,3239.45703125,3122.608642578125,3142.470703125,54.15507268707321,7.127756939958999,-83.46290417714464,2927.383544921875
2022-02-11,2927.383544921875,3127.45068359375,2888.707763671875,3077.4130859375,16043881065,-0.04877319319619966,3083.0751953125,2871.788623046875,99.29311813703991,3077.482177734375,3239.45703125,3122.608642578125,48.303491075286466,2.7707472606316514,-66.21617388958938,2917.36279296875
2022-02-12,2917.36279296875,2980.079345703125,2870.177001953125,2927.386474609375,11254355757,-0.0034231086563658586,3069.1772809709823,2860.757763671875,115.88861131074047,2927.383544921875,3077.482177734375,3239.45703125,47.93113359503406,-1.473816003029242,-53.26770231227736,2883.46337890625
2022-02-13,2883.46337890625,2947.776611328125,2845.397705078125,2916.78955078125,9054963563,-0.011619882910758439,3044.3183244977677,2846.539827473958,135.77431185075775,2917.36279296875,2927.383544921875,3077.482177734375,46.62180923271697,-7.48675967039253,-44.1115137839004,2933.47900390625
2022-02-14,2933.47900390625,2957.963623046875,2840.257568359375,2880.187744140625,12164552172,0.01734567720397817,3014.4623674665177,2833.3047688802085,133.5538598709168,2883.46337890625,2917.36279296875,2927.383544921875,48.842249917337696,-8.122585795302712,-36.91372818618087,3179.877197265625
2022-02-15,3179.877197265625,3185.520751953125,2917.857177734375,2933.72900390625,13921257873,0.08399521286202116,3022.6435895647323,2827.603279622396,142.72217957178972,2933.47900390625,2883.46337890625,2917.36279296875,58.09128058789713,11.12752124997769,-27.305478298949158,3127.830078125
2022-02-16,3127.830078125,3181.616943359375,3055.168212890625,3180.44677734375,12352406833,-0.01636765067071777,3006.6968819754466,2824.787451171875,118.66884577820872,3179.877197265625,2933.47900390625,2883.46337890625,55.79652824991761,21.930797650304157,-17.458223109098498,2881.48193359375
2022-02-17,2881.48193359375,3154.615234375,2861.85205078125,3126.8583984375,15860206214,-0.07876007915331673,2978.696847098214,2815.369344075521,122.2524582443105,3127.830078125,3179.877197265625,2933.47900390625,46.444667853491026,10.493275634958536,-11.867923360287092,2785.7275390625
2022-02-18,2785.7275390625,2937.30859375,2761.643310546875,2884.340576171875,15748173433,-0.03323095432766643,2958.460274832589,2805.0327311197916,142.25062867158664,2881.48193359375,3127.830078125,3179.877197265625,43.39977235812777,-6.225854574827281,-10.73950960319513,2763.701171875
2022-02-19,2763.701171875,2826.347900390625,2707.37841796875,2784.872802734375,9774183169,-0.00790686342387692,2936.508614676339,2797.1187662760417,160.35399674301698,2785.7275390625,2881.48193359375,3127.830078125,42.706192885431406,-21.011027425658085,-12.79381316768772,2628.6484375
2022-02-20,2628.6484375,2763.756591796875,2585.9462890625,2763.756591796875,11641437834,-0.048866619788482835,2900.1064801897323,2799.4759928385415,198.7329487510108,2763.701171875,2785.7275390625,2881.48193359375,38.62979664970471,-43.128847900803066,-18.86082011431079,2573.816162109375
2022-02-21,2573.816162109375,2752.45849609375,2568.25439453125,2627.66552734375,18646392740,-0.02085949365019457,2848.72607421875,2805.097159830729,232.3218790906273,2628.6484375,2763.701171875,2785.7275390625,37.08216300223179,-64.34021243071538,-27.95669857759171,2639.29931640625
2022-02-22,2639.29931640625,2648.916748046875,2510.6787109375,2572.898681640625,16360200507,0.02544204798341476,2771.500662667411,2808.572501627604,189.8652523470838,2573.816162109375,2628.6484375,2763.701171875,40.16519226736697,-75.00185367199902,-37.36572959647317,2590.359619140625
2022-02-23,2590.359619140625,2741.368408203125,2587.412841796875,2639.447021484375,13382637240,-0.01854268553832039,2694.719168526786,2813.572745768229,116.09372989477524,2639.29931640625,2573.816162109375,2628.6484375,38.6412402557699,-86.40429085177902,-47.17344184753435,2598.067138671875
2022-02-24,2598.067138671875,2689.047607421875,2308.914794921875,2588.166259765625,29312342666,0.002975463126547284,2654.2313406808034,2818.310481770833,85.49167577323941,2590.359619140625,2639.29931640625,2573.816162109375,39.03356911118061,-93.73831510863738,-56.48641649975496,2764.53564453125
2022-02-25,2764.53564453125,2821.972412109375,2579.2080078125,2598.436279296875,17208902048,0.0640739815309288,2651.203927176339,2828.193994140625,80.27514392232929,2598.067138671875,2590.359619140625,2639.29931640625,46.92674109137671,-85.1365636731357,-62.21644593443111,2781.11181640625
2022-02-26,2781.11181640625,2849.424072265625,2745.009033203125,2764.989501953125,11724648351,0.005996005841990337,2653.691162109375,2840.1310139973957,84.50021464134453,2764.53564453125,2598.067138671875,2590.359619140625,47.65349161945512,-76.1047667729772,-64.99411010214033,2621.8017578125
2022-02-27,2621.8017578125,2831.12548828125,2581.61572265625,2780.50439453125,16150857254,-0.05728286710874153,2652.713065011161,2842.621337890625,84.87718281887615,2781.11181640625,2764.53564453125,2598.067138671875,41.73807121048946,-80.86977653363147,-68.16924338843856,2919.201171875
2022-02-28,2919.201171875,2929.180419921875,2586.38818359375,2621.172119140625,19266124733,0.1134332194172587,2702.053780691964,2853.3585530598957,123.1357402928012,2621.8017578125,2781.11181640625,2764.53564453125,53.373991148427244,-59.95728361139618,-66.52685143303009,2972.485107421875
2022-03-01,2972.485107421875,3029.651611328125,2868.93896484375,2919.77587890625,18757425786,0.018252916606172453,2749.6517508370534,2865.659171549479,155.0862531949677,2919.201171875,2621.8017578125,2781.11181640625,55.10406160070669,-38.639007590390975,-60.94928266450227,2950.118408203125
2022-03-02,2950.118408203125,3026.8681640625,2919.943115234375,2972.471923828125,16636517503,-0.0075245790678323266,2801.0458635602677,2874.387158203125,153.0979475788903,2972.485107421875,2919.201171875,2621.8017578125,54.195017002243254,-23.280562125966753,-53.41553855679517,2834.468994140625
2022-03-03,2834.468994140625,2964.67333984375,2797.3193359375,2950.15673828125,13091199728,-0.03920161771843611,2834.817557198661,2875.7988850911456,124.20879006686586,2950.118408203125,2972.485107421875,2919.201171875,49.63548688622307,-20.20788076565168,-46.77400699856648,2617.156005859375
2022-03-04,2617.156005859375,2835.17626953125,2587.748291015625,2834.9873046875,14496939024,-0.07666797157791327,2813.7633231026784,2873.608951822917,148.26832626969696,2834.468994140625,2950.118408203125,2972.485107421875,42.41442245757549,-34.90572912669313,-44.40035142419181,2664.8310546875
2022-03-05,2664.8310546875,2679.1025390625,2596.989990234375,2618.4736328125,8072368396,0.018216357267732075,2797.151785714286,2873.1312337239583,158.68421309517282,2617.156005859375,2834.468994140625,2950.118408203125,44.32795671122098,-42.22021350160003,-43.964323839673455,2555.037353515625
2022-03-06,2555.037353515625,2673.63720703125,2555.037353515625,2664.943603515625,8872976607,-0.04120099883208184,2787.614013671875,2858.8462483723956,172.39444076438818,2664.8310546875,2617.156005859375,2834.468994140625,40.95292109006473,-56.22826473209989,-46.41711201815875,2497.771240234375
2022-03-07,2497.771240234375,2639.943115234375,2455.59375,2555.297607421875,14594098731,-0.02241302390450539,2727.409737723214,2841.6170166015627,191.329048348321,2555.037353515625,2664.8310546875,2617.156005859375,39.27333082172231,-71.13069265612876,-51.35982814575275,2576.74755859375
2022-03-08,2576.74755859375,2618.166015625,2489.755126953125,2497.721435546875,13922922903,0.031618715552175436,2670.875802176339,2825.592732747396,163.2510248867363,2497.771240234375,2555.037353515625,2664.8310546875,42.75993346206201,-75.69567269721392,-56.226997056044986,2729.783447265625
2022-03-09,2729.783447265625,2761.79638671875,2573.6552734375,2577.165283203125,14173665398,0.0593911064983772,2639.3993791852677,2811.836490885417,114.35595302866264,2576.74755859375,2497.771240234375,2555.037353515625,48.884264993618544,-66.20160414364409,-58.22191847356481,2608.048583984375
2022-03-10,2608.048583984375,2729.116455078125,2566.193115234375,2729.116455078125,13292477213,-0.04459506244101141,2607.0536063058034,2794.6844889322915,75.35546704040861,2729.783447265625,2576.74755859375,2497.771240234375,44.77988205283631,-67.71984033472336,-60.12150284579653,2559.56298828125
2022-03-11,2559.56298828125,2664.55859375,2534.688232421875,2608.271240234375,12382419582,-0.018590756322895086,2598.8260323660716,2772.0213541666667,77.19037935557566,2608.048583984375,2729.783447265625,2576.74755859375,43.223275321124646,-72.00540236006646,-62.49828274865052,2574.754150390625
2022-03-12,2574.754150390625,2606.438720703125,2559.126953125,2559.66064453125,6532996574,0.005935060859578956,2585.9579031808034,2755.2637532552085,71.66333241790153,2559.56298828125,2608.048583984375,2729.783447265625,43.88148621454889,-73.33063144401694,-64.6647524877238,2518.944580078125
2022-03-13,2518.944580078125,2594.5498046875,2503.88525390625,2573.488037109375,8632000379,-0.021675689037740864,2580.8017926897323,2741.64912109375,75.45683758870148,2574.754150390625,2559.56298828125,2608.048583984375,41.95705627690966,-77.9852851222513,-67.3288590146293,2590.696044921875
2022-03-14,2590.696044921875,2604.034423828125,2505.29931640625,2518.486328125,11244398839,0.02848473341224711,2594.0767647879466,2730.7602294921876,65.99577692304685,2518.944580078125,2574.754150390625,2559.56298828125,45.27964407767852,-75.01960878436057,-68.86700896857556,2620.149658203125
2022-03-15,2620.149658203125,2662.32958984375,2515.765869140625,2590.6689453125,12861105614,0.011368996119395458,2600.2770647321427,2721.98310546875,66.13501817997266,2590.696044921875,2518.944580078125,2574.754150390625,46.63020767825326,-69.49157288711785,-68.99192175228403,2772.0556640625
2022-03-16,2772.0556640625,2781.30712890625,2610.764404296875,2620.028564453125,17915109769,0.057976079871540964,2606.3159528459823,2716.602327473958,80.33653243431931,2620.149658203125,2590.696044921875,2518.944580078125,53.06434151175839,-52.25070585762296,-65.64367857335182,2814.8544921875
2022-03-17,2814.8544921875,2826.16064453125,2751.560791015625,2771.964111328125,12685265194,0.015439382650158429,2635.8596540178573,2704.4349039713543,112.61975780543172,2772.0556640625,2620.149658203125,2590.696044921875,54.720632155941296,-34.73330288314537,-59.461603435310536,2945.343017578125
2022-03-18,2945.343017578125,2973.6162109375,2774.855712890625,2814.4345703125,15830879093,0.04635711215367966,2690.9710867745534,2698.352001953125,155.34753515022862,2814.8544921875,2772.0556640625,2620.149658203125,59.422244164877036,-10.203679690975605,-49.61001868644355,2946.257080078125
2022-03-19,2946.257080078125,2979.987060546875,2910.80224609375,2944.7216796875,11576463120,0.00031034161201071164,2744.0429338727677,2700.5111735026044,171.63204608363137,2945.343017578125,2814.8544921875,2772.0556640625,59.45400432285133,9.203883974581913,-37.84723815423847,2860.459228515625
2022-03-20,2860.459228515625,2956.965576171875,2826.107421875,2946.547607421875,12684727326,-0.029120965764543816,2792.830740792411,2703.002229817708,143.15905461306576,2946.257080078125,2945.343017578125,2814.8544921875,55.09495608681735,17.460079497031074,-26.78577462398456,2897.9765625
2022-03-21,2897.9765625,2954.556640625,2838.25048828125,2860.103271484375,15206116098,0.013115842942408973,2836.727957589286,2707.478076171875,115.23565605354797,2860.459228515625,2946.257080078125,2945.343017578125,56.59362040867077,26.7224692470254,-16.08412584978257,2973.131103515625
2022-03-22,2973.131103515625,3040.3828125,2892.54443359375,2897.774169921875,16830539230,0.025933453702879916,2887.153878348214,2718.960831705729,74.80617467768776,2897.9765625,2860.459228515625,2946.257080078125,59.508878374910736,39.670031790324174,-4.933294321761222,3031.067138671875
2022-03-23,3031.067138671875,3036.752197265625,2933.306640625,2973.14501953125,16008767658,0.019486538985025836,2924.155517578125,2734.202530924479,72.40552585355198,2973.131103515625,2897.9765625,2860.459228515625,61.647319868279546,53.98373138183706,6.850110818958435,3108.06201171875
2022-03-24,3108.06201171875,3118.3876953125,3012.32666015625,3031.060791015625,18070503166,0.02540190286930155,2966.042306082589,2749.8279541015627,82.71308252216195,3031.067138671875,2973.131103515625,2897.9765625,64.34249065056918,70.7250103204442,19.62509071925559,3106.67138671875
2022-03-25,3106.67138671875,3183.9580078125,3087.49072265625,3108.448974609375,17030503831,-0.0004474251140281771,2989.0892159598216,2767.0383463541666,97.19283368100822,3108.06201171875,3031.067138671875,2973.131103515625,64.25466363308843,82.92448088122865,32.284968751650204,3143.178955078125
2022-03-26,3143.178955078125,3146.825439453125,3091.825439453125,3106.4052734375,8876420740,0.011751345351635134,3017.2209123883927,2785.208740234375,110.33886512571142,3106.67138671875,3108.06201171875,3031.067138671875,65.58286092741594,94.44974696314648,44.71792439394946,3291.57763671875
2022-03-27,3291.57763671875,3291.57763671875,3129.997802734375,3143.795654296875,13431866834,0.047212927981994834,3078.809256417411,2802.776806640625,127.27497054041667,3143.178955078125,3106.67138671875,3108.06201171875,70.3978783324972,114.24123491360888,58.62258649788134,3336.634521484375
2022-03-28,3336.634521484375,3424.019287109375,3279.027099609375,3292.322509765625,20620450770,0.013688537758611341,3141.474679129464,2821.294230143229,131.3254395563723,3291.57763671875,3143.178955078125,3106.67138671875,71.69277808001007,132.03977343258384,73.30602388482185,3401.98779296875
2022-03-29,3401.98779296875,3470.186279296875,3335.021240234375,3335.021240234375,19533323636,0.0195865837458582,3202.739920479911,2847.300431315104,139.48222162444114,3336.634521484375,3291.57763671875,3143.178955078125,73.50326941832223,149.69313696691506,88.5834465012405,3385.157958984375
2022-03-30,3385.157958984375,3435.2861328125,3349.237060546875,3401.526123046875,15302506131,-0.004947058898670642,3253.3243233816966,2862.83232421875,130.78294036005886,3401.98779296875,3336.634521484375,3291.57763671875,72.222216131436,160.47566423902572,102.96189004879756,3281.642822265625
2022-03-31,3281.642822265625,3435.12841796875,3272.9345703125,3385.289306640625,17685495686,-0.030579115649246424,3278.12158203125,2873.1375813802083,114.03328086497643,3385.157958984375,3401.98779296875,3336.634521484375,64.74753780385882,158.8371129989955,114.13693463883716,3449.55224609375
2022-04-01,3449.55224609375,3467.555908203125,3223.891357421875,3282.576171875,20982988937,0.051166270347545506,3327.104561941964,2889.7853759765626,101.01114767742833,3281.642822265625,3385.157958984375,3401.98779296875,70.14505323659586,169.13772218470285,125.13709214801031,3445.059326171875
2022-04-02,3445.059326171875,3521.28466796875,3442.000244140625,3449.78857421875,23571556215,-0.0013024646682661123,3370.2303292410716,2910.138387044271,68.66025856711033,3449.55224609375,3281.642822265625,3385.157958984375,69.83692758708155,174.9220950608228,135.0940927305728,3522.83349609375
2022-04-03,3522.83349609375,3573.960205078125,3421.259765625,3444.810546875,15333808649,0.022575567663241758,3403.2668805803573,2940.32763671875,79.31684463878516,3445.059326171875,3449.55224609375,3281.642822265625,72.11997704502801,183.66480423034545,144.80823503052733,3521.2412109375
2022-04-04,3521.2412109375,3535.148193359375,3422.0009765625,3522.364990234375,18209969743,-0.0004519898990444915,3429.6392647879466,2968.8746419270833,84.02035850880804,3522.83349609375,3445.059326171875,3449.55224609375,71.9998221931975,188.29443904607842,153.50547583363755,3411.79248046875
2022-04-05,3411.79248046875,3546.706787109375,3410.547607421875,3521.23974609375,16681503199,-0.031082429152761826,3431.0399344308034,2997.433146158854,83.56304461534917,3521.2412109375,3522.83349609375,3445.059326171875,64.09512405133067,181.04488737946076,159.0133581428022,3171.69189453125
2022-04-06,3171.69189453125,3411.672119140625,3171.205078125,3411.672119140625,25632563639,-0.07037373677091652,3400.5447823660716,3019.89716796875,129.44964567032446,3411.79248046875,3521.2412109375,3522.83349609375,50.89456201705609,154.14852651311367,158.04039181686449,3233.274658203125
2022-04-07,3233.274658203125,3263.474609375,3155.5810546875,3172.197265625,16745496605,0.019416376407197067,3393.6350446428573,3041.7814046223957,137.87111830677776,3171.69189453125,3411.79248046875,3521.2412109375,53.537693880679925,136.23178588210158,153.6786706299119,3192.073974609375
2022-04-08,3192.073974609375,3301.607421875,3179.142333984375,3233.2724609375,17557050669,-0.012742710703286475,3356.8524344308034,3057.1910888671873,153.88311593317982,3233.274658203125,3171.69189453125,3411.79248046875,51.538960673796055,117.35529027617076,146.41399455916365,3261.916259765625
2022-04-09,3261.916259765625,3261.963134765625,3187.46923828125,3191.97607421875,9908112156,0.02187990808226714,3330.689139229911,3078.986678059896,151.94345198948102,3192.073974609375,3233.274658203125,3171.69189453125,54.63105377571825,106.80009520961585,138.4912146892541,3211.866943359375
2022-04-10,3211.866943359375,3303.003173828125,3211.866943359375,3261.29150390625,10427054790,-0.015343531967263346,3286.2653459821427,3100.7301432291665,130.3238415934903,3261.916259765625,3192.073974609375,3233.274658203125,52.0672269969395,93.32072232210612,129.4571162158245,2981.05224609375
2022-04-11,2981.05224609375,3214.4619140625,2962.756591796875,3209.576904296875,21891804831,-0.07186309437345806,3209.0954938616073,3114.2734130859376,127.90680124211124,3211.866943359375,3261.916259765625,3192.073974609375,42.225452560671336,63.28390763039306,116.22247449873822,3030.37646484375
2022-04-12,3030.37646484375,3077.45263671875,2957.872314453125,2981.420654296875,20235707410,0.016545908853034197,3154.607491629464,3131.321142578125,106.64014649484369,2981.05224609375,3211.866943359375,3261.916259765625,44.633884894614184,42.964302086966654,101.57084001638391,3118.34423828125
2022-04-13,3118.34423828125,3123.575439453125,3006.481689453125,3029.8779296875,16088473629,0.0290286617712483,3146.986397879464,3148.909415690104,107.12088521689888,3030.37646484375,2981.05224609375,3211.866943359375,48.738192305376494,33.57213377773587,87.97109876865431,3019.909423828125
2022-04-14,3019.909423828125,3139.9287109375,2988.435302734375,3117.82177734375,15821419931,-0.03156637206525337,3116.5056501116073,3162.2347412109375,108.81840061225662,3118.34423828125,3030.37646484375,2981.05224609375,44.741369331874935,17.978659063100622,73.97261082754359,3040.91650390625
2022-04-15,3040.91650390625,3044.287353515625,3001.123291015625,3020.134521484375,11256651536,0.0069561954118133595,3094.9117257254466,3171.196769205729,106.29183900527883,3019.909423828125,3118.34423828125,3030.37646484375,45.76357480032678,7.232442708144845,60.62457720366384,3062.310302734375
2022-04-16,3062.310302734375,3074.886962890625,3016.421142578125,3041.123291015625,8766710365,0.007035312808044258,3066.3965890066966,3179.4452962239584,76.66841752115171,3040.91650390625,3019.909423828125,3118.34423828125,46.84205740648213,0.4372492572679221,48.58711161438466,2993.4033203125
2022-04-17,2993.4033203125,3075.77587890625,2989.0439453125,3061.8818359375,10463091281,-0.022501632953508044,3035.1875,3181.0473063151044,45.855970338220004,3062.310302734375,3040.91650390625,3019.909423828125,43.81966305139503,-10.388456451657476,36.79199800117624,3057.606689453125
2022-04-18,3057.606689453125,3062.52099609375,2893.912841796875,2993.48388671875,18629381299,0.021448285536718847,3046.123849051339,3184.7589599609373,39.478661578525966,2993.4033203125,3062.310302734375,3040.91650390625,47.23578908875626,-13.630111460804073,26.70757610878018,3104.1064453125
2022-04-19,3104.1064453125,3125.084228515625,3035.53515625,3057.5703125,14156035096,0.015207893160284813,3056.6567034040177,3192.8805338541665,44.13766821792058,3057.606689453125,2993.4033203125,3062.310302734375,49.62493515097085,-12.305158519520774,18.905029183119993,3077.745849609375
2022-04-20,3077.745849609375,3157.8857421875,3045.288330078125,3103.93505859375,15547362265,-0.00849216873439762,3050.85693359375,3198.872843424479,36.725879507888436,3104.1064453125,3057.606689453125,2993.4033203125,48.29003134247852,-13.229699792331758,12.478083388029644,2987.480712890625
2022-04-21,2987.480712890625,3173.451416015625,2962.410400390625,3077.829345703125,20783591093,-0.029328327006015287,3046.2242606026784,3199.3511637369793,42.81998507393038,3077.745849609375,3104.1064453125,3057.606689453125,43.932089895487074,-21.003927367769393,5.7816812368698365,2964.835693359375
2022-04-22,2964.835693359375,3024.8544921875,2942.358642578125,2986.938720703125,16782795477,-0.007579971791462747,3035.3555733816966,3197.143448893229,52.868287270986954,2987.480712890625,3077.745849609375,3104.1064453125,42.886451891027576,-28.66192571719739,-1.1070401539436094,2938.114013671875
2022-04-23,2938.114013671875,2975.32275390625,2926.740234375,2964.80224609375,9116955609,-0.00901287034129783,3017.6132463727677,3191.478515625,62.3112712119363,2964.835693359375,2987.480712890625,3077.745849609375,41.62736935520834,-36.46679430544236,-8.178990984243361,2922.732666015625
2022-04-24,2922.732666015625,2961.882080078125,2922.128662109375,2937.34716796875,9696829579,-0.005235109183876596,3007.5174386160716,3185.3472249348956,71.8782463493275,2938.114013671875,2964.835693359375,2987.480712890625,40.8833304117037,-43.39314592629853,-15.221821972654396,3009.3935546875
2022-04-25,3009.3935546875,3018.41552734375,2804.507080078125,2922.990234375,22332690614,0.029650638144067543,3000.6298479352677,3180.8877115885416,68.50962002268902,2922.732666015625,2938.114013671875,2964.835693359375,46.66727241346796,-41.412146579340515,-20.459886893991623,2808.29833984375
2022-04-26,2808.29833984375,3026.4150390625,2786.253173828125,3008.9462890625,19052045399,-0.06682250466394446,2958.3715471540177,3164.7784016927085,83.61126630571836,3009.3935546875,2922.732666015625,2938.114013671875,37.49884005121617,-55.42993178986535,-27.45389587316637,2888.9296875
2022-04-27,2888.9296875,2911.87744140625,2802.2734375,2808.64599609375,17419284041,0.028711816872254436,2931.3978097098216,3149.8549072265623,67.60662359441199,2808.29833984375,3009.3935546875,2922.732666015625,42.386425400450044,-59.34871660855424,-33.83286002024395,2936.94091796875
2022-04-28,2936.94091796875,2973.135009765625,2861.821533203125,2888.849853515625,18443524633,0.01661903738138304,2924.1778390066966,3134.3533447265627,63.17234561673791,2888.9296875,2808.29833984375,3009.3935546875,45.13751872971524,-57.912695256930874,-38.64882706758134,2815.601806640625
2022-04-29,2815.601806640625,2943.44580078125,2782.435302734375,2936.776611328125,18771041399,-0.041314794787239206,2902.858712332589,3115.3681396484376,71.76190848109039,2936.94091796875,2888.9296875,2808.29833984375,39.94597850920552,-65.8071068365989,-44.08048302138485,2730.186767578125
2022-04-30,2730.186767578125,2836.82763671875,2727.40625,2815.533447265625,13520941867,-0.030336334797430475,2873.1548200334823,3096.9862711588544,94.24705544634162,2815.601806640625,2936.94091796875,2888.9296875,36.74233955998192,-78.05598390444038,-50.87558319799596,2827.756103515625
2022-05-01,2827.756103515625,2838.704345703125,2728.078857421875,2729.994140625,15332730152,0.03573723860073175,2859.586739676339,3076.259733072917,92.74469956016212,2730.186767578125,2815.601806640625,2936.94091796875,42.42281418227081,-78.97984673004885,-56.49643590440654,2857.410400390625
2022-05-02,2857.410400390625,2874.14599609375,2785.52294921875,2827.614013671875,18609741545,0.010486865128902734,2837.8748604910716,3056.671435546875,65.66618932606022,2827.756103515625,2730.186767578125,2815.601806640625,44.066807587780644,-76.43803071187813,-60.484754865900854,2783.476318359375
2022-05-03,2783.476318359375,2859.193359375,2762.11865234375,2857.15234375,13026093219,-0.02587450581867512,2834.328857421875,3032.0261962890627,68.15265019513299,2857.410400390625,2827.756103515625,2730.186767578125,40.92902550504928,-79.47336623618185,-64.28247713995705,2940.644775390625
2022-05-04,2940.644775390625,2956.686767578125,2779.273681640625,2783.131103515625,18186749944,0.05646480841047263,2841.716727120536,3012.6729817708333,77.25332981954926,2783.476318359375,2857.410400390625,2827.756103515625,49.20857939800716,-68.40814403493869,-65.10761051895338,2749.213134765625
2022-05-05,2749.213134765625,2948.960693359375,2704.916259765625,2940.2265625,22642925048,-0.0650985260875554,2814.8984723772323,2990.5870035807293,71.02018301484924,2940.644775390625,2783.476318359375,2857.410400390625,41.566533756313376,-74.23013051932185,-66.93211451902708,2694.979736328125
2022-05-06,2694.979736328125,2754.837646484375,2645.335205078125,2748.931640625,21027599270,-0.01972688030319758,2797.666748046875,2974.696598307292,84.22656022649318,2749.213134765625,2940.644775390625,2783.476318359375,39.686153886721954,-82.27189951470109,-70.00007151816189,2636.093017578125
2022-05-07,2636.093017578125,2696.65283203125,2599.5234375,2694.991943359375,13369276367,-0.02185052375578611,2784.224783761161,2954.7905436197916,102.34940031744054,2694.979736328125,2749.213134765625,2940.644775390625,37.692316079800996,-92.33237530008682,-74.46653227454688,2517.4599609375
2022-05-08,2517.4599609375,2638.83056640625,2498.43017578125,2636.121826171875,20802269935,-0.04500336515045189,2739.8967633928573,2932.3034098307294,140.455259567,2636.093017578125,2694.979736328125,2749.213134765625,33.98768129573422,-108.62589930498234,-81.29840568063398,2245.430419921875
2022-05-09,2245.430419921875,2528.258056640625,2238.062744140625,2518.50830078125,36333567678,-0.10805714698013369,2652.4710518973216,2898.420548502604,221.942486683604,2517.4599609375,2636.093017578125,2694.979736328125,27.349648956102556,-141.85394105017804,-93.4095127545428,2343.510986328125
2022-05-10,2343.510986328125,2450.76025390625,2206.7568359375,2242.650390625,38202099639,0.04368007377831029,2589.6188616071427,2869.475349934896,240.20545437799194,2245.430419921875,2517.4599609375,2636.093017578125,32.47072794652655,-158.44664719363482,-106.4169396423612,2072.108642578125
2022-05-11,2072.108642578125,2441.079345703125,2018.8555908203125,2342.754150390625,45743399154,-0.11581014355526464,2465.5422712053573,2839.1772298177084,252.66070612893216,2343.510986328125,2245.430419921875,2517.4599609375,26.834027773717736,-191.29130025823906,-123.39181176553677,1961.7015380859373
2022-05-12,1961.7015380859373,2170.4580078125,1748.3031005859375,2072.504638671875,42463486402,-0.05328248829405913,2353.04061453683,2803.5547322591146,279.22946381502607,2072.108642578125,2343.510986328125,2245.430419921875,24.93752140603661,-223.65173706027417,-143.44379682448425,2014.418212890625
2022-05-13,2014.418212890625,2139.71337890625,1941.9759521484373,1960.12255859375,24816096567,0.026872933410718725,2255.817539760045,2766.757198079427,258.00227543454946,1961.7015380859373,2072.108642578125,2343.510986328125,27.569752886400124,-242.25129910525266,-163.20529728063795,2056.27392578125
2022-05-14,2056.27392578125,2063.429931640625,1956.572998046875,2014.2806396484373,15457044616,0.020778065161833226,2172.98624093192,2734.636014811198,202.71987699265196,2014.418212890625,1961.7015380859373,2072.108642578125,29.678293625497915,-250.72398971781786,-180.70903576807393,2145.706787109375
2022-05-15,2145.706787109375,2147.1943359375,2008.1627197265625,2056.18310546875,14846088335,0.04349267877534668,2119.878644670759,2704.795690917969,134.72886261512824,2056.27392578125,2014.418212890625,1961.7015380859373,34.09317925953161,-247.37063884145573,-194.04135638275028,2022.7259521484373
2022-05-16,2022.7259521484373,2145.8369140625,1988.811767578125,2145.8369140625,21459552191,-0.057314837096923865,2088.063720703125,2670.1428792317706,126.16211146481362,2145.706787109375,2056.27392578125,2014.418212890625,31.193077258001125,-251.7347679939935,-205.58003870499894,2090.4091796875
2022-05-17,2090.4091796875,2113.059814453125,2015.9715576171875,2022.88232421875,18509929297,0.033461392764142284,2051.906319754464,2640.043074544271,59.30424714214632,2022.7259521484373,2145.706787109375,2056.27392578125,34.49559083097225,-246.88595338965752,-213.84122164193067,1916.6561279296875
2022-05-18,1916.6561279296875,2102.32666015625,1916.6561279296875,2090.4599609375,17740965589,-0.08311915841461581,2029.6988176618304,2602.0113891601563,76.95694778184568,2090.4091796875,2022.7259521484373,2145.706787109375,30.454488484878766,-254.13415173571957,-221.89980766068848,2018.336181640625
2022-05-19,2018.336181640625,2028.38818359375,1907.0205078125,1916.1495361328125,18734247914,0.053050754503766395,2037.7894810267858,2565.8190470377604,71.39269162318585,1916.6561279296875,2090.4091796875,2022.7259521484373,35.2359254527439,-248.80559456853416,-227.28096504225763,1961.315673828125
2022-05-20,1961.315673828125,2054.7958984375,1926.6767578125,2018.0001220703125,15892482289,-0.02825124393605738,2030.203404017857,2528.604707845052,76.89894403879161,2018.336181640625,1916.6561279296875,2090.4091796875,33.831214666474025,-246.3440521739467,-231.09358246859546,1974.518310546875
2022-05-21,1974.518310546875,1985.39599609375,1944.26513671875,1961.0179443359373,8546822406,0.006731520527228918,2018.5240304129463,2494.8392944335938,78.47185134484144,1961.315673828125,2018.336181640625,1916.6561279296875,34.48250227178475,-240.55495190234478,-232.98585635534533,2043.170166015625
2022-05-22,2043.170166015625,2047.19140625,1966.038818359375,1974.670654296875,10941123403,0.03476891305694485,2003.875941685268,2464.117110188802,57.55722021974519,1974.518310546875,1961.315673828125,2018.336181640625,37.90507023189136,-227.80146376723133,-231.94897783772257,1972.181884765625
2022-05-23,1972.181884765625,2080.33349609375,1964.3865966796875,2042.3447265625,16434529708,-0.03474418451813721,1996.6553606305804,2431.9193725585938,57.96728159162686,2043.170166015625,1974.518310546875,1961.315673828125,35.82127571134427,-220.87626941616236,-229.73443615341054,1978.9827880859373
2022-05-24,1978.9827880859373,1991.5355224609373,1920.6881103515625,1972.390869140625,13057109007,0.003448415875253019,1980.7373046875,2400.461043294271,40.6408745564436,1972.181884765625,2043.170166015625,1974.518310546875,36.183232736165166,-212.39091666067134,-226.2657322548627,1944.827880859375
2022-05-25,1944.827880859375,2014.3695068359373,1943.9385986328125,1978.677001953125,13364545730,-0.017258819749310095,1984.7618408203125,2364.975520833333,34.1071726955086,1978.9827880859373,1972.181884765625,2043.170166015625,35.11221814407055,-206.04704693970575,-222.22199519183133,1803.913330078125
2022-05-26,1803.913330078125,1962.171142578125,1759.1995849609375,1945.0333251953125,23458681818,-0.07245605236746355,1954.1300048828125,2331.4960205078123,73.01892133951836,1944.827880859375,1978.9827880859373,1972.181884765625,31.031154482281593,-209.96971093073284,-219.77153833961165,1724.9228515625
2022-05-27,1724.9228515625,1814.656494140625,1721.2647705078125,1802.5438232421875,25470760032,-0.04378840002928741,1920.3596017020088,2292.695792643229,112.90983247675246,1803.913330078125,1944.827880859375,1978.9827880859373,28.99661556376047,-216.95144070921492,-219.20751881353232,1757.9417724609375
2022-05-28,1757.9417724609375,1757.9417724609375,1724.635986328125,1724.635986328125,23214777872,0.019142259532667127,1889.4200962611608,2253.395821126302,124.65779568665624,1724.9228515625,1803.913330078125,1944.827880859375,31.032191504479343,-217.31508783482582,-218.82903261779103,1812.031005859375
2022-05-29,1812.031005859375,1818.776611328125,1765.9373779296875,1792.1844482421875,10642556101,0.030768501122035552,1856.4002162388392,2219.9434611002603,106.42305215477546,1757.9417724609375,1724.9228515625,1803.913330078125,34.352359173536385,-210.80866069251078,-217.224958232735,1996.4412841796875
2022-05-30,1996.4412841796875,2005.2108154296875,1804.4560546875,1811.885986328125,19580808705,0.10176993535099799,1859.8658447265625,2195.4852783203123,111.11347657319439,1812.031005859375,1757.9417724609375,1724.9228515625,44.213008449825054,-188.5978632569679,-211.4995392375816,1942.3280029296875
2022-05-31,1942.3280029296875,2005.490966796875,1932.35205078125,1996.4080810546875,18363115560,-0.02710486988964189,1854.6294468470983,2165.9710083007812,105.2746015254573,1996.4412841796875,1812.031005859375,1757.9417724609375,42.20946103647136,-173.36370692419814,-203.87237277490493,1823.5693359375
2022-06-01,1823.5693359375,1965.1666259765625,1776.05322265625,1942.0506591796875,21037797760,-0.061142436711543735,1837.3067975725446,2131.509639485677,97.66004309532723,1942.3280029296875,1996.4412841796875,1812.031005859375,38.12609755416547,-168.9260854329525,-196.88311530651447,1834.1505126953125
2022-06-02,1834.1505126953125,1845.31396484375,1789.6641845703125,1822.412109375,17065041354,0.00580245376432198,1841.6263950892858,2099.865445963542,96.59980168049537,1823.5693359375,1942.3280029296875,1996.4412841796875,38.69515533847814,-162.68015038724593,-190.04252232266077,1775.07861328125
2022-06-03,1775.07861328125,1840.058837890625,1746.509765625,1834.135009765625,14878001811,-0.03220668042518249,1848.79150390625,2061.0132405598956,87.97598991544571,1834.1505126953125,1823.5693359375,1942.3280029296875,36.667643006874385,-160.64499495840096,-184.16301684980883,1801.6094970703125
2022-06-04,1801.6094970703125,1810.2996826171875,1751.5333251953125,1775.2208251953125,8677951273,0.014946314822654516,1855.029750279018,2029.4264526367188,81.79110266439498,1775.07861328125,1834.1505126953125,1823.5693359375,38.23301928364275,-155.10336399298876,-178.35108627844482,1805.2049560546875
2022-06-05,1805.2049560546875,1825.859619140625,1777.13330078125,1801.8189697265625,8850385937,0.0019956927348694364,1854.0546003069196,1999.7672932942708,82.42741102115248,1801.6094970703125,1775.07861328125,1834.1505126953125,38.45502950477474,-148.70725338608645,-172.42231969997317,1859.2896728515625
2022-06-06,1859.2896728515625,1915.030517578125,1804.990234375,1805.635986328125,16518471852,0.029960430041737984,1834.4615129743304,1973.873848470052,54.51587424412234,1805.2049560546875,1801.6094970703125,1775.07861328125,41.841407170682615,-137.68693572011762,-165.47524290400207,1814.04833984375
2022-06-07,1814.04833984375,1862.9149169921875,1729.41357421875,1859.333740234375,24020076750,-0.024332589842456676,1816.1358468191963,1950.4267944335938,26.653927069535357,1859.2896728515625,1805.2049560546875,1801.6094970703125,39.865417560173036,-131.09269703976656,-158.598733731155,1793.572265625
2022-06-08,1793.572265625,1830.676025390625,1770.231201171875,1814.1007080078125,18041476023,-0.01128750197501005,1811.850551060268,1935.3648559570313,27.652314812727493,1814.04833984375,1859.2896728515625,1805.2049560546875,38.96842828508918,-126.06575587985049,-152.09213816089408,1789.8260498046875
2022-06-09,1789.8260498046875,1827.2930908203125,1779.8675537109375,1793.5128173828125,12013083393,-0.0020886896458599535,1805.5184849330358,1916.90869140625,26.75514911055404,1793.572265625,1814.04833984375,1859.2896728515625,38.796434194308624,-120.98946585270642,-145.87160369925655,1665.042236328125
2022-06-10,1665.042236328125,1797.6077880859375,1663.4339599609375,1789.68994140625,18504740451,-0.06971840279684127,1789.7990025111608,1903.3398111979166,59.68291738598941,1789.8260498046875,1793.572265625,1814.04833984375,33.49355191781163,-125.58778253780156,-141.81483946696557,1529.6634521484375
2022-06-11,1529.6634521484375,1679.314208984375,1507.0389404296875,1665.2178955078125,21127089064,-0.08130651657115606,1750.9495675223213,1888.9385416666667,114.26458357275865,1665.042236328125,1789.8260498046875,1793.572265625,28.88129147077042,-138.55869967535432,-141.16361150864333,1445.216552734375
2022-06-12,1445.216552734375,1539.705078125,1436.1839599609375,1530.189697265625,23465074882,-0.05520619538595595,1699.5226527622767,1869.9651529947917,158.3005088266739,1529.6634521484375,1665.042236328125,1789.8260498046875,26.435816983995934,-153.8785874181449,-143.70660669054365,1204.582763671875
2022-06-13,1204.582763671875,1448.738037109375,1181.9482421875,1443.83544921875,45162788786,-0.16650362093294369,1605.9930943080358,1841.5754475911458,226.77442960674594,1445.216552734375,1529.6634521484375,1665.042236328125,20.983490594650846,-183.32360415132052,-151.63000618269905,1211.662841796875
2022-06-14,1211.662841796875,1252.4718017578125,1094.701904296875,1204.5552978515625,33327826525,0.0058776186564533095,1519.938023158482,1810.4406494140626,247.96871022284625,1204.582763671875,1445.216552734375,1529.6634521484375,21.49652221086336,-203.7391112667567,-162.05182719951057,1233.2064208984375
2022-06-15,1233.2064208984375,1236.6275634765625,1025.6842041015625,1211.365966796875,37539999450,0.017780176430609806,1439.8857596261162,1784.1233317057292,235.0218593752812,1211.662841796875,1204.582763671875,1445.216552734375,23.131969429539467,-215.69377735460353,-172.78021723052916,1067.730712890625
2022-06-16,1067.730712890625,1246.140625,1058.7845458984375,1233.603515625,18907671369,-0.13418330070586004,1336.729282924107,1750.0340494791667,213.29322837614473,1233.2064208984375,1211.662841796875,1204.582763671875,19.731700772804032,-235.80226136872943,-185.3846260581692,1086.519287109375
2022-06-17,1086.519287109375,1112.4715576171875,1060.86767578125,1067.9876708984375,14591486540,0.01759673482453694,1254.0831473214287,1722.3628214518228,173.18918757101542,1067.730712890625,1233.2064208984375,1211.662841796875,21.148969666073143,-247.3707627370618,-197.78185339394773,993.6367797851562
2022-06-18,993.6367797851562,1095.1668701171875,896.1090087890625,1086.3779296875,21655406608,-0.08548629410097963,1177.5079084123884,1688.2061747233072,147.65297355934624,1086.519287109375,1067.730712890625,1233.2064208984375,19.33176252451176,-261.0247941627638,-210.43044154771096,1127.656494140625
2022-06-19,1127.656494140625,1142.3408203125,943.1163330078124,993.400634765625,21795481981,0.13487797259723666,1132.1421857561384,1660.4175354003905,88.71236978837105,993.6367797851562,1086.519287109375,1067.730712890625,28.833639781270918,-258.0567242581021,-219.9556980897892,1127.6424560546875
2022-06-20,1127.6424560546875,1159.9853515625,1066.1131591796875,1127.65625,19739691429,-1.2448902667161477e-05,1121.1507132393974,1632.188340250651,82.81126159610163,1127.656494140625,993.6367797851562,1086.519287109375,28.833256670433002,-252.79161584098483,-226.52288164002834,1124.8245849609375
2022-06-21,1124.8245849609375,1185.4324951171875,1112.5726318359375,1127.5118408203125,15632089439,-0.0024989047535589615,1108.7452479771205,1601.5768208821614,72.90406163997687,1127.6424560546875,1127.656494140625,993.6367797851562,28.75067741552101,-246.0105022015373,-230.42040575233017,1051.421875
2022-06-22,1051.421875,1126.26171875,1049.7633056640625,1125.3729248046875,15010593493,-0.06525702846678672,1082.7760271344866,1570.8848205566405,49.94095802034908,1124.8245849609375,1127.6424560546875,1127.656494140625,26.61252345211119,-243.74961222789625,-233.08624704744338,1143.38671875
2022-06-23,1143.38671875,1146.4942626953125,1050.2196044921875,1051.329345703125,14657862919,0.0874671204172921,1093.58402797154,1543.0316182454428,54.15133117892891,1051.421875,1124.8245849609375,1127.6424560546875,33.30488429769967,-231.86425947387102,-232.84184953272893,1226.8447265625
2022-06-24,1226.8447265625,1238.616943359375,1134.5140380859375,1143.2047119140625,16981552654,0.07299193391343572,1113.6305193219866,1519.0988464355469,73.58631046596199,1143.38671875,1051.421875,1124.8245849609375,38.76253179563959,-213.25242681289546,-228.92396498876226,1243.4468994140625
2022-06-25,1243.4468994140625,1246.394287109375,1184.56201171875,1226.7247314453125,12481946184,0.013532415710079349,1149.3176792689733,1500.4166320800782,65.86406689104015,1226.8447265625,1143.38671875,1051.421875,39.81755707286735,-194.915889693626,-222.12234992973504,1199.8316650390625
2022-06-26,1199.8316650390625,1272.1312255859375,1199.4063720703125,1242.987548828125,12096607824,-0.035076073128295526,1159.62841796875,1482.913592529297,67.53607472311332,1243.4468994140625,1226.8447265625,1143.38671875,37.96696993574197,-181.8076711635017,-214.0594141764884,1193.6806640625
2022-06-27,1193.6806640625,1234.1807861328125,1179.79248046875,1199.713134765625,12492225250,-0.005126553295592751,1169.0624476841517,1464.1048889160156,66.9330207767437,1199.8316650390625,1243.4468994140625,1226.8447265625,37.70084943491918,-169.95649522875965,-205.23883038694265,1144.5792236328125
2022-06-28,1144.5792236328125,1229.739013671875,1141.15966796875,1193.2540283203125,14023205651,-0.04113448588718749,1171.8845389229912,1441.8564961751301,65.14965590943665,1193.6806640625,1199.8316650390625,1243.4468994140625,35.55822716807894,-162.65148374460614,-196.72136105847534,1098.94384765625
2022-06-29,1098.94384765625,1152.684814453125,1092.09912109375,1144.5244140625,15386286815,-0.03987087571947978,1178.6733921595983,1411.9399149576823,51.56442141612361,1144.5792236328125,1193.6806640625,1199.8316650390625,33.644414032867786,-158.7150348392588,-189.12009581463204,1067.298828125
2022-06-30,1067.298828125,1103.6904296875,1009.0948486328124,1099.3531494140625,16350755497,-0.0287958475755975,1167.8036934988838,1382.772275797526,66.18840417907424,1098.94384765625,1144.5792236328125,1193.6806640625,32.34440314159423,-156.34659312571875,-182.56539527684942,1059.767333984375
2022-07-01,1059.767333984375,1100.223876953125,1040.1507568359375,1068.3167724609375,17499453625,-0.007056593656957433,1143.9354945591517,1357.3122090657553,71.27833241850387,1067.298828125,1098.94384765625,1144.5792236328125,32.02721737737487,-153.310051792987,-176.71432658007694,1066.5128173828125
2022-07-02,1066.5128173828125,1073.0526123046875,1033.962158203125,1060.1212158203125,9935603640,0.006365060690327828,1118.6591971261162,1331.7242858886718,60.69475100268241,1059.767333984375,1067.298828125,1098.94384765625,32.66412678079975,-148.6457708561511,-171.1006154352918,1073.7669677734375
2022-07-03,1073.7669677734375,1083.4189453125,1044.005615234375,1066.4674072265625,8557248150,0.0068017470323764595,1100.6499546595983,1308.3472310384116,50.430033718864834,1066.5128173828125,1059.767333984375,1067.298828125,33.38699609762436,-142.7187721325272,-165.4242467747389,1151.05908203125
2022-07-04,1151.05908203125,1152.94384765625,1048.3963623046875,1073.7943115234375,13670889311,0.0719822052433643,1094.5611572265625,1286.662217203776,38.483725686786926,1073.7669677734375,1066.5128173828125,1059.767333984375,40.69259061675746,-130.28293470590188,-158.39598436097148,1134.541015625
2022-07-05,1134.541015625,1165.6827392578125,1086.8299560546875,1150.509765625,16195518291,-0.014350320208673328,1093.1271275111608,1264.3067525227864,36.44212278481592,1151.05908203125,1073.7669677734375,1066.5128173828125,39.69075918035678,-120.37273193732494,-150.79133387624216,1186.9739990234375
2022-07-06,1186.9739990234375,1193.63671875,1116.24755859375,1134.822265625,15373536703,0.046215150158809504,1105.7028634207588,1241.8962300618489,51.046591466525506,1134.541015625,1151.05908203125,1073.7669677734375,44.37241584021986,-107.05387089953501,-142.04384128090075,1237.5933837890625
2022-07-07,1237.5933837890625,1246.8948974609375,1165.6231689453125,1186.9609375,14230795894,0.04264574018240608,1130.0306570870537,1222.681064860026,67.59175939101713,1186.9739990234375,1134.541015625,1151.05908203125,48.52668661500326,-91.36086508065227,-131.90724604085108,1222.5062255859375
2022-07-08,1222.5062255859375,1262.8857421875,1200.6322021484375,1237.580322265625,16315929082,-0.012190723060375164,1153.2790701729912,1203.6455301920573,67.38354255565665,1237.5933837890625,1186.9739990234375,1134.541015625,47.390700573079755,-79.22815957971807,-121.37142874862448,1216.978271484375
2022-07-09,1216.978271484375,1228.7679443359375,1209.3775634765625,1222.306884765625,8821353104,-0.00452182081846908,1174.774135044643,1184.550604248047,58.50668305373988,1222.5062255859375,1237.5933837890625,1186.9739990234375,46.956956093418974,-69.2605700178035,-110.94925700246029,1168.401611328125
2022-07-10,1168.401611328125,1216.9044189453125,1157.175537109375,1216.9044189453125,10984558039,-0.03991579906928,1188.2933698381696,1167.995916748047,38.9379100283435,1216.978271484375,1222.5062255859375,1237.5933837890625,43.21401210795223,-64.53697194024585,-101.66679999001741,1097.236572265625
2022-07-11,1097.236572265625,1169.19384765625,1095.0028076171875,1168.1390380859375,12064180410,-0.06090802885970559,1180.6044398716517,1153.5816874186198,50.97070353271656,1168.401611328125,1216.978271484375,1222.5062255859375,38.386576437256416,-65.77766634098862,-94.48897326021167,1038.191650390625
2022-07-12,1038.191650390625,1097.2591552734375,1038.1356201171875,1097.2591552734375,12583282453,-0.05381238956798651,1166.8402448381696,1140.0141906738281,73.5090332450393,1097.236572265625,1168.401611328125,1216.978271484375,34.90278219812532,-70.71025354138828,-89.733229316447,1113.587158203125
2022-07-13,1113.587158203125,1113.587158203125,1019.2203369140624,1038.1866455078125,18302588147,0.07262195547819328,1156.356410435268,1136.9810038248697,75.36866668116095,1038.191650390625,1097.236572265625,1168.401611328125,42.1256082737317,-67.75454484393617,-85.33749242194484,1191.5262451171875
2022-07-14,1191.5262451171875,1202.953369140625,1077.40576171875,1113.5157470703125,16688640823,0.0699892112978604,1149.775390625,1136.3097839355469,68.81971396753707,1113.587158203125,1038.191650390625,1097.236572265625,48.48835550641832,-58.44932403262919,-79.95985874408171,1233.129150390625
2022-07-15,1233.129150390625,1275.7781982421875,1182.9031982421875,1191.6748046875,17411448225,0.034915643229785465,1151.2929513113838,1136.3072082519532,70.78002562321072,1191.5262451171875,1113.587158203125,1038.191650390625,51.550333419465936,-47.1740694260875,-73.40270088048287,1352.62646484375
2022-07-16,1352.62646484375,1377.944580078125,1195.60595703125,1232.7916259765625,18364013796,0.09690575753178088,1170.6712646484375,1145.8037333170573,102.99746061098732,1233.129150390625,1191.5262451171875,1113.587158203125,59.07525223547516,-28.270034955458186,-64.37616769547793,1338.6357421875
2022-07-17,1338.6357421875,1378.41748046875,1329.7633056640625,1353.205078125,16079711737,-0.010343374922703541,1194.9904261997767,1154.2076151529948,120.91169257818406,1352.62646484375,1233.129150390625,1191.5262451171875,57.940605312224044,-14.253085141014026,-54.351551184585155,1578.7178955078125
2022-07-18,1578.7178955078125,1578.7178955078125,1338.8060302734375,1338.8060302734375,27440420623,0.17934838115706353,1263.773472377232,1173.7103190104167,179.0209610935511,1338.6357421875,1352.62646484375,1233.129150390625,68.95856836164715,16.043136604014308,-40.272613626865265,1542.9752197265625
2022-07-19,1542.9752197265625,1607.0330810546875,1501.7974853515625,1578.3839111328125,27753529276,-0.02264031837667424,1335.8854108537946,1187.5542765299479,174.62176395538745,1578.7178955078125,1338.6357421875,1352.62646484375,66.17904298517291,36.74539732079961,-24.86901143733229,1520.20068359375
2022-07-20,1520.20068359375,1612.645751953125,1500.80322265625,1542.954345703125,22942708340,-0.014760143806359038,1393.9730573381696,1200.63955078125,154.861737579234,1542.9752197265625,1578.7178955078125,1338.6357421875,64.39789006614505,50.72959417582547,-9.74929031470074,1576.74951171875
2022-07-21,1576.74951171875,1595.761962890625,1472.1854248046875,1520.37451171875,20009556587,0.037198265160175215,1449.0049525669642,1215.7037150065105,138.51347747093556,1520.20068359375,1542.9752197265625,1578.7178955078125,66.78808537607632,65.61877635795872,5.324323019831153,1537.4051513671875
2022-07-22,1537.4051513671875,1641.209228515625,1523.6417236328125,1576.745361328125,18926100582,-0.02495282862569259,1492.4729527064733,1231.9031575520833,102.55231557299074,1576.74951171875,1520.20068359375,1542.9752197265625,63.58929888895695,73.39771625770527,18.93900166740598,1549.2974853515625
2022-07-23,1549.2974853515625,1591.632568359375,1495.6781005859375,1536.4573974609375,14998811383,0.00773532856566761,1520.568812779018,1245.4335164388021,82.91382117051563,1537.4051513671875,1576.74951171875,1520.20068359375,64.14823997138187,79.6045622946342,31.072113792851624,1599.4766845703125
2022-07-24,1599.4766845703125,1654.4287109375,1548.671142578125,1549.2225341796875,17217849557,0.03238835646038862,1557.8318045479912,1257.854581705729,27.854702216236163,1549.2974853515625,1537.4051513671875,1576.74951171875,66.48602334263111,87.56320044022391,42.370331122326085,1445.3834228515625
2022-07-25,1445.3834228515625,1605.3369140625,1445.3834228515625,1599.1572265625,20585056021,-0.09633979863866915,1538.7840227399554,1264.585799153646,48.86032886580532,1599.4766845703125,1549.2974853515625,1537.4051513671875,54.69199527542509,80.50838950048342,49.99794279795755,1441.8067626953125
2022-07-26,1441.8067626953125,1445.151123046875,1362.95166015625,1445.151123046875,18238563509,-0.0024745407341075776,1524.3313860212054,1272.6516357421874,60.89452944499412,1445.3834228515625,1599.4766845703125,1549.2974853515625,54.4505532818827,73.77832382867314,54.75401900410067,1636.232666015625
2022-07-27,1636.232666015625,1636.7994384765625,1423.618896484375,1443.726806640625,23007524016,0.13484879413164408,1540.9073835100446,1287.403369140625,73.97110946236587,1441.8067626953125,1445.3834228515625,1599.4766845703125,63.80466877957581,83.1744604039045,60.43810728406144,1725.4681396484375
2022-07-28,1725.4681396484375,1774.576416015625,1604.8909912109375,1636.23193359375,27231399966,0.054537154456223425,1562.1529017857142,1306.7663330078126,102.02022710782619,1636.232666015625,1441.8067626953125,1445.3834228515625,67.14011367197773,96.70674809134562,67.69183544551828,1727.406982421875
2022-07-29,1727.406982421875,1759.884033203125,1662.7911376953125,1725.6239013671875,23249531113,0.0011236618798609044,1589.2960205078125,1327.7151041666666,118.31312845805122,1725.4681396484375,1636.232666015625,1441.8067626953125,67.21081402658697,106.36156210655099,75.42578077772482,1695.969482421875
2022-07-30,1695.969482421875,1738.016845703125,1678.1080322265625,1727.0618896484375,15576977870,-0.018199243328242076,1610.2491629464287,1348.670792643229,122.94584418142813,1727.406982421875,1725.4681396484375,1636.232666015625,64.77711304369427,110.20594274972837,82.38181317212553,1681.517333984375
2022-07-31,1681.517333984375,1745.8831787109375,1672.61279296875,1695.884765625,14200735370,-0.008521467271251915,1621.9692557198662,1369.3957926432292,125.6288617975643,1695.969482421875,1727.406982421875,1725.4681396484375,63.6363320009276,110.8091357686028,88.067277691421,1635.19580078125
2022-08-01,1635.19580078125,1700.1708984375,1613.416015625,1681.445556640625,16191371176,-0.027547461014490793,1649.0853097098213,1388.3518920898437,98.77675834584106,1681.517333984375,1695.969482421875,1727.406982421875,59.98969482514331,106.32377567580647,91.71857728829809,1632.9454345703125
2022-08-02,1632.9454345703125,1672.6297607421875,1567.85107421875,1634.6458740234375,20426082309,-0.0013762059625289647,1676.390834263393,1406.9911743164062,42.067496865020516,1635.19580078125,1681.517333984375,1695.969482421875,59.81037887342044,101.41842131076828,93.65854609279214,1618.87451171875
2022-08-03,1618.87451171875,1678.0982666015625,1595.634521484375,1633.05126953125,16786218830,-0.008616897144064772,1673.911097935268,1422.5850219726562,45.22250728559673,1632.9454345703125,1635.19580078125,1681.517333984375,58.63028023342997,95.29696269118904,93.98622941247152,1608.205810546875
2022-08-04,1608.205810546875,1658.5115966796875,1585.3265380859375,1618.88671875,14467440626,-0.006590196519029812,1657.1593366350446,1438.373848470052,44.65638566717739,1618.87451171875,1632.9454345703125,1635.19580078125,57.7006797558907,88.56387834941802,92.90175919986083,1732.254638671875
2022-08-05,1732.254638671875,1732.254638671875,1606.4970703125,1607.52392578125,18546491876,0.07713492098552788,1657.8518589564733,1456.5498697916667,45.94629514332506,1608.205810546875,1618.87451171875,1632.9454345703125,64.70752172596744,92.17502786541604,92.75641293297187,1691.6580810546875
2022-08-06,1691.6580810546875,1744.326416015625,1691.6580810546875,1732.6611328125,11757911705,-0.023435675512644583,1657.2359444754463,1471.6853597005208,45.37551506365748,1732.254638671875,1608.205810546875,1618.87451171875,61.138222411645636,90.71537656101873,92.34820565858125,1699.350830078125
2022-08-07,1699.350830078125,1724.7891845703125,1672.908447265625,1691.7779541015625,10252090340,0.00454746092581626,1659.7835867745537,1487.5801798502605,47.42058017992894,1691.6580810546875,1732.254638671875,1608.205810546875,61.57080252963582,89.15164823538635,91.70889417394227,1775.51611328125
2022-08-08,1775.51611328125,1806.886474609375,1697.407958984375,1699.6934814453125,16841424404,0.044820223025767714,1679.829345703125,1506.1981079101563,62.54185246966186,1699.350830078125,1691.6580810546875,1732.254638671875,65.64795262451443,92.98639480859697,91.96439430087321,1703.0250244140625
2022-08-09,1703.0250244140625,1786.12255859375,1675.849853515625,1776.0712890625,16368619692,-0.04082817853633558,1689.8407156808037,1524.018888346354,59.31167050415995,1775.51611328125,1699.350830078125,1691.6580810546875,59.20926574430836,89.14838694568334,91.40119282983525,1851.74267578125
2022-08-10,1851.74267578125,1869.400634765625,1665.0904541015625,1702.906494140625,23512477984,0.08732558197044393,1723.1075962611608,1549.169091796875,75.86884595879378,1703.0250244140625,1775.51611328125,1699.350830078125,66.47400970426662,96.98898104311161,92.51875047249052,1881.22412109375
2022-08-11,1881.22412109375,1927.939208984375,1851.828369140625,1851.828369140625,23826986482,0.015920919087778707,1762.1102120535713,1577.270174153646,77.12163284596625,1851.74267578125,1703.0250244140625,1775.51611328125,67.70202838690989,104.37840532051996,94.89068144209642,1957.2464599609373
2022-08-12,1957.2464599609373,1957.552978515625,1860.08349609375,1880.899169921875,17168141904,0.04041110148161797,1794.2519008091517,1605.3921508789062,104.59577780672383,1881.22412109375,1851.74267578125,1703.0250244140625,70.6840106361756,115.04280287974052,98.92110572962525,1981.3365478515625
2022-08-13,1981.3365478515625,2013.7557373046875,1948.59521484375,1957.333984375,16038975216,0.012308152490466684,1835.6345389229912,1631.7191609700521,114.11191477106232,1957.2464599609373,1881.22412109375,1851.74267578125,71.57946587604843,124.00878743302906,103.93864207030602,1936.802001953125
2022-08-14,1936.802001953125,2022.79150390625,1919.0101318359373,1981.782470703125,14062754456,-0.02247702236489202,1869.5561349051338,1655.174922688802,101.4363988894212,1981.3365478515625,1957.2464599609373,1881.22412109375,67.47616782777527,126.06760030273267,108.36443371679135,1904.2281494140625
2022-08-15,1904.2281494140625,2007.2103271484373,1881.8568115234373,1936.760498046875,20349931313,-0.016818369924346488,1887.943568638393,1673.5616455078125,92.85113264965749,1936.802001953125,1981.3365478515625,1957.2464599609373,64.56094812191711,123.64547855590581,111.42064268461425,1878.139404296875
2022-08-16,1878.139404296875,1910.745361328125,1862.2734375,1902.8331298828125,15637578930,-0.01370043034245405,1912.9599086216517,1691.5451009114583,46.99030003314739,1904.2281494140625,1936.802001953125,1981.3365478515625,62.241577151327775,118.2575860833067,112.78803136435275,1832.9996337890625
2022-08-17,1832.9996337890625,1951.6756591796875,1823.5322265625,1877.934326171875,20308508124,-0.02403430246154259,1910.2823311941963,1700.0211588541667,51.3881305876143,1878.139404296875,1904.2281494140625,1936.802001953125,58.33648391437388,109.08774463454097,112.04797401839039,1847.0078125
2022-08-18,1847.0078125,1876.376953125,1826.957763671875,1833.715576171875,14999352229,0.007642215771740624,1905.394287109375,1710.1555786132812,56.03045914002534,1832.9996337890625,1878.139404296875,1904.2281494140625,59.19214464299619,101.77769228969078,109.99391767265047,1612.9873046875
2022-08-19,1612.9873046875,1847.0953369140625,1611.3388671875,1847.0953369140625,25906358731,-0.12670250024321428,1856.2144077845983,1713.248465983073,118.82693713652797,1847.0078125,1832.9996337890625,1878.139404296875,43.22203710134346,76.22228094284583,103.23959032668955,1577.0037841796875
2022-08-20,1577.0037841796875,1652.21875,1534.298828125,1612.650634765625,18334580263,-0.022308619790894157,1798.4525844029017,1713.256941731771,143.56593761041444,1612.9873046875,1847.0078125,1832.9996337890625,41.3736129701909,52.46112476514645,93.08389721438094,1619.3189697265625
2022-08-21,1619.3189697265625,1640.9365234375,1569.0465087890625,1576.5435791015625,15849221752,0.02683264680235764,1753.097865513393,1715.98740234375,142.7211777928338,1577.0037841796875,1612.9873046875,1847.0078125,44.38565157015132,36.622557093877276,81.79162919028022,1622.505859375
2022-08-22,1622.505859375,1622.77880859375,1535.0147705078125,1619.1668701171875,18557078599,0.0019680431761850414,1712.8518240792412,1718.4276814778646,132.34532477635682,1619.3189697265625,1577.0037841796875,1612.9873046875,44.61643454799943,24.05029661576259,70.24336267537669,1662.7698974609375
2022-08-23,1662.7698974609375,1666.676513671875,1569.4285888671875,1622.9393310546875,18322041914,0.024815958508431768,1682.084751674107,1720.5374552408855,110.79533378402067,1622.505859375,1619.3189697265625,1577.0037841796875,47.57634906437592,17.138103591436902,59.62231085858873,1657.0592041015625
2022-08-24,1657.0592041015625,1686.5577392578125,1610.0992431640625,1662.6954345703125,16780932907,-0.0034344459615821554,1656.950404575893,1727.5933146158854,88.58373109572089,1662.7698974609375,1622.505859375,1619.3189697265625,47.19112378989551,11.071707836115365,49.912190254094064,1696.45703125
2022-08-25,1696.45703125,1718.1832275390625,1656.8560791015625,1657.3365478515625,14818795695,0.023775751072091955,1635.443150111607,1736.0816569010417,39.335068686073306,1657.0592041015625,1662.7698974609375,1622.505859375,50.18771979815385,9.335506970298638,41.79685359733499,1507.7828369140625
2022-08-26,1507.7828369140625,1698.56103515625,1498.771240234375,1696.3245849609375,26713710143,-0.11121660664574373,1620.4139404296875,1731.7999959309896,62.576934432171406,1696.45703125,1657.0592041015625,1662.7698974609375,38.82549880346007,-7.182084788638576,32.00106592014028,1491.39501953125
2022-08-27,1491.39501953125,1517.1500244140625,1454.282958984375,1508.156982421875,18120831899,-0.010868818096081423,1608.184116908482,1723.99755859375,78.75034025132622,1507.7828369140625,1696.45703125,1657.0592041015625,38.02035177736507,-21.34866108855863,21.331120518400496,1430.54736328125
2022-08-28,1430.54736328125,1505.7919921875,1430.54736328125,1491.206787109375,12823572918,-0.040799154786720804,1581.2167445591517,1714.1022379557292,102.91570468927935,1491.39501953125,1507.7828369140625,1696.45703125,35.10906594517394,-37.0584850575724,9.653199403205917,1553.037353515625
2022-08-29,1553.037353515625,1556.3095703125,1427.7283935546875,1430.439453125,17965837488,0.08562456118434225,1571.2926722935267,1709.3378336588542,101.61178592656738,1430.54736328125,1491.39501953125,1507.7828369140625,44.34743541915249,-39.17315150966897,-0.11207077936906007,1523.8388671875
2022-08-30,1523.8388671875,1600.461181640625,1480.831787109375,1553.18896484375,21835784470,-0.018800891209749815,1551.4453822544642,1704.081884765625,94.05327096612758,1553.037353515625,1430.54736328125,1491.39501953125,42.78380146284132,-42.71274776458495,-8.632206176412238,1553.6849365234375
2022-08-31,1553.6849365234375,1612.35888671875,1524.2864990234375,1524.2864990234375,20591680941,0.019586105840063928,1536.6776297433037,1701.3648559570313,82.05713184028423,1523.8388671875,1553.037353515625,1430.54736328125,44.92156499386888,-42.61829772936335,-15.42942448700246,1586.1767578125
2022-09-01,1586.1767578125,1593.082763671875,1520.1883544921875,1553.75634765625,16434276817,0.020912747832753542,1520.923304966518,1699.8059000651042,50.96330805047743,1553.6849365234375,1523.8388671875,1553.037353515625,47.232964191833055,-39.46667964760513,-20.236875519122997,1577.220458984375
2022-09-02,1577.220458984375,1643.1832275390625,1551.8779296875,1586.0179443359375,17708478709,-0.005646469590486647,1530.8429652622767,1698.417431640625,54.60685645575681,1586.1767578125,1553.6849365234375,1523.8388671875,46.65179718878088,-37.26216305533603,-23.641933026365603,1556.8726806640625
2022-09-03,1556.8726806640625,1579.454345703125,1541.672119140625,1577.2137451171875,9516825994,-0.01290103625298844,1540.1969168526787,1696.7063273111978,52.28190161819753,1577.220458984375,1586.1767578125,1553.6849365234375,45.28842000430144,-36.73352225155645,-26.260250871403773,1577.6416015625
2022-09-04,1577.6416015625,1578.00927734375,1543.6988525390625,1556.8958740234375,8884144998,0.013340153730219573,1561.2103794642858,1691.552559407552,21.167994547544744,1556.8726806640625,1577.220458984375,1586.1767578125,46.99127101791369,-34.24394933075382,-27.856990563273783,1617.1832275390625
2022-09-05,1617.1832275390625,1621.661376953125,1559.7818603515625,1577.884033203125,13060541168,0.025063757153335864,1570.3740757533483,1689.0700642903646,29.34522113191881,1577.6416015625,1556.8726806640625,1577.220458984375,50.17110142452831,-28.748867057569896,-28.035365862133006,1561.74853515625
2022-09-06,1561.74853515625,1680.5953369140625,1561.74853515625,1617.240234375,22946059125,-0.0342785476863805,1575.7897426060267,1684.4833211263021,21.87243395158413,1617.1832275390625,1577.6416015625,1556.8726806640625,46.00461677920844,-28.538121454615293,-28.135916980629467,1629.9063720703125
2022-09-07,1629.9063720703125,1651.0511474609375,1500.013671875,1560.90673828125,19560363854,0.04364200470163615,1586.6785191127233,1679.6296630859374,27.326571799061774,1561.74853515625,1617.1832275390625,1577.6416015625,51.35376047529093,-22.61069421750767,-27.030872428005107,1635.34765625
2022-09-08,1635.34765625,1655.0640869140625,1603.0638427734375,1629.80517578125,17621046717,0.0033384029125402837,1593.7029331752233,1677.3737508138022,32.92285313823487,1629.9063720703125,1561.74853515625,1617.1832275390625,51.764592116727684,-17.274964234299887,-25.079690789264063,1719.08544921875
2022-09-09,1719.08544921875,1735.809814453125,1632.8365478515625,1635.187744140625,20242323690,0.05120488762662756,1613.9693603515625,1672.9518432617188,56.387783004637264,1635.34765625,1629.9063720703125,1561.74853515625,57.68693898888568,-6.217745415370246,-21.307301714485302,1776.2037353515625
2022-09-10,1776.2037353515625,1784.497802734375,1710.2969970703125,1718.9613037109375,13130928217,0.03322597265817717,1645.3023681640625,1669.4511637369792,76.66502068884577,1719.08544921875,1635.34765625,1629.9063720703125,61.18750142058193,7.072619737295781,-15.631317424129087,1761.800048828125
2022-09-11,1761.800048828125,1782.7298583984375,1730.164794921875,1775.97607421875,12464301922,-0.008109253593359123,1671.6107177734375,1662.9362833658854,81.04934487925634,1776.2037353515625,1719.08544921875,1635.34765625,59.84300408235971,16.255687302474826,-9.253916478808305,1713.7652587890625
2022-09-12,1713.7652587890625,1778.1634521484375,1698.29345703125,1762.0848388671875,17688391310,-0.02726460932443109,1685.4081508091517,1654.0172403971353,78.4177354073901,1761.800048828125,1776.2037353515625,1719.08544921875,55.46586882516235,19.433313257234204,-3.516470531599804,1580.7879638671875
2022-09-13,1580.7879638671875,1745.779052734375,1564.0318603515625,1713.9625244140625,23066821734,-0.07759364606085906,1688.1280691964287,1642.1501057942708,73.59567994415487,1713.7652587890625,1761.800048828125,1776.2037353515625,45.53610834835549,11.093568604007487,-0.5944627044783464,1634.7550048828125
2022-09-14,1634.7550048828125,1642.1572265625,1564.0318603515625,1574.858154296875,17897150206,0.03413932940354747,1688.8207310267858,1633.1676676432292,72.97659916456837,1580.7879638671875,1713.7652587890625,1761.800048828125,49.48832310029283,8.73822129456039,1.2720740953294007,1471.6934814453125
2022-09-15,1471.6934814453125,1648.9456787109375,1466.139404296875,1635.0830078125,26946275878,-0.09974676508128455,1665.4415631975446,1619.6194702148437,109.85769470833,1634.7550048828125,1580.7879638671875,1713.7652587890625,40.03509212664376,-6.2144740089327115,-0.22523552552302184,1432.44775390625
2022-09-16,1432.44775390625,1480.564208984375,1415.581298828125,1471.9283447265625,16764804299,-0.026667052639602784,1624.4933210100446,1606.2677408854167,136.67688015453217,1471.6934814453125,1634.7550048828125,1580.7879638671875,38.1464186794976,-20.989441768245115,-4.3780767740674404,1469.74169921875
2022-09-17,1469.74169921875,1473.0604248046875,1415.0423583984375,1432.87646484375,10798098671,0.026035117309375133,1580.7130301339287,1593.6922037760417,128.83997500493564,1432.44775390625,1471.6934814453125,1634.7550048828125,40.99504294580799,-29.351059711230846,-9.372673361500123,1335.3291015625
2022-09-18,1335.3291015625,1469.7054443359375,1331.4947509765625,1469.7054443359375,15762284723,-0.09145321094699688,1519.788609095982,1584.4369303385417,129.76690863850425,1469.74169921875,1432.44775390625,1471.6934814453125,34.7782746621327,-46.290072331889405,-16.75615315557798,1377.5413818359375
2022-09-19,1377.5413818359375,1388.272216796875,1287.4208984375,1335.270751953125,18712714223,0.031611892696747024,1471.756626674107,1577.78818359375,106.0617250747191,1335.3291015625,1469.74169921875,1432.44775390625,37.960180909914826,-55.666494935015635,-24.538221511465515,1324.38818359375
2022-09-20,1324.38818359375,1381.9656982421875,1319.201416015625,1377.6190185546875,14722317220,-0.03858555462874502,1435.1280866350446,1567.957157389323,106.4053672385422,1377.5413818359375,1335.3291015625,1469.74169921875,35.604709615865204,-66.61846013986133,-32.95426923714468,1252.6077880859375
2022-09-21,1252.6077880859375,1384.4769287109375,1229.4267578125,1324.215576171875,20643507800,-0.054198909652784066,1380.5356270926338,1555.6272216796874,82.19185836011621,1324.38818359375,1377.5413818359375,1335.3291015625,32.65760841924302,-80.16594636490959,-42.39660466269766,1327.68017578125
2022-09-22,1327.68017578125,1336.1578369140625,1240.96826171875,1251.5673828125,18461527259,0.05993287636350053,1359.9622977120537,1544.4575642903646,73.09140468694888,1252.6077880859375,1324.38818359375,1377.5413818359375,38.40041818040422,-83.87782121094915,-50.69284797234796,1328.259521484375
2022-09-23,1328.259521484375,1353.288330078125,1270.1983642578125,1327.481201171875,18771106339,0.00043635938360231386,1345.0782645089287,1533.4975748697916,66.14920531745686,1327.68017578125,1252.6077880859375,1324.38818359375,38.44404446378985,-85.78389704607616,-57.71105778709361,1317.9932861328125
2022-09-24,1317.9932861328125,1346.2552490234375,1312.6402587890625,1328.24462890625,12098209717,-0.0077290884691642026,1323.3999197823662,1520.8821166992188,36.87201710914818,1328.259521484375,1327.68017578125,1252.6077880859375,37.93138699969407,-87.11862598145899,-63.59257142596669,1294.216796875
2022-09-25,1294.216796875,1333.371337890625,1275.627685546875,1317.9384765625,11802651633,-0.018039916825051683,1317.5267333984375,1513.7632486979167,37.91473532978067,1317.9932861328125,1328.259521484375,1327.68017578125,36.71040683812405,-89.06824892312056,-68.68770692539746,1335.3201904296875
2022-09-26,1335.3201904296875,1335.5263671875,1282.04931640625,1294.3861083984375,16034549271,0.031759279939756135,1311.4951346261162,1508.5607543945312,29.11285721280159,1294.216796875,1317.9932861328125,1328.259521484375,40.28873984762583,-86.30180531552287,-72.21052660342255,1330.127685546875
2022-09-27,1330.127685546875,1396.8914794921875,1308.991455078125,1335.3370361328125,17870598937,-0.003888584116399585,1312.3150634765625,1505.2134318033854,29.61302075510084,1335.3201904296875,1294.216796875,1317.9932861328125,39.98120927694713,-83.56508429947507,-74.48143814263307,1337.410888671875
2022-09-28,1337.410888671875,1351.9644775390625,1267.8692626953125,1329.5413818359375,18994979566,0.005475566897929385,1324.4297921316963,1498.0258829752604,14.714285260714407,1330.127685546875,1335.3201904296875,1294.216796875,40.66534648852007,-79.88762474360351,-75.56267546282716,1335.65234375
2022-09-29,1335.65234375,1348.107666015625,1293.193359375,1337.554443359375,13796915736,-0.0013148875463555587,1325.5686732700892,1491.752998860677,15.304478993781697,1337.410888671875,1330.127685546875,1335.3201904296875,40.54517239594994,-76.23630674067817,-75.69740171839736,1327.9786376953125
2022-09-30,1327.9786376953125,1368.743408203125,1320.3831787109375,1335.646484375,14250100093,-0.005745287005705868,1325.5285470145088,1484.2294555664062,15.29661431619449,1335.65234375,1337.410888671875,1330.127685546875,39.98981552296086,-73.11894517875271,-75.18171041046844,1311.6444091796875
2022-10-01,1311.6444091796875,1332.5164794921875,1306.1025390625,1328.1937255859375,6227961237,-0.012300068730000668,1324.6215645926338,1475.0783772786458,15.990357846195636,1327.9786376953125,1335.65234375,1337.410888671875,38.77241358852405,-71.1463189342885,-74.37463211523246,1276.093505859375
2022-10-02,1276.093505859375,1316.330078125,1275.3360595703125,1311.75341796875,7578351650,-0.027104071096941795,1322.0325230189733,1465.0408121744792,22.052021429869413,1311.6444091796875,1327.9786376953125,1335.65234375,36.190088422844184,-71.62599927617975,-73.82490554742192,1323.439208984375
2022-10-03,1323.439208984375,1326.554443359375,1271.15087890625,1276.1634521484375,10153070907,0.037102064157215064,1320.335239955357,1457.259696451823,21.303368929434768,1276.093505859375,1311.6444091796875,1327.9786376953125,41.75386658066192,-67.40870129730638,-72.54166469739882,1362.1265869140625
2022-10-04,1362.1265869140625,1364.970947265625,1320.07666015625,1323.2783203125,10139774963,0.02923245561039156,1324.9065115792412,1450.0758626302083,26.54351831303555,1323.439208984375,1276.093505859375,1311.6444091796875,45.90451626112175,-60.25018753260383,-70.08336926443982,1352.837158203125
2022-10-05,1352.837158203125,1362.4517822265625,1320.8551025390625,1361.972900390625,9774451820,-0.006819798394790189,1327.1102643694196,1441.2643269856771,28.33465509595044,1362.1265869140625,1323.439208984375,1276.093505859375,45.073941162766964,-54.69609057671346,-67.00591352689456,1351.70947265625
2022-10-06,1351.70947265625,1380.4049072265625,1349.449951171875,1352.806640625,12033514861,-0.0008335707960394068,1329.4041399274554,1434.2630249023437,29.75577520724179,1352.837158203125,1362.1265869140625,1323.439208984375,44.967574228330236,-49.81123066257078,-63.56697695402981,1332.5169677734375
2022-10-07,1332.5169677734375,1359.328125,1321.74609375,1351.83642578125,10061619355,-0.01419869082155445,1330.0524727957588,1424.3500447591146,29.76897781564867,1351.70947265625,1352.837158203125,1362.1265869140625,43.1032581804607,-46.947437892426024,-60.24306914170906,1315.50048828125
2022-10-08,1315.50048828125,1335.954833984375,1307.072998046875,1332.371337890625,5804676208,-0.012770178469562854,1330.6033412388392,1413.6884724934896,29.40502081861089,1332.5169677734375,1351.70947265625,1352.837158203125,41.46194125515374,-45.52615203037976,-57.299685719443204,1322.604248046875
2022-10-09,1322.604248046875,1327.6688232421875,1309.3446044921875,1315.460205078125,5486230123,0.005400043427506773,1337.2477329799108,1400.472432454427,18.127140074088803,1315.50048828125,1332.5169677734375,1351.70947265625,42.447203885711076,-43.327110738010106,-54.50517072315659,1291.337646484375
2022-10-10,1291.337646484375,1335.6627197265625,1291.337646484375,1322.61865234375,8794491050,-0.023640179296771646,1332.6617954799108,1384.3102294921875,24.971330866310232,1322.604248046875,1315.50048828125,1332.5169677734375,39.31099602367549,-43.604660724894075,-52.32506872350409,1279.57568359375
2022-10-11,1279.57568359375,1296.27392578125,1272.7376708984375,1291.109619140625,9274845260,-0.009108355915005362,1320.8688092912946,1368.236083984375,28.041171723096937,1291.337646484375,1322.604248046875,1315.50048828125,38.16852565386421,-44.26347144976876,-50.71274926875703,1294.9063720703125
2022-10-12,1294.9063720703125,1303.0751953125,1277.5274658203125,1279.7322998046875,8355638578,0.011981072064065401,1312.592982700893,1354.27412109375,25.463999239608825,1279.57568359375,1291.337646484375,1322.604248046875,40.59202112464645,-43.052245769420324,-49.180648568889694,1288.1239013671875
2022-10-13,1288.1239013671875,1297.564208984375,1209.2781982421875,1294.9173583984375,17499038202,-0.005237807805579919,1303.5093296595983,1344.51865234375,19.922928292605253,1294.9063720703125,1279.57568359375,1291.337646484375,39.847890973695,-42.153707691112686,-47.77526039333429,1297.422119140625
2022-10-14,1297.422119140625,1339.7447509765625,1285.3782958984375,1288.0487060546875,13113767755,0.007218418789969316,1298.4957798549108,1333.2742228190104,15.281795934835113,1288.1239013671875,1294.9063720703125,1279.57568359375,41.43299479699673,-40.227602563035134,-46.265728827274465,1274.8717041015625
2022-10-15,1274.8717041015625,1300.7459716796875,1268.468505859375,1297.305908203125,6798512624,-0.017380939253601735,1292.6916678292412,1326.713496907552,15.461363424424093,1297.422119140625,1288.1239013671875,1294.9063720703125,38.76499325349989,-40.05900512890457,-45.024384087600495,1306.296630859375
2022-10-16,1306.296630859375,1312.634521484375,1275.0054931640625,1275.0054931640625,7491625206,0.024649481713894028,1290.3620082310267,1322.5084594726563,10.697849632228408,1274.8717041015625,1297.422119140625,1288.1239013671875,44.161105563736015,-36.963568478989146,-43.41222096587823,1331.713623046875
2022-10-17,1331.713623046875,1335.6478271484375,1297.447265625,1306.3095703125,9401189650,0.019457289858260562,1296.1300048828125,1317.9075236002604,18.985870188005645,1306.296630859375,1274.8717041015625,1297.422119140625,48.14158184210051,-32.08956524852579,-41.14768982240774,1310.447021484375
2022-10-18,1310.447021484375,1339.0859375,1291.66064453125,1331.669921875,10416747806,-0.01596935046278447,1300.5401960100446,1317.0781209309896,18.06268027062056,1331.713623046875,1306.296630859375,1274.8717041015625,45.23595012167051,-29.601689733934336,-38.83848980471306,1285.7442626953125
2022-10-19,1285.7442626953125,1312.4423828125,1283.96533203125,1310.5631103515625,8350692785,-0.01885063522910002,1299.2313232421875,1314.0182169596353,18.85360330885027,1310.447021484375,1331.713623046875,1306.296630859375,42.060354550332555,-29.28574876711218,-36.927941597192884,1283.200927734375
2022-10-20,1283.200927734375,1307.8551025390625,1275.323974609375,1285.6602783203125,9009111996,-0.001978103293734268,1298.528041294643,1312.6453084309896,19.420292940239786,1285.7442626953125,1310.447021484375,1331.713623046875,41.7354993139799,-28.9073630632995,-35.32382589041421,1299.9464111328125
2022-10-21,1299.9464111328125,1305.081298828125,1260.666748046875,1283.1881103515625,10412565245,0.013049775009127629,1298.8886544363838,1314.223262532552,19.419771212304465,1283.200927734375,1285.7442626953125,1310.447021484375,44.760632175214745,-26.94565635116851,-33.64819198256507,1314.2991943359375
2022-10-22,1314.2991943359375,1317.10107421875,1295.9468994140625,1299.90234375,7175324564,0.011041057600688076,1304.5211530412946,1313.7772298177083,16.83924303771831,1299.9464111328125,1283.200927734375,1285.7442626953125,47.28691504352797,-23.95668227445003,-31.709890040942067,1363.447021484375
2022-10-23,1363.447021484375,1367.7607421875,1302.9088134765625,1314.24951171875,9909510925,0.03739470233280473,1312.6854945591517,1314.950146484375,27.999616008818965,1314.2991943359375,1299.9464111328125,1283.200927734375,54.894033077742115,-17.421258455784482,-28.85216372391055,1344.99853515625
2022-10-24,1344.99853515625,1368.425537109375,1327.85400390625,1363.4918212890625,13092820173,-0.013530768733529763,1314.5833391462054,1315.850321451823,29.890693089422054,1363.447021484375,1314.2991943359375,1299.9464111328125,51.86820637237343,-13.574053422255474,-25.796541663579536,1461.6654052734375
2022-10-25,1461.6654052734375,1509.9854736328125,1336.9788818359375,1344.7113037109375,25367291294,0.0867412618435559,1336.1859654017858,1321.4319417317708,62.862325793071264,1344.99853515625,1363.447021484375,1314.2991943359375,65.0051544763818,-1.0984125071822746,-20.856915832300086,1566.566650390625
2022-10-26,1566.566650390625,1584.63671875,1460.4287109375,1461.1331787109375,32705548427,0.07176830260791678,1376.3034493582588,1329.140157063802,102.4492061427689,1461.6654052734375,1344.99853515625,1363.447021484375,72.32054815962927,17.056658048245254,-13.274201056191018,1514.3748779296875
2022-10-27,1514.3748779296875,1574.4034423828125,1510.8167724609375,1566.8414306640625,22813499245,-0.03331602421634816,1409.3282993861608,1335.2817301432292,104.67106720195333,1566.566650390625,1461.6654052734375,1344.99853515625,65.03613707977878,26.92289207002159,-5.234782430948497,1555.4779052734375
2022-10-28,1555.4779052734375,1568.6339111328125,1493.87109375,1514.3231201171875,19974623205,0.027141910462713303,1445.832798549107,1342.5506306966147,104.72460270025131,1514.3748779296875,1566.566650390625,1461.6654052734375,67.78788370618132,37.6249078914841,3.337155633538022,1619.698486328125
2022-10-29,1619.698486328125,1652.3822021484375,1549.983642578125,1555.274658203125,21618154775,0.04128672020153079,1489.4612688337054,1352.0188354492188,104.40908236220125,1555.4779052734375,1514.3748779296875,1566.566650390625,71.5547782467657,50.70391355777315,12.810507218385048,1590.7833251953125
2022-10-30,1590.7833251953125,1637.037841796875,1579.4852294921875,1619.6978759765625,13930073427,-0.017852187537918507,1521.9378836495537,1360.7789916992188,93.46210807893527,1619.698486328125,1555.4779052734375,1514.3748779296875,67.71517560398678,58.06655285201737,21.861716345111514,1572.7144775390625
2022-10-31,1572.7144775390625,1630.452880859375,1555.9189453125,1590.4813232421875,19306919714,-0.011358459301194612,1554.4687325613838,1369.481327311198,52.07995520458379,1590.7833251953125,1619.698486328125,1555.4779052734375,65.35514860653859,61.731885786872226,29.835750233463656,1579.70458984375
2022-11-01,1579.70458984375,1606.605712890625,1568.0985107421875,1572.6453857421875,14507311208,0.004444616238050703,1571.3314732142858,1379.6016967773437,32.423903696303356,1572.7144775390625,1590.7833251953125,1619.698486328125,65.85099526769466,64.45770390216808,36.76014096720454,1519.7117919921875
2022-11-02,1519.7117919921875,1613.41064453125,1507.2447509765625,1579.4979248046875,23254218281,-0.03797722576567086,1564.6379220145088,1386.1441162109375,37.93880982302164,1579.70458984375,1572.7144775390625,1590.7833251953125,58.157650580540455,61.07300540146707,41.62271385405705,1531.541748046875
2022-11-03,1531.541748046875,1556.7596435546875,1517.1016845703125,1519.724853515625,14248351007,0.007784341818641627,1567.09033203125,1391.7912882486978,34.55189978162389,1519.7117919921875,1579.70458984375,1572.7144775390625,59.17061543962693,58.66888762435201,45.031948608116046,1645.0933837890625
2022-11-04,1645.0933837890625,1661.334716796875,1529.2684326171875,1531.3975830078125,20806964347,0.074142044046136,1579.892543247768,1401.5331624348958,44.65675390355709,1531.541748046875,1519.7117919921875,1579.70458984375,67.34301137762822,65.17497839807629,49.060554566108095,1627.968017578125
2022-11-05,1627.968017578125,1660.4864501953125,1625.9642333984375,1645.156494140625,11006973190,-0.010409966011469485,1581.0739048549108,1410.7417805989583,45.97521585242354,1645.0933837890625,1531.541748046875,1519.7117919921875,65.22266760540676,68.16348208832005,52.88114007055049,1572.2347412109375
2022-11-06,1572.2347412109375,1634.1324462890625,1572.2347412109375,1627.901123046875,11632744705,-0.034234871794410315,1578.424107142857,1418.732373046875,45.856716722191955,1627.968017578125,1645.0933837890625,1531.541748046875,58.740627438628174,65.28215117146101,55.361342290732594,1568.59130859375
2022-11-07,1568.59130859375,1604.475341796875,1550.41552734375,1572.0169677734375,15279963349,-0.002317359184151657,1577.8350830078125,1427.1687337239584,45.968623759961275,1572.2347412109375,1627.968017578125,1645.0933837890625,58.332491780733356,61.990097837833446,56.68709340015277,1332.8355712890625
2022-11-08,1332.8355712890625,1574.7998046875,1259.443115234375,1568.32958984375,42048003440,-0.1502977455077471,1542.568080357143,1427.5097778320312,103.27440920285065,1568.59130859375,1572.2347412109375,1627.968017578125,39.30297986303467,39.89768842863077,53.329212405848374,1100.1697998046875
2022-11-09,1100.1697998046875,1335.7435302734375,1083.28564453125,1333.1224365234375,38864492427,-0.17456449729905577,1482.633510044643,1421.1375162760417,197.5020595948822,1332.8355712890625,1568.59130859375,1572.2347412109375,29.184344014932236,3.5739136627964854,43.378152657238005,1299.464599609375
2022-11-10,1299.464599609375,1341.7911376953125,1093.12255859375,1100.107177734375,28581002122,0.18114912792558768,1449.4796316964287,1421.8004801432292,207.16618036582096,1100.1697998046875,1332.8355712890625,1568.59130859375,42.77474770278206,-9.027451923312583,32.89703174112788,1287.2210693359375
2022-11-11,1287.2210693359375,1302.2952880859375,1211.32958984375,1298.8824462890625,20920539099,-0.009421980619647496,1398.355015345982,1421.5443033854167,194.62526985502703,1299.464599609375,1100.1697998046875,1332.8355712890625,42.238449406494894,-19.774131627423685,22.36279906741757,1255.268310546875
2022-11-12,1255.268310546875,1288.15087890625,1242.1522216796875,1287.4383544921875,10964962767,-0.02482305452438449,1345.1122000558037,1420.4491170247395,170.87132909145862,1287.2210693359375,1299.464599609375,1100.1697998046875,40.80073273694912,-30.517486722052126,11.78674190952363,1221.8192138671875
2022-11-13,1221.8192138671875,1271.7125244140625,1208.52099609375,1255.4412841796875,10717455214,-0.026646969734394843,1295.0528390066963,1417.9290201822917,142.1601215618693,1255.268310546875,1287.2210693359375,1299.464599609375,39.292943558084424,-41.25517165414885,1.178359196789133,1241.604248046875
2022-11-14,1241.604248046875,1284.2176513671875,1178.4290771484375,1221.8955078125,15028035663,0.016193094653558227,1248.3404017857142,1416.8201049804688,75.29508169927526,1221.8192138671875,1255.268310546875,1287.2210693359375,40.68913198550621,-47.61945003784922,-8.581202650138538,1251.7362060546875
2022-11-15,1251.7362060546875,1283.19873046875,1238.688232421875,1241.677734375,11798011594,0.008160376403149927,1236.7547781808037,1415.0014241536458,65.76296711882942,1241.604248046875,1221.8192138671875,1255.268310546875,41.43199130577327,-51.25478887302688,-17.115919894716207,1215.6025390625
2022-11-16,1215.6025390625,1264.486328125,1192.98779296875,1251.808837890625,11939561598,-0.028866838569826303,1253.2451695033483,1411.1310546875,31.190374919072216,1251.7362060546875,1241.604248046875,1221.8192138671875,39.53044318604453,-56.40134642277917,-24.9730052003288,1200.80859375
2022-11-17,1200.80859375,1224.9656982421875,1189.1527099609375,1215.8486328125,9723646871,-0.012170051342529575,1239.1514543805804,1407.4764404296875,29.040104571756707,1215.6025390625,1251.7362060546875,1241.604248046875,38.74636542211059,-60.97094303030235,-32.17259276632351,1212.30029296875
2022-11-18,1212.30029296875,1226.7374267578125,1200.8021240234375,1200.8021240234375,7979913378,0.009569967502366605,1228.448486328125,1405.0283081054688,21.08865553054292,1200.80859375,1215.6025390625,1251.7362060546875,39.74612904829992,-62.93956900415628,-38.32598801389007,1218.4267578125
2022-11-19,1218.4267578125,1227.8372802734375,1200.4755859375,1212.2154541015625,5978745776,0.005053586870582327,1223.1854073660713,1402.8691691080728,17.58607603904108,1212.30029296875,1200.80859375,1215.6025390625,40.30551308819007,-63.27595889352415,-43.315982189816886,1142.4666748046875
2022-11-20,1142.4666748046875,1224.0777587890625,1137.9332275390625,1218.436279296875,9651002684,-0.062342756772829966,1211.849330357143,1397.6198445638022,35.28389913893259,1218.4267578125,1212.30029296875,1200.80859375,35.8602397087824,-68.87791247819928,-48.42836824749337,1108.35302734375
2022-11-21,1108.35302734375,1142.395751953125,1084.8572998046875,1142.395751953125,14080099208,-0.0298596433605115,1192.813441685268,1390.754972330729,49.597203279180604,1142.4666748046875,1218.4267578125,1212.30029296875,34.04428247824809,-75.20329058298307,-53.78335271459132,1135.1734619140625
2022-11-22,1135.1734619140625,1136.442626953125,1081.13818359375,1107.89599609375,12040670755,0.024198458350936924,1176.16162109375,1383.1458536783855,45.95067762050824,1108.35302734375,1142.4666748046875,1218.4267578125,36.75593801443508,-77.16253174684289,-58.45918852104164,1183.1995849609375
2022-11-23,1183.1995849609375,1184.997314453125,1130.0228271484375,1135.4215087890625,11242676044,0.04230729897957275,1171.5326276506696,1377.7525553385417,42.84223481917614,1135.1734619140625,1108.35302734375,1142.4666748046875,41.40176475814762,-73.98706094274507,-61.56476300538233,1203.983154296875
2022-11-24,1203.983154296875,1211.62744140625,1180.3797607421875,1183.3450927734375,9706372376,0.01756556510001106,1171.9861363002233,1369.1631469726562,43.21893355098937,1183.1995849609375,1135.1734619140625,1108.35302734375,43.34147045765266,-68.9980505259241,-63.05142050949069,1198.9259033203125
2022-11-25,1198.9259033203125,1203.7994384765625,1174.8233642578125,1203.7994384765625,5483308196,-0.004200433335394882,1170.0755092075892,1356.9084554036458,41.3969073959664,1203.983154296875,1183.1995849609375,1135.1734619140625,42.968750127790955,-64.70640653907003,-63.38241771540656,1205.89794921875
2022-11-26,1205.89794921875,1227.0380859375,1198.097900390625,1198.79052734375,5074160558,0.005815243360018485,1168.285679408482,1346.6258911132813,39.16887195940187,1198.9259033203125,1203.983154296875,1183.1995849609375,43.68772371658727,-60.050437856171584,-62.716021743559565,1195.126953125
2022-11-27,1195.126953125,1220.3494873046875,1195.0390625,1205.9052734375,4486976868,-0.008931930020055212,1175.8085763113838,1334.6141927083333,38.43366214389207,1205.89794921875,1198.9259033203125,1203.983154296875,42.790243023146154,-56.57748842996989,-61.48831508084163,1170.086181640625
2022-11-28,1170.086181640625,1198.7376708984375,1156.0625,1194.9603271484375,7275411870,-0.02095239457105269,1184.6275983537946,1319.6271158854167,25.169250354672354,1195.126953125,1205.89794921875,1198.9259033203125,40.69706893645579,-55.209313374805106,-60.23251473963433,1216.9012451171875
2022-11-29,1216.9012451171875,1222.1641845703125,1163.4775390625,1169.8743896484375,7639405818,0.040009927654150346,1196.3029959542412,1307.1643798828125,15.506016472146664,1170.086181640625,1195.126953125,1205.89794921875,46.014036916481416,-49.773680408955215,-58.14074787349851,1295.6885986328125
2022-11-30,1295.6885986328125,1302.0386962890625,1215.4979248046875,1216.9287109375,9836925304,0.06474424595402373,1212.3728550502233,1297.9301839192708,39.456168342390626,1216.9012451171875,1170.086181640625,1195.126953125,53.56031388673696,-38.66274113350801,-54.24514652550042,1276.27392578125
2022-12-01,1276.27392578125,1295.9998779296875,1267.70849609375,1295.76953125,6857935276,-0.014984057799110495,1222.7001081194196,1287.815828450521,45.838720880447596,1295.6885986328125,1216.9012451171875,1170.086181640625,51.64458126047802,-31.065737072430238,-49.60926463488639,1294.3033447265625
2022-12-02,1294.3033447265625,1294.3033447265625,1269.2431640625,1276.32861328125,6213645709,0.014126606037395906,1236.3254568917412,1280.3022135416666,51.42857468753995,1276.27392578125,1295.6885986328125,1216.9012451171875,53.31455492590387,-23.32139862355575,-44.351691432620264,1243.3348388671875
2022-12-03,1243.3348388671875,1299.84033203125,1241.431884765625,1294.45654296875,5672609405,-0.03937910387625765,1241.673583984375,1270.6953165690104,49.65291319927204,1294.3033447265625,1276.27392578125,1295.6885986328125,48.242339503743125,-21.05398978061521,-39.692151102219256,1280.256591796875
2022-12-04,1280.256591796875,1281.4923095703125,1242.9117431640625,1243.21923828125,5174128454,0.029695743878074943,1253.8349609375,1258.534090169271,46.68910786035661,1243.3348388671875,1294.3033447265625,1276.27392578125,51.81834906888645,-16.092273333429148,-34.97217554846124,1259.6767578125
2022-12-05,1259.6767578125,1302.237548828125,1252.472412109375,1279.9989013671875,6120359523,-0.016074772913678648,1266.6336146763392,1246.25771484375,28.73112873726035,1280.256591796875,1243.3348388671875,1294.3033447265625,49.75485266018385,-13.663197080587452,-30.71037985488648,1271.65380859375
2022-12-06,1271.65380859375,1271.9232177734375,1247.6298828125,1259.854248046875,5089212680,0.009508035062938625,1274.4554094587054,1236.238350423177,18.60330168178468,1259.6767578125,1280.256591796875,1243.3348388671875,50.9783438097399,-10.64893446027736,-26.698090775964655,1232.4375
2022-12-07,1232.4375,1272.694091796875,1224.447998046875,1271.5531005859375,5752205180,-0.030838824473082838,1265.4195382254463,1225.033223470052,21.678040390175912,1271.65380859375,1259.6767578125,1280.256591796875,46.94728876619611,-11.294343811270664,-23.617341383025856,1281.1163330078125
2022-12-08,1281.1163330078125,1286.229736328125,1226.3585205078125,1232.4517822265625,6227269815,0.0394980134958669,1266.1113106863838,1223.3092488606771,22.15418096061023,1232.4375,1271.65380859375,1259.6767578125,52.019062456353296,-7.78808418750782,-20.451489943922248,1264.2847900390625
2022-12-09,1264.2847900390625,1290.055419921875,1260.8187255859375,1281.0772705078125,5706183865,-0.013138184671514397,1261.8229457310267,1228.7797485351562,18.369636544365985,1281.1163330078125,1232.4375,1271.65380859375,50.23096072717433,-6.294948773947226,-17.620181709927245,1266.3841552734375
2022-12-10,1266.3841552734375,1279.5279541015625,1262.119873046875,1264.37548828125,3282499999,0.0016605160885547754,1265.1157052176338,1227.6770670572917,16.47098439912558,1264.2847900390625,1281.1163330078125,1232.4375,50.45969808791972,-4.885905297059935,-15.073326427353782,1263.8685302734375
2022-12-11,1263.8685302734375,1281.783203125,1260.6636962890625,1266.4178466796875,3362005848,-0.0019864627881867047,1262.7745535714287,1226.8986490885416,15.064870970680621,1266.3841552734375,1264.2847900390625,1281.1163330078125,50.16219126329383,-3.9269506607859057,-12.844051274040208,1274.6190185546875
2022-12-12,1274.6190185546875,1275.6103515625,1243.477783203125,1263.573486328125,5151109364,0.00850601785212901,1264.9091622488838,1227.5436726888022,15.601822312976939,1263.8685302734375,1266.3841552734375,1264.2847900390625,51.47878245862739,-2.2732925425707435,-10.729899527746316,1320.5491943359375
2022-12-13,1320.5491943359375,1341.4393310546875,1258.472412109375,1274.6624755859375,8812883119,0.03603443469196854,1271.8942173549108,1230.8346720377604,26.360599099812376,1274.6190185546875,1263.8685302734375,1266.3841552734375,56.737266545549204,2.7121606612881806,-8.041487489939417,1309.3287353515625
2022-12-14,1309.3287353515625,1346.1744384765625,1305.8333740234375,1320.6885986328125,7830915428,-0.008496812562910572,1282.8786795479912,1233.0921549479167,22.982561631683776,1320.5491943359375,1274.6190185546875,1263.8685302734375,55.16442431050801,5.69215535317835,-5.2947589213158635,1266.3538818359375
2022-12-15,1266.3538818359375,1311.067138671875,1262.6893310546875,1309.1907958984375,6032859783,-0.03282205022719986,1280.7697579520088,1233.5794108072917,23.832817209803075,1309.3287353515625,1320.5491943359375,1274.6190185546875,49.504040653719876,4.533847719046435,-3.329037593243404,1168.2593994140625
2022-12-16,1168.2593994140625,1278.156982421875,1162.1756591796875,1266.4605712890625,9297811507,-0.07746214058242495,1267.0518450055804,1232.0013061523437,49.12157998093456,1266.3538818359375,1309.3287353515625,1320.5491943359375,39.53261639531692,-4.2505269193438835,-3.5133354584635006,1188.1495361328125
2022-12-17,1188.1495361328125,1189.0450439453125,1165.4078369140625,1168.0667724609375,5077258586,0.017025445486444024,1255.8754708426338,1231.5793375651042,57.48670408422468,1168.2593994140625,1266.3538818359375,1309.3287353515625,42.08016081443564,-9.497755095283992,-4.7102193858276,1184.7152099609375
2022-12-18,1184.7152099609375,1194.2144775390625,1176.185791015625,1188.1285400390625,3350092519,-0.0028904831146532306,1244.5678536551338,1230.6598347981771,63.157455568438714,1188.1495361328125,1168.2593994140625,1266.3538818359375,41.753063193690984,-13.774558117548622,-6.5230871321718045,1167.60986328125
2022-12-19,1167.60986328125,1192.923828125,1160.377197265625,1184.75830078125,4943628091,-0.014438361671959554,1229.2808314732142,1228.965938313802,67.47443170503902,1184.7152099609375,1188.1495361328125,1168.2593994140625,40.08188353608749,-18.332883774767424,-8.88504646069093,1217.70361328125
2022-12-20,1217.70361328125,1224.0926513671875,1165.5994873046875,1167.8826904296875,6684951715,0.04290281503722926,1214.5886056082588,1231.4738362630208,54.17545726443136,1167.60986328125,1184.7152099609375,1188.1495361328125,46.79773753283384,-17.699217166893277,-10.6478806019314,1213.5999755859375
2022-12-21,1213.5999755859375,1218.1922607421875,1206.4400634765625,1217.58642578125,4217182733,-0.0033699807166168716,1200.9130684988838,1234.9820678710937,34.942867698082516,1217.70361328125,1167.60986328125,1184.7152099609375,46.339527238715654,-17.32840995787842,-11.983986473120805,1218.18212890625
2022-12-22,1218.18212890625,1221.98681640625,1187.1278076171875,1213.672607421875,5297471739,0.003775670247603724,1194.0313895089287,1237.7490234375,22.3988164675663,1213.5999755859375,1217.70361328125,1167.60986328125,46.96397518154184,-16.474888831726275,-12.882166944841899,1220.159423828125
2022-12-23,1220.159423828125,1226.998779296875,1215.994873046875,1218.079345703125,4835831923,0.0016231521337866095,1201.4456787109375,1238.9810180664062,20.99173959849005,1218.18212890625,1213.5999755859375,1217.70361328125,47.24924572938444,-15.460694749585855,-13.39787250579069,1221.1485595703125
2022-12-24,1221.1485595703125,1224.91162109375,1216.3387451171875,1220.117919921875,2626153345,0.0008106610684399662,1206.1598249162946,1239.5531982421876,21.212310395175937,1220.159423828125,1218.18212890625,1213.5999755859375,47.401660526511904,-14.411002577596719,-13.600498520151897,1218.9620361328125
2022-12-25,1218.9620361328125,1223.517822265625,1203.7196044921875,1221.1715087890625,3942720070,-0.0017905466295349282,1211.0522286551338,1240.2210693359375,19.30564889201356,1221.1485595703125,1220.159423828125,1218.18212890625,47.07784478566212,-13.598789753216806,-13.60015676676488,1226.974365234375
2022-12-26,1226.974365234375,1226.974365234375,1214.3359375,1218.920166015625,3282098400,0.006573075177125132,1219.5328717912946,1240.9236165364584,4.063550229385673,1218.9620361328125,1221.1485595703125,1220.159423828125,48.46708839313727,-12.168308555036901,-13.313787124419283,1212.7916259765625
2022-12-27,1212.7916259765625,1230.4180908203125,1205.8956298828125,1226.987060546875,4091530737,-0.011559116196452335,1218.8311593191963,1241.5124389648438,4.791068921858288,1226.974365234375,1218.9620361328125,1221.1485595703125,46.15732477036472,-12.040277602042806,-13.05908521994399,1189.986083984375
2022-12-28,1189.986083984375,1213.12890625,1185.7021484375,1212.736572265625,4991669631,-0.018804171717317075,1215.4577462332588,1242.1757690429688,11.99124489899142,1212.7916259765625,1226.974365234375,1218.9620361328125,42.638575993158845,-13.622002825118898,-13.171668740978973,1201.5953369140625
2022-12-29,1201.5953369140625,1204.1416015625,1188.3602294921875,1190.0101318359375,4132233940,0.009755788816300015,1213.0882045200892,1241.6655721028646,12.962643512778369,1189.986083984375,1212.7916259765625,1226.974365234375,44.93967324916032,-13.77991548327941,-13.293318089439062,1199.2327880859375
2022-12-30,1199.2327880859375,1202.03466796875,1187.4625244140625,1201.569580078125,4055668253,-0.001966176761464933,1210.0986851283483,1238.4503784179688,13.463472804482828,1201.5953369140625,1189.986083984375,1212.7916259765625,44.54801738455074,-13.935065586551218,-13.421667588861494,1196.771240234375
2022-12-31,1196.771240234375,1205.088623046875,1194.2037353515625,1199.360107421875,3018513333,-0.002052602193683639,1206.6162109375,1235.8002888997396,13.280425925218477,1199.2327880859375,1201.5953369140625,1189.986083984375,44.11660856877679,-14.094180560617815,-13.556170183212759,1200.96484375
2023-01-01,1200.96484375,1203.475341796875,1192.8853759765625,1196.713623046875,2399674550,0.003504097838116227,1204.0451834542412,1232.6890055338542,12.189240826976144,1196.771240234375,1199.2327880859375,1201.5953369140625,45.09217896461496,-13.723693373120113,-13.58967482119423,1214.6566162109375
2023-01-02,1214.6566162109375,1219.860595703125,1195.2149658203125,1201.103271484375,3765758498,0.011400643850810077,1202.2855050223213,1231.733064778646,8.723965099895112,1200.96484375,1196.771240234375,1199.2327880859375,48.267559746991154,-12.184809102576992,-13.308701677470783,1214.77880859375
2023-01-03,1214.77880859375,1219.0953369140625,1207.4915771484375,1214.7440185546875,3392972131,0.00010059829352737637,1202.5693882533483,1229.5504720052083,9.14499253859608,1214.6566162109375,1200.96484375,1196.771240234375,48.29629747241183,-10.830524779134294,-12.813066297803486,1256.526611328125
2023-01-04,1256.526611328125,1264.8074951171875,1213.1688232421875,1214.7186279296875,6404416893,0.03436658792451519,1212.0751778738838,1229.445467122396,20.905770545605453,1214.77880859375,1214.6566162109375,1200.96484375,57.0706975070853,-6.315741973932745,-11.513601433029338,1250.4385986328125
2023-01-05,1250.4385986328125,1258.571533203125,1245.173095703125,1256.484619140625,4001786456,-0.004845112423745301,1219.0527866908483,1228.7382934570312,24.6421835639584,1256.526611328125,1214.77880859375,1214.6566162109375,55.589160474648004,-3.192198145279008,-9.849320775479272,1269.3790283203125
2023-01-06,1269.3790283203125,1273.2203369140625,1240.947509765625,1250.458984375,4977252792,0.015147028977039678,1229.0736781529017,1229.969677734375,29.09866450769524,1250.4385986328125,1256.526611328125,1214.77880859375,59.142751229373395,0.8023185974868738,-7.718992900886044,1264.2703857421875
2023-01-07,1264.2703857421875,1270.5982666015625,1262.2711181640625,1269.4197998046875,2565213548,-0.00402452101708739,1238.7164132254463,1229.4081461588542,27.763519255429305,1269.3790283203125,1250.4385986328125,1256.526611328125,57.799362043211595,3.515255456983141,-5.472143229312207,1287.3594970703125
2023-01-08,1287.3594970703125,1287.3594970703125,1260.226806640625,1264.181884765625,3495088905,0.018262795354943462,1251.0585065569196,1230.1773030598958,27.38477600827431,1264.2703857421875,1269.3790283203125,1250.4385986328125,62.000479497252535,7.442582327983246,-2.889198117853117,1321.5389404296875
2023-01-09,1321.5389404296875,1342.1441650390625,1286.6807861328125,1287.4508056640625,7990438824,0.026550037838815266,1266.3274100167412,1232.0157958984375,32.93927187572247,1287.3594970703125,1264.2703857421875,1269.3790283203125,67.20515689768052,13.161297354409498,0.3209009765994062,1336.5860595703125
2023-01-10,1336.5860595703125,1342.7572021484375,1318.5272216796875,1321.3955078125,5830173253,0.011386058087499595,1283.7284458705358,1234.4397135416666,33.34021839847411,1321.5389404296875,1287.3594970703125,1264.2703857421875,69.2048834318559,18.692125784002428,3.995145938080011,1387.9327392578125
2023-01-11,1387.9327392578125,1387.9327392578125,1323.5831298828125,1336.48681640625,6314904311,0.03841629150614301,1302.5007498604912,1238.2168375651042,48.85560383309684,1336.5860595703125,1321.5389404296875,1287.3594970703125,74.84229519915897,26.908411670760415,8.577799084616093,1417.9384765625
2023-01-12,1417.9384765625,1432.28125,1378.422119140625,1405.3514404296875,12230193038,0.021619013988194213,1326.4293038504463,1241.4631469726562,59.060126761777575,1387.9327392578125,1336.5860595703125,1321.5389404296875,77.44120079768001,35.43264419698994,13.948768107090864,1451.6148681640625
2023-01-13,1451.6148681640625,1461.6727294921875,1404.02392578125,1417.9461669921875,7684148212,0.02375024880007759,1352.4629952566963,1246.2060180664062,69.04227134578335,1417.9384765625,1387.9327392578125,1336.5860595703125,79.94524904571917,44.39381893422342,20.03777827251738,1550.7069091796875
2023-01-14,1550.7069091796875,1563.7391357421875,1450.9884033203125,1451.428466796875,15444626014,0.0682633136301174,1393.3824986049108,1255.684452311198,89.81729988351142,1451.6148681640625,1417.9384765625,1387.9327392578125,85.16377663037422,58.81354806653076,27.79293223132006,1552.4794921875
2023-01-15,1552.4794921875,1556.9508056640625,1520.893798828125,1550.7315673828125,6774614499,0.0011430806152468165,1431.2567836216517,1268.491788736979,93.48139779665456,1550.7069091796875,1451.6148681640625,1417.9384765625,85.23777718213293,69.5822194150694,36.15078966806993,1576.83349609375
2023-01-16,1576.83349609375,1594.039794921875,1529.5736083984375,1552.519287109375,8454485431,0.015687166258109064,1467.7274344308037,1281.4479207356771,93.34206439264743,1552.4794921875,1550.7069091796875,1451.6148681640625,86.25236155639506,79.169022413824,44.75443621722075,1567.8460693359375
2023-01-17,1567.8460693359375,1594.0009765625,1553.3359375,1577.107421875,7599462786,-0.0056996675806778585,1500.7645786830358,1294.2189493815104,79.01682991938851,1576.83349609375,1552.4794921875,1550.7069091796875,83.95909859578578,85.06089359839257,52.815727693455116,1515.5069580078125
2023-01-18,1515.5069580078125,1602.106689453125,1509.4228515625,1567.698974609375,10354880595,-0.033382812478710555,1518.989467075893,1305.815519205729,61.404728814386885,1567.8460693359375,1576.83349609375,1552.4794921875,71.95997493866317,84.53247731399142,59.15907761756239,1552.5565185546875
2023-01-19,1552.5565185546875,1557.9703369140625,1514.3800048828125,1515.2496337890625,6432638856,0.024446974889233086,1538.2206159319196,1316.9772827148438,42.71968512211408,1515.5069580078125,1567.8460693359375,1576.83349609375,74.71477442982778,86.11066337623151,64.54939476929621,1659.754150390625
2023-01-20,1659.754150390625,1659.8857421875,1544.9178466796875,1552.3736572265625,8528894754,0.0690458804911851,1567.954799107143,1331.8490885416666,44.77875591823513,1552.5565185546875,1515.5069580078125,1567.8460693359375,80.64103292982654,94.91719387485637,70.62295459040824,1627.1181640625
2023-01-21,1627.1181640625,1674.1793212890625,1626.81298828125,1659.7060546875,8859250310,-0.019663144882297257,1578.8706926618304,1345.4802897135417,48.98901035048639,1659.754150390625,1552.5565185546875,1515.5069580078125,74.88645758261586,98.13177932908684,76.12471953814396,1628.382080078125
2023-01-22,1628.382080078125,1658.0234375,1612.085693359375,1627.365966796875,7517988734,0.0007767819470894111,1589.7139195033483,1359.0877115885417,50.54930242475332,1627.1181640625,1659.754150390625,1552.5565185546875,74.96097893064251,99.63284352006826,80.82634433452883,1628.2510986328125
2023-01-23,1628.2510986328125,1641.2181396484375,1607.903076171875,1628.55078125,8264507375,-8.043655534839544e-05,1597.059291294643,1372.6577962239583,52.07833733033831,1628.382080078125,1627.1181640625,1659.754150390625,74.93616243703941,99.66302528066922,84.59368052375692,1556.604248046875
2023-01-24,1556.604248046875,1639.723876953125,1551.3897705078125,1627.8482666015625,8180274691,-0.04400233517182761,1595.4533168247767,1383.9125366210938,53.28862202437477,1628.2510986328125,1628.382080078125,1627.1181640625,62.70708272454252,92.83549270698359,86.24204296040226,1611.7110595703125
2023-01-25,1611.7110595703125,1632.24169921875,1530.7978515625,1556.8074951171875,10598973448,0.035401940854640435,1609.1967599051338,1396.7370930989584,39.97662179472154,1556.604248046875,1628.2510986328125,1628.382080078125,67.14785876060014,90.82431690659814,87.15849774964144,1603.10595703125
2023-01-26,1603.10595703125,1626.1982421875,1586.59814453125,1611.0809326171875,8395315241,-0.005339109940311948,1616.4181082589287,1409.7475708007812,31.76142202891613,1611.7110595703125,1556.604248046875,1628.2510986328125,65.82963418384828,87.52712749398825,87.23222369851081,1598.156494140625
2023-01-27,1598.156494140625,1617.0008544921875,1565.2449951171875,1603.080078125,8124465373,-0.0030874209336673175,1607.618443080357,1423.353251139323,25.71044803049835,1603.10595703125,1611.7110595703125,1556.604248046875,65.03874417546973,83.55157034475405,86.49609302775946,1572.43505859375
2023-01-28,1572.43505859375,1604.7041015625,1565.39013671875,1598.1253662109375,5803653357,-0.01609444108957936,1599.8065708705358,1435.7145751953126,27.069715000242304,1598.156494140625,1603.10595703125,1611.7110595703125,60.941166237807494,77.43281053640385,84.68343652948835,1646.1556396484375
2023-01-29,1646.1556396484375,1653.7249755859375,1568.98486328125,1572.6295166015625,8801292300,0.046883068812149764,1602.3456508091517,1450.6120035807292,30.776519141300795,1572.43505859375,1598.156494140625,1603.10595703125,67.30004396447589,77.63732928309719,83.27421508021013,1567.3265380859375
2023-01-30,1567.3265380859375,1646.651611328125,1546.6607666015625,1646.147705078125,9180418120,-0.04788678522483769,1593.6421421595983,1462.963846842448,30.844106330640827,1646.1556396484375,1572.43505859375,1598.156494140625,56.67490716476211,70.62444750092686,80.74426156435348,1586.535400390625
2023-01-31,1586.535400390625,1598.517578125,1563.8043212890625,1567.419921875,6585191019,0.012255813857491304,1597.9180210658483,1475.8161987304688,26.64229584493663,1567.3265380859375,1646.1556396484375,1572.43505859375,58.39847424753525,65.8575183397611,77.76691291943501,1641.792724609375
2023-02-01,1641.792724609375,1644.7275390625,1566.8572998046875,1586.4881591796875,8116969489,0.034828926102213,1602.2154017857142,1490.0540690104167,31.263239594933953,1586.535400390625,1567.3265380859375,1646.1556396484375,62.963016093248775,65.78022342649979,75.36957502084798,1643.2415771484375
2023-02-02,1643.2415771484375,1704.4581298828125,1641.3226318359375,1641.365966796875,10558081069,0.0008824820072261819,1607.9490618024554,1504.336161295573,34.92031613964486,1641.792724609375,1586.535400390625,1567.3265380859375,63.07740900699992,65.08561053829726,73.31278212433784,1664.74560546875
2023-02-03,1664.74560546875,1670.6968994140625,1634.223388671875,1642.9046630859375,8169519805,0.013086346292204398,1617.4617919921875,1517.9434611002605,40.441479566455996,1643.2415771484375,1641.792724609375,1586.535400390625,64.81444278221613,65.51510286467851,71.75324627240597,1667.0592041015625
2023-02-04,1667.0592041015625,1690.099609375,1648.189208984375,1664.4722900390625,5843302512,0.0013897610693263118,1630.979527064732,1531.8308146158854,38.65762549639719,1664.74560546875,1643.2415771484375,1641.792724609375,65.00519629063902,65.28954941742745,70.46050690141027,1631.6458740234375
2023-02-05,1631.6458740234375,1671.770263671875,1616.391845703125,1667.16650390625,6926696531,-0.02124299484445158,1628.906703404018,1543.906376139323,38.09314350758149,1667.0592041015625,1664.74560546875,1643.2415771484375,59.6725122195926,61.54379831243841,68.6771651836159,1616.2470703125
2023-02-06,1616.2470703125,1653.7154541015625,1611.319091796875,1631.645263671875,6919871886,-0.009437589342205732,1635.8953508649554,1555.6389322916666,28.085543997498696,1631.6458740234375,1667.0592041015625,1664.74560546875,57.46498543787751,56.67934460580591,66.2776010680539,1672.0035400390625
2023-02-07,1672.0035400390625,1673.7978515625,1614.863037109375,1616.0096435546875,8030277434,0.03449749159686455,1648.1050851004463,1568.460400390625,20.64235142334434,1616.2470703125,1631.6458740234375,1667.0592041015625,62.827261666856735,56.67005402061068,64.35609165856525,1650.716796875
2023-02-08,1650.716796875,1688.5272216796875,1635.2650146484375,1671.9052734375,7806089579,-0.01273127876485547,1649.3799525669642,1579.4329956054687,20.46231563848114,1672.0035400390625,1616.2470703125,1631.6458740234375,59.7312483292599,54.318874716893106,62.348648270230825,1546.438232421875
2023-02-09,1546.438232421875,1655.23486328125,1537.1822509765625,1651.082275390625,10524969124,-0.0631716867790626,1635.5509033203125,1586.428068033854,44.22076819760671,1650.716796875,1672.0035400390625,1616.2470703125,47.40683713316407,43.539246192456176,58.5867678546759,1514.869140625
2023-02-10,1514.869140625,1553.32568359375,1504.83447265625,1546.5965576171875,8397387897,-0.02041406577709526,1614.1399797712054,1590.6592814127605,60.87640720214595,1546.438232421875,1650.716796875,1672.0035400390625,44.418818388660426,32.07916243375985,53.28524677049269,1539.9267578125
2023-02-11,1539.9267578125,1541.334716796875,1510.14697265625,1514.94189453125,5064007416,0.01654111006391079,1595.9782017299108,1594.7255574544272,61.419091035095626,1514.869140625,1546.438232421875,1650.716796875,47.26028452326192,24.733788068726653,47.57495503013949,1515.03369140625
2023-02-12,1515.03369140625,1545.55419921875,1501.4620361328125,1539.7760009765625,5319698775,-0.016165097645040705,1579.3193184988838,1596.8395182291667,65.79137561594078,1539.9267578125,1514.869140625,1546.438232421875,44.80948400815237,16.71122692333097,41.402209408777786,1507.1658935546875
2023-02-13,1507.1658935546875,1524.7314453125,1470.02392578125,1514.9169921875,9363855114,-0.005193150420476522,1563.736293247768,1595.3881510416666,68.45153246148813,1515.03369140625,1539.9267578125,1514.869140625,44.0322672470043,9.607672614154353,35.0433020498531,1556.8751220703125
2023-02-14,1556.8751220703125,1562.0343017578125,1497.1944580078125,1506.9920654296875,9249575045,0.03298192238041198,1547.2893763950892,1595.5346720377604,49.23658057854025,1507.1658935546875,1515.03369140625,1539.9267578125,49.940130585883374,7.898129232266456,29.61426748633577,1673.7459716796875
2023-02-15,1673.7459716796875,1674.289794921875,1545.689697265625,1556.76513671875,10015035156,0.0750675811775845,1550.5792585100446,1598.765087890625,57.392974477043,1556.8751220703125,1507.1658935546875,1515.03369140625,60.49779640581359,15.791766959087681,26.849767380886156,1640.067626953125
2023-02-16,1640.067626953125,1732.8011474609375,1638.1455078125,1673.867431640625,12704861676,-0.020121538929091298,1563.9548863002233,1601.1724731445313,66.46100256793186,1673.7459716796875,1556.8751220703125,1507.1658935546875,56.78146839776868,19.109686203235015,25.30175114535593,1694.7833251953125
2023-02-17,1694.7833251953125,1716.7818603515625,1636.173828125,1640.2801513671875,9802443159,0.03336185492779764,1589.6569126674108,1607.1483520507813,78.08638384676509,1640.067626953125,1673.7459716796875,1556.8751220703125,60.97572691916249,25.856206425767596,25.412642201438267,1691.8194580078125
2023-02-18,1691.8194580078125,1705.30908203125,1683.670166015625,1694.7418212890625,5491437195,-0.0017488177653378623,1611.3558698381696,1611.7904500325521,82.91871946474136,1694.7833251953125,1640.067626953125,1673.7459716796875,60.632467936845615,30.610850170050526,26.452283795160717,1681.4361572265625
2023-02-19,1681.4361572265625,1718.9476318359375,1673.9066162109375,1691.68017578125,6959144003,-0.006137357465717308,1635.127650669643,1612.51318359375,74.08405800317708,1691.8194580078125,1694.7833251953125,1640.067626953125,59.371499200769954,33.15885930715149,27.793598897558873,1702.6751708984375
2023-02-20,1702.6751708984375,1716.4893798828125,1659.2950439453125,1682.3370361328125,7703604237,0.0126314719596059,1663.0575474330358,1615.0317504882812,51.085856121381326,1681.4361572265625,1691.8194580078125,1694.7833251953125,61.15125203431764,36.471564316515696,29.52919198135024,1658.036376953125
2023-02-21,1658.036376953125,1714.28564453125,1642.396728515625,1702.7978515625,8721608198,-0.026216858452078218,1677.5091552734375,1616.0202270507812,22.162844608325276,1702.6751708984375,1681.4361572265625,1691.8194580078125,55.63504993346778,35.0904286750349,30.641439320087176,1643.231689453125
2023-02-22,1643.231689453125,1663.996826171875,1604.8033447265625,1658.1409912109375,9189387004,-0.008929048666112882,1673.1499720982142,1616.519580078125,25.738802916390263,1658.036376953125,1702.6751708984375,1681.4361572265625,53.898516676788354,32.42745070891715,30.998641597853172,1651.0738525390625
2023-02-23,1651.0738525390625,1674.6015625,1632.566162109375,1643.298583984375,9013236167,0.004772402538407272,1674.7222900390625,1619.6685668945313,23.630926282995347,1643.231689453125,1658.036376953125,1702.6751708984375,54.705019712038,30.597114021989228,30.918336082680387,1608.3731689453125
2023-02-24,1608.3731689453125,1661.09130859375,1583.1478271484375,1650.8951416015625,8909129423,-0.025862370437327087,1662.3779820033483,1619.557303873698,32.3615286365406,1651.0738525390625,1643.231689453125,1658.036376953125,49.61533716480463,25.408082154131307,29.816285296970573,1594.9149169921875
2023-02-25,1594.9149169921875,1608.8651123046875,1567.6317138671875,1608.6583251953125,5657686235,-0.00836761779727413,1648.5344761439733,1619.284269205729,37.917843785807875,1608.3731689453125,1651.0738525390625,1643.231689453125,48.09648547270348,19.979457803803598,27.848919798337178,1640.817138671875
2023-02-26,1640.817138671875,1645.2734375,1590.39306640625,1594.7611083984375,5727967432,0.028780357616977614,1642.7317592075892,1620.7062906901042,35.04262470401914,1594.9149169921875,1608.3731689453125,1651.0738525390625,53.34272947799547,19.16029164846441,26.111194168362626,1634.326416015625
2023-02-27,1634.326416015625,1662.57568359375,1615.387939453125,1640.763671875,7239824677,-0.003955786725572508,1632.9676513671875,1622.7693359375,23.014436963505077,1640.817138671875,1594.9149169921875,1608.3731689453125,52.53412296337202,17.78236545562345,24.445428425814793,1605.8951416015625
2023-02-28,1605.8951416015625,1644.435791015625,1602.4281005859375,1634.50244140625,6323676957,-0.01739632556596371,1625.5189034598213,1621.4273193359375,21.962387230887654,1634.326416015625,1640.817138671875,1594.9149169921875,49.028248670288804,14.23212372215471,22.402767485082776,1663.4337158203125
2023-03-01,1663.4337158203125,1663.4337158203125,1601.548583984375,1606.0404052734375,7701847224,0.035829596047825873,1628.4049072265625,1624.6308919270834,25.68905669012947,1605.8951416015625,1634.326416015625,1640.817138671875,55.500526851531625,15.878377586919669,21.097889505450155,1647.3193359375
2023-03-02,1647.3193359375,1672.0511474609375,1622.5999755859375,1663.549072265625,7080950926,-0.009687419299942324,1627.8685477120537,1626.6570231119792,25.170838162943195,1663.4337158203125,1605.8951416015625,1634.326416015625,53.45341187608228,15.701749853996489,20.018661575159424,1569.1676025390625
2023-03-03,1569.1676025390625,1648.475341796875,1552.4515380859375,1647.5577392578125,9922240199,-0.04744176292568125,1622.2677525111608,1624.2361857096355,33.28557091222735,1647.3193359375,1663.4337158203125,1605.8951416015625,44.81926285919981,9.150102671301056,17.84494979438775,1566.9239501953125
2023-03-04,1566.9239501953125,1575.63720703125,1551.73681640625,1569.278076171875,4389045367,-0.0014298360099453955,1618.26904296875,1621.692264811198,38.40661072335712,1569.1676025390625,1647.3193359375,1663.4337158203125,44.59654912742721,3.7337902737185686,15.022717890253915,1564.46875
2023-03-05,1564.46875,1584.2088623046875,1559.9541015625,1567.1793212890625,5020886238,-0.001566891740346743,1607.3621303013392,1618.3497029622397,41.64079766222181,1566.9239501953125,1569.1676025390625,1647.3193359375,44.336913805764034,-0.7481660678736262,11.868541098628407,1567.398681640625
2023-03-06,1567.398681640625,1579.456298828125,1557.363525390625,1564.3831787109375,5245153345,0.0018727965263767299,1597.801025390625,1615.027685546875,42.09876802365294,1564.46875,1566.9239501953125,1569.1676025390625,44.75029219377531,-4.01741747450842,8.691349384001041,1561.93310546875
2023-03-07,1561.93310546875,1579.1622314453125,1543.1275634765625,1567.4246826171875,6854058349,-0.0034870363462051746,1591.5207345145088,1612.703926595052,43.929367934069504,1567.398681640625,1564.46875,1566.9239501953125,44.09247068822763,-6.969014624762167,5.559276582248399,1534.0882568359375
2023-03-08,1534.0882568359375,1568.17529296875,1534.0882568359375,1561.9779052734375,7130327525,-0.017827171045494916,1573.0428118024554,1609.9652994791666,34.91826986039978,1561.93310546875,1567.398681640625,1564.46875,40.80179519395128,-11.423342030857611,2.1627528596271968,1438.6607666015625
2023-03-09,1438.6607666015625,1544.1083984375,1423.2647705078125,1534.0316162109375,9457897583,-0.0622046937711358,1543.2344447544642,1602.18720703125,47.67507076131218,1534.0882568359375,1561.93310546875,1567.398681640625,31.990257840939577,-22.39546851266755,-2.7488914148317525,1429.1580810546875
2023-03-10,1429.1580810546875,1438.7601318359375,1378.525390625,1438.7601318359375,12665194936,-0.0066052302026157195,1523.2330845424108,1594.8019165039063,62.15301205161869,1438.6607666015625,1534.0882568359375,1561.93310546875,31.266148188552435,-31.494693879503757,-8.498051907766154,1482.61669921875
2023-03-11,1482.61669921875,1484.136962890625,1428.72314453125,1429.100830078125,14917080154,0.0374056718236595,1511.1891915457588,1592.6745320638022,60.41990972655131,1429.1580810546875,1438.6607666015625,1534.0882568359375,39.555145292048735,-34.00029755975493,-13.59850103816391,1590.29296875
2023-03-12,1590.29296875,1607.152587890625,1461.6109619140625,1482.431884765625,11480965122,0.07262583079496476,1514.8783656529017,1595.1886596679688,64.84188349096792,1482.61669921875,1429.1580810546875,1438.6607666015625,52.08828722333342,-26.98634962515439,-16.276070755562007,1680.3089599609375
2023-03-13,1680.3089599609375,1699.9117431640625,1572.07470703125,1590.8311767578125,15711468959,0.05660340137307651,1531.0084054129463,1599.86806640625,89.4561995159027,1590.29296875,1482.61669921875,1429.1580810546875,59.62522727656273,-14.002791692327946,-15.821414942915194,1703.507080078125
2023-03-14,1703.507080078125,1779.9178466796875,1665.90234375,1680.2952880859375,16159781303,0.013805865867504874,1551.2332589285713,1606.1505126953125,111.01847637561481,1680.3089599609375,1590.29296875,1482.61669921875,61.314200443338315,-1.8203502063513497,-13.021201995602427,1656.1805419921875
2023-03-15,1656.1805419921875,1721.0792236328125,1616.63037109375,1705.18994140625,12715339905,-0.027781826468116,1568.675013950893,1611.1176676432292,117.28959173661184,1703.507080078125,1680.3089599609375,1590.29296875,56.153309909866536,3.9697060416906425,-9.623020388143813,1677.2154541015625
2023-03-16,1677.2154541015625,1693.1392822265625,1639.26171875,1656.33203125,9364980166,0.012700856927151394,1602.7542550223213,1615.129012044271,107.46212504002308,1656.1805419921875,1703.507080078125,1680.3089599609375,57.85142500340183,10.13883476849196,-5.670649356816657,1792.485107421875
2023-03-17,1792.485107421875,1799.343994140625,1667.1318359375,1677.2967529296875,12467445117,0.06872680134113085,1654.6581159319196,1619.086983235677,96.86136072028306,1677.2154541015625,1656.1805419921875,1703.507080078125,65.69254027135123,24.051955434489628,0.27387160144460054,1761.65966796875
2023-03-18,1761.65966796875,1840.3575439453125,1751.2628173828125,1793.5924072265625,10317822213,-0.017197040759496796,1694.5213971819196,1623.1400512695313,67.10719525879392,1792.485107421875,1677.2154541015625,1656.1805419921875,62.35194457286354,32.219442775583275,6.662985836272336,1785.5765380859375
2023-03-19,1785.5765380859375,1843.8441162109373,1762.9632568359375,1762.9632568359375,9170565472,0.013576328363562151,1722.4190499441963,1626.1664916992188,56.272808882508684,1761.65966796875,1792.485107421875,1677.2154541015625,63.88641396082589,40.15919665301817,13.362227999621503,1735.3212890625
2023-03-20,1735.3212890625,1807.7252197265625,1728.103759765625,1785.416259765625,10978325507,-0.028145110529571027,1730.2779541015625,1627.616552734375,53.16741732670131,1785.5765380859375,1761.65966796875,1792.485107421875,58.49166282507,41.91318114597061,19.072418628891327,1806.7607421875
2023-03-21,1806.7607421875,1836.28857421875,1725.00732421875,1735.617919921875,10758627746,0.04116785380048826,1745.0284772600446,1631.7940388997397,58.55273582339833,1735.3212890625,1785.5765380859375,1761.65966796875,63.243275987405724,48.50861618436966,24.959658139986992,1737.717041015625
2023-03-22,1737.717041015625,1821.458251953125,1717.76513671875,1804.95703125,12484103560,-0.03821408090164813,1756.676548549107,1632.9621012369792,44.3100736848447,1806.7607421875,1735.3212890625,1785.5765380859375,56.51034274470018,47.615415437958745,29.490809599581347,1816.4051513671875
2023-03-23,1816.4051513671875,1853.8880615234373,1732.524658203125,1737.140869140625,11012966854,0.04528246457522944,1776.560791015625,1638.2410603841147,32.31628731322942,1737.717041015625,1806.7607421875,1735.3212890625,61.536217642558924,52.65010268248557,34.12266821616219,1752.0447998046875
2023-03-24,1752.0447998046875,1819.935302734375,1730.3494873046875,1815.81982421875,10913669383,-0.035432817130064076,1770.7836042131696,1641.8681640625,32.60846851883184,1816.4051513671875,1737.717041015625,1806.7607421875,55.85095814811618,50.860497946772966,37.47023416228435,1743.7647705078125
2023-03-25,1743.7647705078125,1762.674560546875,1716.6519775390625,1751.469482421875,6614309912,-0.0047259232742210555,1768.2271902901787,1644.957861328125,34.10986590427947,1752.0447998046875,1816.4051513671875,1737.717041015625,55.14508854376521,48.21826400255486,39.61984013033845,1775.6767578125
2023-03-26,1775.6767578125,1797.8802490234375,1741.182861328125,1743.8421630859375,6990313307,0.01830062623377482,1766.8129359654017,1650.534647623698,33.46986976449323,1743.7647705078125,1752.0447998046875,1816.4051513671875,57.380751354243706,48.144327403868374,41.32473758504444,1715.4608154296875
2023-03-27,1715.4608154296875,1781.3792724609375,1690.5166015625,1775.4813232421875,8585750760,-0.03391154505901961,1763.9757254464287,1654.5528442382813,37.216396938417894,1775.6767578125,1743.7647705078125,1752.0447998046875,52.103524972806106,42.7341956062246,41.606629189280476,1772.78564453125
2023-03-28,1772.78564453125,1791.1109619140625,1702.564697265625,1715.327392578125,8346890042,0.033416577391890856,1759.1221400669642,1658.9517944335937,32.640764865333644,1715.4608154296875,1775.6767578125,1743.7647705078125,56.2304583461848,42.58140981724091,41.80158531487257,1793.0018310546875
2023-03-29,1793.0018310546875,1825.6009521484373,1772.89990234375,1772.89990234375,9136176952,0.011403627159211949,1767.0199672154017,1664.2409749348958,33.28048143262654,1772.78564453125,1715.4608154296875,1775.6767578125,57.61738286749476,43.589134864012294,42.15909522470052,1792.7371826171875
2023-03-30,1792.7371826171875,1827.2802734375,1766.2489013671875,1793.345947265625,9724496987,-0.00014760076254038967,1763.6388288225446,1670.46904296875,28.248884175068532,1793.0018310546875,1772.78564453125,1715.4608154296875,57.591655510527616,43.86080920063955,42.49943801988833,1822.0220947265625
2023-03-31,1822.0220947265625,1844.6773681640625,1783.1422119140625,1793.6201171875,9149379763,0.016335306922469428,1773.6355852399554,1675.755322265625,35.030070414546294,1792.7371826171875,1793.0018310546875,1772.78564453125,59.734234673389494,45.90993952779763,43.1815383214702,1813.860595703125
2023-04-01,1813.860595703125,1840.173095703125,1811.1185302734373,1821.704345703125,5556443606,-0.004479363366151845,1783.6492745535713,1681.3066975911458,35.08680444697572,1822.0220947265625,1792.7371826171875,1793.0018310546875,58.841990734126476,46.3411335711055,43.81345737139726,1795.7081298828125
2023-04-02,1795.7081298828125,1824.328857421875,1774.8724365234375,1821.192138671875,6199721188,-0.010007641085160612,1786.5108991350446,1688.858048502604,35.14502283337325,1813.860595703125,1822.0220947265625,1792.7371826171875,56.80948611325182,44.70279962425775,43.99132582196936,1810.297119140625
2023-04-03,1810.297119140625,1839.1578369140625,1765.5189208984375,1794.9224853515625,9643826401,0.008124365544173617,1800.0589425223213,1696.9704874674478,16.552236958599813,1795.7081298828125,1813.860595703125,1822.0220947265625,58.06324287688685,44.073565052572576,44.00777366809001,1871.005126953125
2023-04-04,1871.005126953125,1886.5946044921875,1802.9554443359373,1810.14208984375,10398322335,0.03353483092395293,1814.090297154018,1707.1883666992187,27.553690625091793,1810.297119140625,1795.7081298828125,1813.860595703125,62.89064801540331,47.92111619595266,44.79044217366255,1909.114013671875
2023-04-05,1909.114013671875,1937.49755859375,1865.94189453125,1870.965087890625,10319231689,0.020368135912491647,1830.6777518136162,1718.578877766927,43.231957578151786,1871.005126953125,1810.297119140625,1795.7081298828125,65.56994917275952,53.42949490754995,46.51825272044003,1872.922607421875
2023-04-06,1872.922607421875,1909.271728515625,1857.0850830078125,1909.1435546875,8263191830,-0.018957173846517184,1842.1328125,1728.945194498698,42.11220144516316,1909.114013671875,1871.005126953125,1810.297119140625,61.06109074886421,54.24922935501195,48.06444804735442,1865.6361083984373
2023-04-07,1865.6361083984373,1882.2991943359373,1845.993896484375,1872.734130859375,8356130492,-0.003890443200676441,1848.3633858816963,1739.9967895507812,41.866551285845894,1872.922607421875,1909.114013671875,1871.005126953125,60.164080975298006,53.69198742616777,49.18995592311709,1849.4981689453125
2023-04-08,1849.4981689453125,1879.1077880859373,1848.87548828125,1864.6790771484373,5016362733,-0.008650100295806595,1853.4544677734375,1753.6913696289062,39.04326680773228,1865.6361083984373,1872.922607421875,1909.114013671875,58.12738023537389,51.356170375386455,49.623198813570966,1859.3878173828125
2023-04-09,1859.3878173828125,1873.057373046875,1828.7000732421875,1849.6722412109373,6361497715,0.005347206395527104,1862.5515659877233,1768.0323608398437,29.629728383515992,1849.4981689453125,1865.6361083984373,1872.922607421875,59.042423523678885,49.72977660268998,49.64451437139477,1911.20751953125
2023-04-10,1911.20751953125,1917.3001708984373,1848.1641845703125,1859.7412109375,8380134275,0.02786922752961596,1876.9673374720983,1782.318721516927,23.97810859927664,1859.3878173828125,1849.4981689453125,1865.6361083984373,63.53860221152981,52.02258078005161,50.12012765312614,1892.189697265625
2023-04-11,1892.189697265625,1936.728271484375,1886.5341796875,1911.3758544921875,8877222956,-0.009950684094362172,1879.9937046595983,1792.3819458007813,24.432758566210634,1911.20751953125,1859.3878173828125,1849.4981689453125,60.8964849275285,51.70899617098257,50.43790135669743,1920.68212890625
2023-04-12,1920.68212890625,1929.8812255859373,1860.036865234375,1891.94970703125,11010714187,0.015057915008098277,1881.6462925502233,1800.394384765625,26.988257602396587,1892.189697265625,1911.20751953125,1859.3878173828125,63.355051461788065,53.14693444380191,50.97970797411833,2012.6346435546875
2023-04-13,2012.6346435546875,2022.150146484375,1901.8603515625,1917.6983642578125,12546950499,0.04787492592582243,1901.6051548549108,1810.6986368815103,55.77267612916022,1920.68212890625,1892.189697265625,1911.20751953125,69.92659698134008,61.00310452188273,52.98438728367121,2101.635498046875
2023-04-14,2101.635498046875,2126.316650390625,2011.5032958984373,2013.9306640625,16298099411,0.044221068526871576,1935.3193533761162,1825.5471354166666,90.76102691194788,2012.6346435546875,1920.68212890625,1892.189697265625,74.66277209448162,73.56281471893658,57.10007277072429,2092.466796875
2023-04-15,2092.466796875,2111.075439453125,2076.5107421875,2101.616455078125,8036468153,-0.004362650507376609,1970.0291573660713,1839.388846842448,98.5917794803836,2101.635498046875,2012.6346435546875,1920.68212890625,73.38066255617915,81.83331446965326,62.046721110510084,2120.005859375
2023-04-16,2120.005859375,2137.445068359375,2076.83203125,2092.281005859375,7898126856,0.013161051129283452,2007.2603062220983,1850.3062052408854,99.05421899382571,2092.466796875,2101.635498046875,2012.6346435546875,74.78143444452427,89.57732564791104,67.55284201799029,2076.242919921875
2023-04-17,2076.242919921875,2120.113525390625,2063.03857421875,2120.001220703125,9648882546,-0.020642838914618267,2030.8367919921875,1860.7923136393229,91.75323626968775,2120.005859375,2092.466796875,2101.635498046875,68.60330203164708,91.13268595201839,72.2688108047959,2104.537353515625
2023-04-18,2104.537353515625,2121.531494140625,2057.65380859375,2075.855224609375,9134015143,0.013627708647316883,2061.1721714564733,1871.4243408203124,71.03877738933286,2076.242919921875,2120.005859375,2092.466796875,70.31110088503559,93.56982977095436,76.5290145980276,1936.4034423828125
2023-04-19,1936.4034423828125,2104.857177734375,1928.5828857421875,2103.9462890625,13779745451,-0.07989115082796949,2063.4180733816966,1878.127079264323,65.92106710366609,2104.537353515625,2076.242919921875,2120.005859375,52.15608226575943,81.00055831626719,77.42332334167551,1943.09765625
2023-04-20,1943.09765625,1979.5733642578125,1918.1328125,1936.41796875,11324135406,0.0034570346864029045,2053.484218052455,1882.6716430664062,78.82554386148172,1936.4034423828125,2104.537353515625,2076.242919921875,52.67998018003232,70.76376659255561,76.09141199185154,1849.9998779296875
2023-04-21,1849.9998779296875,1955.649169921875,1827.7889404296875,1943.409912109375,12044274581,-0.04791204292839435,2017.5362723214287,1886.414404296875,105.9263466474695,1943.09765625,1936.4034423828125,2104.537353515625,45.25770753379403,54.510460087257115,71.77522161093266,1874.2286376953125
2023-04-22,1874.2286376953125,1886.7816162109373,1845.8492431640625,1849.2864990234373,6970642726,0.013096627764505042,1986.3593924386162,1888.3418538411458,112.13151151077395,1849.9998779296875,1943.09765625,1936.4034423828125,47.33726654156487,43.087964771392535,66.03777024302464,1862.06201171875
2023-04-23,1862.06201171875,1882.229736328125,1838.992431640625,1874.1715087890625,6607451862,-0.006491537762182253,1949.5102713448662,1892.0090942382812,102.89502084949736,1874.2286376953125,1849.9998779296875,1943.09765625,46.38437465275079,32.677128309021555,59.36564185622402,1842.7574462890625
2023-04-24,1842.7574462890625,1888.1937255859373,1811.7921142578125,1862.0853271484373,8438191338,-0.010367305335802768,1916.1552036830358,1895.3088500976562,92.25994938639698,1862.06201171875,1874.2286376953125,1849.9998779296875,44.84196530757072,22.608135795006547,52.01414064398053,1866.753662109375
2023-04-25,1866.753662109375,1877.4849853515625,1805.3228759765625,1842.204345703125,8677255481,0.013021906854120191,1882.1861049107142,1898.344746907552,40.7160283736861,1842.7574462890625,1862.06201171875,1874.2286376953125,47.19262590386077,16.375909465760287,44.88649440833649,1866.564208984375
2023-04-26,1866.564208984375,1962.567626953125,1792.4638671875,1866.14892578125,14356524696,-0.00010148801571707722,1872.2090715680804,1903.3815266927083,33.05174072241383,1866.753662109375,1842.7574462890625,1862.06201171875,47.17553198463825,11.291377938963251,38.16747111446185,1908.786376953125
2023-04-27,1908.786376953125,1936.9451904296875,1863.14794921875,1866.6932373046875,14008145806,0.022620260136523074,1867.3074602399554,1907.914884440104,21.209403042168205,1866.564208984375,1866.753662109375,1842.7574462890625,51.40049390583448,10.54724409708274,32.64342571098603,1892.5128173828125
2023-04-28,1892.5128173828125,1923.19921875,1876.2918701171875,1909.2730712890625,7691759733,-0.00852560546680392,1873.3807373046875,1911.2319173177084,21.51200218315523,1908.786376953125,1866.564208984375,1866.753662109375,49.74891991246309,8.545861046158961,27.823912778020617,1908.9169921875
2023-04-29,1908.9169921875,1916.9737548828125,1887.990478515625,1892.5650634765625,4796651246,0.008667933265241068,1878.336216517857,1915.1045776367187,25.38636932150616,1892.5128173828125,1908.786376953125,1866.564208984375,51.44264258422223,8.189032303545673,23.89693668312563,1876.92431640625
2023-04-30,1876.92431640625,1938.41796875,1876.92431640625,1908.7413330078125,6539641957,-0.016759595054255505,1880.4594029017858,1916.9346516927083,24.40080176655117,1908.9169921875,1892.5128173828125,1908.786376953125,48.041723208000704,5.264021034862253,20.170353553472957,1831.954833984375
2023-05-01,1831.954833984375,1886.2064208984373,1809.1932373046875,1868.89111328125,8625783201,-0.023959134648528724,1878.9161725725446,1917.53779296875,27.34647910181379,1876.92431640625,1908.9169921875,1892.5128173828125,43.67132103542937,-0.6749524433141687,16.001292354115535,1870.789306640625
2023-05-02,1870.789306640625,1879.759521484375,1824.3270263671875,1831.7265625,7536785767,0.02119837887694409,1879.4926932198662,1920.0404988606772,27.088657442758933,1831.954833984375,1876.92431640625,1908.9169921875,48.065175813326604,-2.222395925793535,12.35655469813372,1904.65185546875
2023-05-03,1904.65185546875,1915.504150390625,1845.871826171875,1870.6871337890625,8306390869,0.018100674783592785,1884.9337855747767,1923.1856567382813,27.87284075536257,1870.789306640625,1831.954833984375,1876.92431640625,51.609725997065055,-0.7081680249136753,9.743610153524243,1877.7041015625
2023-05-04,1877.7041015625,1915.8717041015625,1868.6297607421875,1905.1689453125,6578438233,-0.014148388236346676,1880.4934605189733,1923.408955891927,25.841434170368988,1904.65185546875,1870.789306640625,1831.954833984375,48.75782528123931,-1.6634152173164694,7.4622050793561,1995.0609130859373
2023-05-05,1995.0609130859373,1998.41357421875,1876.9466552734373,1877.8331298828125,9498261360,0.06250016252602353,1895.1431884765623,1926.2738525390625,50.80290815746279,1877.7041015625,1904.65185546875,1870.789306640625,59.30457904156882,6.968924969620275,7.363549057408936,1900.2218017578125
2023-05-06,1900.2218017578125,2017.5594482421875,1870.6055908203125,1995.4791259765625,9623243037,-0.04753695022846627,1893.9010184151787,1927.1838256835938,50.515487068318606,1995.0609130859373,1877.7041015625,1904.65185546875,50.29543237552961,6.087223358057827,7.108283917538715,1873.076416015625
2023-05-07,1873.076416015625,1933.9984130859373,1873.076416015625,1899.9176025390625,6883942236,-0.014285377484394957,1893.351318359375,1927.4318359375,50.75139910294236,1900.2218017578125,1995.0609130859373,1877.7041015625,48.04563902599618,3.1616175535189086,6.3189506447347545,1849.042724609375
2023-05-08,1849.042724609375,1886.162109375,1818.4505615234373,1872.47509765625,9895102899,-0.012831132355707098,1895.792445591518,1927.4166544596353,47.62043772860791,1873.076416015625,1900.2218017578125,1995.0609130859373,46.08029544780172,-1.0837711240799308,4.838406290971818,1848.6031494140625
2023-05-09,1848.6031494140625,1860.66748046875,1832.906982421875,1849.06103515625,6129516088,-0.0002377312267921594,1892.6229945591517,1927.0571655273438,50.2287953836992,1849.042724609375,1873.076416015625,1900.2218017578125,46.04319771503452,-4.432645503886761,2.9841959320001026,1842.4014892578125
2023-05-10,1842.4014892578125,1886.80029296875,1795.6688232421875,1848.2135009765625,9945549603,-0.0033547817757508813,1883.7300851004463,1924.7636311848958,53.16877301519734,1848.6031494140625,1849.042724609375,1873.076416015625,45.48681059315529,-7.500612332394667,0.8872342791211487,1796.4906005859375
2023-05-11,1796.4906005859375,1842.4920654296875,1774.132568359375,1842.4920654296875,8353828312,-0.02491904665707234,1872.1281563895088,1921.573661295573,62.70791081901157,1842.4014892578125,1848.6031494140625,1849.042724609375,41.489715612474285,-13.48122005696041,-1.986456588095163,1808.019775390625
2023-05-12,1808.019775390625,1812.4249267578125,1742.40380859375,1795.1766357421875,9047198660,0.006417609310578776,1845.407993861607,1917.8182495117187,35.57467433067478,1796.4906005859375,1842.4014892578125,1848.6031494140625,42.84789892734029,-17.093542989998923,-5.007873868475915,1796.1148681640625
2023-05-13,1796.1148681640625,1816.0584716796875,1788.4755859375,1808.375,4647630864,-0.006584500561665818,1830.5355747767858,1910.6009236653647,30.194595215342847,1808.019775390625,1796.4906005859375,1842.4014892578125,41.76969729595472,-20.67859152837309,-8.14201740045535,1800.5009765625
2023-05-14,1800.5009765625,1823.49072265625,1793.228759765625,1796.10791015625,4711210241,0.0024419977119396474,1820.1676548549108,1900.563106282552,25.199798456040504,1796.1148681640625,1808.019775390625,1796.4906005859375,42.34532673630717,-22.901847787014503,-11.093983477767182,1817.5499267578125
2023-05-15,1817.5499267578125,1845.6954345703125,1787.536376953125,1800.3712158203125,6748889346,0.009469003581360047,1815.6686837332588,1891.3992106119792,21.762263639693153,1800.5009765625,1796.1148681640625,1808.019775390625,44.63631013363855,-23.022695292739854,-13.479725840761716,1824.1214599609373
2023-05-16,1824.1214599609373,1830.3515625,1797.84375,1816.82421875,5595959668,0.003615599828306948,1812.1712995256696,1881.536397298177,17.042717088478827,1817.5499267578125,1800.5009765625,1796.1148681640625,45.53469232793149,-22.330784618141706,-15.249937596237716,1821.859619140625
2023-05-17,1821.859619140625,1835.5545654296875,1786.6719970703125,1824.068359375,6352161579,-0.0012399617404647012,1809.2367466517858,1873.056953938802,11.989183988636182,1824.1214599609373,1817.5499267578125,1800.5009765625,45.26245091509483,-21.714639230625153,-16.542877923115206,1801.728515625
2023-05-18,1801.728515625,1831.4503173828125,1774.195068359375,1822.0682373046875,5673124255,-0.011049755592651422,1809.9850202287946,1862.9633260091146,11.198460433452208,1821.859619140625,1824.1214599609373,1817.5499267578125,42.809215206869816,-22.59034395982144,-17.752371130456453,1812.5894775390625
2023-05-19,1812.5894775390625,1826.1942138671875,1797.4344482421875,1800.994384765625,4796110259,0.0060280790473556944,1810.6378348214287,1858.8361938476562,11.19799787788104,1801.728515625,1821.859619140625,1824.1214599609373,44.555227154803376,-22.152596071206062,-18.632416118606375,1820.47802734375
2023-05-20,1820.47802734375,1829.0096435546875,1808.0467529296875,1812.76611328125,2951655969,0.004352088491321071,1814.1182861328125,1854.7488728841147,9.604590724122076,1812.5894775390625,1801.728515625,1821.859619140625,45.84836927874649,-20.9278939396238,-19.091511682809863,1804.5313720703125
2023-05-21,1804.5313720703125,1827.9219970703125,1799.9468994140625,1820.1380615234373,3386768865,-0.00875959777262747,1814.694056919643,1853.2332560221355,8.73351967214679,1820.47802734375,1812.5894775390625,1801.728515625,43.632943136568315,-21.00197281629812,-19.473603909507514,1817.5347900390625
2023-05-22,1817.5347900390625,1826.696533203125,1793.2239990234375,1804.8419189453125,4534841049,0.0072059805498594365,1814.69189453125,1851.3434611002604,8.732696553512602,1804.5313720703125,1820.47802734375,1812.5894775390625,45.92741691560997,-19.78336340517353,-19.53555580864072,1854.380615234375
2023-05-23,1854.380615234375,1869.343994140625,1816.2879638671875,1817.7811279296875,6820047160,0.020272418111193735,1819.0146309988838,1851.0874145507812,17.383111667421446,1817.5347900390625,1804.5313720703125,1820.47802734375,51.90190946271076,-15.663892900476412,-18.76122322700786,1800.0999755859375
2023-05-24,1800.0999755859375,1854.2996826171875,1780.925537109375,1854.2996826171875,7101647419,-0.02927157413235626,1815.9061104910713,1849.6654988606772,18.686293377248013,1854.380615234375,1817.5347900390625,1804.5313720703125,44.16081541551258,-16.587961133418275,-18.326570808289944,1805.9537353515625
2023-05-25,1805.9537353515625,1815.9947509765625,1763.3651123046875,1799.84521484375,6321689859,0.0032519081412238915,1816.5097133091517,1847.6388346354167,18.21428277149844,1800.0999755859375,1854.380615234375,1817.5347900390625,45.11158293374318,-16.65594303110447,-17.99244525285285,1828.689697265625
2023-05-26,1828.689697265625,1837.8658447265625,1798.406005859375,1805.7254638671875,5451414258,0.012589448704585227,1818.8097446986608,1846.3763509114583,18.648115772639247,1805.9537353515625,1800.0999755859375,1854.380615234375,48.76080810165332,-14.705698917559175,-17.335095985794116,1831.1182861328125
2023-05-27,1831.1182861328125,1836.1845703125,1817.4920654296875,1828.57568359375,3216737652,0.001328048640957924,1820.3297816685267,1843.7874145507812,19.231297277019717,1828.689697265625,1805.9537353515625,1800.0999755859375,49.14970882362356,-12.816409985432301,-16.431358785721752,1910.9141845703125
2023-05-28,1910.9141845703125,1915.7232666015625,1825.46728515625,1831.0986328125,6359610561,0.04357768640169235,1835.5273263113838,1844.4007934570313,37.76736583079402,1831.1182861328125,1828.689697265625,1805.9537353515625,59.91507497527453,-4.824657129231355,-14.110018454423672,1893.078125
2023-05-29,1893.078125,1926.4217529296875,1879.0775146484373,1909.2974853515625,5884674572,-0.009333783648857619,1846.3192313058037,1843.8728312174478,42.29135078064535,1910.9141845703125,1831.1182861328125,1828.689697265625,57.009795771493735,0.06884998188979807,-11.27424476716098,1901.026611328125
2023-05-30,1901.026611328125,1916.574951171875,1883.9346923828125,1893.0931396484373,5363439784,0.004198710144688311,1852.982945033482,1844.6762410481772,47.167124954184,1893.078125,1910.9141845703125,1831.1182861328125,57.987484602058466,4.536076969975966,-8.11218041973359,1874.1304931640625
2023-05-31,1874.1304931640625,1907.035400390625,1852.0947265625,1901.0982666015625,5984512548,-0.014148207081263298,1863.5587332589287,1846.0820963541667,41.263594359679594,1901.026611328125,1893.078125,1910.9141845703125,53.549588418072794,5.838788665844959,-5.321986602617881,1862.201416015625
2023-06-01,1862.201416015625,1887.705322265625,1846.2274169921875,1873.9146728515625,5640027197,-0.006365126223573547,1871.5941162109375,1845.7958333333333,32.781194275516235,1874.1304931640625,1901.026611328125,1893.078125,51.66112467347505,5.841285536341957,-3.0893321748259135,1907.256591796875
2023-06-02,1907.256591796875,1910.2784423828125,1851.9647216796875,1862.4237060546875,6097746022,0.024194577124557304,1882.8179582868304,1845.882657877604,28.858392112884843,1862.201416015625,1874.1304931640625,1901.026611328125,57.72510246938676,9.370819493938143,-0.5973018410731026,1892.4124755859373
2023-06-03,1892.4124755859373,1908.822265625,1885.4854736328125,1907.4207763671875,3472274607,-0.007782967574883393,1891.5742710658483,1846.3729370117187,17.69806175370899,1907.256591796875,1862.201416015625,1874.1304931640625,55.265258245801355,10.845187888402279,1.6911961048219737,1890.5135498046875
2023-06-04,1890.5135498046875,1912.2056884765625,1885.65185546875,1892.398193359375,3747042696,-0.0010034418002141665,1888.6598946707588,1842.8880249023437,15.529359752075846,1892.4124755859373,1907.256591796875,1862.201416015625,54.942712500371556,11.725246677716086,3.698006219400796,1811.828369140625
2023-06-05,1811.828369140625,1890.6405029296875,1780.2115478515625,1890.4176025390625,9246593033,-0.041621061468822385,1877.0527866908483,1839.9415771484375,32.627835642540745,1890.5135498046875,1892.4124755859373,1907.256591796875,43.59008333018439,6.004249873603612,4.15925495024136,1884.494873046875
2023-06-06,1884.494873046875,1896.22265625,1801.4052734375,1810.5814208984373,8704411776,0.040106725970251,1874.6911097935267,1840.3221923828125,31.169033001576103,1811.828369140625,1890.5135498046875,1892.4124755859373,53.20621743605055,7.250321066622746,4.777468173517637,1832.39599609375
2023-06-07,1832.39599609375,1893.80908203125,1822.3031005859373,1884.3729248046875,7919894455,-0.027646069882318547,1868.729038783482,1839.7673014322916,35.04470960142631,1884.494873046875,1811.828369140625,1890.5135498046875,47.017717706911476,3.9879271609995612,4.619559971014023,1846.3018798828125
2023-06-08,1846.3018798828125,1861.1361083984373,1830.1650390625,1832.5135498046875,4536041931,0.0075889075389308225,1866.4576764787946,1839.6905924479167,36.03943214640511,1832.39599609375,1884.494873046875,1811.828369140625,48.7317782691051,2.4957753473340745,4.194803046278033,1840.2252197265625
2023-06-09,1840.2252197265625,1854.824951171875,1828.5445556640625,1846.077880859375,4610831509,-0.003291260341800495,1856.8817661830358,1839.6180501302083,32.079972742066445,1846.3018798828125,1832.39599609375,1884.494873046875,48.00098144077988,0.8135208330252226,3.5185466036274713,1752.384765625
2023-06-10,1752.384765625,1844.78564453125,1721.443115234375,1840.3919677734373,10788500406,-0.04773353454780638,1836.8778076171875,1838.1478556315103,46.602630851366946,1840.2252197265625,1846.3018798828125,1832.39599609375,38.915951637704964,-7.520971445068199,1.3106429938883375,1753.415283203125
2023-06-11,1753.415283203125,1776.84716796875,1741.1104736328125,1752.527587890625,4559112981,0.0005880658165602348,1817.2923409598213,1836.327705891927,49.04912134086941,1752.384765625,1840.2252197265625,1846.3018798828125,39.061669337627,-13.882928705774475,-1.728071346044225,1742.5286865234375
2023-06-12,1742.5286865234375,1757.6597900390625,1722.9063720703125,1753.075439453125,6031384958,-0.006208795362955821,1807.3923863002233,1834.5414998372396,56.72827505849679,1753.415283203125,1752.384765625,1840.2252197265625,38.02955652573041,-19.577604600083077,-5.297977996851996,1739.03759765625
2023-06-13,1739.03759765625,1761.9554443359375,1727.7498779296875,1742.39013671875,6214125203,-0.0020034613456795247,1786.6127755301338,1832.4927205403646,50.02269692919983,1742.5286865234375,1753.415283203125,1752.384765625,37.68567713658575,-24.09463007249292,-9.05730841198018,1650.519287109375
2023-06-14,1650.519287109375,1749.1632080078125,1637.187744140625,1739.2501220703125,7462905534,-0.050900745714856144,1760.6303885323662,1826.9250325520834,66.72501344456491,1739.03759765625,1742.5286865234375,1753.415283203125,30.223210847891494,-34.420317194815425,-14.12991016854723,1665.519775390625
2023-06-15,1665.519775390625,1676.4066162109375,1624.1383056640625,1650.4981689453125,7328564880,0.00908834473998854,1734.8043736049108,1821.638309733073,62.91648894608781,1650.519287109375,1739.03759765625,1742.5286865234375,32.65685143467903,-40.921368528104495,-19.488201840458686,1716.6688232421875
2023-06-16,1716.6688232421875,1727.28955078125,1653.1708984375,1665.41064453125,6281023479,0.030710561716126294,1717.1534598214287,1818.1319498697917,42.39765633465416,1665.519775390625,1650.519287109375,1739.03759765625,40.302564174695505,-41.4681785073019,-23.88419717382733,1727.2041015625
2023-06-17,1727.2041015625,1766.76318359375,1714.15087890625,1716.6717529296875,4875187477,0.006137047622508218,1713.5562220982142,1815.647802734375,39.90521526515433,1716.6688232421875,1665.519775390625,1650.519287109375,41.76902927651063,-40.58359798673587,-27.22407733640904,1720.5775146484375
2023-06-18,1720.5775146484375,1746.5091552734375,1718.1114501953125,1727.1937255859375,3820038842,-0.003836597486115201,1708.8651123046875,1812.5807373046875,36.19637516703376,1727.2041015625,1716.6688232421875,1665.519775390625,41.08538220921909,-39.95667604511527,-29.77059707815029,1737.659423828125
2023-06-19,1737.659423828125,1745.1346435546875,1705.8134765625,1720.50537109375,5210480121,0.009928009075009792,1708.1695033482142,1809.8201171875,35.48134367894652,1720.5775146484375,1727.2041015625,1716.6688232421875,43.64593658283594,-37.64749172842767,-31.345976008205767,1792.1199951171875
2023-06-20,1792.1199951171875,1793.31396484375,1715.342529296875,1736.8797607421875,7171072578,0.03134133797581806,1715.7527029854912,1809.406404622396,46.985575624249876,1737.659423828125,1720.5775146484375,1727.2041015625,50.96341753590176,-31.064837454648114,-31.289748297494235,1891.0072021484373
2023-06-21,1891.0072021484373,1898.6689453125,1788.4892578125,1791.9949951171875,11731457711,0.05517889834423917,1750.108119419643,1811.8554850260416,72.39077330928231,1792.1199951171875,1737.659423828125,1720.5775146484375,60.893045224005974,-17.665033830765196,-28.56480540414843,1872.9429931640625
2023-06-22,1872.9429931640625,1932.0655517578125,1867.8765869140625,1889.79443359375,8477657143,-0.009552691795066348,1779.7400076729912,1812.4742309570313,74.41933106158265,1891.0072021484373,1792.1199951171875,1737.659423828125,58.560236590060974,-8.406320781396516,-24.53310847959805,1892.862060546875
2023-06-23,1892.862060546875,1932.5316162109373,1865.1920166015625,1872.540771484375,8290615074,0.010635170133588723,1804.9104701450892,1815.566300455729,79.17615412000033,1872.9429931640625,1891.0072021484373,1792.1199951171875,60.363429640595385,0.532440638605749,-19.51999865595729,1876.0596923828125
2023-06-24,1876.0596923828125,1905.2274169921875,1867.8115234375,1893.77197265625,5026191704,-0.008876699741769856,1826.1755545479912,1817.903165690104,74.69012171577911,1892.862060546875,1872.9429931640625,1891.0072021484373,58.06808124975263,6.189316192316255,-14.378135686302581,1900.506103515625
2023-06-25,1900.506103515625,1929.0791015625,1870.85009765625,1875.84912109375,6937581709,0.01303072137420247,1851.879638671875,1820.2970458984375,62.210490254427114,1876.0596923828125,1892.862060546875,1872.9429931640625,60.42592374248796,12.500948739951127,-9.00231880105184,1859.432861328125
2023-06-26,1859.432861328125,1905.3604736328125,1840.215087890625,1900.05029296875,8619702292,-0.021611739163331922,1869.275844029018,1821.2408650716145,36.77242751919168,1900.506103515625,1876.0596923828125,1892.862060546875,54.84582147564536,14.027001088639963,-4.39645482311348,1889.703369140625
2023-06-27,1889.703369140625,1911.3111572265625,1856.83837890625,1859.34619140625,7686042202,0.016279430380120807,1883.2163260323662,1820.533837890625,14.242940037122452,1859.432861328125,1900.506103515625,1876.0596923828125,57.92932033662717,17.47751564785608,-0.02166072891956805,1827.97119140625
2023-06-28,1827.97119140625,1890.208984375,1822.102783203125,1889.906494140625,7135265016,-0.03266765501002877,1874.211181640625,1818.3636067708333,24.633469156126154,1889.703369140625,1859.432861328125,1900.506103515625,50.374363416825396,15.057232071304952,2.9941178311253362,1852.227294921875
2023-06-29,1852.227294921875,1876.5302734375,1828.059326171875,1828.059326171875,5677228612,0.013269412357076016,1871.2517961774554,1816.736962890625,26.01673837169758,1827.97119140625,1889.703369140625,1859.432861328125,52.969766503998756,14.924365936264394,5.380167452153148,1933.18896484375
2023-06-30,1933.18896484375,1945.2742919921875,1831.281005859375,1852.0084228515625,12895131248,0.04371043993566137,1877.0127825055804,1818.7055786132812,34.636470771378576,1852.227294921875,1827.97119140625,1889.703369140625,60.41203028332358,21.108671084216894,8.525868178565897,1924.56591796875
2023-07-01,1924.56591796875,1942.7015380859373,1910.8486328125,1933.3238525390625,5136809625,-0.004460529742211228,1883.9422433035713,1820.7843953450522,38.99226625866531,1933.18896484375,1852.227294921875,1827.97119140625,59.335056193985416,25.025491365840935,11.825792816020904,1937.4383544921875
2023-07-02,1937.4383544921875,1958.1607666015625,1895.906982421875,1924.4481201171875,6343966490,0.0066884882472737495,1889.2182791573662,1821.7904541015625,43.80828980681395,1924.56591796875,1933.18896484375,1852.227294921875,60.468017590086056,28.835895453132707,15.227813343443264,1955.38916015625
2023-07-03,1955.38916015625,1974.7750244140625,1934.6888427734373,1937.8837890625,7858509087,0.009265226747700916,1902.9263218470983,1823.8896769205728,47.768606969795606,1937.4383544921875,1924.56591796875,1933.18896484375,62.05564988431812,32.92461368899171,18.767173412552957,1936.633544921875
2023-07-04,1936.633544921875,1966.3653564453125,1932.611328125,1955.524169921875,5683423776,-0.009591755757138554,1909.6306326729912,1825.4270100911458,48.883764848521054,1955.38916015625,1937.4383544921875,1924.56591796875,59.37265494612452,34.25664170478308,21.865067070998983,1910.5880126953125
2023-07-05,1910.5880126953125,1942.4324951171875,1897.124755859375,1936.7967529296875,6034088075,-0.013448869712526457,1921.4330357142858,1828.7189982096354,33.404864915807984,1936.633544921875,1955.38916015625,1937.4383544921875,55.76685768859478,32.832158044326206,24.058485265664427,1848.636474609375
2023-07-06,1848.636474609375,1956.0123291015625,1847.8507080078125,1910.4171142578125,8905008384,-0.0324253777759973,1920.9200613839287,1827.5237182617188,34.649128780989756,1910.5880126953125,1936.633544921875,1955.38916015625,48.2592893069233,26.399950906978347,24.52677839392721,1870.6025390625
2023-07-07,1870.6025390625,1876.9632568359373,1832.025390625,1847.5125732421875,6468885150,0.01188230609685803,1911.9791434151787,1828.7972696940103,38.78384481817754,1848.636474609375,1910.5880126953125,1936.633544921875,50.788996123413675,22.811896885009446,24.183802092143658,1865.53955078125
2023-07-08,1865.53955078125,1872.5015869140625,1844.6417236328125,1871.0020751953125,4299007854,-0.0027066082588487195,1903.5468052455358,1829.438525390625,41.88396330851609,1870.6025390625,1848.636474609375,1910.5880126953125,50.18000930729623,19.336893707070658,23.21442041512906,1863.009765625
2023-07-09,1863.009765625,1878.6689453125,1857.748291015625,1865.594970703125,4392863807,-0.0013560608539179286,1892.9141496930804,1830.1980102539062,41.28930292612672,1865.53955078125,1870.6025390625,1848.636474609375,49.858319500834774,16.192143185314308,21.80996496916611,1880.556396484375
2023-07-10,1880.556396484375,1905.4608154296875,1848.7772216796875,1863.240234375,6336468234,0.009418432035694924,1882.2237548828125,1834.4703979492188,30.763708490011698,1863.009765625,1865.53955078125,1870.6025390625,52.149643594454545,14.943512694825131,20.436674514297913,1878.3360595703125
2023-07-11,1878.3360595703125,1889.3817138671875,1863.2186279296875,1880.6549072265625,4905225892,-0.0011806808443571848,1873.895542689732,1838.634423828125,19.354627589490786,1880.556396484375,1863.009765625,1865.53955078125,51.826903647936376,13.617823608621393,19.07290433316261,1872.11376953125
2023-07-12,1872.11376953125,1901.1484375,1865.7100830078125,1878.322021484375,6379007000,-0.0033126606963430616,1868.3992222377233,1842.953926595052,10.746939453217008,1878.3360595703125,1880.556396484375,1863.009765625,50.87665774370486,11.927624422768531,17.643848351083797,2006.511474609375
2023-07-13,2006.511474609375,2011.88525390625,1864.49609375,1872.040283203125,11114853969,0.07178928293005193,1890.9527936662946,1851.8697224934897,51.34322937793435,1872.11376953125,1878.3360595703125,1880.556396484375,65.56344317901568,21.188651398229922,18.352808960513023,1939.3470458984373
2023-07-14,1939.3470458984373,2026.2049560546875,1901.3612060546875,2005.6861572265625,10627449471,-0.03347323429785676,1900.7734375,1861.497314453125,53.337789429323415,2006.511474609375,1872.11376953125,1878.3360595703125,56.47612221973952,22.84512948584438,19.251273065579298,1931.466552734375
2023-07-15,1931.466552734375,1946.0191650390625,1928.1873779296875,1939.129638671875,4380084234,-0.00406347754040659,1910.1915806361608,1870.36220703125,51.8800689022126,1939.3470458984373,2006.511474609375,1872.11376953125,55.50405217568409,23.253953268057558,20.051809106074952,1923.681884765625
2023-07-16,1923.681884765625,1942.0308837890625,1917.2940673828125,1931.64501953125,4329306566,-0.0040304440984128,1918.8590262276787,1877.2626424153646,47.57317458746227,1931.466552734375,1939.3470458984373,2006.511474609375,54.50601097439316,22.688255330483116,20.579098350956585,1911.6461181640625
2023-07-17,1911.6461181640625,1936.1776123046875,1875.120361328125,1923.6943359375,6678090758,-0.0062566304215256885,1923.3004150390625,1883.4107096354167,44.769957742217386,1923.681884765625,1931.466552734375,1939.3470458984373,52.92157431743279,21.026370945871804,20.668552869939628,1897.5992431640625
2023-07-18,1897.5992431640625,1916.4683837890625,1878.718505859375,1911.697021484375,5814708445,-0.007348051957174251,1926.0522984095983,1889.311433919271,42.055205060080816,1911.6461181640625,1923.681884765625,1931.466552734375,51.05618499503615,18.364159579627767,20.207674211877254,1889.0079345703125
2023-07-19,1889.0079345703125,1919.264404296875,1883.067138671875,1897.7972412109373,6018487800,-0.004527462068031229,1928.4657505580358,1894.3563842773438,38.802895879174166,1897.5992431640625,1911.6461181640625,1923.681884765625,49.89772312282448,15.383756717346841,19.24289071297117,1890.9691162109373
2023-07-20,1890.9691162109373,1919.264404296875,1879.734375,1889.07373046875,7366830684,0.0010382072011099197,1911.9596993582588,1897.6513549804688,20.173013462106784,1889.0079345703125,1897.5992431640625,1911.6461181640625,50.17564214803611,13.029817321166774,18.000276034610295,1892.080078125
2023-07-21,1892.080078125,1905.38623046875,1885.2962646484373,1891.581298828125,4668158260,0.0005875092853386832,1905.207275390625,1897.687117513021,17.16424974886764,1890.9691162109373,1889.0079345703125,1897.5992431640625,50.343677786620226,11.125698604242643,16.625360548536765,1864.912353515625
2023-07-22,1864.912353515625,1897.0880126953125,1855.0927734375,1891.955078125,4101305643,-0.014358654754347167,1895.6995326450892,1897.4194295247396,18.569776942377455,1892.080078125,1890.9691162109373,1889.0079345703125,46.2370218119347,7.33985321782211,14.768259082393834,1889.191650390625
2023-07-23,1889.191650390625,1904.4832763671875,1859.56884765625,1866.09423828125,4480604100,0.013019001578937539,1890.7723563058037,1897.2970825195312,13.894967486042592,1864.912353515625,1892.080078125,1890.9691162109373,50.15057348304394,6.22689999378531,13.059987264672131,1850.0020751953125
2023-07-24,1850.0020751953125,1889.761962890625,1836.8524169921875,1888.8095703125,6344373569,-0.020744097184215993,1881.966064453125,1896.4284952799478,17.521734992954435,1889.191650390625,1864.912353515625,1892.080078125,44.517589364352,2.1577323526057626,10.879536282258858,1857.741943359375
2023-07-25,1857.741943359375,1867.3232421875,1845.9815673828125,1850.0279541015625,4163381707,0.00418370782813593,1876.2721644810267,1895.0030232747397,18.06255551728677,1850.0020751953125,1889.191650390625,1864.912353515625,45.812120412363996,-0.43752611503259686,8.616123802800567,1872.159912109375
2023-07-26,1872.159912109375,1886.97412109375,1849.4368896484373,1857.696533203125,5781548155,0.007761018047494739,1873.8653041294642,1895.4272583007812,17.183787967285856,1857.741943359375,1850.0020751953125,1889.191650390625,48.235089194800565,-1.3157108704185703,6.629756868156741,1860.357177734375
2023-07-27,1860.357177734375,1885.591552734375,1855.321533203125,1872.0863037109373,4291339248,-0.006304340937255626,1869.4921700613838,1894.4490519205729,15.956996341068042,1872.159912109375,1857.741943359375,1850.0020751953125,46.40580489009578,-2.9302821716987637,4.71774906018564,1874.744873046875
2023-07-28,1874.744873046875,1881.457275390625,1857.0489501953125,1860.7025146484373,3800973336,0.007733834924120275,1867.0157121930804,1896.008174641927,12.924149142348952,1860.357177734375,1872.159912109375,1857.741943359375,48.947527680350824,-3.0141297797194966,3.171373292204613,1881.06884765625
2023-07-29,1881.06884765625,1885.529296875,1870.3338623046875,1874.5604248046875,2497302218,0.0033732454481110175,1869.3237827845983,1896.9695597330729,13.892311758393191,1874.744873046875,1860.357177734375,1872.159912109375,50.068433667032885,-2.5409966857719155,2.028899296609308,1861.643798828125
2023-07-30,1861.643798828125,1884.1441650390625,1851.72802734375,1880.87158203125,4003005547,-0.010326601736203367,1865.3883754185267,1894.5847208658854,10.907305872340313,1881.06884765625,1874.744873046875,1860.357177734375,46.678246844692545,-3.690927681808489,0.8849339009257484,1856.162353515625
2023-07-31,1856.162353515625,1875.62939453125,1851.9154052734373,1861.7552490234373,4391613314,-0.002944411447533879,1866.2684151785713,1892.3046020507813,9.633067044438654,1861.643798828125,1881.06884765625,1874.744873046875,45.73712439769361,-4.987075208682654,-0.2894679209959321,1871.7921142578125
2023-08-01,1871.7921142578125,1873.0299072265625,1817.9207763671875,1856.190185546875,7634860636,0.008420470716144157,1868.2755824497767,1890.1163940429688,9.00356754059434,1856.162353515625,1861.643798828125,1881.06884765625,48.90077035906533,-4.698924121145183,-1.1713591610257823,1839.0897216796875
2023-08-02,1839.0897216796875,1877.511474609375,1822.3482666015625,1873.4681396484373,6448512422,-0.017471166978973995,1863.55126953125,1886.23974609375,13.945596048391895,1871.7921142578125,1856.162353515625,1861.643798828125,43.222606679922826,-7.028353598723697,-2.3427580485653654,1835.136474609375
2023-08-03,1835.136474609375,1856.4075927734373,1825.3477783203125,1838.89794921875,4710581074,-0.0021495672689105794,1859.9483119419642,1882.8565104166667,17.66921578708478,1839.0897216796875,1871.7921142578125,1856.162353515625,42.57896169941015,-9.088668726666583,-3.6919401841856088,1827.712890625
2023-08-04,1827.712890625,1847.9122314453125,1817.413818359375,1834.8905029296875,4861242484,-0.00404524899760117,1853.229457310268,1880.0940063476562,19.905569711351585,1835.136474609375,1839.0897216796875,1871.7921142578125,41.334191365463106,-11.191495897151299,-5.191851326778748,1834.9879150390625
2023-08-05,1834.9879150390625,1836.46484375,1824.8079833984373,1827.798583984375,2866049749,0.0039803978247232585,1846.6464669363838,1879.639054361979,16.49122042663025,1827.712890625,1835.136474609375,1839.0897216796875,43.09004345554278,-12.131127819376616,-6.579706625298321,1827.4620361328125
2023-08-06,1827.4620361328125,1836.2489013671875,1824.9866943359373,1834.84521484375,2963395076,-0.004101323417211589,1841.7633579799108,1878.2010375976563,16.370559228782618,1834.9879150390625,1827.712890625,1835.136474609375,41.69963445656685,-13.32941521740895,-7.929648343720448,1826.9388427734373
2023-08-07,1826.9388427734373,1842.5225830078125,1804.7166748046875,1827.239501953125,5837881974,-0.0002862950633341077,1837.5885707310267,1876.9143473307292,15.802977016128002,1827.4620361328125,1834.9879150390625,1827.712890625,41.59914056220721,-14.158078430092019,-9.175334360994762,1855.807373046875
2023-08-08,1855.807373046875,1873.84716796875,1824.4300537109373,1826.9310302734373,5812855406,0.015801585470487378,1835.3050362723213,1876.674267578125,10.19759086010093,1826.9388427734373,1827.4620361328125,1834.9879150390625,48.914743728979715,-12.343067666876095,-9.808881022171029,1854.297607421875
2023-08-09,1854.297607421875,1869.736572265625,1845.48974609375,1855.7794189453125,5870081833,-0.000813535740253668,1837.4775913783483,1875.798974609375,12.498660605022506,1855.807373046875,1826.9388427734373,1827.4620361328125,48.57206510711184,-10.900826091229646,-10.027270035982752,1850.75341796875
2023-08-10,1850.75341796875,1863.3109130859373,1845.4422607421875,1854.3482666015625,3760304518,-0.0019113379853046286,1839.7085832868304,1874.8795532226563,13.374257432220375,1854.297607421875,1855.807373046875,1826.9388427734373,47.72678339319512,-9.929366168209299,-10.007689262428062,1847.1243896484373
2023-08-11,1847.1243896484373,1855.0660400390625,1839.5692138671875,1850.74169921875,3353025102,-0.0019608383726751333,1842.481654575893,1874.0465738932292,12.453196658663844,1850.75341796875,1854.297607421875,1855.807373046875,46.82815514614644,-9.344590810560476,-9.875069572054546,1848.889892578125
2023-08-12,1848.889892578125,1852.281005859375,1845.71923828125,1847.1719970703125,2291124840,0.0009558116061818556,1844.4676513671875,1868.7925211588542,12.164105264934213,1847.1243896484373,1850.75341796875,1854.297607421875,47.347551907816865,-8.639104575156352,-9.627876572674907,1839.2801513671875
2023-08-13,1839.2801513671875,1859.9163818359373,1834.8043212890625,1849.0538330078125,3054625661,-0.005197573554549306,1846.1559535435267,1865.4569580078125,10.046221499137964,1848.889892578125,1847.1243896484373,1850.75341796875,44.78329526812076,-8.754510902419952,-9.453203438623916,1844.185791015625
2023-08-14,1844.185791015625,1853.8363037109373,1834.8004150390625,1839.323486328125,4083364724,0.0026671519533285615,1848.6198032924108,1862.5475992838542,5.73947882941039,1839.2801513671875,1848.889892578125,1847.1243896484373,46.37976720680581,-8.353829381712103,-9.233328627241553,1826.9327392578125
2023-08-15,1826.9327392578125,1845.547607421875,1816.3250732421875,1844.1641845703125,4483923893,-0.009355376145865901,1844.4948556082588,1859.322627766927,9.103213142309137,1844.185791015625,1839.2801513671875,1848.889892578125,41.80210329673779,-9.321016599652467,-9.250866221723737,1805.6590576171875
2023-08-16,1805.6590576171875,1829.3612060546875,1798.9666748046875,1827.036376953125,4976573383,-0.011644479943617059,1837.5464913504463,1855.789725748698,16.18321063404278,1826.9327392578125,1844.185791015625,1839.2801513671875,36.958277898868246,-11.669607780486103,-9.734614533476211,1684.9334716796875
2023-08-17,1684.9334716796875,1807.71484375,1551.7132568359375,1805.5673828125,14208462072,-0.06685956876976196,1813.8579275948662,1848.7008666992188,58.82127213186358,1805.6590576171875,1826.9327392578125,1844.185791015625,21.63630292351064,-23.007216184638082,-12.389134863708586,1660.945068359375
2023-08-18,1660.945068359375,1698.124267578125,1644.930908203125,1682.0384521484375,9645084584,-0.014237003254733094,1787.2608816964287,1841.098771158854,79.66964854908629,1684.9334716796875,1805.6590576171875,1826.9327392578125,19.87327508631232,-33.54137213726494,-16.61958231841986,1669.471923828125
2023-08-19,1669.471923828125,1693.2281494140625,1654.0758056640625,1660.8443603515625,4871231360,0.005133737190461396,1761.6297433035713,1833.7155314127604,85.20654730893293,1660.945068359375,1684.9334716796875,1805.6590576171875,22.29701525622113,-40.73218537173307,-21.442102929082502,1684.85205078125
2023-08-20,1684.85205078125,1692.3287353515625,1662.9014892578125,1669.5877685546875,4105056995,0.009212569995102449,1739.5685860770088,1826.807930501302,81.66935350876298,1669.471923828125,1660.945068359375,1684.9334716796875,26.609280970545655,-44.674924241545796,-26.088667191575162,1667.26904296875
2023-08-21,1667.26904296875,1685.0826416015625,1651.9598388671875,1685.0223388671875,5077248383,-0.010435935786971329,1714.2947649274554,1820.2198201497397,70.51052159220855,1684.85205078125,1669.471923828125,1660.945068359375,24.90745517696992,-48.657481822692034,-30.60243011779854,1633.892578125
2023-08-22,1633.892578125,1668.638671875,1596.384033203125,1667.279296875,7244623133,-0.020018643652328416,1686.7175990513392,1811.7098510742187,55.20280754981204,1667.26904296875,1684.85205078125,1669.471923828125,22.027539331089656,-53.88572804249111,-35.25908970273706,1679.2744140625
2023-08-23,1679.2744140625,1696.593994140625,1629.5810546875,1634.4017333984375,7191868448,0.027775287399602888,1668.6626499720983,1806.0189290364583,17.84452250933704,1633.892578125,1667.26904296875,1684.85205078125,33.317417610889294,-53.74764653828811,-38.95680106984727,1659.944580078125
2023-08-24,1659.944580078125,1682.48974609375,1641.6270751953125,1679.248291015625,5104531920,-0.011510825045927042,1665.092808314732,1799.42568359375,16.49555808363085,1679.2744140625,1633.892578125,1667.26904296875,31.24239387469916,-54.5689352897225,-42.07922791382232,1652.93505859375
2023-08-25,1652.93505859375,1671.970703125,1635.9674072265625,1660.2698974609375,5396997823,-0.004222744282248891,1663.948521205357,1792.1181884765624,17.098060316707397,1659.944580078125,1679.2744140625,1633.892578125,30.500563636313956,-55.149691036298236,-44.69332053831751,1646.3067626953125
2023-08-26,1646.3067626953125,1654.7777099609375,1643.712646484375,1652.92724609375,2423247747,-0.004010015919243992,1660.6392124720983,1784.983174641927,18.06527514465163,1652.93505859375,1659.944580078125,1679.2744140625,29.780468375633674,-55.50496554148185,-46.85564953895038,1657.5130615234375
2023-08-27,1657.5130615234375,1659.26708984375,1645.90283203125,1646.27197265625,2624065031,0.006806932390764242,1656.733642578125,1777.7421142578125,14.57659050042998,1646.3067626953125,1652.93505859375,1659.944580078125,32.67452170573982,-54.25682952886655,-48.33588553693362,1652.4573974609375
2023-08-28,1652.4573974609375,1659.3287353515625,1627.44677734375,1657.4398193359375,4855588534,-0.0030501503607176517,1654.6176932198662,1770.1217325846353,13.849265099682718,1657.5130615234375,1646.3067626953125,1652.93505859375,32.033093323401545,-53.0639345777704,-49.28149534510098,1729.7257080078125
2023-08-29,1729.7257080078125,1742.6373291015625,1639.576171875,1652.274169921875,11304916729,0.046759638502996026,1668.308140345982,1765.724462890625,29.012922278726062,1652.4573974609375,1657.5130615234375,1646.3067626953125,48.630844557625444,-45.36075923539147,-48.49734812315908,1705.1121826171875
2023-08-30,1705.1121826171875,1730.564697265625,1697.147216796875,1729.6766357421875,5023904190,-0.014229727451396501,1671.9992501395088,1760.6894571940104,32.11802786242369,1729.7257080078125,1652.4573974609375,1657.5130615234375,44.871761241797714,-40.772048280524814,-46.95228815463223,1645.63916015625
2023-08-31,1645.63916015625,1720.011962890625,1634.8509521484375,1705.364501953125,6593153505,-0.03487924317662894,1669.9556187220983,1753.151025390625,33.44076990409945,1705.1121826171875,1729.7257080078125,1652.4573974609375,37.35760765393812,-41.4565523352137,-45.85314099074853,1628.4912109375
2023-09-01,1628.4912109375,1653.53173828125,1603.0341796875,1645.581298828125,6104510092,-0.01042023648557433,1666.4636404854912,1746.1310750325522,36.63775560011729,1645.63916015625,1705.1121826171875,1729.7257080078125,35.51111282561722,-42.88833291590777,-45.260179375780375,1637.025390625
2023-09-02,1637.025390625,1644.0306396484375,1627.97607421875,1628.5596923828125,2943590996,0.0052405439035725365,1665.137730189732,1739.5273722330728,37.64296166681807,1628.4912109375,1645.63916015625,1705.1121826171875,37.17541785296057,-42.84055313464637,-44.77625412755358,1636.11767578125
2023-09-03,1636.11767578125,1645.6451416015625,1626.0892333984375,1637.0435791015625,3151878318,-0.0005544903878390572,1662.0812465122767,1733.1408650716146,39.20159162713445,1637.025390625,1628.4912109375,1645.63916015625,37.065847184467856,-42.38731770228037,-44.29846684249894,1629.6552734375
2023-09-04,1629.6552734375,1642.6531982421875,1618.523681640625,1635.7247314453125,3887968912,-0.003949839574139524,1658.8238002232142,1726.2964436848958,41.03887848046018,1636.11767578125,1637.025390625,1628.4912109375,36.24674754490501,-42.0646916365115,-43.851711801301455,1633.62939453125
2023-09-05,1633.62939453125,1645.9483642578125,1610.1412353515625,1629.9110107421875,4417491902,0.0024386268424532176,1645.0957554408483,1719.8353556315103,27.06042724919039,1629.6552734375,1636.11767578125,1637.025390625,37.16632236263371,-41.015528316689824,-43.28447510437913,1632.2523193359375
2023-09-06,1632.2523193359375,1656.9327392578125,1611.147705078125,1633.912109375,4987397046,-0.0008429544668591138,1634.6872035435267,1713.3458048502605,5.7477095325783605,1633.62939453125,1629.6552734375,1636.11767578125,36.9673447460815,-39.835972986920524,-42.59477468088742,1647.5982666015625
2023-09-07,1647.5982666015625,1657.3037109375,1623.220458984375,1632.2628173828125,4907290296,0.009401700388986578,1634.967075892857,1706.4055013020834,6.382513678579582,1632.2523193359375,1633.62939453125,1629.6552734375,40.772717223289106,-37.23367061919498,-41.52255386854894,1636.1378173828125
2023-09-08,1636.1378173828125,1657.1363525390625,1617.7965087890625,1647.8076171875,4598495496,-0.006955851709160243,1636.0594482421875,1699.1335083007812,5.708177648671986,1647.5982666015625,1632.2523193359375,1633.62939453125,38.88471246082378,-35.684738267410694,-40.35499074832129,1635.162353515625
2023-09-09,1635.162353515625,1636.8707275390625,1629.660888671875,1636.0504150390625,2081625742,-0.0005961990834902897,1635.7933000837054,1691.947139485677,5.699059027278795,1636.1378173828125,1647.5982666015625,1632.2523193359375,38.720363453687646,-34.14233837701431,-39.1124602740599,1616.828857421875
2023-09-10,1616.828857421875,1635.43310546875,1604.04052734375,1635.211669921875,4339499949,-0.011212034116571123,1633.0377546037946,1684.2706217447917,9.140288948897458,1635.162353515625,1636.1378173828125,1647.5982666015625,35.66897428479275,-34.007320050114004,-38.09143222927072,1551.6376953125
2023-09-11,1551.6376953125,1618.3057861328125,1533.4267578125,1616.769775390625,7693700923,-0.04032038506124014,1621.8923863002233,1674.362215169271,32.26521120300134,1616.828857421875,1635.162353515625,1636.1378173828125,27.40021628028839,-38.71442323804672,-38.21603043102593,1592.429443359375
2023-09-12,1592.429443359375,1619.114013671875,1549.4937744140625,1551.497802734375,6813819740,0.02628947992827646,1616.0066789899554,1666.133858235677,33.501442542500925,1551.6376953125,1616.828857421875,1635.162353515625,37.20900350081551,-38.707092008465,-38.31424274651374,1607.988525390625
2023-09-13,1607.988525390625,1615.05029296875,1582.217529296875,1592.892333984375,4979469106,0.009770657090104162,1612.5404227120537,1658.260616048177,32.78807034927386,1592.429443359375,1551.6376953125,1616.828857421875,40.510541785860504,-37.01906137301239,-38.05520647181347,1626.974365234375
2023-09-14,1626.974365234375,1640.522705078125,1607.7353515625,1608.0316162109375,5538958553,0.011807198586281986,1609.5941510881696,1651.5953369140625,29.913397239804436,1607.988525390625,1592.429443359375,1551.6376953125,44.35533527705086,-33.76012067253805,-37.19618931195839,1641.640380859375
2023-09-15,1641.640380859375,1652.1131591796875,1613.2486572265625,1626.8701171875,4348584771,0.009014288078772026,1610.3802315848213,1646.128047688802,30.78673191196464,1626.974365234375,1607.988525390625,1592.429443359375,47.194429197521636,-29.65215026564192,-35.6873815026951,1635.2216796875
2023-09-16,1635.2216796875,1649.9886474609375,1632.577880859375,1641.4464111328125,2819575929,-0.003909931338625383,1610.388706752232,1644.4709879557292,30.794698257331863,1641.640380859375,1626.974365234375,1607.988525390625,46.086157041302386,-26.607771832176013,-33.871459568591284,1622.896728515625
2023-09-17,1622.896728515625,1635.512939453125,1616.779296875,1635.2010498046875,3032716258,-0.007537174515831024,1611.2555454799108,1643.2027099609375,31.090180246845183,1635.2216796875,1641.640380859375,1626.974365234375,43.951856182656485,-24.902539570867475,-32.07767556904653,1637.3470458984375
2023-09-18,1637.3470458984375,1669.015380859375,1609.9573974609375,1623.0819091796875,5916674789,0.008904027674040194,1623.4997384207588,1642.1318806966146,17.6853628592764,1622.896728515625,1635.2216796875,1641.640380859375,47.04815658657171,-22.130009893197894,-30.0881424338768,1643.544677734375
2023-09-19,1643.544677734375,1659.53173828125,1628.4132080078125,1637.31201171875,4405868861,0.0037851668963293505,1630.8019147600446,1640.7549682617187,12.515432198163094,1637.3470458984375,1622.896728515625,1635.2216796875,48.36566534677273,-19.211208205624644,-27.91275558822637,1622.890625
2023-09-20,1622.890625,1649.619140625,1610.4207763671875,1643.495361328125,5156431986,-0.012566772911124402,1632.9307861328125,1639.2756876627604,8.662460933390614,1643.544677734375,1637.3470458984375,1622.896728515625,44.40080862064689,-18.35308336134358,-26.000821142849816,1584.3070068359375
2023-09-21,1584.3070068359375,1625.20458984375,1573.3057861328125,1622.591796875,5191732312,-0.02377462631781635,1626.83544921875,1637.6228352864584,20.48963321233103,1622.890625,1643.544677734375,1637.3470458984375,38.114907381027194,-20.549506845591623,-24.91055828339818,1593.268310546875
2023-09-22,1593.268310546875,1601.5377197265625,1579.101318359375,1584.0025634765625,3460791634,0.005656292418244391,1619.9251534598213,1634.755965169271,22.701879145631175,1584.3070068359375,1622.890625,1643.544677734375,40.23133376576515,-21.321307207072095,-24.192708068132966,1593.8577880859375
2023-09-23,1593.8577880859375,1598.001708984375,1588.3289794921875,1593.213134765625,2101436678,0.00036998008129596194,1614.0160260881696,1632.5530721028647,23.428441473621497,1593.268310546875,1584.3070068359375,1622.890625,40.37578476371285,-21.635992390790307,-23.681364932664437,1580.8533935546875
2023-09-24,1580.8533935546875,1600.207275390625,1576.7833251953125,1593.82568359375,3086456944,-0.008159068286052618,1608.0098353794642,1630.1503499348958,26.018340494215312,1593.8577880859375,1593.268310546875,1584.3070068359375,38.18334098107564,-22.673364193737143,-23.47976478487898,1588.3228759765625
2023-09-25,1588.3228759765625,1595.8441162109375,1565.0255126953125,1580.7474365234375,4394930984,0.0047249684583838825,1601.006382533482,1628.2175537109374,23.256863644857216,1580.8533935546875,1593.8577880859375,1593.268310546875,40.19220409063576,-22.631877815455027,-23.31018739099419,1593.417236328125
2023-09-26,1593.417236328125,1598.0977783203125,1580.16552734375,1588.023193359375,3544861160,0.0032073833529786544,1593.8453194754463,1626.0810262044272,13.750230617777396,1588.3228759765625,1580.8533935546875,1593.8577880859375,41.58645900374832,-21.935073384875977,-23.03516458977055,1597.4912109375
2023-09-27,1597.4912109375,1631.9107666015625,1585.368896484375,1593.1082763671875,5533036096,0.0025567531946391053,1590.216831752232,1624.2488199869792,5.942983842145233,1593.417236328125,1588.3228759765625,1580.8533935546875,42.7361425745188,-20.814182213903905,-22.590968114597224,1652.8826904296875
2023-09-28,1652.8826904296875,1666.024169921875,1597.294677734375,1597.6719970703125,6658092168,0.03467404334555346,1600.0133579799108,1621.6873860677083,23.917199780432938,1597.4912109375,1593.417236328125,1588.3228759765625,55.54693129809922,-15.280098947082706,-21.128794281094322,1667.94384765625
2023-09-29,1667.94384765625,1687.28125,1648.656494140625,1652.9998779296875,5529687537,0.009112054541902781,1610.6812918526787,1620.4484415690104,34.652120529198136,1652.8826904296875,1597.4912109375,1593.417236328125,58.27993550753339,-9.568686706319568,-18.816772766139373,1671.161865234375
2023-09-30,1671.161865234375,1692.5311279296875,1666.5638427734375,1667.83447265625,3155292192,0.001929332083119517,1621.7247314453125,1621.299198404948,40.261195781126276,1667.94384765625,1652.8826904296875,1597.4912109375,58.86190138589738,-4.72818070853441,-15.99905435461838,1733.8104248046875
2023-10-01,1733.8104248046875,1750.595703125,1670.0821533203125,1671.1614990234375,5054880180,0.037488026069531166,1643.5757359095983,1624.8098388671874,53.65981571677978,1671.161865234375,1667.94384765625,1652.8826904296875,68.17058996341328,4.115726813385663,-11.976098121017571,1663.6275634765625
2023-10-02,1663.6275634765625,1743.5635986328125,1646.07763671875,1732.9840087890625,8420552922,-0.04047897066718298,1654.3335484095983,1625.6965779622396,47.98496029322205,1733.8104248046875,1671.161865234375,1667.94384765625,53.55149335474458,5.399178505940881,-8.50104279562588,1656.6856689453125
2023-10-03,1656.6856689453125,1670.3563232421875,1644.4964599609375,1662.88720703125,4742827302,-0.00417274556135816,1663.3718959263392,1626.382177734375,39.87110858467655,1663.6275634765625,1733.8104248046875,1671.161865234375,52.35553055070875,5.789433362219825,-5.6429475640567395,1647.838134765625
2023-10-04,1647.838134765625,1657.2535400390625,1629.4266357421875,1656.7359619140625,5127524863,-0.005340502634588518,1670.5643136160713,1626.9882731119792,29.08937026435702,1656.6856689453125,1663.6275634765625,1733.8104248046875,50.798399945116316,5.323425940557399,-3.4496728631339115,1611.4764404296875
2023-10-05,1611.4764404296875,1654.3790283203125,1609.8499755859375,1647.7882080078125,5403759057,-0.022066302247040315,1664.649135044643,1626.2498413085937,36.53984211497228,1647.838134765625,1656.6856689453125,1663.6275634765625,44.8894139875203,1.9970066068663073,-2.360336969133868,1645.83154296875
2023-10-06,1645.83154296875,1659.60986328125,1611.36572265625,1611.36572265625,4941208729,0.021319022529365572,1661.490234375,1626.702482096354,37.158122568691525,1611.4764404296875,1647.838134765625,1656.6856689453125,50.72183988836369,2.108657683508227,-1.4665380386054492,1634.51123046875
2023-10-07,1634.51123046875,1648.1837158203125,1631.158203125,1645.8109130859375,2578994988,-0.006878172039150754,1656.254429408482,1626.2662475585937,38.137442384400366,1645.83154296875,1611.4764404296875,1647.838134765625,48.88593582012444,1.2690584394697453,-0.9194187429904102,1633.548583984375
2023-10-08,1633.548583984375,1641.182373046875,1618.189208984375,1634.6573486328125,3315554175,-0.0005889506700414993,1641.9313092912946,1626.1799397786458,17.278829411680373,1634.51123046875,1645.83154296875,1611.4764404296875,48.72442752704139,0.5199982473586715,-0.6315353449205938,1579.806640625
2023-10-09,1579.806640625,1635.4478759765625,1553.0069580078125,1633.454833984375,7020801716,-0.032898895010697204,1629.9568917410713,1624.3347493489584,26.383037342778543,1633.548583984375,1634.51123046875,1645.83154296875,40.65014077345255,-4.3599047722495925,-1.3772092303863936,1567.7130126953125
2023-10-10,1567.7130126953125,1593.7413330078125,1553.03173828125,1580.112060546875,5254966125,-0.007655131722261288,1617.2465122767858,1622.6975545247396,32.1594586436824,1579.806640625,1633.548583984375,1634.51123046875,39.08069045888608,-9.09823894129363,-2.921415172567841,1566.2547607421875
2023-10-11,1566.2547607421875,1578.2235107421875,1548.98046875,1567.6807861328125,5416504273,-0.000930177871406368,1605.5917445591517,1623.1847900390626,33.95796608978605,1567.7130126953125,1579.806640625,1633.548583984375,38.885734519137486,-12.82325317322966,-4.901782772700205,1539.6124267578125
2023-10-12,1539.6124267578125,1566.878173828125,1523.237548828125,1566.35595703125,5003930677,-0.01701021740023334,1595.3254568917412,1621.4242228190103,41.83245323207237,1566.2547607421875,1567.7130126953125,1579.806640625,35.41016063549891,-17.720892069673937,-7.465604632094951,1552.0894775390625
2023-10-13,1552.0894775390625,1571.7506103515625,1537.921142578125,1539.432861328125,4575141511,0.008104020573232784,1581.9337332589287,1619.5609212239583,37.777511403929545,1539.6124267578125,1566.2547607421875,1567.7130126953125,38.196129447535014,-20.36080576303152,-10.044644858282266,1555.2568359375
2023-10-14,1555.2568359375,1560.3250732421875,1545.73876953125,1552.2637939453125,2429214718,0.002040706057397923,1570.6116768973213,1617.1703369140625,30.585353584423043,1552.0894775390625,1539.6124267578125,1566.2547607421875,38.91641796521812,-21.94441547090878,-12.42459898080757,1558.06982421875
2023-10-15,1558.06982421875,1565.7608642578125,1550.5545654296875,1555.0760498046875,2923337883,0.0018086969407560272,1559.8289969308037,1614.3846516927083,12.878687869297652,1555.2568359375,1552.0894775390625,1539.6124267578125,39.589792276812744,-22.710658593152857,-14.481810903276628,1600.5343017578125
2023-10-16,1600.5343017578125,1628.15625,1555.9896240234375,1558.3134765625,8846928526,0.027254540765113022,1562.7900913783483,1613.2284057617187,19.111962390979937,1558.06982421875,1555.2568359375,1552.0894775390625,48.770832529522195,-19.664700909821477,-15.5183889045856,1565.4395751953125
2023-10-17,1565.4395751953125,1601.294677734375,1554.4029541015625,1600.6356201171875,5032686973,-0.02192688186935865,1562.4653145926338,1611.3131673177083,19.033518194161832,1600.5343017578125,1558.06982421875,1555.2568359375,42.959902916694396,-19.853746998694987,-16.385460523407477,1563.7498779296875
2023-10-18,1563.7498779296875,1584.7269287109375,1556.736328125,1565.3828125,4354138855,-0.0010793755903444335,1562.1074741908483,1608.8599283854167,18.973853683685373,1565.4395751953125,1600.5343017578125,1558.06982421875,42.69613272966261,-19.910397169301632,-17.09044785258631,1567.45703125
2023-10-19,1567.45703125,1573.7376708984375,1543.5850830078125,1563.9581298828125,5035110867,0.0023706817647977108,1566.0852748325892,1606.3236735026042,16.185760499876253,1563.7498779296875,1565.4395751953125,1600.5343017578125,43.51555471890219,-19.432154762665732,-17.558789234602195,1604.6668701171875
2023-10-20,1604.6668701171875,1628.6090087890625,1562.3028564453125,1567.5709228515625,6747486127,0.023738984945261166,1573.5963309151787,1605.7162150065103,20.288003295251862,1567.45703125,1563.7498779296875,1565.4395751953125,51.07751083026869,-15.867708126891557,-17.22057301306007,1629.304443359375
2023-10-21,1629.304443359375,1641.2418212890625,1593.447998046875,1604.822265625,4212179634,0.015353699699918621,1584.174560546875,1607.2161295572917,27.24390631352889,1604.6668701171875,1567.45703125,1563.7498779296875,55.34076644043671,-10.92883146556187,-15.96222470356043,1663.429931640625
2023-10-22,1663.429931640625,1667.6666259765625,1623.9847412109375,1629.2977294921875,5248406817,0.020944819993793384,1599.2260044642858,1609.5548502604167,37.566646172229966,1629.304443359375,1604.6668701171875,1567.45703125,60.47808435860922,-4.212534942476623,-13.61228675134367,1765.3826904296875
2023-10-23,1765.3826904296875,1794.0704345703125,1663.447998046875,1674.8492431640625,14362295879,0.061290684296216424,1622.7757742745537,1615.2723470052083,73.24810403707718,1663.429931640625,1629.304443359375,1604.6668701171875,71.15418720747155,9.230510441318302,-9.043727312811274,1784.4375
2023-10-24,1784.4375,1852.6844482421875,1758.6900634765625,1766.0146484375,15888690475,0.010793585817743923,1654.0611921037946,1622.0584838867187,89.61709354115442,1765.3826904296875,1663.429931640625,1629.304443359375,72.64167880210296,21.177661742592136,-2.9994495017305924,1787.3975830078125
2023-10-25,1787.3975830078125,1814.4847412109373,1762.1470947265625,1784.905029296875,9439066475,0.0016588325496480483,1686.0108642578125,1628.6943074544272,91.89153891481328,1784.4375,1765.3826904296875,1663.429931640625,72.87567811896173,30.53275657193285,3.7069917130020964,1804.039306640625
2023-10-26,1804.039306640625,1865.09521484375,1764.0130615234375,1787.48193359375,11196672635,0.009310588640725426,1719.8083321707588,1635.7150431315104,84.20624439828241,1787.3975830078125,1784.4375,1765.3826904296875,74.21115430462781,38.8418400861774,10.733961387637159,1780.0452880859375
2023-10-27,1780.0452880859375,1804.1358642578125,1751.4400634765625,1803.794921875,7493399771,-0.013300163952285393,1744.8623918805804,1641.8001790364583,68.94580334396827,1804.039306640625,1787.3975830078125,1784.4375,68.9407646736919,42.995110988004626,17.18619130771065,1776.6181640625
2023-10-28,1776.6181640625,1800.6053466796875,1773.4366455078125,1780.084228515625,4226112731,-0.0019253015900076997,1765.9072091238838,1645.9246948242187,46.68286991906843,1780.0452880859375,1804.039306640625,1787.3975830078125,68.19578812216653,45.485736576021964,22.846100361372915,1795.5460205078125
2023-10-29,1795.5460205078125,1810.4886474609373,1766.052978515625,1776.56396484375,4358528382,0.01065386858481232,1784.7809361049108,1650.1781005859375,12.643086464386968,1776.6181640625,1780.0452880859375,1804.039306640625,70.11646693047275,48.42863991183253,27.96260827146484,1810.088623046875
2023-10-30,1810.088623046875,1829.24951171875,1779.364501953125,1795.589111328125,7534051038,0.008099264721129096,1791.1674979073662,1654.808992513021,12.501704507494079,1795.5460205078125,1776.6181640625,1780.0452880859375,71.53863591201126,51.34253372606145,32.638593362384164,1816.458984375
2023-10-31,1816.458984375,1819.97265625,1784.567626953125,1810.131591796875,6477922747,0.0035193643267046326,1795.7419956752233,1657.563944498698,15.196709625600239,1810.088623046875,1795.5460205078125,1776.6181640625,72.16357731447076,53.548575837731505,36.82058985745363,1847.0897216796875
2023-11-01,1847.0897216796875,1858.3128662109373,1786.4095458984375,1815.8720703125,10628825648,0.01686288408831138,1804.2694440569196,1663.6793497721353,23.9568292713418,1816.458984375,1810.088623046875,1795.5460205078125,75.00546385941334,57.11019384881274,40.87851065572546,1800.6209716796875
2023-11-02,1800.6209716796875,1873.885009765625,1790.11474609375,1847.2598876953125,9004197724,-0.02515781959835861,1803.7811104910713,1668.4771931966145,23.997107854119974,1847.0897216796875,1816.458984375,1810.088623046875,64.28335798633819,55.54289805864801,43.81138813630997,1832.795166015625
2023-11-03,1832.795166015625,1835.072509765625,1779.635498046875,1800.91650390625,7622864055,0.01786838809609348,1811.3168073381696,1674.6424275716147,23.579956799890635,1800.6209716796875,1847.0897216796875,1816.458984375,67.72370492691103,56.248594659435184,46.298829440935016,1857.6986083984373
2023-11-04,1857.6986083984373,1867.2613525390625,1825.736572265625,1833.368896484375,4845080427,0.013587684453004512,1822.899727957589,1682.849833170573,23.6086617226266,1832.795166015625,1800.6209716796875,1847.0897216796875,70.12259772609931,58.14708062324553,48.668479677397116,1894.15771484375
2023-11-05,1894.15771484375,1911.608642578125,1848.6201171875,1857.3956298828125,8867152645,0.019625953467632185,1836.9871128627233,1691.127372233073,32.363837688495614,1857.6986083984373,1832.795166015625,1800.6209716796875,73.25644366804588,61.88027235550658,51.31083821301901,1899.83740234375
2023-11-06,1899.83740234375,1914.5826416015625,1871.9730224609373,1894.027099609375,8104122602,0.002998529349214518,1849.8083670479912,1699.9715779622395,37.328376518088874,1894.15771484375,1857.6986083984373,1832.795166015625,73.7189112189349,64.55302986818401,53.95927654405202,1888.124267578125
2023-11-07,1888.124267578125,1907.5614013671875,1852.7908935546875,1900.5997314453125,9203228152,-0.006165335386688842,1860.0462646484375,1708.4574340820313,36.47526842186527,1899.83740234375,1894.15771484375,1857.6986083984373,70.99239964594003,64.97704246954027,56.16282972914967,1889.3223876953125
2023-11-08,1889.3223876953125,1904.5462646484373,1874.545654296875,1887.1190185546875,6751627017,0.0006345557534326307,1866.0795026506696,1718.7746256510416,37.454618958807366,1888.124267578125,1899.83740234375,1894.15771484375,71.11010232291014,64.66434349169413,57.86313248165857,2120.56103515625
2023-11-09,2120.56103515625,2130.88525390625,1884.204345703125,1888.9403076171875,24709695029,0.12239237144858772,1911.7852260044642,1737.2028930664062,95.10523116225318,1889.3223876953125,1888.124267578125,1899.83740234375,84.32769155233332,82.12882365132918,62.7162707155927,2078.289794921875
2023-11-10,2078.289794921875,2134.69140625,2068.13427734375,2121.0673828125,14740624457,-0.019933988946118864,1946.8558872767858,1754.2707275390626,105.7865089739256,2120.56103515625,1889.3223876953125,1888.124267578125,77.35995519127334,91.50381516908351,68.47377960629086,2052.7138671875
2023-11-11,2052.7138671875,2089.530517578125,2035.0821533203125,2078.058349609375,10228351203,-0.012306237463546976,1974.7152099609375,1771.3741088867187,104.05816594273286,2078.289794921875,2120.56103515625,1889.3223876953125,73.40779303863602,95.76587052561786,73.93219779015627,2045.18701171875
2023-11-12,2045.18701171875,2066.00341796875,2019.028076171875,2053.11865234375,7951011698,-0.003666782589169526,1996.2908238002233,1787.810693359375,100.15556768667105,2052.7138671875,2078.289794921875,2120.56103515625,72.23815348713234,97.41330581855118,78.62841939583525,2055.265380859375
2023-11-13,2055.265380859375,2116.0107421875,2031.9542236328125,2045.3544921875,14322027970,0.004927847225156823,2018.4948207310267,1804.477644856771,92.1144577356332,2045.18701171875,2052.7138671875,2078.289794921875,72.86167898992308,98.39788079923483,82.58231167651516,1979.0526123046875
2023-11-14,1979.0526123046875,2065.06689453125,1939.2803955078125,2054.765380859375,13087862495,-0.03708171667973137,2031.484584263393,1818.5104044596353,75.5959753374752,2055.265380859375,2045.18701171875,2052.7138671875,61.5954918604293,91.96827702988935,84.45950474719,2060.408447265625
2023-11-15,2060.408447265625,2061.99169921875,1968.774658203125,1979.47265625,12626326991,0.04110847506282078,2055.925449916295,1833.8395426432292,42.295620821810935,1979.0526123046875,2055.265380859375,2045.18701171875,67.3917863833419,92.37269080258648,86.0421419582693,1960.881591796875
2023-11-16,1960.881591796875,2088.662353515625,1940.57421875,2059.9658203125,14651619483,-0.04830442993030459,2033.1141008649554,1847.0209431966146,44.62172455268029,2060.408447265625,1979.0526123046875,2055.265380859375,56.214146399505914,83.69739470901504,85.57319250841846,1961.28076171875
2023-11-17,1961.28076171875,1990.050537109375,1910.4454345703125,1961.8675537109373,11881648738,0.0002035665608492998,2016.3985246930804,1860.27197265625,46.74380829656426,1960.881591796875,2060.408447265625,1979.0526123046875,56.24549139193544,75.97853645614964,83.6542612979647,1963.2850341796875
2023-11-18,1963.2850341796875,1971.4622802734373,1921.0623779296875,1961.6712646484373,8064677046,0.0010219202166552588,2003.6229771205358,1873.466239420573,47.380794540924384,1961.28076171875,1960.881591796875,2060.408447265625,56.41420996922014,69.22503065427986,80.76841516922774,2013.2044677734373
2023-11-19,2013.2044677734373,2015.6339111328125,1944.90087890625,1963.1800537109373,7716048818,0.025426483024461932,1999.0540422712054,1887.084159342448,44.13567713959531,1963.2850341796875,1961.28076171875,1960.881591796875,60.49964804559155,67.12711020554389,78.04015417649097,2022.2391357421875
2023-11-20,2022.2391357421875,2066.409912109375,1996.0443115234373,2011.8533935546875,12866464824,0.004487705105652884,1994.3360072544642,1900.181982421875,38.53518515995752,2013.2044677734373,1963.2850341796875,1961.28076171875,61.20834288939455,65.43917327933423,75.51995799705962,1937.0667724609373
2023-11-21,1937.0667724609373,2035.035888671875,1937.0667724609373,2022.21728515625,13653500841,-0.04211784935612517,1988.3380301339287,1909.3032104492188,44.16657098935967,2022.2391357421875,2013.2044677734373,1963.2850341796875,51.777131505813706,56.576593451129156,71.73128508787353,2064.42529296875
2023-11-22,2064.42529296875,2089.51416015625,1933.1629638671875,1933.5831298828125,13372200584,0.06574813130783852,1988.911865234375,1919.2712972005208,45.27128871380084,1937.0667724609373,2022.2391357421875,2013.2044677734373,61.363756557596986,59.14788333049637,69.2146047363981,2062.210693359375
2023-11-23,2062.210693359375,2088.031982421875,2041.4642333984373,2063.905517578125,7828437946,-0.0010727438851469984,2003.387451171875,1928.5304036458333,50.6905009982646,2064.42529296875,1937.0667724609373,2022.2391357421875,61.13616153176941,60.311713514090115,67.4340264919365,2081.152099609375
2023-11-24,2081.152099609375,2132.481201171875,2060.9990234375,2062.411865234375,12141148820,0.009185000500188556,2020.511928013393,1938.3222208658854,54.219914313481596,2062.210693359375,2064.42529296875,1937.0667724609373,62.41999686220696,62.04722867486498,66.3566669285222,2084.4130859375
2023-11-25,2084.4130859375,2091.3427734375,2067.917236328125,2081.296142578125,5362623390,0.0015669139841998359,2037.8159354073662,1947.6680135091146,52.20350331781941,2081.152099609375,2062.210693359375,2064.42529296875,62.64876212173697,62.96000751162023,65.67733504514182,2063.2861328125
2023-11-26,2063.2861328125,2094.095947265625,2038.6004638671875,2084.177490234375,8054814154,-0.010135684364837805,2044.970458984375,1957.109375,51.69772837592359,2084.4130859375,2081.152099609375,2062.210693359375,60.09633234262207,61.272313672763175,64.79633077066609,2027.4173583984373
2023-11-27,2027.4173583984373,2070.606201171875,1988.120361328125,2062.390869140625,10574810069,-0.017384294811873424,2045.710205078125,1965.4693481445313,51.35415989193962,2063.2861328125,2084.4130859375,2081.152099609375,55.93003062120527,56.39045970133748,63.115156556800365,2049.338134765625
2023-11-28,2049.338134765625,2074.9541015625,1996.814697265625,2027.5172119140625,9910633038,0.010812167645888104,2061.7489711216517,1973.9290852864583,19.289767316816558,2027.4173583984373,2063.2861328125,2084.4130859375,57.85308946165558,53.6716849359068,61.22646223262165,2029.92919921875
2023-11-29,2029.92919921875,2071.994384765625,2020.756591796875,2049.186767578125,8945151861,-0.009470831200383945,2056.820957728795,1981.2571044921874,22.612344387315698,2049.338134765625,2027.4173583984373,2063.2861328125,55.54207637401115,49.3816564585577,58.85750107780886,2052.55615234375
2023-11-30,2052.55615234375,2054.4443359375,2022.4617919921875,2029.3583984375,8107789163,0.011146671092621574,2055.441737583705,1989.1270100911458,22.52307072569418,2029.92919921875,2049.338134765625,2027.4173583984373,57.66523314938856,47.262768226064054,56.5385545074599,2087.139892578125
2023-12-01,2087.139892578125,2109.319091796875,2046.5570068359373,2052.0966796875,10866891430,0.016849107974407973,2056.297136579241,1997.128682454427,23.742931060128534,2052.55615234375,2029.92919921875,2049.338134765625,60.75053194981119,47.82288044749566,54.795419695467054,2165.7041015625
2023-12-02,2165.7041015625,2182.81787109375,2087.407958984375,2087.66357421875,9130124831,0.03764204271297267,2067.910138811384,2009.2981201171874,47.64050322394181,2087.139892578125,2052.55615234375,2029.92919921875,66.68958920032323,53.98395506477823,54.63312676932929,2193.691650390625
2023-12-03,2193.691650390625,2213.17578125,2151.720947265625,2165.895751953125,8278465782,0.012923071442646705,2086.5394984654017,2021.3280029296875,67.06705751265366,2165.7041015625,2087.139892578125,2052.55615234375,68.51719274855556,60.42843103822861,55.79218762310916,2243.2158203125
2023-12-04,2243.2158203125,2273.06982421875,2193.00732421875,2193.663330078125,16149367134,0.022575720663866372,2117.367850167411,2034.1785766601563,83.0534694451253,2193.691650390625,2165.7041015625,2087.139892578125,71.49725735546568,68.73952484551728,58.381655067590785,2293.841796875
2023-12-05,2293.841796875,2306.5703125,2191.17626953125,2243.092529296875,15383072559,0.02256848231190145,2152.296944754464,2047.5013793945313,99.46690644752351,2243.2158203125,2193.691650390625,2165.7041015625,74.18711708261739,78.50624861011102,62.40657377609484,2231.661376953125
2023-12-06,2231.661376953125,2310.713134765625,2225.0810546875,2293.628173828125,12790612571,-0.027107545082919904,2181.1158272879466,2058.562178548177,86.48038784103639,2293.841796875,2243.2158203125,2193.691650390625,65.95425701710275,80.30332064147933,65.98592314917174,2357.57958984375
2023-12-07,2357.57958984375,2380.729736328125,2225.050537109375,2233.2177734375,14766891042,0.05642353010676748,2224.690604073661,2074.2106892903644,87.74364759242262,2231.661376953125,2293.841796875,2243.2158203125,72.58829400032832,90.84090322551901,70.95691916444119,2358.73193359375
2023-12-08,2358.73193359375,2387.514404296875,2340.92041015625,2357.169189453125,12543458699,0.0004887825441670657,2263.4894670758927,2089.857674153646,76.05163109325323,2357.57958984375,2231.661376953125,2293.841796875,72.64083472973617,98.15354488565845,76.39624430868464,2341.17529296875
2023-12-09,2341.17529296875,2401.760498046875,2331.666015625,2358.68603515625,10613312823,-0.007443253883560597,2288.5567801339284,2097.2114827473956,66.80521698700903,2358.73193359375,2357.57958984375,2231.661376953125,70.42602085440612,101.36373388707034,81.38974222436178,2352.462646484375
2023-12-10,2352.462646484375,2376.749755859375,2323.40576171875,2341.440185546875,7369608905,0.004821233826242777,2311.238351004464,2106.350577799479,55.16794572453482,2341.17529296875,2358.73193359375,2357.57958984375,71.03742581748654,103.62411262860178,85.83661630520979,2224.578857421875
2023-12-11,2224.578857421875,2354.9140625,2160.358154296875,2352.49658203125,17989249470,-0.054361666168691425,2308.575927734375,2112.079410807292,59.2933344699033,2352.462646484375,2341.17529296875,2358.73193359375,56.72793385270368,94.01260724300846,87.47181449276952,2202.0380859375
2023-12-12,2202.0380859375,2242.55126953125,2166.77001953125,2224.39111328125,11391132228,-0.010132601687358522,2295.461111886161,2117.3077799479165,71.90668192732475,2224.578857421875,2352.462646484375,2341.17529296875,54.638754362950166,83.61273256616323,86.69999810744827,2260.648681640625
2023-12-13,2260.648681640625,2283.09912109375,2150.75439453125,2202.600341796875,12576395493,0.02661652224701272,2299.6021554129466,2124.1538899739585,68.3677395492257,2202.0380859375,2224.578857421875,2352.462646484375,58.87938486657295,79.18732006841492,85.1974624996416,2316.5791015625
2023-12-14,2316.5791015625,2331.6015625,2239.3662109375,2260.736083984375,12608711052,0.02474087211166509,2293.744942801339,2135.4047729492186,64.20224825602274,2260.648681640625,2202.0380859375,2224.578857421875,62.48369495473561,79.27938286231256,84.0138465721758,2219.33740234375
2023-12-15,2219.33740234375,2316.892822265625,2214.26318359375,2316.1103515625,10259157898,-0.041976420815141524,2273.8314383370534,2140.7024047851564,62.27480974294164,2316.5791015625,2260.648681640625,2202.0380859375,53.6747879607429,70.69087049407199,81.34925135655504,2226.926513671875
2023-12-16,2226.926513671875,2260.809814453125,2213.55078125,2220.41552734375,6866555430,0.0034195392373013167,2257.510184151786,2149.5705688476564,56.37538677627327,2219.33740234375,2316.5791015625,2260.648681640625,54.21726347085738,63.761784265995175,77.83175793844308,2196.481201171875
2023-12-17,2196.481201171875,2244.366455078125,2195.76171875,2226.892578125,7410453853,-0.013671449108484612,2235.227120535714,2157.4105834960938,41.43655309980951,2226.926513671875,2219.33740234375,2316.5791015625,51.60642106288402,55.17769708712058,73.30094576817858,2217.2734375
2023-12-18,2217.2734375,2222.019287109375,2120.12744140625,2195.341796875,10366536490,0.009466157195896718,2234.1834891183034,2165.8768636067707,41.839480275248434,2196.481201171875,2226.926513671875,2219.33740234375,53.26173768665831,49.482106929423935,68.53717800042766,2177.87255859375
2023-12-19,2177.87255859375,2253.348876953125,2139.723388671875,2218.240966796875,10619179629,-0.017769968394459656,2230.731270926339,2171.365799967448,45.7482639670391,2217.2734375,2196.481201171875,2226.926513671875,49.786426632966936,41.31276125859995,63.092294652062115,2201.911376953125
2023-12-20,2201.911376953125,2263.3291015625,2161.21875,2177.239501953125,12652290807,0.011037752537226941,2222.3402273995534,2177.354874674479,44.72152628672953,2177.87255859375,2217.2734375,2196.481201171875,51.850668133358745,36.359102596353296,57.745656240920354,2239.54248046875
2023-12-21,2239.54248046875,2278.12158203125,2184.856689453125,2201.7900390625,12616530536,0.017090198956007274,2211.3349958147323,2187.4373982747397,20.68508211245947,2201.911376953125,2177.87255859375,2217.2734375,54.97133204046736,35.06559363890119,53.209643720516524,2326.52490234375
2023-12-22,2326.52490234375,2341.947509765625,2233.53271484375,2239.59814453125,16137246310,0.03883937127050796,2226.6474958147323,2196.1740519205728,48.529378033919755,2239.54248046875,2201.911376953125,2177.87255859375,61.22677270568016,40.591321486892866,50.685979273791794,2309.04638671875
2023-12-23,2309.04638671875,2332.072021484375,2270.428955078125,2326.7158203125,7995772945,-0.007512713750621014,2238.37890625,2204.4019083658854,57.672524697349196,2326.52490234375,2239.54248046875,2201.911376953125,59.439856065490666,43.06371873689341,49.16152716641212,2265.692138671875
2023-12-24,2265.692138671875,2325.705078125,2249.984375,2309.626708984375,9450799236,-0.018775823775668332,2248.266183035714,2210.5532430013022,55.17095840605428,2309.04638671875,2326.52490234375,2239.54248046875,55.14103257160124,41.0515689462668,47.53953552238306,2272.561767578125
2023-12-25,2272.561767578125,2303.551025390625,2254.574462890625,2265.340576171875,8036302656,0.003032022219169095,2256.1645159040177,2216.8248657226563,53.93830955573576,2265.692138671875,2309.04638671875,2326.52490234375,55.68789806214763,39.55527875016287,45.94268416793903,2231.46533203125
2023-12-26,2231.46533203125,2274.557373046875,2180.225341796875,2272.21875,10668581464,-0.0180837485401647,2263.820626395089,2222.430839029948,43.82950744253312,2272.561767578125,2265.692138671875,2309.04638671875,51.632703700489955,34.653851074260274,43.68491754920328,2378.739990234375
2023-12-27,2378.739990234375,2392.608642578125,2215.140380859375,2231.39306640625,14161342927,0.06599907965814755,2289.081856863839,2234.141593424479,52.33378609324957,2231.46533203125,2272.561767578125,2265.692138671875,62.24356010570576,42.16719128656041,43.381372296674705,2347.566162109375
2023-12-28,2347.566162109375,2445.017578125,2338.703857421875,2380.20068359375,15660799060,-0.013105185204343561,2304.5138113839284,2244.082527669271,51.20579167339237,2378.739990234375,2231.46533203125,2272.561767578125,59.27909080946287,45.08637249948424,43.722372337236614,2300.690673828125
2023-12-29,2300.690673828125,2386.004638671875,2262.975830078125,2346.84375,12536968996,-0.019967696347748753,2300.8232073102677,2253.10791015625,50.277534664967874,2347.566162109375,2378.739990234375,2231.46533203125,55.034571872313116,43.12032028205158,43.601961926199614,2292.0654296875
2023-12-30,2292.0654296875,2322.021484375,2270.011962890625,2300.399658203125,6888195427,-0.003748980355657072,2298.3973563058034,2261.091552734375,50.22427645000114,2300.690673828125,2347.566162109375,2378.739990234375,54.26463677479955,40.400512655671264,42.96167207209395,2281.47119140625
2023-12-31,2281.47119140625,2318.512939453125,2261.394287109375,2291.9453125,6871481744,-0.004622136062972015,2300.6515066964284,2267.5692626953123,48.846977234004925,2292.0654296875,2300.690673828125,2347.566162109375,53.27868639874841,36.964080120764265,41.76215368182801,2352.327880859375
2024-01-01,2352.327880859375,2352.327880859375,2267.01806640625,2282.870361328125,6906765990,0.031057455259582145,2312.0466657366073,2273.7900553385416,50.47875752141518,2281.47119140625,2292.0654296875,2300.690673828125,58.68544566385072,39.50286085325706,41.31029511611383,2355.83642578125
2024-01-02,2355.83642578125,2431.21240234375,2348.892333984375,2352.593505859375,12910543630,0.001491520357524756,2329.81396484375,2279.1948811848956,37.64545808268424,2352.327880859375,2281.47119140625,2292.0654296875,58.93883255823167,41.32164294965287,41.312564682821645,2210.761962890625
2024-01-03,2210.761962890625,2385.11767578125,2113.92529296875,2355.9814453125,19332933581,-0.06158087263741796,2305.8171037946427,2278.1130859375,52.04446962707428,2355.83642578125,2352.327880859375,2281.47119140625,46.29534205108262,30.70282113703979,39.190615973665274,2269.0380859375
2024-01-04,2269.0380859375,2294.608154296875,2204.86572265625,2210.529052734375,11044564896,0.02636019798833411,2294.598807198661,2277.2862955729165,49.96752603331667,2210.761962890625,2355.83642578125,2352.327880859375,50.8559310265044,26.682149234748522,36.68892262588192,2268.647216796875
2024-01-05,2268.647216796875,2276.7646484375,2209.537109375,2269.409423828125,10860953290,-0.00017226204489362296,2290.021170479911,2278.5191569010417,50.77764082610519,2269.0380859375,2210.761962890625,2355.83642578125,50.8247557944747,23.19679964498573,33.990498029702685,2241.624755859375
2024-01-06,2241.624755859375,2271.359375,2219.781982421875,2269.5400390625,5970741680,-0.011911266210730354,2282.815359933036,2274.6539957682294,53.920900184347104,2268.647216796875,2269.0380859375,2210.761962890625,48.60635829937763,18.046123741810334,30.801623172124216,2222.865966796875
2024-01-07,2222.865966796875,2257.1279296875,2211.5625,2242.0126953125,6490053615,-0.008368389496710593,2274.443184988839,2270.1251302083333,58.51816045102757,2241.624755859375,2268.647216796875,2269.0380859375,47.07040988042145,12.308612453803107,27.103021028459995,2333.03271484375
2024-01-08,2333.03271484375,2358.815673828125,2171.99365234375,2222.857666015625,13830287095,0.04956067963271038,2271.6867327008927,2269.8537109375,54.55848783445859,2222.865966796875,2241.624755859375,2268.647216796875,55.88665998550269,16.461372827864125,24.974691388340823,2344.8271484375
2024-01-09,2344.8271484375,2369.6416015625,2243.21923828125,2332.8681640625,14891130716,0.005055408575588727,2270.1139787946427,2269.5991943359377,51.81828225210757,2333.03271484375,2222.865966796875,2241.624755859375,56.71785961966686,20.468232520685433,24.073399614809748,2582.103515625
2024-01-10,2582.103515625,2626.976806640625,2341.943115234375,2344.923583984375,29042100476,0.10119141078079541,2323.162772042411,2281.5166829427085,122.62843219647827,2344.8271484375,2333.03271484375,2222.865966796875,69.26471156905562,42.302283138044004,27.7191763194566,2619.619140625
2024-01-11,2619.619140625,2687.779052734375,2567.99365234375,2584.171630859375,22575246883,0.014529094117638142,2373.245779854911,2295.4360514322916,162.08286842651083,2582.103515625,2344.8271484375,2333.03271484375,70.71042272668534,61.91935518141054,34.55921209184739,2524.460205078125
2024-01-12,2524.460205078125,2710.421875,2460.925537109375,2619.177001953125,23623839263,-0.036325484903951155,2409.7904924665177,2304.229768880208,163.40209519613617,2619.619140625,2582.103515625,2344.8271484375,62.659375494094995,68.99219619533505,41.445808912544926,2576.597900390625
2024-01-13,2576.597900390625,2589.079833984375,2498.594482421875,2522.933837890625,12250316867,0.020653007406344237,2457.643798828125,2312.8970621744793,154.7669711472154,2524.460205078125,2619.619140625,2582.103515625,65.01008399888181,77.90649238564265,48.73794560716448,2472.2412109375
2024-01-14,2472.2412109375,2578.332275390625,2470.42431640625,2578.003662109375,9405587417,-0.04050173658734413,2493.2688337053573,2321.327189127604,115.41616322788126,2576.597900390625,2524.460205078125,2619.619140625,57.24245302399207,75.67805414662416,54.125967315056414,2511.36376953125
2024-01-15,2511.36376953125,2550.76904296875,2470.82080078125,2471.6669921875,9700630000,0.01582473361444947,2518.744698660714,2330.8084309895835,91.31814300712503,2472.2412109375,2576.597900390625,2524.460205078125,59.21012141888727,76.19058664892782,58.5388911818307,2587.691162109375
2024-01-16,2587.691162109375,2613.56689453125,2500.00390625,2510.627197265625,11063317095,0.030392806292802277,2553.4395577566966,2343.8487630208333,51.82371925772976,2511.36376953125,2472.2412109375,2576.597900390625,62.806338677817,81.81266950854342,63.19364684717324,2528.369384765625
2024-01-17,2528.369384765625,2592.737060546875,2508.432861328125,2587.044677734375,10441017520,-0.022924597112815248,2545.763253348214,2354.2186279296875,50.84059862902867,2587.691162109375,2511.36376953125,2472.2412109375,58.49020337076007,80.55287561320165,66.66549260037893,2467.018798828125
2024-01-18,2467.018798828125,2546.263916015625,2426.135498046875,2528.59326171875,11900028080,-0.024264882460276693,2523.963204520089,2363.8568359375,46.418209328543554,2528.369384765625,2587.691162109375,2511.36376953125,54.33172620189834,73.75381228009155,68.08315653632145,2489.49853515625
2024-01-19,2489.49853515625,2501.30517578125,2414.7109375,2468.68896484375,11405278376,0.009112105809166549,2518.968680245536,2373.443074544271,48.202438491759054,2467.018798828125,2528.369384765625,2587.691162109375,55.577980502149074,69.37966684266075,68.34245859758931,2469.589111328125
2024-01-20,2469.589111328125,2489.84765625,2456.095703125,2489.84765625,5297826161,-0.007997363142403069,2503.681710379464,2381.111295572917,43.63145871471769,2489.49853515625,2467.018798828125,2528.369384765625,54.168082490103984,63.573762199209796,67.38871931791341,2453.9130859375
2024-01-21,2453.9130859375,2479.760498046875,2452.377685546875,2469.798583984375,4578471955,-0.006347624922185768,2501.063406808036,2385.357568359375,46.300913446685044,2469.589111328125,2489.49853515625,2467.018798828125,53.02744513809112,57.04998004341678,65.32097146301409,2310.826416015625
2024-01-22,2310.826416015625,2463.447265625,2303.502685546875,2454.9873046875,13923771728,-0.05830959162402838,2472.415213448661,2385.4169026692707,84.85441437172588,2453.9130859375,2469.589111328125,2489.49853515625,43.933578037911445,39.87429123763468,60.231635417938215,2240.68603515625
2024-01-23,2240.68603515625,2348.03125,2167.282470703125,2310.95166015625,16182147521,-0.030352942295125973,2422.8430524553573,2384.5833658854167,105.20591202005863,2310.826416015625,2453.9130859375,2469.589111328125,40.286376721146,20.367903059278888,52.25888894620635,2233.561767578125
2024-01-24,2233.561767578125,2261.384521484375,2197.65673828125,2241.749755859375,10134722960,-0.0031795028247356694,2380.7276785714284,2383.2833658854165,114.51737023705762,2240.68603515625,2310.826416015625,2453.9130859375,39.92383979188927,4.2846898015222905,42.664049117269535,2217.710205078125
2024-01-25,2217.710205078125,2240.380859375,2173.6865234375,2233.969970703125,9302247037,-0.007096988643921831,2345.1121651785716,2382.8248616536457,121.74745321456233,2233.561767578125,2240.68603515625,2310.826416015625,39.08113065960015,-9.629458788475404,32.20534753612055,2267.19970703125
2024-01-26,2267.19970703125,2280.3837890625,2196.14013671875,2217.44189453125,9975117607,0.022315585616102362,2313.3551897321427,2379.1068522135415,105.74973842212067,2217.710205078125,2233.561767578125,2240.68603515625,43.11801085221251,-16.473239336646202,22.469630161567203,2267.885986328125
2024-01-27,2267.885986328125,2282.54443359375,2252.38525390625,2267.3193359375,5144367230,0.0003026990938410634,2284.540457589286,2376.4508463541665,80.56512038899957,2267.19970703125,2217.710205078125,2233.561767578125,43.174246503233725,-21.59270051353451,13.657164026546862,2257.208740234375
2024-01-28,2257.208740234375,2306.898681640625,2242.683837890625,2268.19287109375,7296214994,-0.004708017139361198,2256.4398367745534,2375.0014485677084,30.2127264811121,2267.885986328125,2267.19970703125,2217.710205078125,42.4707372877253,-26.209349836085494,5.6838612540203926,2317.064208984375
2024-01-29,2317.064208984375,2320.02734375,2237.711669921875,2256.995361328125,8948195551,0.02651747163790663,2257.3309500558034,2375.8347412109374,32.11621857323933,2257.208740234375,2267.885986328125,2267.19970703125,47.62318266161713,-24.752905503769398,-0.40349209753756554,2344.49365234375
2024-01-30,2344.49365234375,2388.87060546875,2298.281982421875,2317.435791015625,10173440062,0.011838016077853064,2272.1606096540177,2377.9354899088544,44.664603480080494,2317.064208984375,2257.208740234375,2267.885986328125,49.840244664100524,-21.141628502445656,-4.551119378519184,2282.54443359375
2024-01-31,2282.54443359375,2349.611328125,2264.443603515625,2343.558837890625,10807883277,-0.02642328277923489,2279.158133370536,2375.609375,41.3214162532909,2344.49365234375,2317.064208984375,2257.208740234375,45.187972512573054,-23.01316820508464,-8.243529143832276,2303.82470703125
2024-02-01,2303.82470703125,2309.842529296875,2243.57177734375,2282.17529296875,8895583113,0.009323048929214206,2291.460205078125,2373.8756510416665,31.67007481757998,2282.54443359375,2344.49365234375,2317.064208984375,47.01751835847487,-22.519644242564027,-11.098752163578627,2308.0380859375
2024-02-02,2308.0380859375,2323.053466796875,2282.230224609375,2303.7060546875,7186143091,0.0018288626271742991,2297.294259207589,2377.1181884765624,30.182674083303777,2303.82470703125,2282.54443359375,2344.49365234375,47.39193723482674,-21.540236048722818,-13.187048940607465,2296.038330078125
2024-02-03,2296.038330078125,2327.346923828125,2293.5380859375,2307.980224609375,4647754021,-0.005199115184661651,2301.3160226004466,2378.0181966145833,27.354072419605718,2308.0380859375,2303.82470703125,2282.54443359375,46.38652570391457,-21.484666152885893,-14.846572383063151,2289.546142578125
2024-02-04,2289.546142578125,2309.01123046875,2272.304931640625,2296.116943359375,5438100035,-0.002827560592065126,2305.9356515066966,2378.7148274739584,20.547354197161848,2296.038330078125,2308.0380859375,2303.82470703125,45.820156931725535,-21.714184284035127,-16.22009476325755,2298.888916015625
2024-02-05,2298.888916015625,2334.6767578125,2270.06787109375,2289.20556640625,7277068110,0.0040806224708709316,2303.339181082589,2380.6236328125,20.049034332214408,2289.546142578125,2296.038330078125,2308.0380859375,46.82633192822931,-20.90125862215382,-17.156327535036805,2372.201904296875
2024-02-06,2372.201904296875,2389.826171875,2296.78857421875,2298.955078125,9520885493,0.03189061801573012,2307.2975027901784,2385.601497395833,29.86215172656504,2298.888916015625,2289.546142578125,2296.038330078125,54.0392740293598,-14.177830521353826,-16.56062813230021,2423.7451171875
2024-02-07,2423.7451171875,2442.63623046875,2353.7060546875,2372.2626953125,9660628536,0.021728004179265792,2327.4690290178573,2388.625244140625,50.74378090983221,2372.201904296875,2298.888916015625,2289.546142578125,58.32001212443655,-4.636907413824247,-14.175883988605017,2419.906494140625
2024-02-08,2419.906494140625,2459.556640625,2414.74951171875,2424.080078125,9941841732,-0.0015837568973957605,2344.0521414620534,2391.127888997396,59.87517776439861,2423.7451171875,2372.201904296875,2298.888916015625,57.88759197242509,2.5848020987496056,-10.823746771134093,2487.515625
2024-02-09,2487.515625,2522.724609375,2419.36279296875,2419.773681640625,13634203177,0.02793873689875137,2369.6917898995534,2387.974959309896,77.66728116720996,2419.906494140625,2423.7451171875,2372.201904296875,63.07995565232745,13.606701163209436,-5.937657184265387,2501.228271484375
2024-02-10,2501.228271484375,2516.7197265625,2475.857666015625,2487.650390625,6474444159,0.005512587075457986,2399.004638671875,2384.028597005208,83.72131499350002,2487.515625,2419.906494140625,2423.7451171875,64.04818112764073,23.180916375848028,-0.11394247224270337,2507.570556640625
2024-02-11,2507.570556640625,2537.67919921875,2495.21435546875,2501.1298828125,7347245813,0.002535668266889557,2430.1509835379466,2383.465608723958,76.45290935506799,2501.228271484375,2487.515625,2419.906494140625,64.51174344302171,30.923849430967948,6.0936159083994275,2658.115966796875
2024-02-12,2658.115966796875,2663.8427734375,2473.81201171875,2507.578857421875,13022696866,0.060036360595147054,2481.4691336495534,2386.1828776041666,92.53262451607378,2507.570556640625,2501.228271484375,2487.515625,73.30917188422546,48.64716190050922,14.604325106821387,2642.185302734375
2024-02-13,2642.185302734375,2686.455078125,2599.16943359375,2659.586181640625,18271237044,-0.005993216346274366,2520.0381905691966,2391.8476806640624,95.61299958007324,2658.115966796875,2507.570556640625,2501.228271484375,71.29506915890308,60.70774220755129,23.82500852696737,2777.90234375
2024-02-14,2777.90234375,2786.8935546875,2621.025390625,2641.685302734375,21448973822,0.05136545149773286,2570.632080078125,2400.7322998046875,125.26934185789887,2642.185302734375,2658.115966796875,2507.570556640625,77.07388607911106,80.29151931309025,35.11831068419195,2824.37890625
2024-02-15,2824.37890625,2865.845458984375,2764.010498046875,2777.601318359375,23734481937,0.016730812227639058,2628.4138532366073,2408.621891276042,136.9017679626528,2777.90234375,2642.185302734375,2658.115966796875,78.65839201148789,98.42746340645408,47.780141228644375,2803.69140625
2024-02-16,2803.69140625,2858.450439453125,2760.3310546875,2825.480712890625,17057114638,-0.007324619212465078,2673.5818219866073,2417.7992919921876,134.80940650349314,2824.37890625,2777.90234375,2642.185302734375,76.13600229019227,109.86457101913038,60.19702718674158,2786.672607421875
2024-02-17,2786.672607421875,2805.128662109375,2724.386962890625,2803.73583984375,17932379943,-0.006070139812886177,2714.3595842633927,2428.4544189453127,115.81987062998107,2803.69140625,2824.37890625,2777.90234375,74.03272545436367,116.21562498557478,71.40074674650822,2878.998046875
2024-02-18,2878.998046875,2892.843505859375,2767.9130859375,2786.709716796875,23355830478,0.03313106792926823,2767.420654296875,2441.437736002604,86.71912125816917,2786.672607421875,2803.69140625,2824.37890625,77.64125992895917,127.23211970214788,82.56702133763616,2943.57470703125
2024-02-19,2943.57470703125,2983.37060546875,2860.263671875,2881.296875,15163110589,0.022430254937596983,2808.2004743303573,2457.237255859375,93.59755648721769,2878.998046875,2786.672607421875,2803.69140625,79.75989488055544,139.56475233070705,93.96656753625034,3013.503662109375
2024-02-20,3013.503662109375,3031.5244140625,2879.9033203125,2944.1064453125,20341598470,0.02375647368863687,2861.2459542410716,2475.890275065104,88.93313651441454,2943.57470703125,2878.998046875,2786.672607421875,81.77393393550882,153.21496801651438,105.81624763230315,2970.35546875
2024-02-21,2970.35546875,3017.1904296875,2875.41845703125,3015.6533203125,18897136867,-0.014318281375232278,2888.7392578125,2497.874576822917,88.62107836132324,3013.503662109375,2943.57470703125,2878.998046875,76.70223567187156,158.7215208013249,116.39730226610752,2971.00732421875
2024-02-22,2971.00732421875,3030.666015625,2907.109375,2969.599853515625,18058908246,0.0002194536901753974,2909.6861746651784,2522.2186197916667,88.20103910677382,2970.35546875,3013.503662109375,2943.57470703125,76.72572054086007,161.278979165264,125.37363764593881,2921.658203125
2024-02-23,2921.658203125,2991.32958984375,2906.583740234375,2970.1396484375,12822717059,-0.01661023205546175,2926.53857421875,2545.155167643229,74.82975648781286,2971.00732421875,2970.35546875,3013.503662109375,70.89896768092098,157.50806675158037,131.80052346706714,2992.385986328125
2024-02-24,2992.385986328125,3003.195068359375,2907.70068359375,2921.962890625,10701688842,0.02420809632265497,2955.926199776786,2570.9776936848957,45.32276837318587,2921.658203125,2971.00732421875,2970.35546875,73.95215046146583,158.40078683396814,137.12057614044735,3112.697265625
2024-02-25,3112.697265625,3117.428955078125,2984.39306640625,2992.36669921875,14620450464,0.04020580227502868,2989.3118024553573,2599.1609456380206,62.158342310698764,2992.385986328125,2921.658203125,2971.00732421875,78.1513782765158,166.89255519759627,143.07497195187716,3178.99365234375
2024-02-26,3178.99365234375,3197.375,3037.95458984375,3112.529052734375,17504464351,0.021298694046122835,3022.9430803571427,2629.531201171875,90.50952014289771,3112.697265625,2992.385986328125,2921.658203125,80.05908191942328,176.9323412583717,149.84644581317608,3244.519287109375
2024-02-27,3244.519287109375,3287.9580078125,3167.83056640625,3178.405029296875,21090315368,0.0206120684504405,3055.9453125,2662.441552734375,122.83777982632402,3178.99365234375,3112.697265625,2992.385986328125,81.7547567801647,188.0090636946038,157.47896938946164,3385.703857421875
2024-02-28,3385.703857421875,3485.450927734375,3201.575927734375,3243.893310546875,32885894265,0.04351478842287437,3115.2807965959823,2698.0628743489583,166.98547831147798,3244.519287109375,3178.99365234375,3112.697265625,84.76152309642765,205.80744085681272,167.14466368293188,3341.919677734375
2024-02-29,3341.919677734375,3518.96923828125,3303.9052734375,3386.802734375,28469171094,-0.012932076026531347,3168.2682756696427,2731.310408528646,172.3376225336427,3385.703857421875,3244.519287109375,3178.99365234375,80.3397624815193,213.91389933239725,176.49851081282495,3435.053955078125
2024-03-01,3435.053955078125,3452.626220703125,3341.85107421875,3341.9658203125,16880101987,0.02786849665007196,3241.610525948661,2769.727392578125,158.59067226055913,3341.919677734375,3385.703857421875,3244.519287109375,82.43840059717533,225.2568630049932,186.2501812512586,3422.0498046875
2024-03-02,3422.0498046875,3459.747314453125,3398.89892578125,3436.1591796875,12024340617,-0.003785719397915277,3302.9910714285716,2807.0015625,125.8163149113198,3435.053955078125,3341.919677734375,3385.703857421875,81.13607402129017,230.53940245515378,195.10802549203763,3490.99365234375
2024-03-03,3490.99365234375,3491.16845703125,3372.214111328125,3422.875244140625,13643324467,0.020146944548209422,3357.0334123883927,2846.433414713542,110.80590099796777,3422.0498046875,3435.053955078125,3341.919677734375,82.69676153510092,237.55070864702975,203.59656212303605,3630.433837890625
2024-03-04,3630.433837890625,3641.459228515625,3446.017578125,3489.340087890625,26772963830,0.039942835603055116,3421.5248674665177,2890.913264973958,120.83272751840659,3490.99365234375,3422.0498046875,3435.053955078125,85.33875552921107,251.46020028090516,213.16928975460988,3554.964599609375
2024-03-05,3554.964599609375,3828.15966796875,3224.119384765625,3631.928955078125,47706899137,-0.02078793930730316,3465.874197823661,2933.0938802083333,100.25836054259035,3630.433837890625,3490.99365234375,3422.0498046875,78.36460849593665,253.47196873195116,221.22982555007815,3819.226318359375
2024-03-06,3819.226318359375,3901.434326171875,3502.802490234375,3554.06787109375,34938642613,0.07433596350833915,3527.805977957589,2983.771793619792,159.10795759754865,3554.964599609375,3630.433837890625,3490.99365234375,83.46136089740531,273.24027805989954,231.63191605204244,3874.34765625
2024-03-07,3874.34765625,3939.593994140625,3738.685302734375,3818.31103515625,22457177587,0.01443259270225794,3603.867117745536,3033.8433186848956,181.16861037320132,3819.226318359375,3554.964599609375,3630.433837890625,84.29255872722044,290.01156413934086,243.30784566950214,3892.06103515625
2024-03-08,3892.06103515625,3998.826416015625,3828.36328125,3874.830810546875,26135487051,0.0045719642318817755,3669.1538434709823,3082.7871826171877,192.20377491890306,3874.34765625,3819.226318359375,3554.964599609375,84.56108558869673,301.2595186255626,254.89818026071424,3915.4189453125
2024-03-09,3915.4189453125,3950.396484375,3880.658935546875,3892.119140625,11926623780,0.006001424424042279,3739.6351492745534,3132.63759765625,176.28884427076488,3892.06103515625,3874.34765625,3819.226318359375,84.92701623022168,308.5021707440351,265.6189783573784,3881.193115234375
2024-03-10,3881.193115234375,3968.7236328125,3800.564453125,3915.590576171875,15783924355,-0.00874129449649308,3795.3779296875,3179.093513997396,143.13851126296353,3915.4189453125,3892.06103515625,3874.34765625,81.86515301719045,307.93065338624683,274.0813133631521,4066.445068359375
2024-03-11,4066.445068359375,4087.050048828125,3745.125244140625,3881.23779296875,28806262507,0.047730671374699885,3857.6652483258927,3231.2674072265627,153.86393894520702,3881.193115234375,3915.4189453125,3892.06103515625,85.0144049251843,318.75163572403335,283.01537783532837,3980.273193359375
2024-03-12,3980.273193359375,4092.2841796875,3831.889892578125,4066.6904296875,26917010932,-0.021190960052674845,3918.4236188616073,3280.3574951171877,81.24924468085526,4066.445068359375,3881.193115234375,3915.4189453125,78.21067637557772,316.72300637929084,289.75690354412086,4006.45703125
2024-03-13,4006.45703125,4083.00732421875,3936.627197265625,3980.26513671875,22028114691,0.006578402189656218,3945.1708635602677,3325.302197265625,73.60990665243729,3980.273193359375,4066.445068359375,3881.193115234375,78.76673887025761,313.6129846289091,294.52811976107853,3883.140380859375
2024-03-14,3883.140380859375,4011.102783203125,3721.78857421875,4005.7451171875,25434810823,-0.030779476587110888,3946.4269670758927,3366.6673665364583,72.26262249875116,4006.45703125,3980.273193359375,4066.445068359375,69.73992605961679,297.765195082447,295.1755348253522,3735.22021484375
2024-03-15,3735.22021484375,3928.775634765625,3571.774658203125,3882.85693359375,33505075433,-0.03809292261097419,3924.0211356026784,3398.5779622395835,107.60251569960049,3883.140380859375,4006.45703125,3980.273193359375,60.74689658812124,270.1556009113806,290.1715480425579,3522.860107421875
2024-03-16,3522.860107421875,3780.89453125,3468.079345703125,3736.10498046875,20199855932,-0.05685343706857138,3867.9413016183034,3421.8606689453127,186.3291651462444,3735.22021484375,3883.140380859375,4006.45703125,50.649102269391456,228.5050487504086,277.8382481841281,3642.4130859375
2024-03-17,3642.4130859375,3676.263427734375,3414.17236328125,3523.02978515625,19938757095,0.03393634003909307,3833.8298688616073,3449.8180582682294,204.47232220833945,3522.860107421875,3735.22021484375,3883.140380859375,55.16734001151848,202.80579336342407,262.8317572199873,3517.985107421875
2024-03-18,3517.985107421875,3642.4970703125,3456.09130859375,3642.298828125,21162220224,-0.0341608641249429,3755.478445870536,3474.1951416015627,205.55982389322222,3642.4130859375,3522.860107421875,3735.22021484375,50.0331257804364,170.43399335398863,244.35220444678757,3157.6181640625
2024-03-19,3157.6181640625,3546.582275390625,3149.286865234375,3518.34765625,34166976701,-0.10243560798455653,3637.956298828125,3483.4824788411456,278.0147178181024,3517.985107421875,3642.4130859375,3522.860107421875,38.77722507457097,114.38198369565998,218.35816029656206,3513.39306640625
2024-03-20,3513.39306640625,3534.826416015625,3059.65478515625,3158.396728515625,36605316331,0.11267192037115104,3567.5185895647323,3502.476424153646,226.84282841241935,3157.6181640625,3517.985107421875,3642.4130859375,50.59440387305296,97.5439970141847,194.1953276400866,3492.9912109375
2024-03-21,3492.9912109375,3586.905029296875,3412.22265625,3514.017578125,22213647922,-0.0058068810073729216,3511.7829938616073,3518.4593424479167,179.32188537153277,3513.39306640625,3157.6181640625,3517.985107421875,49.99841781579768,81.6127312632234,171.67880836471397,3333.68798828125
2024-03-22,3333.68798828125,3541.898193359375,3254.96923828125,3492.89794921875,20574952329,-0.04560653406668436,3454.4212472098216,3530.5704264322917,159.00685565882705,3492.9912109375,3513.39306640625,3157.6181640625,45.49221931194532,55.492961346009,148.44163896097297,3336.593994140625
2024-03-23,3336.593994140625,3433.758056640625,3273.115478515625,3335.592529296875,13242137554,0.0008717090110383907,3427.8118024553573,3542.7566487630206,161.21519107844748,3333.68798828125,3492.9912109375,3513.39306640625,45.58855803829198,34.628173857246566,125.67894594022769,3454.636474609375
2024-03-24,3454.636474609375,3470.344482421875,3301.27734375,3336.666015625,12156660941,0.035378137308897495,3400.986572265625,3560.5225911458333,132.64660339138163,3336.593994140625,3333.68798828125,3492.9912109375,49.49351348367281,27.30298923698001,106.00375459957816,3590.8837890625
2024-03-25,3590.8837890625,3657.118896484375,3421.79052734375,3454.8857421875,18603921705,0.039438972943898865,3411.4006696428573,3580.472517903646,145.59295432634397,3454.636474609375,3336.593994140625,3333.68798828125,53.630049300310084,32.12147093830799,91.22729786732414,3587.5048828125
2024-03-26,3587.5048828125,3678.789794921875,3545.4287109375,3591.085205078125,18505553577,-0.0009409678643157449,3472.813058035714,3596.2994384765625,105.98004035154426,3590.8837890625,3454.636474609375,3336.593994140625,53.51299650852627,35.26103563663264,80.03404542118584,3500.115234375
2024-03-27,3500.115234375,3664.383056640625,3460.3935546875,3587.313720703125,18753082145,-0.024359450730277232,3470.9162248883927,3607.0034912109377,105.24899020820173,3587.5048828125,3590.8837890625,3454.636474609375,50.44629578550097,30.34771937806545,70.09678021256177,3561.2939453125
2024-03-28,3561.2939453125,3609.705322265625,3465.332275390625,3500.216064453125,16419674157,0.017479056214108946,3480.673758370536,3617.562646484375,110.66349952406863,3500.115234375,3587.5048828125,3590.8837890625,52.49860820387241,31.03276512630373,62.283977195310165,3511.80615234375
2024-03-29,3511.80615234375,3583.701416015625,3475.7255859375,3561.01171875,12712701619,-0.013896014686989755,3506.119210379464,3621.7660563151044,89.73161177615064,3561.2939453125,3500.115234375,3587.5048828125,50.6704874531958,27.26808796714522,55.28079934967718,3507.9443359375
2024-03-30,3507.9443359375,3566.08447265625,3489.902099609375,3511.82763671875,9389066783,-0.0010996667352133338,3530.597830636161,3627.3002115885415,50.630499876478815,3511.80615234375,3561.2939453125,3500.115234375,50.52263745509124,23.699742012694514,48.96458788228065,3647.8564453125
2024-03-31,3647.8564453125,3655.218994140625,3507.24267578125,3507.95166015625,10499881424,0.03988435846648297,3558.20068359375,3634.3936279296877,54.812890474553384,3507.9443359375,3511.80615234375,3561.2939453125,55.57967666411324,31.795026790402062,45.53067566390493,3505.030029296875
2024-04-01,3505.030029296875,3648.129150390625,3418.6953125,3647.819580078125,16002098681,-0.03915351882861429,3545.935860770089,3637.159635416667,55.875859003176906,3647.8564453125,3507.9443359375,3511.80615234375,49.96536216302787,26.381589634477223,41.70085845801939,3277.234619140625
2024-04-02,3277.234619140625,3506.962890625,3215.985107421875,3504.818359375,22076539151,-0.0649910010049034,3501.6115373883927,3630.0343343098957,112.14018300992119,3505.030029296875,3647.8564453125,3507.9443359375,42.57803330476874,3.667934190624692,34.09427360454045,3311.44189453125
2024-04-03,3311.44189453125,3368.111572265625,3205.649169921875,3277.32421875,16010734587,0.010437847565395009,3474.658203125,3619.40126953125,133.2475155611392,3277.234619140625,3505.030029296875,3647.8564453125,43.918922648330316,-11.44067912243645,24.987283059145067,3330.04052734375
2024-04-04,3330.04052734375,3443.20751953125,3253.3193359375,3311.495361328125,14476330517,0.00561647566373269,3441.622000558036,3611.903800455729,136.8077653637685,3311.44189453125,3277.234619140625,3505.030029296875,44.675373277620615,-21.663882045092123,15.65705003829763,3318.88525390625
2024-04-05,3318.88525390625,3345.66650390625,3214.244140625,3330.005859375,15214447092,-0.0033498911937862585,3414.0618722098216,3595.225764973958,139.71384867993592,3330.04052734375,3311.44189453125,3277.234619140625,44.28949630313442,-30.316511480419194,6.462337734554265,3354.183837890625
2024-04-06,3354.183837890625,3397.592529296875,3308.9833984375,3318.86474609375,8956926798,0.010635674717235144,3392.0960867745534,3577.886971028646,134.482804952649,3318.88525390625,3330.04052734375,3311.44189453125,45.88236946623045,-33.934308338627034,-1.6169914800819951,3453.49462890625
2024-04-07,3453.49462890625,3458.50830078125,3346.11474609375,3354.2138671875,9931108526,0.02960803456678729,3364.3301130022323,3563.2680908203124,83.1399661688589,3354.183837890625,3318.88525390625,3330.04052734375,50.19681570929678,-28.459820458897866,-6.98555727584517,3695.292724609375
2024-04-08,3695.292724609375,3727.616455078125,3409.51171875,3453.498779296875,19055143129,0.07001548335394525,3391.510498046875,3555.9305501302083,144.9378570086914,3453.49462890625,3354.183837890625,3318.88525390625,58.80762941262217,-4.557626360753602,-6.499971092826857,3505.163330078125
2024-04-09,3505.163330078125,3724.92236328125,3455.107666015625,3695.341796875,18279773833,-0.051451781685670994,3424.0717424665177,3543.3962239583334,140.52179049734048,3695.292724609375,3453.49462890625,3354.183837890625,51.297244563001605,-0.9459145785381224,-5.38915978996911,3543.737060546875
2024-04-10,3543.737060546875,3561.516357421875,3415.180419921875,3505.156005859375,16872482726,0.011004831112360725,3457.256766183036,3525.972623697917,136.87209767964836,3505.163330078125,3695.292724609375,3453.49462890625,52.61932187014906,4.971660497098583,-3.3169957325555717,3505.247802734375
2024-04-11,3505.247802734375,3616.1943359375,3477.171142578125,3543.4521484375,14076734489,-0.010861205883757163,3482.286376953125,3510.1384440104166,125.25815009884417,3543.737060546875,3505.163330078125,3695.292724609375,51.12792220836449,6.480912021490894,-1.3574141817462788,3243.034912109375
2024-04-12,3243.034912109375,3552.589111328125,3103.43017578125,3505.329833984375,22104869556,-0.07480580700184813,3471.450613839286,3484.6910400390625,143.676178191441,3505.247802734375,3543.737060546875,3505.163330078125,42.326374480746615,-13.327750133432346,-3.751481372083493,3004.900390625
2024-04-13,3004.900390625,3299.663818359375,2862.3935546875,3242.94091796875,29930408174,-0.07342952756850973,3421.552978515625,3455.4163736979167,227.4299383113564,3243.034912109375,3505.247802734375,3543.737060546875,36.22698821365669,-47.69196008680183,-12.53957711502716,3156.94189453125
2024-04-14,3156.94189453125,3174.66650390625,2914.4228515625,3005.547607421875,25486284994,0.050597851556279494,3379.188302176339,3436.1404296875,247.24537648869648,3004.900390625,3243.034912109375,3505.247802734375,41.976168803353154,-61.943321304620895,-22.42032595294591,3101.600341796875
2024-04-15,3101.600341796875,3277.5615234375,3026.538818359375,3156.830078125,21925843181,-0.01753011445356112,3294.3751046316966,3422.0984375,221.19440080763792,3156.94189453125,3004.900390625,3243.034912109375,40.543441617757026,-76.81772166429118,-33.299805095214964,3084.920166015625
2024-04-16,3084.920166015625,3127.160888671875,2997.754638671875,3101.140625,19441391169,-0.005377925568445963,3234.3403669084823,3403.515340169271,211.25509259393726,3101.600341796875,3156.94189453125,3004.900390625,40.09918873305566,-88.92665082134818,-44.425174240441606,2984.7275390625
2024-04-17,2984.7275390625,3123.669677734375,2918.5537109375,3084.923583984375,17711869375,-0.03247819118850337,3154.481863839286,3385.740087890625,177.8158556320563,3084.920166015625,3101.600341796875,3156.94189453125,37.4450484970831,-105.39286868343606,-56.6187131290405,3066.027587890625
2024-04-18,3066.027587890625,3094.842041015625,2956.12744140625,2984.705322265625,15183777035,0.027238683519387852,3091.7361188616073,3382.6870686848956,88.44874838004533,2984.7275390625,3084.920166015625,3101.600341796875,40.865392028900246,-110.607219310652,-67.41641436536281,3059.278564453125
2024-04-19,3059.278564453125,3127.114990234375,2868.7958984375,3065.953125,20399982867,-0.0022012272375354636,3065.4852120535716,3367.5499186197917,58.13416061464713,3066.027587890625,2984.7275390625,3084.920166015625,40.66660831415625,-113.97043925792286,-76.72721934387482,3157.627197265625
2024-04-20,3157.627197265625,3170.6728515625,3021.784912109375,3059.47802734375,9918642130,0.032147655318233825,3087.3033272879466,3356.3711181640624,60.228588957462584,3059.278564453125,3066.027587890625,2984.7275390625,44.874726817614,-107.46115723432604,-82.87400692196506,3147.28857421875
2024-04-21,3147.28857421875,3197.50634765625,3119.552001953125,3157.571044921875,9394387894,-0.0032741746890918577,3085.9242815290177,3350.1578043619793,58.45266603280335,3157.627197265625,3059.278564453125,3066.027587890625,44.517292222517604,-101.96139729098195,-86.69148499576843,3201.652099609375
2024-04-22,3201.652099609375,3236.6591796875,3131.367431640625,3147.66357421875,12063858733,0.017273130222613897,3100.2173897879466,3345.6597412109377,73.27735371434571,3147.28857421875,3157.627197265625,3059.278564453125,46.911832233123306,-92.15382383080805,-87.78395276277637,3219.91162109375
2024-04-23,3219.91162109375,3264.41943359375,3154.58984375,3201.588623046875,11054442653,0.0057031560320381924,3119.501883370536,3337.8355794270833,85.34917057579153,3201.652099609375,3147.28857421875,3157.627197265625,47.727853074465855,-81.96304149908838,-86.61977051003878,3139.80517578125
2024-04-24,3139.80517578125,3292.921630859375,3105.982177734375,3219.95703125,14000234760,-0.024878460883124842,3141.655831473214,3322.799625651042,61.263642550258936,3219.91162109375,3201.652099609375,3147.28857421875,44.4964465613055,-79.43501631826439,-85.18281967168392,3156.509521484375
2024-04-25,3156.509521484375,3190.976318359375,3074.8046875,3139.624267578125,13989030260,0.005320185415315981,3154.5818219866073,3308.433113606771,51.39850136506911,3139.80517578125,3219.91162109375,3201.652099609375,45.32770052546664,-75.21658705989648,-83.18957314932643,3130.164794921875
2024-04-26,3130.164794921875,3166.188720703125,3103.10400390625,3156.384033203125,10622333862,-0.008346157799679732,3164.708426339286,3296.1014322916667,33.282826301331035,3156.509521484375,3139.80517578125,3219.91162109375,44.203311353020666,-73.15595443727307,-81.18284940691578,3252.168212890625
2024-04-27,3252.168212890625,3279.451171875,3071.340087890625,3129.72705078125,11820785577,0.03897667565831631,3178.214285714286,3285.7972412109375,46.49138263492038,3130.164794921875,3156.509521484375,3139.80517578125,50.34614714032993,-60.9753461976843,-77.1413487650695,3262.774658203125
2024-04-28,3262.774658203125,3351.176513671875,3249.149169921875,3252.24560546875,11379192678,0.0032613458524253236,3194.7122977120534,3277.49619140625,53.63061644346615,3252.168212890625,3130.164794921875,3156.509521484375,50.85272068327944,-49.8911606722495,-71.6913111465055,3215.428955078125
2024-04-29,3215.428955078125,3285.46875,3116.199951171875,3262.3408203125,15032246816,-0.01451087129353712,3196.680419921875,3267.7456787109377,54.177736244477146,3262.774658203125,3252.168212890625,3130.164794921875,48.475303043865665,-44.41527470449,-66.23610385810241,3012.286865234375
2024-04-30,3012.286865234375,3249.37841796875,2918.228759765625,3215.381103515625,18266894653,-0.06317729070733402,3167.0197405133927,3246.560026041667,86.52009940764215,3215.428955078125,3262.774658203125,3252.168212890625,39.86388068110433,-55.823960675068975,-64.15367522149573,2969.78466796875
2024-05-01,2969.78466796875,3020.17333984375,2815.92333984375,3011.015625,20005057445,-0.014109611457047588,3142.7310965401784,3228.718513997396,114.7067560744759,3012.286865234375,3215.428955078125,3262.774658203125,38.329668009398524,-67.51670803303614,-64.82628178380381,2988.16845703125
2024-05-02,2988.16845703125,3015.05029296875,2894.329833984375,2969.79443359375,13163903903,0.0061902767768931,3118.682373046875,3219.082975260417,128.1907538015106,2969.78466796875,3012.286865234375,3215.428955078125,39.41577811492139,-74.44175816853158,-66.74937706074937,3103.5419921875
2024-05-03,3103.5419921875,3127.1552734375,2960.18212890625,2988.134521484375,12862183229,0.03861011747338838,3114.8791155133927,3212.152978515625,128.1882391294058,2988.16845703125,2969.78466796875,3012.286865234375,45.860015770086754,-69.81544127454845,-67.36258990350919,3117.576416015625
2024-05-04,3117.576416015625,3167.541259765625,3096.267578125,3103.61962890625,8283229638,0.004522066678476877,3095.6517159598216,3205.070841471354,113.40522976093345,3103.5419921875,2988.16845703125,2969.78466796875,46.60405082213463,-64.27566127987347,-66.74520417878205,3137.2490234375
2024-05-05,3137.2490234375,3170.05517578125,3075.586181640625,3117.636962890625,8783447639,0.006310224609351378,3077.719482421875,3199.0163004557294,90.10529025395543,3117.576416015625,3103.5419921875,2988.16845703125,47.689271500256055,-57.63356683124812,-64.92287670927527,3062.728759765625
2024-05-06,3062.728759765625,3220.15234375,3048.238525390625,3137.51025390625,13008587255,-0.02375337855399917,3055.9051688058034,3189.301131184896,66.63776825395621,3137.2490234375,3117.576416015625,3103.5419921875,44.03807491912318,-57.71749031305853,-63.48179943003193,3006.5771484375
2024-05-07,3006.5771484375,3129.081298828125,3003.013671875,3062.7509765625,11743187337,-0.01833385054066039,3055.0894949776784,3174.4038818359377,67.29238796433697,3062.728759765625,3137.2490234375,3117.576416015625,41.462118338172,-61.60482396956331,-63.10640433793821,2973.6572265625
2024-05-08,2973.6572265625,3037.196044921875,2938.47265625,3006.315673828125,11791662158,-0.010949302229649516,3055.6427176339284,3150.349365234375,66.48527569911481,3006.5771484375,3062.728759765625,3137.2490234375,39.98541559128346,-66.57449710962192,-63.80002289227495,3036.0205078125
2024-05-09,3036.0205078125,3057.958251953125,2951.223876953125,2973.9716796875,10861947179,0.0209719132026831,3062.4787248883927,3134.7112711588543,60.59000139852649,2973.6572265625,3006.5771484375,3062.728759765625,44.05070142998563,-64.7345832921792,-63.9869349722558,2909.791259765625
2024-05-10,2909.791259765625,3052.7294921875,2881.000732421875,3036.231201171875,12278653601,-0.041577205332458456,3034.800048828125,3113.5797444661457,79.88679067074914,3036.0205078125,2973.6572265625,3006.5771484375,38.383205166666954,-72.62490896838153,-65.71452977148095,2911.60205078125
2024-05-11,2911.60205078125,2942.1787109375,2888.083251953125,2909.845458984375,6795916454,0.0006223095933592937,3005.3751395089284,3093.791552734375,82.21560950830033,2909.791259765625,3036.0205078125,2973.6572265625,38.50543245737448,-77.8347032038364,-68.13856445795204,2928.701904296875
2024-05-12,2928.701904296875,2953.04736328125,2902.201904296875,2911.658203125,5908941395,0.005873005038939505,2975.582693917411,3083.313785807292,61.68653785624202,2911.60205078125,2909.791259765625,3036.0205078125,39.721452142739906,-79.66535478075184,-70.44392252251201,2949.359619140625
2024-05-13,2949.359619140625,2994.869140625,2865.134521484375,2928.81396484375,13352264795,0.007053539594945368,2959.3871023995534,3081.4624267578124,48.45703643739616,2928.701904296875,2911.60205078125,2909.791259765625,41.233305567576096,-78.54384979187307,-72.06390797638423,2881.157958984375
2024-05-14,2881.157958984375,2959.546630859375,2863.5458984375,2949.213134765625,12444516140,-0.023124226599441355,2941.4700753348216,3072.26962890625,51.20915560117177,2949.359619140625,2928.701904296875,2911.60205078125,37.8573660838767,-82.2106794592969,-74.09326227296677,3037.056640625
2024-05-15,3037.056640625,3041.602294921875,2864.7353515625,2881.224609375,14666902956,0.05410973083044013,2950.5271344866073,3070.118172200521,62.263997383156486,2881.157958984375,2949.359619140625,2928.701904296875,48.28119274236471,-71.71031579766395,-73.6166729779062,2945.131103515625
2024-05-16,2945.131103515625,3041.80712890625,2925.08740234375,3036.01416015625,13035465176,-0.030267969283067964,2937.5429338727677,3065.458536783854,49.66673304690255,3037.056640625,2881.157958984375,2949.359619140625,43.633513712635725,-69.99941485442469,-72.89322135320991,3094.11865234375
2024-05-17,3094.11865234375,3120.3017578125,2934.112548828125,2945.136962890625,14449438097,0.050587747570991715,2963.875418526786,3069.1049072265623,74.93631539724485,2945.131103515625,3037.056640625,2881.157958984375,51.74177865310218,-55.976204637911906,-69.50981801015031,3122.948974609375
2024-05-18,3122.948974609375,3146.79052734375,3087.704345703125,3094.553466796875,9407051320,0.009317781735288744,2994.0678362165177,3071.0022867838543,91.18070415347044,3094.11865234375,2945.131103515625,3037.056640625,53.146321104359956,-42.05159879309622,-64.0181741667395,3071.843017578125
2024-05-19,3071.843017578125,3137.1484375,3056.75439453125,3122.82470703125,8747800800,-0.0163646468279689,3014.5165666852677,3071.421101888021,90.12282784729598,3122.948974609375,3094.11865234375,2945.131103515625,50.348885290310605,-34.73961530129645,-58.16246239365089,3663.85546875
2024-05-20,3663.85546875,3690.805908203125,3050.2978515625,3071.85888671875,31228143948,0.19272223475749883,3116.58740234375,3088.295377604167,255.99451103240418,3071.843017578125,3122.948974609375,3094.11865234375,70.02912392386698,18.611104226517455,-42.80774906961722,3789.312744140625
2024-05-21,3789.312744140625,3837.372802734375,3628.096435546875,3663.01123046875,37643853967,0.03424187347472718,3246.323800223214,3109.696183268229,334.79117128551803,3663.85546875,3071.843017578125,3122.948974609375,72.51535338480086,70.20599643215883,-20.204999969262015,3737.2177734375
2024-05-22,3737.2177734375,3810.948486328125,3655.0751953125,3789.372802734375,25155809461,-0.013747867811565229,3346.3468191964284,3127.548372395833,365.07138315781793,3789.312744140625,3663.85546875,3071.843017578125,69.92154772655907,105.67355253225924,4.970710531042236,3776.92724609375
2024-05-23,3776.92724609375,3943.553955078125,3552.642578125,3737.178466796875,45623656317,0.010625410415868064,3465.1748395647323,3146.1155598958335,347.6702109159036,3737.2177734375,3789.312744140625,3663.85546875,70.77952875727809,135.42497404728374,31.06156323429054,3726.9345703125
2024-05-24,3726.9345703125,3825.12255859375,3631.990234375,3776.992431640625,22257061429,-0.013236335392203924,3555.5771135602677,3165.6865397135416,315.9311417358442,3776.92724609375,3737.2177734375,3789.312744140625,68.14412263154915,153.20316806029678,55.48988419949179,3749.236572265625
2024-05-25,3749.236572265625,3776.006591796875,3710.5283203125,3726.9755859375,10000027764,0.005984006837891798,3645.0467703683034,3185.4441080729166,255.98764970846955,3726.9345703125,3776.92724609375,3737.2177734375,68.70394675250806,167.16512457318822,77.82493227423109,3825.8974609375
2024-05-26,3825.8974609375,3879.470703125,3732.02294921875,3749.179931640625,14650794791,0.020447066274494885,3752.7688337053573,3208.6351969401044,51.791553975319935,3749.236572265625,3726.9345703125,3776.92724609375,70.61553564231176,182.31436225286052,98.72281826995697,3892.0068359375
2024-05-27,3892.0068359375,3973.556396484375,3821.930419921875,3826.127197265625,18949181813,0.017279442451079374,3785.361886160714,3229.9631510416666,57.93628065740774,3825.8974609375,3749.236572265625,3726.9345703125,72.19290854620498,197.3794488992953,118.45414439582464,3840.25634765625
2024-05-28,3840.25634765625,3924.895751953125,3771.2138671875,3892.096923828125,19846044324,-0.013296607756030476,3792.6395438058034,3249.212540690104,61.59913178094534,3892.0068359375,3825.8974609375,3749.236572265625,69.06736489605348,202.80499693433012,135.32431490352576,3763.196533203125
2024-05-29,3763.196533203125,3880.6484375,3742.041259765625,3840.235107421875,17411416736,-0.020066320442424512,3796.3507952008927,3267.4714599609374,58.40322872234536,3840.25634765625,3892.0068359375,3825.8974609375,64.5835166187305,198.59739270985665,147.97893046479194,3746.849609375
2024-05-30,3746.849609375,3823.643310546875,3702.263671875,3763.357666015625,15065849797,-0.0043438931992773044,3792.0539899553573,3291.956884765625,61.11393477512953,3763.196533203125,3840.25634765625,3892.0068359375,63.63967582527181,191.73359043134633,156.72986245810284,3760.026611328125
2024-05-31,3760.026611328125,3843.857666015625,3723.835205078125,3746.861572265625,15290700646,0.0035168216840502087,3796.781424386161,3318.2982828776044,56.32976101378356,3746.849609375,3763.196533203125,3840.25634765625,64.09518279832218,185.22212623297537,162.42831521307735,3813.198974609375
2024-06-01,3813.198974609375,3829.294677734375,3749.840087890625,3759.88427734375,8661024535,0.014141485892959826,3805.9189104352677,3345.7993001302084,52.38132505690893,3760.026611328125,3746.849609375,3763.196533203125,65.94893637341951,182.25142826257934,166.39293782297776,3780.89599609375
2024-06-02,3780.89599609375,3834.911865234375,3752.41455078125,3813.275634765625,11126903059,-0.00847135927884124,3799.4901297433034,3368.3777669270835,52.28211692663167,3813.198974609375,3760.026611328125,3746.849609375,63.79406742338473,175.27014321030902,168.16837890044403,3766.38916015625
2024-06-03,3766.38916015625,3848.60302734375,3758.919921875,3780.854248046875,14082454300,-0.0038368778068711418,3781.544747488839,3390.0048583984376,33.373129297750964,3780.89599609375,3813.198974609375,3760.026611328125,62.80163975116578,166.64585441126246,167.86387400260773,3812.515869140625
2024-06-04,3812.515869140625,3831.364990234375,3738.13427734375,3766.476318359375,13331489271,0.01224693121792586,3777.5818219866073,3412.5137532552085,26.09220664982883,3766.38916015625,3780.89599609375,3813.198974609375,64.68297889235461,161.66945844026395,166.624990890139,3864.260986328125
2024-06-05,3864.260986328125,3887.48583984375,3778.65576171875,3812.560791015625,15480034434,0.013572433260235606,3792.019601004464,3439.231494140625,40.685817029045424,3812.515869140625,3766.38916015625,3780.89599609375,66.71661115024213,160.05600133332473,165.31119297877618,3811.60595703125
2024-06-06,3811.60595703125,3878.05224609375,3761.775390625,3864.263427734375,13606583873,-0.0136261576231963,3801.2705078125,3466.0657877604167,35.76836708865334,3864.260986328125,3812.515869140625,3766.38916015625,62.75654405801326,152.767495549695,162.80245349295996,3678.629150390625
2024-06-07,3678.629150390625,3838.4521484375,3615.2802734375,3811.666015625,18220286186,-0.03488734358684775,3789.6422991071427,3489.5648518880207,57.83538910034509,3811.60595703125,3864.260986328125,3812.515869140625,54.03377110430174,134.7083512231011,157.18363303898818,3680.949951171875
2024-06-08,3680.949951171875,3707.497314453125,3669.637939453125,3677.400390625,9096091805,0.0006308874002707299,3770.749581473214,3511.0625,69.31829902236592,3678.629150390625,3811.60595703125,3864.260986328125,54.15354108846416,119.2094461723018,149.5887956656509,3705.90380859375
2024-06-09,3705.90380859375,3719.36767578125,3668.12353515625,3680.93603515625,7910768788,0.006779189544245501,3760.0364118303573,3537.5995849609376,73.17647616120766,3680.949951171875,3678.629150390625,3811.60595703125,55.49627510020949,107.69853829239673,141.2107441910001,3666.717529296875
2024-06-10,3666.717529296875,3711.4287109375,3648.16455078125,3705.877197265625,10377300126,-0.010574014146293997,3745.797607421875,3562.7701009114585,81.01196573074276,3705.90380859375,3680.949951171875,3678.629150390625,52.877282084418795,94.32671595491547,131.83393854378318,3498.33056640625
2024-06-11,3498.33056640625,3669.890869140625,3434.7490234375,3666.35888671875,19184721538,-0.04592308012417712,3700.913992745536,3581.7577229817707,116.95046631424007,3666.717529296875,3705.90380859375,3680.949951171875,43.399363321125996,69.34269040629852,119.33568891628624,3559.61767578125
2024-06-12,3559.61767578125,3652.4921875,3463.784912109375,3497.89697265625,17142905351,0.01751895888957078,3657.3935198102677,3602.099658203125,101.7256583089548,3498.33056640625,3666.717529296875,3705.90380859375,47.114907934146245,53.86708150317918,106.24196743366483,3469.28125
2024-06-13,3469.28125,3559.725341796875,3431.33349609375,3559.725341796875,14472382154,-0.025378125970065946,3608.489990234375,3621.7037679036457,97.42734145249928,3559.61767578125,3498.33056640625,3666.717529296875,42.66870691273012,33.922122254616625,91.77799839785519,3480.27197265625
2024-06-14,3480.27197265625,3528.602294921875,3366.223876953125,3467.969970703125,15793876596,0.003168011430681794,3580.153250558036,3636.4776123046877,102.3491440371771,3469.28125,3559.61767578125,3498.33056640625,43.368925409328554,18.785905593653297,77.17957983701481,3565.549560546875
2024-06-15,3565.549560546875,3589.887451171875,3473.45263671875,3479.78564453125,12733651076,0.024503138996214258,3563.66748046875,3657.1582275390624,92.19807690520105,3480.27197265625,3469.28125,3559.61767578125,48.61321461779546,13.515732536097858,64.44681037683142,3620.5634765625
2024-06-16,3620.5634765625,3648.093017578125,3541.534423828125,3566.761962890625,9878388158,0.015429295002475696,3551.476004464286,3674.7063883463543,74.1265461142279,3565.549560546875,3480.27197265625,3469.28125,51.719396331788985,13.621228625742333,54.28169402661361,3511.37890625
2024-06-17,3511.37890625,3634.285400390625,3468.14892578125,3622.383544921875,17838856988,-0.03015678941117861,3529.2847726004466,3687.654052734375,54.541241079525854,3620.5634765625,3565.549560546875,3480.27197265625,45.80196880527547,4.838774327734427,44.39311008683777,3483.681396484375
2024-06-18,3483.681396484375,3514.17724609375,3371.59033203125,3510.565185546875,21022514455,-0.007887929643914382,3527.1920340401784,3701.3819986979165,56.183227064473634,3511.37890625,3620.5634765625,3565.549560546875,44.413740207866844,-4.306696620130424,34.653148745444135,3559.347412109375
2024-06-19,3559.347412109375,3583.320068359375,3466.48095703125,3482.350830078125,15275373778,0.021720130807989513,3527.1534249441966,3697.898396809896,56.157317246710036,3483.681396484375,3511.37890625,3620.5634765625,48.96459742568386,-5.386837038028716,26.645151588749567,3511.0869140625
2024-06-20,3511.0869140625,3623.886474609375,3485.4599609375,3559.347412109375,16115123753,-0.013558805157003362,3533.125662667411,3688.624202473958,50.95935710162921,3559.347412109375,3483.681396484375,3511.37890625,46.357703912452905,-10.021552741967753,19.311810722606104,3516.07568359375
2024-06-21,3516.07568359375,3542.957275390625,3447.935546875,3511.268310546875,15933353456,0.0014208618736464285,3538.240478515625,3681.2527994791667,46.359458416014405,3511.0869140625,3559.347412109375,3483.681396484375,46.673763061259,-13.140570009033581,12.821334576278167,3494.8134765625
2024-06-22,3494.8134765625,3519.49755859375,3477.169921875,3516.55126953125,7423703673,-0.006047141456727134,3528.135323660714,3671.8490071614583,47.11778815286799,3516.07568359375,3511.0869140625,3559.347412109375,45.44478358133,-17.13062489587719,6.8309426818470955,3418.61181640625
2024-06-23,3418.61181640625,3519.324951171875,3408.5830078125,3494.953857421875,9418141333,-0.02180421377772701,3499.285086495536,3661.57158203125,42.71338132167002,3494.8134765625,3516.07568359375,3511.0869140625,41.252393015643555,-26.14028039067307,0.2366980673430632,3350.25634765625
2024-06-24,3350.25634765625,3430.698974609375,3244.241455078125,3418.783203125,23137744903,-0.019995095208515723,3476.267578125,3648.2722412109374,69.8823563166951,3418.61181640625,3494.8134765625,3516.07568359375,37.87683987429706,-38.35409026106208,-7.481459598337967,3395.029052734375
2024-06-25,3395.029052734375,3422.21337890625,3335.556884765625,3350.5556640625,13235546063,0.013363963957398806,3463.602957589286,3633.9099609375,76.07370040298875,3350.25634765625,3418.61181640625,3494.8134765625,41.266871055096765,-43.914619067685635,-14.768091492207502,3369.477294921875
2024-06-26,3369.477294921875,3421.509521484375,3328.390625,3394.373291015625,11694054195,-0.007526226555239823,3436.4786551339284,3616.4923095703125,69.84004662252855,3395.029052734375,3350.25634765625,3418.61181640625,39.92775810390587,-49.80902409418286,-21.776278012602575,3444.800537109375
2024-06-27,3444.800537109375,3470.923095703125,3362.2646484375,3368.88623046875,11771834016,0.0223545777563241,3427.0091727120534,3603.31044921875,62.103349897991365,3369.477294921875,3395.029052734375,3350.25634765625,45.53824096442127,-47.85083179976755,-26.99118877003557,3373.635986328125
2024-06-28,3373.635986328125,3482.95751953125,3363.4375,3445.498779296875,12861158844,-0.02065854031739267,3406.66064453125,3590.32509765625,50.26326007727027,3444.800537109375,3369.477294921875,3395.029052734375,41.58641946253295,-51.448271155071325,-31.882605247042726,3372.9677734375
2024-06-29,3372.9677734375,3401.730224609375,3369.552734375,3373.68994140625,6584792001,-0.00019806905467367741,3389.2541155133927,3577.862369791667,32.664325294920246,3373.635986328125,3444.800537109375,3369.477294921875,41.54995855413964,-53.73377742010189,-36.25283968165456,3432.88916015625
2024-06-30,3432.88916015625,3453.21142578125,3352.284423828125,3373.07568359375,8396416013,0.017765182101838528,3391.2937360491073,3566.9577880859374,35.15387849061154,3372.9677734375,3373.635986328125,3444.800537109375,46.11258578932009,-50.13201185052367,-39.02867411542838,3440.341552734375
2024-07-01,3440.341552734375,3513.310791015625,3425.3232421875,3432.607421875,12281551839,0.0021708806286613314,3404.1630510602677,3554.5292073567707,34.100481988497734,3432.88916015625,3372.9677734375,3373.635986328125,46.67015532453072,-46.14431791541347,-40.4518028754254,3416.354736328125
2024-07-02,3416.354736328125,3459.761474609375,3399.026123046875,3439.38134765625,9421757718,-0.0069722194841920215,3407.2095772879466,3542.37783203125,34.10106362209477,3440.341552734375,3432.88916015625,3372.9677734375,45.05427473229803,-44.40767334435486,-41.2429769692113,3292.916748046875
2024-07-03,3292.916748046875,3426.332275390625,3254.521240234375,3416.2548828125,16121324440,-0.03613149037734886,3396.2723563058034,3526.595418294271,54.43507035089021,3416.354736328125,3440.341552734375,3432.88916015625,37.80099877406294,-52.38788907499975,-43.471959390368994,3054.52197265625
2024-07-04,3054.52197265625,3309.20361328125,3054.52197265625,3291.81787109375,20252514386,-0.07239623520151972,3340.5182756696427,3501.328955078125,135.68209114449712,3292.916748046875,3416.354736328125,3440.341552734375,28.318856094165014,-77.06042890566869,-50.18965329342894,2981.5986328125
2024-07-05,2981.5986328125,3106.152587890625,2826.014404296875,3057.833251953125,31131942647,-0.023873895979977133,3284.512939453125,3471.906876627604,189.83682581821878,3054.52197265625,3292.916748046875,3416.354736328125,26.15737302595555,-101.32983133711059,-60.41768890216527,3069.3779296875
2024-07-06,3069.3779296875,3080.107421875,2957.395751953125,2981.988037109375,11586293705,0.029440346500360093,3241.1429617745534,3447.1659423828123,200.63243865553005,2981.5986328125,3054.52197265625,3292.916748046875,32.805789502327514,-112.18722743625085,-70.77159660898239,2929.38720703125
2024-07-07,2929.38720703125,3072.814453125,2923.959228515625,3067.405029296875,10857947538,-0.045608825587177826,3169.214111328125,3422.1912109375,210.44753185418327,3069.3779296875,2981.5986328125,3054.52197265625,28.412302467919588,-130.58259852426636,-82.73379699203919,3018.73193359375
2024-07-08,3018.73193359375,3090.66455078125,2826.481689453125,2929.861572265625,22627377457,0.03049945952793487,3108.9841657366073,3400.1172770182293,177.70305469686386,2929.38720703125,3069.3779296875,2981.5986328125,34.44636728049548,-136.37959086431556,-93.46295576649447,3064.032958984375
2024-07-09,3064.032958984375,3105.800537109375,3005.522216796875,3018.80322265625,15269945822,0.015006640664742665,3058.6524832589284,3378.72158203125,114.95016991945141,3018.73193359375,2929.38720703125,3069.3779296875,37.3307308264379,-135.75345359684752,-101.92105533256509,3102.21875
2024-07-10,3102.21875,3148.407470703125,3026.6083984375,3066.13720703125,14578679176,0.01246259146908213,3031.409912109375,3359.9049560546873,59.307699680437416,3064.032958984375,3018.73193359375,2929.38720703125,39.73773651633058,-130.6696823393586,-107.67078073392379,3100.330810546875
2024-07-11,3100.330810546875,3208.9384765625,3057.21923828125,3101.335205078125,15230095766,-0.0006085771524413364,3037.954031808036,3346.6382975260417,64.57626476836941,3102.21875,3064.032958984375,3018.73193359375,39.65663866624645,-125.34816233799302,-111.20625705473765,3134.15869140625
2024-07-12,3134.15869140625,3154.6015625,3048.508056640625,3099.989990234375,12751638331,0.010911055279745563,3059.7483258928573,3332.456331380208,68.038017042535,3100.330810546875,3102.21875,3064.032958984375,41.94293594093622,-117.051890788734,-112.37538380153693,3177.19873046875
2024-07-13,3177.19873046875,3199.989501953125,3115.080322265625,3134.550537109375,8565105946,0.013732565354943382,3075.151297433036,3322.720247395833,81.46178870939971,3134.15869140625,3100.330810546875,3102.21875,44.8081727441988,-105.78464482590971,-111.0572360064115,3244.0791015625
2024-07-14,3244.0791015625,3266.487548828125,3166.43115234375,3176.741455078125,10517709666,0.021050106325543716,3120.1072823660716,3314.8471516927084,74.11509855922361,3177.19873046875,3134.15869140625,3100.330810546875,49.01861559037929,-90.41632115153516,-106.92905303543624,3489.552734375
2024-07-15,3489.552734375,3494.098388671875,3235.776123046875,3246.131591796875,18305490390,0.0756682020158721,3187.3673967633927,3312.313924153646,145.77597353293672,3244.0791015625,3177.19873046875,3134.15869140625,60.82992958759403,-57.76328407515575,-97.09589924338016,3443.513427734375
2024-07-16,3443.513427734375,3498.218994140625,3351.77978515625,3486.14404296875,20446664416,-0.013193469233778732,3241.5788922991073,3306.412255859375,161.9315743656596,3489.552734375,3244.0791015625,3177.19873046875,58.11066753098828,-35.19480046727131,-84.7156794881584,3388.75244140625
2024-07-17,3388.75244140625,3516.104248046875,3379.099609375,3446.73681640625,16739123962,-0.0159026492788078,3282.512276785714,3302.32470703125,156.97187603501712,3443.513427734375,3489.552734375,3244.0791015625,54.96339418423775,-21.48025751328396,-72.06859509318352,3426.258544921875
2024-07-18,3426.258544921875,3488.715576171875,3374.990478515625,3388.030029296875,15035622003,0.011067820433664055,3329.0733816964284,3300.410611979167,141.50286612192372,3388.75244140625,3443.513427734375,3489.552734375,56.693401894315805,-7.498516086397103,-59.15457929182624,3505.73486328125
2024-07-19,3505.73486328125,3540.58837890625,3377.877685546875,3425.90869140625,17705629736,0.023196240831611536,3382.155691964286,3298.623527018229,124.92116691840471,3426.258544921875,3388.75244140625,3443.513427734375,60.183709168332534,9.881284115317612,-45.34740661039747,3519.29541015625
2024-07-20,3519.29541015625,3539.904296875,3482.489013671875,3505.721435546875,10360198325,0.003868103950767088,3431.0266462053573,3298.8971435546873,94.61601584544981,3505.73486328125,3426.258544921875,3388.75244140625,60.764754628889975,24.467082495688373,-31.384508789180305,3536.60546875
2024-07-21,3536.60546875,3546.619140625,3415.44384765625,3519.426513671875,13845913681,0.0049186148294897425,3472.8161272321427,3299.5814697265623,54.29260381995817,3519.29541015625,3505.73486328125,3426.258544921875,61.53637823418948,36.996734533421204,-17.708260124660004,3440.419921875
2024-07-22,3440.419921875,3560.075439453125,3425.795654296875,3536.627197265625,18723199034,-0.027197137968854812,3465.7971540178573,3297.768351236979,54.940360369696684,3536.60546875,3519.29541015625,3505.73486328125,55.056942510813684,38.7188771537717,-6.422832668973664,3481.995849609375
2024-07-23,3481.995849609375,3539.53173828125,3395.4208984375,3440.768310546875,24468405650,0.012084550339342526,3471.2946428571427,3299.88115234375,54.260077070740685,3440.419921875,3536.60546875,3519.29541015625,57.156865209480586,42.94349165104677,3.450432195030423,3336.33935546875
2024-07-24,3336.33935546875,3487.653076171875,3304.039306640625,3482.15185546875,16040945448,-0.04183132330756956,3463.807059151786,3299.4172526041666,69.12814548340222,3481.995849609375,3440.419921875,3536.60546875,48.59103552304298,34.14466881403541,9.589279518831422,3174.42724609375
2024-07-25,3174.42724609375,3341.4384765625,3088.764404296875,3336.3623046875,25293745810,-0.04852986825503891,3427.8311593191966,3292.063859049479,130.34769572897588,3336.33935546875,3481.995849609375,3440.419921875,41.199608633486285,13.94582545809726,10.46058870668459,3275.951416015625
2024-07-26,3275.951416015625,3285.760986328125,3172.777099609375,3174.051025390625,15993893521,0.031981885880926875,3395.004952566964,3288.946329752604,136.2587496137947,3174.42724609375,3336.33935546875,3481.995849609375,46.67685970426435,6.060388230454009,9.580548611438473,3247.60791015625
2024-07-27,3247.60791015625,3327.426513671875,3195.356689453125,3275.8916015625,15198233287,-0.008651992126869734,3356.192452566964,3282.3732421875,133.6235883915507,3275.951416015625,3174.42724609375,3336.33935546875,45.40524010558581,-2.447745543295696,7.1748897804916405,3271.464599609375
2024-07-28,3271.464599609375,3283.152099609375,3201.76318359375,3247.50732421875,8959236446,0.007345926636807887,3318.315185546875,3278.967529296875,109.33032623504539,3247.60791015625,3275.951416015625,3174.42724609375,46.72092991707353,-7.182670047342981,4.303377814924716,3320.539306640625
2024-07-29,3320.539306640625,3396.625732421875,3257.715576171875,3271.453369140625,18334852719,0.015000836945357587,3301.189383370536,3277.2199137369794,95.53450492497835,3271.464599609375,3247.60791015625,3275.951416015625,49.42117691846792,-6.895723499048017,2.0635575521301694,3278.667724609375
2024-07-30,3278.667724609375,3365.322509765625,3235.760009765625,3320.63525390625,14045773047,-0.012609873928464688,3272.142508370536,3272.07919921875,52.711874114978656,3320.539306640625,3271.464599609375,3247.60791015625,47.22210933531122,-9.93250726570841,-0.3356554114375463,3231.295654296875
2024-07-31,3231.295654296875,3347.636474609375,3216.07177734375,3278.6865234375,16135380637,-0.01444857310697567,3257.1362653459823,3265.1110026041665,45.90237655187107,3278.667724609375,3320.539306640625,3271.464599609375,44.79365642741534,-15.977531412485405,-3.4640306116471185,3201.564453125
2024-08-01,3201.564453125,3241.77734375,3078.5439453125,3231.248779296875,20217639556,-0.009201015429318393,3261.013009207589,3257.9513264973957,38.263144769123365,3231.295654296875,3278.667724609375,3320.539306640625,43.28900238982032,-22.903301063557592,-7.3518847020292135,2986.01318359375
2024-08-02,2986.01318359375,3214.527099609375,2965.73388671875,3201.599365234375,21400241741,-0.06732685619396284,3219.59326171875,3247.7212076822916,109.67906910705362,3201.564453125,3231.295654296875,3278.667724609375,34.29465936288007,-45.26344065519743,-14.934195892662858,2903.3857421875
2024-08-03,2903.3857421875,3015.296142578125,2861.177490234375,2985.950927734375,17844091431,-0.02767149249716494,3170.4186662946427,3242.6833333333334,160.4433327981627,2986.01318359375,3201.564453125,3231.295654296875,31.58548002940907,-68.85760870207832,-25.71887845454595,2686.39892578125
2024-08-04,2686.39892578125,2931.4716796875,2639.566650390625,2903.088623046875,21139601426,-0.07473578631090383,3086.8378557477677,3232.8433430989585,234.38463529057813,2903.3857421875,2986.01318359375,3201.564453125,25.81754966974863,-103.86785553244545,-41.34867387012585,2417.206298828125
2024-08-05,2417.206298828125,2695.88671875,2122.546142578125,2686.027587890625,67668132244,-0.10020575290203382,2957.790283203125,3211.104288736979,318.02360121467876,2686.39892578125,2903.3857421875,2986.01318359375,20.754058479139033,-151.5879125435813,-63.39652160481694,2458.723876953125
2024-08-06,2458.723876953125,2553.5810546875,2416.527099609375,2417.269775390625,26041995921,0.01717585219975959,2840.655447823661,3195.4155110677084,330.8814045861846,2417.206298828125,2686.39892578125,2903.3857421875,23.254080675873112,-183.9359804649148,-87.50441337683651,2336.58935546875
2024-08-07,2336.58935546875,2551.560791015625,2312.168701171875,2458.989013671875,24264218606,-0.049673947786168404,2712.840262276786,3172.677425130208,327.62296072349903,2458.723876953125,2417.206298828125,2686.39892578125,21.14114424409489,-216.92669658477098,-113.38887001842342,2683.352783203125
2024-08-08,2683.352783203125,2721.95458984375,2322.529541015625,2336.9150390625,23468291180,0.14840580649003665,2638.8100237165177,3159.9880859375,247.54651734984725,2336.58935546875,2458.723876953125,2417.206298828125,38.286514478966495,-212.63998481855742,-133.23909297845023,2599.5986328125
2024-08-09,2599.5986328125,2706.451171875,2555.2294921875,2683.719970703125,17907141655,-0.03121250061300085,2583.6079450334823,3143.23408203125,194.6502341909805,2683.352783203125,2336.58935546875,2458.723876953125,36.23719930985908,-213.5394450349513,-149.29916338975045,2610.02294921875
2024-08-10,2610.02294921875,2642.92578125,2580.661865234375,2599.582275390625,9361014219,0.004009971491242048,2541.698974609375,3126.890486653646,137.52433863562035,2599.5986328125,2683.352783203125,2336.58935546875,36.69140391944455,-210.9790829836511,-161.63514730853058,2553.252197265625
2024-08-11,2553.252197265625,2718.797607421875,2544.1748046875,2609.9697265625,13595441987,-0.021751054706288353,2522.6780133928573,3107.5269368489585,122.57003754886907,2610.02294921875,2599.5986328125,2683.352783203125,35.21998913426884,-211.0975022390512,-171.52761829463472,2724.431884765625
2024-08-12,2724.431884765625,2749.135009765625,2513.39404296875,2553.49658203125,21653090666,0.0670437834865365,2566.5673828125,3092.434708658854,133.0644514465882,2553.252197265625,2610.02294921875,2599.5986328125,42.683797198412805,-195.12925163015916,-176.24794496173962,2703.671875
2024-08-13,2703.671875,2737.990478515625,2613.80126953125,2724.303466796875,16383053029,-0.007619940833063277,2601.5599539620534,3074.421134440104,132.18229155541647,2724.431884765625,2553.252197265625,2610.02294921875,42.05101258290003,-182.05088795344,-177.4085335600797,2662.914794921875
2024-08-14,2662.914794921875,2775.281005859375,2636.705322265625,2703.5869140625,15825365408,-0.015074713930707695,2648.1778738839284,3046.8665364583335,62.149462914627144,2703.671875,2724.431884765625,2553.252197265625,40.77302683751305,-172.9809297747388,-176.52301280301154,2570.087646484375
2024-08-15,2570.087646484375,2675.314453125,2518.670654296875,2662.885498046875,16345801912,-0.03485922591835067,2631.997140066964,3017.75234375,66.08508503584659,2662.914794921875,2703.671875,2724.431884765625,37.94453204708059,-171.308559227753,-175.48012208795984,2593.1865234375
2024-08-16,2593.1865234375,2629.383544921875,2553.071533203125,2570.085205078125,13275561555,0.008987583355268836,2631.081124441964,2991.2334798177085,66.65102885381857,2570.087646484375,2662.914794921875,2703.671875,39.07709812779803,-166.20341765504782,-173.62478120137746,2614.546875
2024-08-17,2614.546875,2626.6728515625,2588.78515625,2593.1669921875,6676568717,0.008237105726658145,2631.7273995535716,2964.1764241536457,66.43438974390914,2593.1865234375,2570.087646484375,2662.914794921875,40.164634174627494,-158.60564715116107,-170.6209543913342,2613.357177734375
2024-08-18,2613.357177734375,2684.031005859375,2596.735107421875,2614.109619140625,9207267415,-0.00045503000041835495,2640.3138253348216,2934.4305013020835,57.94277286764412,2614.546875,2593.1865234375,2570.087646484375,40.12167510308492,-150.94041081573096,-166.68484567621357,2637.306396484375
2024-08-19,2637.306396484375,2648.284423828125,2566.401123046875,2612.718505859375,11968963282,0.009164158253623267,2627.8673270089284,2905.030867513021,44.70827482580544,2613.357177734375,2614.546875,2593.1865234375,41.47862912519289,-141.30428614192442,-161.60873376935575,2573.10693359375
2024-08-20,2573.10693359375,2695.913818359375,2556.74755859375,2637.306396484375,13249483464,-0.024342815448445854,2609.2151925223216,2872.9142496744794,33.68984854993695,2637.306396484375,2613.357177734375,2614.546875,38.93166297809009,-137.2656352333006,-156.74011406214473,2631.3955078125
2024-08-21,2631.3955078125,2662.953369140625,2538.65771484375,2573.10888671875,12766015263,0.02265299333570292,2604.7124372209823,2845.946769205729,26.697162218986183,2573.10693359375,2637.306396484375,2613.357177734375,42.39049629036401,-127.88736851270278,-150.96956495225635,2622.951416015625
2024-08-22,2622.951416015625,2644.82373046875,2587.110595703125,2630.8642578125,10723280428,-0.003208978571182075,2612.264404296875,2817.3119547526044,22.401598120788147,2631.3955078125,2573.10693359375,2637.306396484375,42.01920431704825,-119.75592050158366,-144.7268360621218,2764.447021484375
2024-08-23,2764.447021484375,2799.329833984375,2622.5810546875,2622.916015625,16857181970,0.05394518732020126,2636.7301897321427,2798.248876953125,60.022982303162365,2622.951416015625,2631.3955078125,2573.10693359375,49.93281880732737,-100.7329893386518,-135.9280667174278,2769.3896484375
2024-08-24,2769.3896484375,2820.0205078125,2737.776611328125,2765.4814453125,11765811307,0.0017879260896347393,2658.8505859375,2784.747623697917,76.70049919537179,2764.447021484375,2622.951416015625,2631.3955078125,50.188570952428094,-84.28674551572249,-125.59980247708675,2749.15771484375
2024-08-25,2749.15771484375,2793.012939453125,2736.0888671875,2769.09814453125,9375535539,-0.007305556877908126,2678.250662667411,2767.1878336588543,80.3627048267061,2769.3896484375,2764.447021484375,2622.951416015625,49.08331149301269,-72.05492245947289,-114.89082647356399,2681.340576171875
2024-08-26,2681.340576171875,2763.004150390625,2668.88671875,2749.24755859375,12282035835,-0.024668333251928187,2684.541259765625,2748.312255859375,78.32102666974727,2749.15771484375,2769.3896484375,2764.447021484375,45.468722532374194,-67.0603607857015,-105.3247333359915,2458.7265625
2024-08-27,2458.7265625,2700.15283203125,2401.175048828125,2681.622802734375,18028996056,-0.08302340092495786,2668.2012067522323,2721.220987955729,110.68783916646022,2681.340576171875,2749.15771484375,2769.3896484375,36.07686364823696,-80.14140488650628,-100.28806764609445,2528.41552734375
2024-08-28,2528.41552734375,2553.820068359375,2422.293701171875,2458.90478515625,20359545410,0.02834351973360194,2653.4897809709823,2694.816861979167,122.59770307097116,2458.7265625,2681.340576171875,2749.15771484375,40.23843159329894,-83.91756013593704,-97.01396614406298,2528.792724609375
2024-08-29,2528.792724609375,2595.97705078125,2507.50244140625,2528.3623046875,13946434277,0.00014918325787260933,2640.0385393415177,2669.8210286458334,131.35917276126978,2528.41552734375,2458.7265625,2681.340576171875,40.261101270296685,-85.88967104651329,-94.78910712455306,2525.822021484375
2024-08-30,2525.822021484375,2539.915283203125,2432.83447265625,2528.732177734375,15526218255,-0.0011747515310726042,2605.9492536272323,2646.305240885417,124.47541948104869,2528.792724609375,2528.41552734375,2458.7265625,40.13198250619679,-86.69295168389954,-93.16987603642235,2513.393798828125
2024-08-31,2513.393798828125,2532.389892578125,2493.70556640625,2525.859130859375,6646876013,-0.004920466505769938,2569.37841796875,2623.366219075521,104.44819109803582,2525.822021484375,2528.792724609375,2528.41552734375,39.560374166593505,-87.32577391444192,-92.00105561202628,2427.90234375
2024-09-01,2427.90234375,2515.46728515625,2401.88916015625,2513.42431640625,11800443265,-0.034014349489517204,2523.484793526786,2604.7625244140627,80.00818539629425,2513.393798828125,2525.822021484375,2528.792724609375,35.784627796116624,-93.64624046694644,-92.33009258301031,2538.187255859375
2024-09-02,2538.187255859375,2563.0859375,2426.095947265625,2427.973388671875,12520444224,0.04542394894641233,2503.0343191964284,2592.5892415364583,42.38321083525992,2427.90234375,2513.393798828125,2525.822021484375,43.30233905736109,-88.7333225211014,-91.61073857062853,2420.603759765625
2024-09-03,2420.603759765625,2552.802734375,2419.875244140625,2538.16064453125,11406800197,-0.04632577672207194,2497.588204520089,2583.7294026692707,50.665599824349336,2538.187255859375,2427.90234375,2513.393798828125,38.17137062650052,-93.25284435994263,-91.93915972849135,2448.97705078125
2024-09-04,2448.97705078125,2488.91650390625,2313.26513671875,2420.1923828125,16709600747,0.011721576032903469,2486.2398507254466,2584.788427734375,51.49958338306247,2420.603759765625,2538.187255859375,2427.90234375,40.01831854660134,-93.4676733622332,-92.24486245523973,2367.737548828125
2024-09-05,2367.737548828125,2465.38525390625,2348.86328125,2448.98681640625,13632325040,-0.03317283105091118,2463.2319684709823,2581.755550130208,63.82234782334976,2448.97705078125,2420.603759765625,2538.187255859375,36.6431173459818,-99.05147204277046,-93.60618437274587,2223.87646484375
2024-09-06,2223.87646484375,2406.511962890625,2150.86328125,2367.700927734375,25825618367,-0.06075888100671323,2420.0968889508927,2577.9984537760415,103.91410657693899,2367.737548828125,2448.97705078125,2420.603759765625,31.56596031747418,-113.77354925228383,-97.63965734865346,2274.107177734375
2024-09-07,2274.107177734375,2310.19482421875,2222.100830078125,2223.92919921875,11124608320,0.022587006825558698,2385.9130859375,2564.35693359375,107.40717305603249,2223.87646484375,2367.737548828125,2448.97705078125,34.954823055538796,-120.00436712883493,-102.11259930468975,2297.29296875
2024-09-08,2297.29296875,2332.359375,2243.911376953125,2274.437744140625,10718443487,0.010195557730363625,2367.2546037946427,2554.280078125,110.2053081381021,2274.107177734375,2223.87646484375,2367.737548828125,36.51751361352228,-121.66891214051202,-106.02386187185422,2358.482177734375
2024-09-09,2358.482177734375,2379.78662109375,2274.115478515625,2297.896240234375,15887712451,0.026635352920471922,2341.582449776786,2545.8953857421875,80.74324236385203,2297.29296875,2274.107177734375,2223.87646484375,40.57506657993752,-116.70531207808062,-108.16015191309951,2389.5810546875
2024-09-10,2389.5810546875,2398.50390625,2323.07177734375,2358.497802734375,12795818970,0.013185970725884122,2337.150634765625,2540.4396809895834,76.418626520346,2358.482177734375,2297.29296875,2274.107177734375,42.58369704199881,-109.0056544707636,-108.32925242463233,2339.841552734375
2024-09-11,2339.841552734375,2389.71826171875,2279.0537109375,2389.603759765625,15355180967,-0.020815155801287455,2321.5598493303573,2527.6200032552083,58.934178627135466,2389.5810546875,2358.482177734375,2297.29296875,40.24087059182685,-105.69875303142499,-107.80315254599086,2361.78173828125
2024-09-12,2361.78173828125,2390.186767578125,2316.15771484375,2339.8408203125,12162634681,0.009376782595058808,2320.7090192522323,2516.223665364583,58.19475563406254,2339.841552734375,2389.5810546875,2358.482177734375,41.76288975024688,-100.15311740961215,-106.27314551871513,2441.607177734375
2024-09-13,2441.607177734375,2462.802978515625,2338.14404296875,2361.740966796875,13759640866,0.03379882152498004,2351.813406808036,2508.846744791667,55.957153481334615,2361.78173828125,2339.841552734375,2389.5810546875,47.0472241654616,-88.29905880469914,-102.67832817591194,2418.595703125
2024-09-14,2418.595703125,2442.632080078125,2386.979736328125,2441.580810546875,8170291680,-0.009424724345186375,2372.4546247209823,2503.797013346354,48.693627372948775,2441.607177734375,2361.78173828125,2339.841552734375,45.758239938009524,-79.84110705966395,-98.11088395266235,2320.897216796875
2024-09-15,2320.897216796875,2430.38330078125,2286.628173828125,2418.26611328125,10155470375,-0.04039471590968735,2375.82666015625,2494.720703125,43.11943394636447,2418.595703125,2441.607177734375,2361.78173828125,40.664288034539275,-80.0982479686786,-94.5083567558656,2295.28369140625
2024-09-16,2295.28369140625,2334.789794921875,2253.715087890625,2320.89453125,16819033263,-0.011036044683605084,2366.7983049665177,2484.0785970052084,52.87008269599145,2320.897216796875,2418.595703125,2441.607177734375,39.42513505696773,-81.43015528788601,-91.89271646226969,2341.707763671875
2024-09-17,2341.707763671875,2392.149169921875,2263.79296875,2295.284423828125,15356783863,0.020225853753695455,2359.9592633928573,2475.023616536458,52.527053372160736,2295.28369140625,2320.897216796875,2418.595703125,42.82584850627282,-77.8423486445613,-89.08264289872801,2369.72900390625
2024-09-18,2369.72900390625,2369.72900390625,2278.66455078125,2341.73291015625,18159056422,0.011966155926492306,2364.2288992745534,2466.1043701171875,51.82931125241119,2341.707763671875,2295.28369140625,2320.897216796875,44.83883033410167,-71.90898412018805,-85.64791114302002,2464.752197265625
2024-09-19,2464.752197265625,2492.20458984375,2369.374755859375,2369.374755859375,18437147349,0.04009875947956032,2378.93896484375,2462.4925455729167,64.16373283525105,2369.72900390625,2341.707763671875,2295.28369140625,51.1233040920409,-58.86066333743611,-80.29046158190324,2561.072021484375
2024-09-20,2561.072021484375,2571.99267578125,2439.3779296875,2464.7822265625,19112788620,0.039078907942797114,2396.00537109375,2460.148429361979,93.01273884657219,2464.752197265625,2369.72900390625,2341.707763671875,56.52960019589207,-40.28321049774513,-72.28901136507162,2615.857177734375
2024-09-21,2615.857177734375,2621.62255859375,2530.837890625,2560.879638671875,10797825021,0.021391493792606076,2424.1855817522323,2459.9119547526043,125.28224228983596,2561.072021484375,2464.752197265625,2369.72900390625,59.28797097149309,-20.89883229858242,-62.010975551773775,2582.862548828125
2024-09-22,2582.862548828125,2632.039306640625,2528.522216796875,2615.84814453125,13180663011,-0.012613314361003103,2461.609200613839,2453.859138997396,128.37448098134496,2615.857177734375,2561.072021484375,2464.752197265625,56.9444158252465,-8.105528239923842,-51.22988608940379,2648.54638671875
2024-09-23,2648.54638671875,2701.677734375,2541.910400390625,2582.77490234375,19912841456,0.025430636221980274,2512.0752999441966,2449.8310302734376,121.3353414218139,2582.862548828125,2615.857177734375,2561.072021484375,60.308065885294475,7.24982272881698,-39.53394432575964,2654.35498046875
2024-09-24,2654.35498046875,2671.27587890625,2593.152099609375,2648.482177734375,16658812503,0.0021931251720292977,2556.739188058036,2446.670939127604,104.5529851576389,2648.54638671875,2582.862548828125,2615.857177734375,60.601196728772415,19.661112901148954,-27.694932880377923,2579.388671875
2024-09-25,2579.388671875,2672.4619140625,2557.724365234375,2654.361572265625,14119729962,-0.028242759218479185,2586.6905691964284,2443.2725423177085,64.35390916415733,2654.35498046875,2648.54638671875,2582.862548828125,54.95982870140285,23.180781576823392,-17.51978998893766,2632.199951171875
2024-09-26,2632.199951171875,2665.99267578125,2559.954345703125,2579.217529296875,17336033595,0.020474339471486358,2610.6116768973216,2449.0549886067706,36.61774454059392,2579.388671875,2654.35498046875,2648.54638671875,57.93089121017042,29.88705388399103,-8.038421214351924,2695.900634765625
2024-09-27,2695.900634765625,2728.067626953125,2616.950927734375,2632.241943359375,17023020294,0.024200548885121798,2629.8729073660716,2454.6378255208333,41.368706315035396,2632.199951171875,2579.388671875,2654.35498046875,61.25115511733778,39.88219864057237,1.5457027566329344,2677.5390625
2024-09-28,2677.5390625,2704.9287109375,2652.25048828125,2695.81591796875,10252590559,-0.006810923232421495,2638.6846051897323,2459.5960367838543,44.34771454365445,2695.900634765625,2632.199951171875,2579.388671875,59.7864094521578,45.793913711968344,10.395344947700016,2659.346923828125
2024-09-29,2659.346923828125,2683.44580078125,2635.5849609375,2677.628662109375,11126215671,-0.006794350426726936,2649.6109444754466,2464.046866861979,37.138151801176974,2677.5390625,2695.900634765625,2632.199951171875,58.29887615496369,48.45250660932879,18.006777280025773,2603.062744140625
2024-09-30,2603.062744140625,2662.489013671875,2576.97607421875,2659.292724609375,17826446789,-0.021164662339909768,2643.11328125,2467.0358317057294,41.12079399909757,2659.346923828125,2677.5390625,2695.900634765625,53.835910425236825,45.49337837310895,23.50409749864241,2448.921142578125
2024-10-01,2448.921142578125,2657.615478515625,2415.07861328125,2603.26416015625,25482371785,-0.059215476810716816,2613.7655901227677,2467.7364583333333,83.36738000544302,2603.062744140625,2659.346923828125,2677.5390625,43.91978923082422,30.360333865408847,24.875344771995696,2365.231689453125
2024-10-02,2365.231689453125,2498.121337890625,2354.539306640625,2448.877197265625,20148256472,-0.03417400898294953,2583.1717354910716,2461.9712727864585,126.3171669377699,2448.921142578125,2603.062744140625,2659.346923828125,39.6496266308652,11.48189152187797,22.196654121972152,2349.791259765625
2024-10-03,2349.791259765625,2402.862548828125,2311.02783203125,2365.213623046875,18051447791,-0.006528083382423278,2542.82763671875,2459.6108561197916,150.77871001119533,2365.231689453125,2448.921142578125,2603.062744140625,38.898199281894726,-4.671473839400278,16.82302852969767,2414.7939453125
2024-10-04,2414.7939453125,2440.242431640625,2339.870849609375,2349.73291015625,14879264082,0.027663174452933648,2502.6695382254466,2458.4714192708334,140.2841697161549,2349.791259765625,2365.231689453125,2448.921142578125,43.73279168008305,-12.088608835642844,11.040701056629567,2415.6318359375
2024-10-05,2415.6318359375,2427.517578125,2390.844482421875,2414.84716796875,8152969183,0.0003469822452661919,2465.254220145089,2460.0678955078124,119.21602139804868,2414.7939453125,2349.791259765625,2365.231689453125,43.79452578940832,-17.695152286139546,5.2935303880757445,2439.957763671875
2024-10-06,2439.957763671875,2456.630615234375,2407.099365234375,2415.53173828125,8458690205,0.010070213255379601,2433.912911551339,2467.27060546875,83.03287327358971,2415.6318359375,2414.7939453125,2349.791259765625,45.658617461478336,-19.94555930374463,0.2457124497116694,2421.796630859375
2024-10-07,2421.796630859375,2520.40625,2405.13427734375,2439.94482421875,17414044416,-0.0074432160600884645,2408.017752511161,2472.1935872395834,36.986420537851075,2439.957763671875,2415.6318359375,2414.7939453125,44.47273753210402,-22.930150219347524,-4.38946008410017,2439.8408203125
2024-10-08,2439.8408203125,2464.12744140625,2400.5107421875,2421.98095703125,14067361080,0.007450745129958358,2406.7205636160716,2476.9451822916667,35.43965118650802,2421.796630859375,2439.957763671875,2415.6318359375,45.974145558559925,-23.56777015161515,-8.225122097603167,2368.283447265625
2024-10-09,2368.283447265625,2470.9130859375,2350.946533203125,2439.840087890625,14954047093,-0.029328705566008972,2407.1565290178573,2477.2718912760415,34.858208097319675,2439.8408203125,2421.796630859375,2439.957763671875,41.21479879799376,-29.50703182135703,-12.48150404235394,2383.85791015625
2024-10-10,2383.85791015625,2417.2880859375,2329.78466796875,2368.273193359375,15327769940,0.0065762664129611625,2412.023193359375,2477.081119791667,27.008728843106912,2368.283447265625,2439.8408203125,2421.796630859375,42.60741937383669,-32.58162974430934,-16.50152918274502,2436.513427734375
2024-10-11,2436.513427734375,2470.395751953125,2380.504638671875,2383.940185546875,13489061564,0.022088362462288513,2415.1259765625,2480.303515625,28.581848174556953,2383.85791015625,2368.283447265625,2439.8408203125,47.16468739526393,-30.418761988318238,-19.284975743859665,2476.523193359375
2024-10-12,2476.523193359375,2488.23779296875,2434.202880859375,2436.515625,9372169184,0.016420909144015505,2423.8247419084823,2484.1282307942706,36.83570500054941,2436.513427734375,2383.85791015625,2368.283447265625,50.388278298164806,-25.18589270526718,-20.465159136141168,2467.677001953125
2024-10-13,2467.677001953125,2484.12939453125,2436.9697265625,2476.520263671875,9189490605,-0.00357202041554483,2427.7846330915177,2484.9972249348957,40.19576289830332,2476.523193359375,2436.513427734375,2383.85791015625,49.66674505124044,-21.504726710153136,-20.67307265094356,2628.89990234375
2024-10-14,2628.89990234375,2652.8818359375,2443.552978515625,2467.6474609375,21434687898,0.06533387483978648,2457.3708147321427,2492.007364908854,85.61376104052292,2467.677001953125,2476.523193359375,2436.513427734375,60.709341808745364,-5.51446811632286,-17.64135174401942,2606.02197265625
2024-10-15,2606.02197265625,2685.166748046875,2537.94091796875,2629.017578125,22003780898,-0.00870247272142377,2481.1109793526784,2501.5115234375,101.50779494812045,2628.89990234375,2467.677001953125,2476.523193359375,58.7399837103503,5.251335172903964,-13.062814360634745,2611.10205078125
2024-10-16,2611.10205078125,2644.854248046875,2589.60693359375,2606.01953125,17012396419,0.0019493612019787498,2515.7993512834823,2512.0388020833334,97.95206245506378,2606.02197265625,2628.89990234375,2467.677001953125,59.05758407213329,14.031485461638567,-7.6439543961800815,2604.2734375
2024-10-17,2604.2734375,2646.8740234375,2577.305908203125,2611.192138671875,15150712321,-0.0026152226716711358,2547.287283761161,2520.7909912109376,82.71067045056411,2611.10205078125,2606.02197265625,2628.89990234375,58.406763095550794,20.20588493651121,-2.0739865296418225,2641.55224609375
2024-10-18,2641.55224609375,2674.371826171875,2595.958984375,2604.814453125,17043738652,0.014314475606500121,2576.578543526786,2529.851765950521,72.63552929089698,2604.2734375,2611.10205078125,2606.02197265625,60.93757164330929,27.786919000525813,3.898194576391705,2648.656982421875
2024-10-19,2648.656982421875,2661.872802734375,2631.656982421875,2641.48828125,8557834553,0.002689606589697968,2601.1690848214284,2535.981925455729,61.38252452245531,2641.55224609375,2604.2734375,2611.10205078125,61.4193822696428,33.976575150923054,9.913870691297975,2746.364013671875
2024-10-20,2746.364013671875,2756.436767578125,2635.94580078125,2648.665771484375,14559296242,0.03688927328017333,2640.981515066964,2542.1583251953125,49.62040887491031,2648.656982421875,2641.55224609375,2604.2734375,67.37851895135701,46.23311650635196,17.177719854308773,2665.712158203125
2024-10-21,2665.712158203125,2765.549560546875,2655.29443359375,2746.3056640625,17328615363,-0.029366775513825272,2646.240408761161,2543.8201578776043,50.075205882762546,2746.364013671875,2648.656982421875,2641.55224609375,59.24400170567646,48.87518047670119,23.51721197878726,2620.197509765625
2024-10-22,2620.197509765625,2669.7900390625,2605.61865234375,2665.65673828125,15541911074,-0.01707410468059689,2648.2654854910716,2545.064656575521,48.43752144126693,2665.712158203125,2746.364013671875,2648.656982421875,55.19427366647761,46.757393336214136,28.165248250272633,2509.098876953125
2024-10-23,2509.098876953125,2624.450439453125,2457.169921875,2620.088623046875,17876984551,-0.04240086191916037,2633.693603515625,2540.41640625,71.38744840961984,2620.197509765625,2665.712158203125,2746.364013671875,46.787103493676035,35.70274161049156,29.67274692231642,2534.49853515625
2024-10-24,2534.49853515625,2559.1513671875,2506.722900390625,2523.60693359375,16128627601,0.010123020035770258,2623.725760323661,2536.42119140625,80.473201414874,2509.098876953125,2620.197509765625,2665.712158203125,48.71058238532198,28.661004398730256,29.470398417599192,2435.93408203125
2024-10-25,2435.93408203125,2563.734130859375,2381.45068359375,2534.454833984375,22560233078,-0.03888913398757343,2594.351736886161,2531.639371744792,106.27300923123512,2534.49853515625,2509.098876953125,2620.197509765625,42.318045352677586,14.954661269586722,26.5672509879967,2479.603271484375
2024-10-26,2479.603271484375,2503.23046875,2427.46142578125,2436.050048828125,13597102184,0.017927081761059283,2570.2012067522323,2526.5528157552085,110.97982461202406,2435.93408203125,2534.49853515625,2509.098876953125,45.71705818501791,7.529231922278086,22.75964717485298,2505.940673828125
2024-10-27,2505.940673828125,2523.17138671875,2462.27197265625,2479.93701171875,9801434566,0.01062161945285034,2535.8550153459823,2520.2208170572917,80.35088085658136,2479.603271484375,2435.93408203125,2534.49853515625,47.71805794933618,3.7267739947169503,18.953072538825772,2565.34814453125
2024-10-28,2565.34814453125,2587.43017578125,2470.268310546875,2505.590576171875,18971841402,0.02370665487957191,2521.5172991071427,2516.4811197916665,59.589653318998366,2505.940673828125,2479.603271484375,2435.93408203125,52.01484082927858,5.444227423860866,16.25130351583279,2637.95751953125
2024-10-29,2637.95751953125,2680.054443359375,2560.15380859375,2565.41796875,22185845095,0.02830390688093809,2524.054443359375,2515.7681396484377,64.6542624866895,2565.34814453125,2505.940673828125,2479.603271484375,56.69894451174871,12.519968971777871,15.50503660702181,2657.37255859375
2024-10-30,2657.37255859375,2720.271484375,2600.609619140625,2637.64013671875,22382690746,0.007359875554762585,2545.236397879464,2517.578466796875,81.12784812490328,2637.95751953125,2565.34814453125,2505.940673828125,57.882828138709044,19.469741460496152,16.29797757771668,2515.79931640625
2024-10-31,2515.79931640625,2667.5595703125,2501.572265625,2657.213134765625,19760409505,-0.05327564692788833,2542.5650809151784,2519.8077392578125,81.84503138838706,2657.37255859375,2637.95751953125,2565.34814453125,47.65183577005566,13.399250541139281,15.718232170401201,2511.885498046875
2024-11-01,2511.885498046875,2583.777099609375,2467.8193359375,2515.870361328125,20215438328,-0.001555695771857435,2553.415283203125,2524.6961995442707,69.44858245728784,2515.79931640625,2657.37255859375,2637.95751953125,47.40239212260214,8.178256469770986,14.21023703027516,2491.068603515625
2024-11-02,2491.068603515625,2522.360595703125,2471.95556640625,2512.208251953125,9639457439,-0.00828735806127956,2555.0531877790177,2529.4054443359373,67.52622935601775,2511.885498046875,2515.79931640625,2657.37255859375,46.02244495930301,2.3339275741004712,11.834975139040223,2456.42529296875
2024-11-03,2456.42529296875,2495.4365234375,2411.3984375,2491.094482421875,15667779706,-0.013907007819047301,2547.979561941964,2530.7931559244794,75.63499987549737,2491.068603515625,2511.885498046875,2515.79931640625,43.74035564308239,-5.03512898407098,8.460954314417982,2397.0263671875
2024-11-04,2397.0263671875,2488.350341796875,2359.578125,2456.09521484375,17110200696,-0.024181043059307794,2523.93359375,2530.1729736328125,93.77424884475957,2456.42529296875,2491.068603515625,2511.885498046875,40.07140856884215,-15.489601802977177,3.670843090938951,2422.650634765625
2024-11-05,2422.650634765625,2478.618896484375,2380.601318359375,2397.036376953125,17894057485,0.010690023242502233,2493.175467354911,2529.5960693359375,85.04509022973279,2397.0263671875,2456.42529296875,2491.068603515625,42.31915991920026,-21.45980728958557,-1.3552869851659528,2724.169189453125
2024-11-06,2724.169189453125,2743.964111328125,2421.81298828125,2422.539306640625,41887574364,0.12445812465100636,2502.717843191964,2539.675154622396,107.35922608566919,2422.650634765625,2397.0263671875,2456.42529296875,60.9021135558733,-1.8400003049964653,-1.4522296491320554,2895.58544921875
2024-11-07,2895.58544921875,2918.744384765625,2701.5908203125,2724.005859375,35352318438,0.06292423408548897,2556.9730050223216,2554.8666422526044,183.81353476706553,2724.169189453125,2422.650634765625,2397.0263671875,67.34345173190366,27.22684355659794,4.283584992013944,2962.296630859375
2024-11-08,2962.296630859375,2983.744873046875,2889.484375,2895.597900390625,32303261101,0.023038926949513483,2621.317452566964,2574.6670817057293,236.64227441754062,2895.58544921875,2724.169189453125,2422.650634765625,69.4526965949656,55.01142410830607,14.42915281527237,3131.14453125
2024-11-09,3131.14453125,3156.3662109375,2957.182373046875,2962.791015625,29210133088,0.05699898471735465,2712.7568708147323,2599.5766357421876,294.5131896485824,2962.296630859375,2895.58544921875,2724.169189453125,74.02552777062212,89.62240748786189,29.467803749790278,3191.331298828125
2024-11-10,3191.331298828125,3249.9140625,3073.248779296875,3130.729248046875,47418730187,0.01922197042565066,2817.7434430803573,2624.7372314453123,317.9623814532764,3131.14453125,2962.296630859375,2895.58544921875,75.43703503177795,120.51916045542248,47.67807509091672,3374.81298828125
2024-11-11,3374.81298828125,3389.529296875,3109.76953125,3191.656982421875,55417771668,0.05749377681988088,2957.42724609375,2654.680224609375,317.107532389551,3191.331298828125,3131.14453125,2962.296630859375,79.15579476308484,157.98929643532256,69.7403193597979,3246.25732421875
2024-11-12,3246.25732421875,3444.154052734375,3211.198486328125,3375.15478515625,56686078066,-0.0380926778784183,3075.0853445870534,2680.6329020182293,225.0466305782819,3374.81298828125,3191.331298828125,3131.14453125,71.04046293077349,175.29064006774797,90.85038350138791,3192.595947265625
2024-11-13,3192.595947265625,3337.877197265625,3121.666015625,3244.543212890625,52010205682,-0.016530228997185037,3142.0034528459823,2699.4227701822915,164.9223438091666,3246.25732421875,3374.81298828125,3191.331298828125,67.9106613296793,182.56753005053588,109.19381281121751,3058.94873046875
2024-11-14,3058.94873046875,3240.270751953125,3032.971923828125,3192.5205078125,35743352141,-0.041861613246530704,3165.341064453125,2714.520328776042,132.639877433788,3192.595947265625,3246.25732421875,3374.81298828125,60.73395199295868,175.52693903843328,122.46043805666068,3103.04052734375
2024-11-15,3103.04052734375,3130.703857421875,3016.14404296875,3059.526123046875,32701369872,0.014414035918883572,3185.447335379464,2730.918277994792,104.39069443734641,3058.94873046875,3192.595947265625,3246.25732421875,62.154904508777534,171.52779381911205,132.27390920915096,3133.27392578125
2024-11-16,3133.27392578125,3218.089599609375,3073.286376953125,3089.739990234375,26650658846,0.00974315294018413,3185.751534598214,2748.5516276041667,104.209024627825,3103.04052734375,3058.94873046875,3192.595947265625,63.13989666781859,168.85160876401278,139.58944912012333,3075.66162109375
2024-11-17,3075.66162109375,3160.152587890625,3039.246826171875,3133.306640625,28348163224,-0.01838725437104416,3169.227294921875,2763.021940104167,112.05238855976164,3133.27392578125,3103.04052734375,3058.94873046875,59.93848240572489,160.23479435814806,143.7185181677283,3207.8564453125
2024-11-18,3207.8564453125,3225.130615234375,3052.4912109375,3075.722900390625,35445557613,0.04298093890177013,3145.3763602120534,2781.6619222005206,71.38988143965472,3075.66162109375,3133.27392578125,3103.04052734375,64.39898936792343,162.2031474609389,147.41544402637044,3111.384033203125
2024-11-19,3111.384033203125,3222.00439453125,3070.36279296875,3208.25048828125,29823634432,-0.030073793436219964,3126.1087472098216,2793.8292561848957,56.21226742260444,3207.8564453125,3075.66162109375,3133.27392578125,59.21721857950604,154.2010305787776,148.77256133685188,3072.18798828125
2024-11-20,3072.18798828125,3159.949462890625,3032.603271484375,3111.116943359375,29785491216,-0.012597623598885388,3108.9076102120534,2807.378450520833,50.62058330824654,3111.384033203125,3207.8564453125,3075.66162109375,57.203290529292644,143.04753906105088,147.62755688169167,3361.053955078125
2024-11-21,3361.053955078125,3388.54296875,3035.8466796875,3072.05517578125,51619069348,0.09402613638837987,3152.065499441964,2832.073665364583,102.80914880775377,3072.18798828125,3111.384033203125,3207.8564453125,66.2996756843566,155.7223161171578,149.2465087287849,3331.600830078125
2024-11-22,3331.600830078125,3428.46044921875,3262.808837890625,3360.654296875,36775716442,-0.008763062239896535,3184.716971261161,2859.4903971354165,119.57214227203063,3361.053955078125,3072.18798828125,3111.384033203125,64.78761187036775,161.52854667545034,151.702916318118,3396.223388671875
2024-11-23,3396.223388671875,3499.370849609375,3317.65478515625,3331.6455078125,38835184688,0.019396849109391878,3222.281180245536,2888.214558919271,140.23555917720006,3331.600830078125,3361.053955078125,3072.18798828125,66.58812784536278,169.3918824516718,155.24070954482877,3363.659912109375
2024-11-24,3363.659912109375,3451.80224609375,3288.430908203125,3396.99951171875,27901454185,-0.009588143309746888,3263.4237932477677,2919.1387532552085,132.05915392445417,3396.223388671875,3331.600830078125,3361.053955078125,64.79032140216218,171.02456753686874,158.39748114323677,3413.5439453125
2024-11-25,3413.5439453125,3545.27880859375,3304.093994140625,3364.6015625,51544793988,0.01483028442427825,3292.8077218191966,2950.2701090494793,140.26293398637677,3363.659912109375,3396.223388671875,3331.600830078125,66.29172725678261,174.33409191854753,161.58480329829894,3326.517333984375
2024-11-26,3326.517333984375,3461.29296875,3255.54296875,3412.950927734375,39902959158,-0.0254945044570557,3323.5410505022323,2977.622664388021,115.21875181619349,3413.5439453125,3363.659912109375,3396.223388671875,61.37472088303923,167.99801704703714,162.8674460480466,3657.249267578125
2024-11-27,3657.249267578125,3687.009033203125,3303.56787109375,3326.029052734375,43383987191,0.09942287996365606,3407.1212332589284,3014.0193684895835,114.69920678968518,3326.517333984375,3413.5439453125,3363.659912109375,70.3694786091843,187.50252269595876,167.79446137762903,3579.8115234375
2024-11-28,3579.8115234375,3664.878173828125,3531.87060546875,3656.609619140625,32362724276,-0.021173767078749073,3438.372314453125,3045.414501953125,128.96949245294797,3657.249267578125,3326.517333984375,3413.5439453125,66.4666211724197,194.46967975217603,173.12950505253843,3593.494384765625
2024-11-29,3593.494384765625,3647.264404296875,3538.44677734375,3579.91064453125,27622629486,0.003822229533186672,3475.7856794084823,3076.6185628255207,130.80721666052594,3579.8115234375,3657.249267578125,3326.517333984375,66.81682844673043,198.80361020413739,178.26432608285825,3705.705322265625
2024-11-30,3705.705322265625,3739.934814453125,3572.254150390625,3593.59814453125,30670867436,0.03122613408711894,3519.997384207589,3116.2820963541667,150.28491150613416,3593.494384765625,3579.8115234375,3657.249267578125,69.61898901812165,208.88487141061296,184.3884351484092,3711.1650390625
2024-12-01,3711.1650390625,3747.455322265625,3663.234130859375,3706.619873046875,28018113530,0.0014733272945559595,3569.6409737723216,3156.2580810546874,147.4028453733767,3705.705322265625,3593.494384765625,3579.8115234375,69.7528270444677,214.83837402158406,190.4784229230442,3644.198486328125
2024-12-02,3644.198486328125,3761.343017578125,3557.252197265625,3710.495361328125,47284967570,-0.018044617264257212,3602.591622488839,3194.6957438151044,131.6294778115533,3711.1650390625,3705.705322265625,3593.494384765625,65.91709824300506,211.71243739870124,194.7252258181756,3620.711669921875
2024-12-03,3620.711669921875,3670.2197265625,3504.226318359375,3643.7421875,36839829742,-0.0064449882448404106,3644.619384765625,3233.5052897135415,51.1613628718412,3644.198486328125,3711.1650390625,3705.705322265625,64.57585623834503,204.97707221276823,196.77559509709414,3841.3310546875
2024-12-04,3841.3310546875,3895.17431640625,3617.74462890625,3620.03759765625,56799745752,0.06093260244895049,3670.9167829241073,3281.648779296875,90.73772221783038,3620.711669921875,3644.198486328125,3711.1650390625,70.6226583810185,214.96342280665658,200.41316063900663,3811.00830078125
2024-12-05,3811.00830078125,3956.54150390625,3683.4208984375,3840.844482421875,60568296606,-0.007893814272854183,3703.944893973214,3327.9273681640625,94.0651171908524,3841.3310546875,3620.711669921875,3644.198486328125,68.8822804453263,217.91885190271842,203.914298891749,4005.810546875
2024-12-06,4005.810546875,4093.172119140625,3782.681396484375,3792.20849609375,52853668566,0.051115670898385535,3762.8472028459823,3370.648746744792,133.99419211081468,3811.00830078125,3841.3310546875,3620.711669921875,73.41488697961495,233.29073362474355,209.78958583834793,4002.692626953125
2024-12-07,4002.692626953125,4029.452880859375,3974.17626953125,4006.02880859375,22574636761,-0.0007783493216640958,3805.2739606584823,3407.5523193359377,157.79051810131705,4005.810546875,3811.00830078125,3841.3310546875,73.23102537184477,242.42692388470277,216.31705344761892,4005.70458984375
2024-12-08,4005.70458984375,4018.0,3927.85400390625,4007.690673828125,20943378971,0.0007524841828581152,3847.3510393415177,3442.332584635417,167.48615353427905,4002.692626953125,4005.810546875,3811.00830078125,73.30058831590149,247.06247826329945,222.46613841075504,3718.6904296875
2024-12-09,3718.6904296875,4008.77783203125,3525.23291015625,4006.101806640625,57029832059,-0.07165135464156769,3857.992745535714,3461.917447916667,154.2722382996305,4005.70458984375,4002.692626953125,4005.810546875,57.86844015292735,224.98307956439885,222.9695266414838,3631.833740234375
2024-12-10,3631.833740234375,3780.75341796875,3520.365234375,3719.00048828125,58416417599,-0.02335679484361486,3859.581612723214,3476.600862630208,151.4526638930032,3718.6904296875,4005.70458984375,4002.692626953125,54.15287345325794,198.19175687168445,218.01397268752396,3832.822021484375
2024-12-11,3832.822021484375,3850.765380859375,3567.56640625,3631.276123046875,35968053196,0.055340716460503314,3858.366036551339,3491.8678304036457,151.65756705946092,3631.833740234375,3718.6904296875,4005.70458984375,60.47680899393233,190.97606201987992,212.60639055399514,3883.1015625
2024-12-12,3883.1015625,3987.005859375,3800.0908203125,3833.172119140625,42971675764,0.013118151777930187,3868.6650739397323,3513.0959716796874,150.34776674273343,3832.822021484375,3631.833740234375,3718.6904296875,61.892885222962626,187.15727802019865,207.51656804723586,3911.205322265625
2024-12-13,3911.205322265625,3967.395263671875,3855.023681640625,3883.030029296875,34895127659,0.007237451638409276,3855.1500418526784,3537.0496175130206,139.85045889684912,3883.1015625,3832.822021484375,3631.833740234375,62.697395489164855,184.27440212687816,202.86813486316433,3868.4052734375
2024-12-14,3868.4052734375,3943.278076171875,3826.761962890625,3910.847900390625,28756190559,-0.010942930708463194,3835.966134207589,3564.031502278646,124.6191770157205,3911.205322265625,3883.1015625,3832.822021484375,60.5991486915208,176.50149658169812,197.59480720687108,3951.941162109375
2024-12-15,3951.941162109375,3971.498046875,3832.0966796875,3868.441162109375,25069616984,0.02159439944037822,3828.28564453125,3592.328190104167,113.58240034137134,3868.4052734375,3911.205322265625,3883.1015625,63.188573096610945,175.06403182831127,193.0886521311591,3987.48095703125
2024-12-16,3987.48095703125,4106.95556640625,3882.705322265625,3951.65283203125,46536359669,0.00899299697642908,3866.6842912946427,3620.8017578125,115.77032859383868,3951.941162109375,3868.4052734375,3911.205322265625,64.26459916517453,174.77786465827648,189.4264946365826,3886.76611328125
2024-12-17,3886.76611328125,4040.337890625,3849.28662109375,3987.333984375,35418700472,-0.02525776168846805,3903.103201729911,3647.83857421875,52.25060267004735,3987.48095703125,3951.941162109375,3868.4052734375,59.00122306014716,164.5276565232548,184.44672701391704,3618.791259765625
2024-12-18,3618.791259765625,3902.715576171875,3617.840576171875,3886.886962890625,48946681636,-0.06894545380539963,3872.5273786272323,3661.5364013671874,119.53411104105531,3886.76611328125,3987.48095703125,3951.941162109375,47.78661475480708,133.2449962336209,174.20638085785782,3417.927978515625
2024-12-19,3417.927978515625,3717.662353515625,3330.87255859375,3619.58203125,58879190250,-0.05550562793804503,3806.0740094866073,3671.754532877604,208.7130692044812,3618.791259765625,3886.76611328125,3987.48095703125,41.42995773217339,91.19404626329651,157.60391393894557,3472.553466796875
2024-12-20,3472.553466796875,3496.327392578125,3098.20361328125,3417.93017578125,66383827229,0.015982047785855658,3743.4094587053573,3685.100048828125,235.9598516477004,3417.927978515625,3618.791259765625,3886.76611328125,43.626195331937495,61.5664857076913,138.39642829269474,3337.222412109375
2024-12-21,3337.222412109375,3552.921630859375,3293.505615234375,3472.589111328125,31579389836,-0.038971625917780583,3667.526192801339,3684.3056640625,271.75920173001873,3472.553466796875,3417.927978515625,3618.791259765625,39.65859492450328,26.85675742600415,116.08849411935662,3277.53515625
2024-12-22,3277.53515625,3398.657470703125,3219.294921875,3336.998779296875,24780768375,-0.01788530954448675,3571.1824776785716,3682.5034749348956,273.6618156496314,3337.222412109375,3472.553466796875,3417.927978515625,38.01641558950686,-5.4049105831991255,91.78981317884548,3415.785400390625
2024-12-23,3415.785400390625,3461.52783203125,3217.36865234375,3277.51416015625,34496081389,0.042181162840310815,3489.5116838727677,3683.1555419921874,205.54712916997386,3277.53515625,3337.222412109375,3472.553466796875,43.81924505864404,-19.591042276249482,69.51364208782648,3492.0498046875
2024-12-24,3492.0498046875,3535.857666015625,3355.609130859375,3415.738037109375,23083678195,0.022327047913535125,3433.1236397879466,3687.435205078125,110.63138013446199,3415.785400390625,3277.53515625,3337.222412109375,46.779200503705276,-24.398503034572514,50.73121306334669,3493.2353515625
2024-12-25,3493.2353515625,3542.833740234375,3440.09716796875,3491.95751953125,17651873225,0.00033949884489303805,3415.187081473214,3690.091585286458,81.98040979179243,3492.0498046875,3415.785400390625,3277.53515625,46.826101021806764,-27.792412960215188,35.02648785863431,3331.225830078125
2024-12-26,3331.225830078125,3512.6044921875,3302.306396484375,3493.30419921875,22247726776,-0.04637807223950974,3402.8010602678573,3690.24853515625,87.83773876483487,3493.2353515625,3492.0498046875,3415.785400390625,41.450439908928026,-43.05857301512515,19.40947568388242,3328.9169921875
2024-12-27,3328.9169921875,3436.710693359375,3302.57568359375,3331.0537109375,24091627403,-0.000693089573747363,3382.281563895089,3679.3041259765623,85.57542412757377,3331.225830078125,3493.2353515625,3492.0498046875,41.37753679086304,-54.71272453642814,4.5850356398203065,3397.90234375
2024-12-28,3397.90234375,3419.920166015625,3318.033935546875,3328.774658203125,14305648523,0.02072306150150305,3390.950125558036,3673.240486653646,83.29325018889838,3328.9169921875,3331.225830078125,3493.2353515625,44.51747636499358,-57.716858230053276,-7.875343134154409,3349.513427734375
2024-12-29,3349.513427734375,3406.6484375,3321.664794921875,3397.862548828125,13440907792,-0.014240820106154684,3401.232735770089,3665.1077880859375,70.4042059777662,3397.90234375,3328.9169921875,3331.225830078125,42.78632168319025,-63.272866723683364,-18.9548478520602,3356.392578125
2024-12-30,3356.392578125,3428.52734375,3298.804443359375,3349.5859375,26981583962,0.0020537760301735375,3392.748046875,3653.4640299479165,71.92060829682448,3349.513427734375,3397.90234375,3328.9169921875,43.124932522886276,-66.35604238726182,-28.43508675910053,3332.53173828125
2024-12-31,3332.53173828125,3444.396728515625,3311.41259765625,3356.394775390625,20845452085,-0.0071090729967826505,3369.9597516741073,3640.842919921875,59.39341057105965,3356.392578125,3349.513427734375,3397.90234375,42.19217553509094,-69.91887046008287,-36.731843499297,3353.504150390625
2025-01-01,3353.504150390625,3366.531494140625,3310.255859375,3332.406494140625,14195410493,0.006293237021109732,3349.9981515066966,3631.153108723958,23.979568499825323,3332.53173828125,3356.392578125,3349.513427734375,43.35194697902765,-70.24045079946427,-43.433564959330454,3451.392578125
2025-01-02,3451.392578125,3493.4482421875,3348.35205078125,3353.412109375,22243574698,0.029189893122086197,3367.1648297991073,3625.509138997396,43.42749517855107,3353.504150390625,3332.53173828125,3356.392578125,48.54128951171963,-61.88317676404995,-47.12348732027436,3605.009765625
2025-01-03,3605.009765625,3627.0556640625,3421.83154296875,3451.680908203125,21877299255,0.04450875524089293,3406.6066545758927,3617.6317626953123,96.20585364112046,3451.392578125,3353.504150390625,3332.53173828125,55.43996908681564,-42.375871018194175,-46.17396405985832,3657.706787109375
2025-01-04,3657.706787109375,3669.19677734375,3574.326904296875,3605.20068359375,16060610759,0.014617719482165947,3443.7215750558034,3612.5217122395834,134.70108136454647,3605.009765625,3451.392578125,3353.504150390625,57.54273086449286,-22.405702454816947,-41.420311738850046,3634.103759765625
2025-01-05,3634.103759765625,3673.81298828125,3594.616943359375,3657.7431640625,12830306908,-0.006452957745802013,3484.3773367745534,3600.131486002604,144.14474925764506,3657.706787109375,3605.009765625,3451.392578125,56.26209167225955,-8.38708593309866,-34.81366657769977,3688.611328125
2025-01-06,3688.611328125,3743.941650390625,3611.21435546875,3634.11376953125,23973574043,0.01499890260780301,3531.837158203125,3589.662109375,149.5719640938903,3634.103759765625,3657.706787109375,3605.009765625,58.55597852330408,7.039922047719756,-26.442948852615867,3381.577392578125
2025-01-07,3381.577392578125,3701.10693359375,3358.08984375,3688.34130859375,32235312545,-0.08323835401301194,3538.843680245536,3568.857869466146,139.48855505915992,3688.611328125,3634.103759765625,3657.706787109375,44.42294020917866,-5.446353418884883,-22.243629765869674,3326.329345703125
2025-01-08,3326.329345703125,3413.682861328125,3209.214599609375,3381.615478515625,34337730882,-0.016337951334858714,3534.9615652901784,3555.7791666666667,145.74432367358924,3381.577392578125,3688.611328125,3634.103759765625,42.438056734460815,-19.574232769713035,-21.709750366638346,3219.4306640625
2025-01-09,3219.4306640625,3355.8623046875,3159.384033203125,3326.359619140625,28815726276,-0.03213713091240178,3501.824148995536,3542.0323974609373,188.12132734017555,3326.329345703125,3381.577392578125,3688.611328125,38.82344320977099,-38.94754609260917,-25.157309511832512,3267.489990234375
2025-01-10,3267.489990234375,3320.50048828125,3196.1103515625,3219.49658203125,26503845190,0.014927896012281394,3453.6070382254466,3523.187996419271,200.13695347909822,3219.4306640625,3326.329345703125,3381.577392578125,41.246320726782095,-49.848428846493334,-30.095533378764678,3282.2177734375
2025-01-11,3282.2177734375,3317.654296875,3219.69873046875,3267.5224609375,11772144561,0.004507369034684849,3399.965750558036,3503.1585367838543,186.14719054156748,3267.489990234375,3219.4306640625,3326.329345703125,42.00435045070335,-56.64606734291692,-35.40564017159513,3265.951171875
2025-01-12,3265.951171875,3298.018310546875,3224.510498046875,3282.150390625,11647743556,-0.004955978757455792,3347.3725237165177,3481.6500651041665,158.9977078743514,3282.2177734375,3267.489990234375,3219.4306640625,41.36949404400724,-62.62393389817316,-40.84929891691074,3135.499755859375
2025-01-13,3135.499755859375,3335.193603515625,2920.5927734375,3266.095458984375,39911742769,-0.03994285558798849,3268.3565848214284,3457.2198811848957,77.91356812176853,3265.951171875,3282.2177734375,3267.489990234375,36.592935204035896,-77.00016528147853,-48.0794721898243,3223.6845703125
2025-01-14,3223.6845703125,3254.75146484375,3126.805908203125,3135.670166015625,22847737224,0.028124644018336253,3245.800467354911,3432.9446614583335,60.60573832822537,3135.499755859375,3265.951171875,3282.2177734375,41.50937657041873,-80.35141361366004,-54.53386047459146,3450.53759765625
2025-01-15,3450.53759765625,3473.1015625,3186.139892578125,3223.6845703125,25991614661,0.07037072715887938,3263.544503348214,3415.0465494791665,95.97462311512432,3223.6845703125,3135.499755859375,3265.951171875,51.85192572432475,-63.96481210730735,-56.420050801134636,3308.34521484375
2025-01-16,3308.34521484375,3458.1806640625,3265.67578125,3450.30517578125,26395516475,-0.041208762051769265,3276.24658203125,3395.7658528645834,95.04248436570481,3450.53759765625,3223.6845703125,3135.499755859375,46.32284416745767,-61.7403450305942,-57.48410964702655,3474.107177734375
2025-01-17,3474.107177734375,3525.54345703125,3307.31103515625,3308.191162109375,28200207229,0.05010419171097702,3305.7633231026784,3390.943050130208,120.53485969778363,3308.34521484375,3450.53759765625,3223.6845703125,52.660195676191904,-46.07075874240127,-55.2014394661015,3305.78955078125
2025-01-18,3305.78955078125,3493.06005859375,3228.333740234375,3473.563720703125,32420094038,-0.0484491750950794,3309.1307198660716,3387.2051025390624,120.09589686739743,3474.107177734375,3308.34521484375,3450.53759765625,46.63882573994877,-46.69604162121823,-53.50035989712485,3208.96435546875
2025-01-19,3208.96435546875,3444.20654296875,3127.623046875,3305.39794921875,57242875399,-0.02928958236001966,3300.98974609375,3378.418798828125,125.32826608580066,3305.78955078125,3474.107177734375,3308.34521484375,43.553643658133176,-54.377734196545134,-53.675834757008914,3278.035400390625
2025-01-20,3278.035400390625,3444.28271484375,3147.52294921875,3208.933837890625,52383187336,0.02152440391061483,3321.351981026786,3376.4458984375,103.66666654800224,3208.96435546875,3305.78955078125,3474.107177734375,46.283460733401185,-54.26652412137764,-53.79397262988266,3327.40625
2025-01-21,3327.40625,3365.778076171875,3202.49267578125,3278.43603515625,32804001146,0.015061109347230373,3336.169363839286,3378.1082682291667,94.37647459539403,3278.035400390625,3208.96435546875,3305.78955078125,48.21139021264473,-49.6225564398419,-52.95968939187451,3240.224609375
2025-01-22,3240.224609375,3364.74609375,3223.385986328125,3327.2373046875,22171220981,-0.026201080984625813,3306.1246512276784,3372.256241861979,84.89996412811507,3327.40625,3278.035400390625,3208.96435546875,45.13105669815671,-52.37328179402448,-52.842407872304506,3334.714111328125
2025-01-23,3334.714111328125,3346.732421875,3184.06689453125,3240.475341796875,32419520084,0.029161404946970837,3309.8916364397323,3367.01171875,85.59703902265804,3240.224609375,3327.40625,3278.035400390625,48.938919502273855,-46.393937892420126,-51.55271387632764,3309.554931640625
2025-01-24,3309.554931640625,3424.89990234375,3277.3232421875,3334.808349609375,25578325671,-0.007544628669076459,3286.3841727120534,3360.8890380859375,46.7730013785558,3334.714111328125,3240.224609375,3327.40625,47.98403884399505,-43.18756098854237,-49.87968329877059,3317.26953125
2025-01-25,3317.26953125,3349.29833984375,3270.273193359375,3309.711669921875,13744316078,0.0023310081774501334,3288.024169921875,3360.423828125,47.757707032167154,3309.554931640625,3334.714111328125,3240.224609375,48.317038441988096,-39.56786673901797,-47.81731998682007,3236.13427734375
2025-01-26,3236.13427734375,3359.3125,3233.922119140625,3317.29150390625,14471528757,-0.02445844485711024,3291.905587332589,3357.3310709635416,40.86857058183668,3317.26953125,3309.554931640625,3334.714111328125,45.05050129518599,-42.75333603759282,-46.80452319697462,3178.92041015625
2025-01-27,3178.92041015625,3250.396484375,3024.091552734375,3235.855224609375,39412486482,-0.017679695057172262,3277.7463030133927,3350.031673177083,59.42966601672345,3236.13427734375,3317.26953125,3309.554931640625,42.85051619295474,-49.32592576468005,-47.308803710515704,3077.112548828125
2025-01-28,3077.112548828125,3222.7373046875,3040.09228515625,3179.0869140625,20718206194,-0.0320259233300908,3241.990059988839,3340.9516438802084,91.31405678052336,3178.92041015625,3236.13427734375,3317.26953125,39.18369144268435,-62.03469667373383,-50.25398230315933,3112.9990234375
2025-01-29,3112.9990234375,3177.98046875,3055.181640625,3076.380126953125,22727786058,0.011662386097330613,3223.8149762834823,3332.838525390625,103.56381029357465,3077.112548828125,3178.92041015625,3236.13427734375,41.097088166818686,-68.42202409319952,-53.88759066116737,3247.780029296875
2025-01-30,3247.780029296875,3282.986328125,3093.123779296875,3113.289794921875,19958405782,0.0432961927853559,3211.395821707589,3330.013468424479,92.69019601587325,3112.9990234375,3077.112548828125,3178.92041015625,47.746495976496384,-61.89484113000253,-55.48904075493441,3298.26513671875
2025-01-31,3298.26513671875,3437.569091796875,3214.935546875,3247.8671875,30128115902,0.015544497153892722,3209.7829938616073,3328.17216796875,90.77600009253824,3247.780029296875,3112.9990234375,3077.112548828125,50.022334505478966,-52.04829501258973,-54.80089160646548,3118.32861328125
2025-02-01,3118.32861328125,3329.6552734375,3103.9189453125,3298.822265625,19917507079,-0.05455489961504678,3181.362862723214,3317.070035807292,82.25804336246647,3298.26513671875,3247.780029296875,3112.9990234375,42.85767779671216,-58.09453231717953,-55.45961974860829,2868.69287109375
2025-02-02,2868.69287109375,3161.894287109375,2755.474609375,3118.611572265625,42060930305,-0.08005434100956466,3128.8712332589284,3292.5261393229166,139.08830039837437,3118.32861328125,3298.26513671875,3247.780029296875,35.30301116240736,-82.08352921388496,-60.78440164166363,2884.566650390625
2025-02-03,2884.566650390625,2919.477294921875,2159.280517578125,2868.07861328125,92453553253,0.005533453740142802,3086.8206961495534,3266.7548014322915,163.74543619609543,2868.69287109375,3118.32861328125,3298.26513671875,36.0746569526916,-98.67661812962797,-68.36284493925649,2735.05126953125
2025-02-04,2735.05126953125,2888.25,2636.165771484375,2883.818359375,48795275985,-0.05183287439003281,3037.9547991071427,3236.786385091146,211.26908488660266,2884.566650390625,2868.69287109375,3118.32861328125,32.18127199726621,-122.47953449251509,-79.18618284990822,2787.779052734375
2025-02-05,2787.779052734375,2824.400146484375,2701.10498046875,2735.225830078125,31960764447,0.01927853557646908,2991.494803292411,3206.758642578125,227.17625586132667,2735.05126953125,2884.566650390625,2868.69287109375,34.85161538956649,-135.52655994019733,-90.45425826796605,2688.40087890625
2025-02-06,2688.40087890625,2857.14208984375,2662.44580078125,2787.65869140625,29500645692,-0.035647794157377954,2911.58349609375,3183.6527587890623,220.27914039814596,2787.779052734375,2735.05126953125,2884.566650390625,32.27241480645506,-152.1317298135291,-102.78975257707867,2622.211181640625
2025-02-07,2622.211181640625,2798.02880859375,2564.96826171875,2688.8974609375,29526663418,-0.024620471517087794,2815.0043596540177,3160.1821533203124,163.3290830270181,2688.40087890625,2787.779052734375,2735.05126953125,30.645684356793424,-168.68787317349916,-115.96937669636279,2632.308349609375
2025-02-08,2632.308349609375,2665.484619140625,2591.778564453125,2623.001953125,17059263074,0.0038506311160004802,2745.5728934151784,3140.6114095052085,106.21163298957003,2622.211181640625,2688.40087890625,2787.779052734375,31.215284315355888,-178.93136955006003,-128.56177526710223,2628.72119140625
2025-02-09,2628.72119140625,2695.222412109375,2530.435791015625,2632.578125,17517088276,-0.0013627424019899692,2711.2912248883927,3119.3191162109374,98.28074385301733,2632.308349609375,2622.211181640625,2688.40087890625,31.117507274128883,-185.20395204305532,-139.89021062229287,2661.166748046875
2025-02-10,2661.166748046875,2692.80859375,2564.0185546875,2628.650146484375,19414208113,0.0123427150611084,2679.376953125,3098.6174153645834,62.33387598804245,2628.72119140625,2632.308349609375,2622.211181640625,33.15696696638106,-185.41953264551694,-148.9960750269377,2602.781982421875
2025-02-11,2602.781982421875,2724.90234375,2565.397216796875,2661.315673828125,21156550492,-0.02193953673434812,2660.4813406808034,3076.5117757161456,62.690939558514444,2661.166748046875,2628.72119140625,2632.308349609375,31.357763234776385,-188.1328659007736,-156.82343320170486,2736.902099609375
2025-02-12,2736.902099609375,2794.867431640625,2551.174560546875,2602.828125,26919387954,0.051529524214203315,2653.213204520089,3063.2251871744793,46.27196360426351,2602.781982421875,2661.166748046875,2628.72119140625,39.48177913958783,-177.4156918276749,-160.94188492689887,2675.902587890625
2025-02-13,2675.902587890625,2756.443359375,2615.667724609375,2737.028564453125,19481004625,-0.022287794557012575,2651.427734375,3044.965787760417,44.908959867568576,2736.902099609375,2602.781982421875,2661.166748046875,37.318461992292896,-171.86327214309358,-163.12616237013782,2726.091552734375
2025-02-14,2726.091552734375,2790.023681640625,2666.26806640625,2675.939453125,17732289901,0.018755901306300338,2666.2677873883927,3020.817586263021,50.465130969414105,2675.902587890625,2736.902099609375,2602.781982421875,40.22074997276357,-161.55085186543874,-162.811100269198,2693.559814453125
2025-02-15,2693.559814453125,2738.68115234375,2668.53173828125,2726.07470703125,10803019357,-0.011933472391497446,2675.017996651786,3000.324739583333,48.880849785513846,2726.091552734375,2675.902587890625,2736.902099609375,38.96147670861146,-154.22540938127304,-161.09396209161304,2663.31591796875
2025-02-16,2663.31591796875,2724.096435546875,2655.297607421875,2693.5625,10593602117,-0.011228225310643603,2679.9601004464284,2973.2983642578124,45.01592050720433,2693.559814453125,2726.091552734375,2675.902587890625,37.77730165146415,-149.14116659179126,-158.7034029916487,2743.19970703125
2025-02-17,2743.19970703125,2848.7841796875,2640.18212890625,2663.2294921875,24170425078,0.029994109419593684,2691.6790945870534,2954.545369466146,49.73816873652627,2663.31591796875,2693.559814453125,2726.091552734375,42.72865036981934,-137.085675061237,-154.37985740556636,2669.3388671875
2025-02-18,2669.3388671875,2754.6767578125,2606.900390625,2743.02294921875,23004152928,-0.026925068435387,2701.1872209821427,2936.557853190104,33.68201921827023,2743.19970703125,2663.31591796875,2693.559814453125,39.59162340313804,-131.97029228197107,-149.8979443808473,2715.77099609375
2025-02-19,2715.77099609375,2735.917724609375,2656.375732421875,2669.21337890625,15272401903,0.017394617624989728,2698.1684919084823,2917.815706380208,30.76853202089856,2669.3388671875,2743.19970703125,2663.31591796875,42.451969467739374,-122.75459130533045,-144.46927376574394,2740.386474609375
2025-02-20,2740.386474609375,2770.030517578125,2708.216064453125,2715.6826171875,15917259320,0.009063900656951951,2707.3804757254466,2898.2483805338543,32.59033199436832,2715.77099609375,2669.3388671875,2743.19970703125,43.96672243408709,-112.17177212517345,-138.00977343762983,2659.655517578125
2025-02-21,2659.655517578125,2842.8271484375,2616.91943359375,2740.022216796875,31441524621,-0.029459697666460616,2697.8896135602677,2878.8960774739585,35.753345791872704,2740.386474609375,2715.77099609375,2669.3388671875,40.226951753432935,-109.04215512754081,-132.21624977561203,2764.029296875
2025-02-22,2764.029296875,2797.057861328125,2653.867431640625,2660.035888671875,16403164397,0.039243345090012705,2707.9566824776784,2859.873250325521,43.42829305193618,2659.655517578125,2740.386474609375,2715.77099609375,46.55622700732301,-97.02141690767894,-125.17728320202542,2821.310302734375
2025-02-23,2821.310302734375,2850.6103515625,2746.773681640625,2764.031005859375,20493767269,0.020723733255699095,2730.5273088727677,2843.598429361979,55.68709150650082,2764.029296875,2659.655517578125,2740.386474609375,49.70388084549367,-81.92837747133899,-116.52750205588815,2513.8212890625
2025-02-24,2513.8212890625,2839.010009765625,2478.8994140625,2820.456298828125,29127380459,-0.10898801644535905,2697.758963448661,2816.8168212890623,98.22666905072643,2821.310302734375,2764.029296875,2659.655517578125,37.079125116168605,-93.69872797827293,-111.96174724036511,2493.592529296875
2025-02-25,2493.592529296875,2529.669189453125,2326.632080078125,2514.2109375,40044790246,-0.008047015853369976,2672.65234375,2792.0654296875,125.40248905737792,2513.8212890625,2821.310302734375,2764.029296875,36.42367331192665,-103.46641102935837,-110.26267999816378,2331.45263671875
2025-02-26,2331.45263671875,2503.422119140625,2255.054931640625,2493.381591796875,28815111323,-0.06502260921668868,2617.7497209821427,2763.81650390625,176.92401455684106,2493.592529296875,2513.8212890625,2821.310302734375,31.60167846059872,-122.874286206335,-112.78500123979802,2305.484375
2025-02-27,2305.484375,2378.08740234375,2230.4482421875,2331.51025390625,24286213447,-0.01113823258073876,2555.620849609375,2738.095564778646,201.35480207674794,2331.45263671875,2493.592529296875,2513.8212890625,30.896196837415616,-138.75115189570306,-117.97823137097905,2237.9052734375
2025-02-28,2237.9052734375,2310.94921875,2076.169921875,2305.56005859375,35737904667,-0.029312322518993406,2495.3708147321427,2708.925773111979,226.55832442592694,2305.484375,2331.45263671875,2493.592529296875,29.077001272421782,-155.00000745337638,-125.38258658745852,2216.643310546875
2025-03-01,2216.643310546875,2279.873046875,2144.090087890625,2237.942138671875,16135258239,-0.009500832382402846,2417.1728166852677,2674.554549153646,212.39868152147693,2237.9052734375,2305.484375,2331.45263671875,28.50825235208289,-167.66032144051087,-133.838133558069,2519.694580078125
2025-03-02,2519.694580078125,2548.811767578125,2175.321533203125,2216.521728515625,34854193845,0.13671629895947635,2374.0848563058034,2648.602197265625,132.20362923902812,2216.643310546875,2237.9052734375,2305.484375,45.01649448356905,-151.4936818787587,-137.36924322220693,2145.573974609375
2025-03-03,2145.573974609375,2522.316650390625,2097.076171875,2519.531005859375,31473561910,-0.14847855308604507,2321.478097098214,2616.177042643229,140.34805076289027,2519.694580078125,2216.643310546875,2237.9052734375,34.442859371810215,-166.94546634066228,-143.284487845898,2170.01513671875
2025-03-04,2170.01513671875,2220.358642578125,1996.767578125,2145.65283203125,33935738380,0.011391432967872817,2275.252755301339,2592.8877848307293,126.85006053331517,2145.573974609375,2519.694580078125,2216.643310546875,35.508594774621855,-175.19933050760892,-149.66745637824022,2241.977294921875
2025-03-05,2241.977294921875,2272.79736328125,2156.099365234375,2169.98681640625,22105432727,0.03316205356610458,2262.4705636160716,2571.4681396484375,124.73355988266604,2170.01513671875,2145.573974609375,2519.694580078125,38.66992523309917,-173.92888861072106,-154.5197428247364,2202.476806640625
2025-03-06,2202.476806640625,2319.396240234375,2177.677001953125,2241.906494140625,18509069102,-0.017618594251921915,2247.755196707589,2553.7156575520835,124.88930732820528,2241.977294921875,2170.01513671875,2145.573974609375,37.58094811100446,-174.10246865570116,-158.43628799092937,2138.987548828125
2025-03-07,2138.987548828125,2254.232421875,2103.47265625,2202.498291015625,22425792863,-0.02882630029114286,2233.624093191964,2532.0892740885415,131.60521655082192,2202.476806640625,2241.977294921875,2170.01513671875,35.83421793285126,-177.31906083945205,-162.21284256063393,2201.51025390625
2025-03-08,2201.51025390625,2232.3271484375,2107.72802734375,2139.7978515625,10533204814,0.029230046295678047,2231.462227957589,2515.859586588542,132.05417714314584,2138.987548828125,2202.476806640625,2241.977294921875,38.84852320800068,-172.8308866656239,-164.33645138163195,2015.5091552734373
2025-03-09,2015.5091552734373,2210.313720703125,1991.1934814453125,2201.708740234375,16103964994,-0.08448795471326176,2159.4357386997767,2495.6361857096354,72.88457646039575,2201.51025390625,2138.987548828125,2202.476806640625,33.7665449785454,-182.1826226122148,-167.90568562774854,1861.1513671875
2025-03-10,1861.1513671875,2150.706298828125,1812.766845703125,2015.430419921875,35005066442,-0.07658500963990711,2118.803937639509,2469.9309529622396,134.84422117010558,2015.5091552734373,2201.51025390625,2138.987548828125,30.232077435009273,-199.74676780101845,-174.27390206240253,1919.844970703125
2025-03-11,1919.844970703125,1961.7977294921875,1760.9417724609375,1859.7777099609373,30898385863,0.031536179458804936,2083.06534249442,2446.3017456054686,151.1727142655491,1861.1513671875,2015.5091552734373,2201.51025390625,33.09963896029441,-206.54942294996226,-180.7290062399145,1908.982666015625
2025-03-12,1908.982666015625,1954.5711669921875,1832.01904296875,1919.664794921875,22898872951,-0.005657907202539225,2035.4946812220983,2421.2289428710938,145.10348729957744,1919.844970703125,1861.1513671875,2015.5091552734373,32.83070045189886,-210.39180758075918,-186.66156650808344,1862.9696044921875
2025-03-13,1862.9696044921875,1919.688232421875,1823.525390625,1909.015380859375,17977225564,-0.024103446480985946,1986.99365234375,2396.5685302734373,136.47072667459648,1908.982666015625,1919.844970703125,1861.1513671875,31.65729690209143,-214.67515306737596,-192.26428381994194,1909.467529296875
2025-03-14,1909.467529296875,1945.0914306640625,1861.10595703125,1862.9979248046875,12122715282,0.024959035666801466,1954.205078125,2368.9873779296877,120.50454792637518,1862.9696044921875,1908.982666015625,1919.844970703125,34.21602696699125,-211.8753738708483,-196.18650183012323,1937.3946533203125
2025-03-15,1937.3946533203125,1955.2384033203125,1904.9656982421875,1909.528076171875,6456484591,0.01462560823630299,1916.4742780412946,2344.3704467773437,52.09850272138714,1909.467529296875,1862.9696044921875,1908.982666015625,35.77141236829948,-205.03947573072037,-197.95709661024267,1887.43505859375
2025-03-16,1887.43505859375,1940.474365234375,1863.489013671875,1937.384765625,9292997638,-0.025786999381329778,1898.177978515625,2316.4152303059896,28.80281015881264,1937.3946533203125,1909.467529296875,1862.9696044921875,34.2129860431444,-201.33246365347213,-198.6321700188886,1927.0029296875
2025-03-17,1927.0029296875,1951.6259765625,1880.484375,1887.44921875,10436892087,0.020963831795744126,1907.5853445870537,2290.8633341471354,25.225745271685657,1887.43505859375,1937.3946533203125,1909.467529296875,36.569953983363334,-192.97731104241166,-197.5011982235932,1932.54345703125
2025-03-18,1932.54345703125,1935.1820068359373,1872.5089111328125,1927.0057373046875,10170844746,0.002875204421535882,1909.3994140625,2266.5042521158853,26.669590532136528,1927.0029296875,1887.43505859375,1937.3946533203125,36.91080265415421,-183.7901002793451,-194.7589786347436,2057.7490234375
2025-03-19,2057.7490234375,2068.764404296875,1928.24951171875,1932.5445556640625,20065206266,0.06478796942480636,1930.6517508370537,2243.655895996094,62.06636575612557,1932.54345703125,1927.0029296875,1887.43505859375,44.20710308360207,-164.50976062026893,-188.7091350318487,1982.099853515625
2025-03-20,1982.099853515625,2067.483642578125,1952.2432861328125,2057.951171875,13217865782,-0.03676306928602102,1947.6703578404017,2220.747928873698,56.49779640846718,2057.7490234375,1932.54345703125,1927.0029296875,41.11328285191068,-153.56401791111102,-181.68011160770118,1964.8475341796875
2025-03-21,1964.8475341796875,1994.8914794921875,1937.2115478515625,1981.85302734375,9708125480,-0.008704061657306195,1955.581787109375,2195.717146809896,54.082452916503605,1982.099853515625,2057.7490234375,1932.54345703125,40.41855956651809,-144.6145296625166,-174.26699521866425,1980.037841796875
2025-03-22,1980.037841796875,2005.0411376953125,1964.27099609375,1964.9404296875,6117036512,0.007731036303297412,1961.6736711774554,2170.3721923828125,54.09408423558501,1964.8475341796875,1982.099853515625,2057.7490234375,41.35815540822565,-134.74303108617823,-166.36220239216703,2005.2991943359373
2025-03-23,2005.2991943359373,2019.889404296875,1977.7093505859373,1979.983642578125,7522339707,0.012758015026691494,1978.5114048549108,2148.560314941406,44.65472994817632,1980.037841796875,1964.8475341796875,1982.099853515625,42.968863455506714,-123.45826725731354,-157.78141536519635,2077.47900390625
2025-03-24,2077.47900390625,2101.9833984375,1978.7637939453125,2005.7183837890625,14044912402,0.03599453377041595,2000.0079868861608,2125.6753051757814,51.43120131981999,2005.2991943359373,1980.037841796875,1964.8475341796875,47.41341540189135,-107.45206272758196,-147.71554483767346,2067.76416015625
2025-03-25,2067.76416015625,2096.518310546875,2038.64453125,2078.568115234375,11735658914,-0.004676265671871183,2019.325230189732,2100.557100423177,47.07857938404039,2077.47900390625,2005.2991943359373,1980.037841796875,46.8838205842651,-94.462037452407,-137.06484336062016,2009.1893310546875
2025-03-26,2009.1893310546875,2078.369140625,1982.412353515625,2067.5087890625,13178523590,-0.028327615997143618,2012.3881312779017,2083.73603515625,43.946636191819984,2067.76416015625,2077.47900390625,2005.2991943359373,43.71339940438727,-87.88081270699627,-127.22803722989539,2002.357421875
2025-03-27,2002.357421875,2037.3961181640625,1987.7177734375,2008.9405517578125,11593274543,-0.003400331205273277,2015.2820696149554,2067.361531575521,42.25409684887991,2009.1893310546875,2067.76416015625,2077.47900390625,43.34522720940029,-82.26808735433383,-118.23604725478307,1895.5029296875
2025-03-28,1895.5029296875,2015.454345703125,1863.0106201171875,2002.4105224609373,18160526498,-0.05336434495667708,2005.375697544643,2052.829874674479,60.317077110754425,2002.357421875,2009.1893310546875,2067.76416015625,37.96006557184184,-85.45712997499004,-111.68026379882447,1827.3203125
2025-03-29,1827.3203125,1911.90087890625,1799.2008056640625,1895.5496826171875,12194771785,-0.03597072635426679,1983.5589076450892,2036.8910725911458,90.88344706817252,1895.5029296875,2002.357421875,2009.1893310546875,34.974196428926746,-92.4208663910315,-107.82838431726589,1806.2186279296875
2025-03-30,1806.2186279296875,1847.570556640625,1769.4127197265625,1827.31103515625,9854857162,-0.01154788485957492,1955.1188267299108,2022.5015177408854,111.70934982717596,1827.3203125,1895.5029296875,2002.357421875,34.080724769576264,-98.50688125375495,-105.9640837045637,1823.47998046875
2025-03-31,1823.47998046875,1852.5513916015625,1778.6922607421875,1806.3165283203125,15765030938,0.009556624138489678,1918.833251953125,2009.3960734049479,106.4692016195556,1806.2186279296875,1827.3203125,1895.5029296875,35.531574649532146,-100.7755669834994,-104.92638036035086,1905.491455078125
2025-04-01,1905.491455078125,1926.302978515625,1820.350341796875,1823.5623779296875,15001220420,0.044975253629213396,1895.6514369419642,1988.9226359049478,83.91459711734419,1823.47998046875,1806.2186279296875,1827.3203125,42.05682022134586,-94.86236190852287,-102.91357666998528,1795.313232421875
2025-04-02,1795.313232421875,1951.1802978515625,1782.76025390625,1905.484619140625,22593742104,-0.05782142048584138,1865.0977085658483,1977.2472778320312,74.04069525064035,1905.491455078125,1823.47998046875,1806.2186279296875,36.68475533414436,-97.93760233907096,-101.91838180380242,1815.63720703125
2025-04-03,1815.63720703125,1844.071044921875,1751.380859375,1794.97607421875,16450974373,0.011320573057860273,1838.4233921595983,1965.4346801757813,43.81328859175535,1795.313232421875,1905.491455078125,1823.47998046875,38.25160755030421,-97.60959498859211,-101.05662444076037,1815.335205078125
2025-04-04,1815.335205078125,1833.956787109375,1760.588623046875,1815.60986328125,18061720814,-0.00016633386447217902,1826.9708600725446,1951.2132771809895,36.227275367282076,1815.63720703125,1795.313232421875,1905.491455078125,38.23646554901393,-96.26434043973586,-100.09816764055549,1805.9732666015625
2025-04-05,1805.9732666015625,1826.298583984375,1767.5135498046875,1815.344970703125,6374712479,-0.0051571403729591125,1823.9212820870537,1937.996492513021,37.0813749667935,1815.335205078125,1815.63720703125,1795.313232421875,37.73775295112449,-94.86015786038911,-99.05056568452223,1576.72802734375
2025-04-06,1576.72802734375,1815.5748291015625,1539.43798828125,1805.9630126953125,22154445576,-0.12693722742042624,1791.1369105747767,1919.2545084635417,101.2567580746706,1805.9732666015625,1815.335205078125,1815.63720703125,28.079787604967024,-110.96635688733159,-101.43372392508411,1555.240966796875
2025-04-07,1555.240966796875,1634.0411376953125,1415.37353515625,1576.9498291015625,46073959047,-0.013627626435405826,1752.8170514787946,1897.7121988932292,132.81536510478384,1576.72802734375,1805.9732666015625,1815.335205078125,27.37267558215214,-124.03466742913338,-105.95391262589396,1472.5531005859375
2025-04-08,1472.5531005859375,1617.33984375,1447.610107421875,1554.93212890625,21315312919,-0.05316723773116572,1690.968715122768,1879.613663736979,149.61139603046368,1555.240966796875,1576.72802734375,1805.9732666015625,24.785954989715975,-139.45605484561543,-112.65434106983827,1668.0400390625
2025-04-09,1668.0400390625,1687.18798828125,1386.79931640625,1472.6014404296875,39252195855,0.1327537447707503,1672.786830357143,1873.176619466146,142.3758513543084,1472.5531005859375,1555.240966796875,1576.72802734375,39.37277445928457,-134.35469599321164,-116.99441205451295,1522.518798828125
2025-04-10,1522.518798828125,1669.3941650390625,1474.9141845703125,1668.2017822265625,21379604307,-0.08724085563087758,1630.9127720424108,1859.9324137369792,136.33628286864555,1668.0400390625,1472.5531005859375,1555.240966796875,34.07502758307251,-140.43532920739585,-121.68259548508954,1567.1497802734375
2025-04-11,1567.1497802734375,1587.53857421875,1505.001953125,1522.4730224609375,14871838813,0.02931391157840868,1595.4577113560267,1848.5379842122395,110.13639133155645,1522.518798828125,1668.0400390625,1472.5531005859375,36.880175092110036,-140.03864925469588,-125.35380623901082,1643.528564453125
2025-04-12,1643.528564453125,1666.017578125,1546.819580078125,1567.15576171875,12110995013,0.04873738626716384,1572.2513253348213,1841.223282877604,67.0875070650465,1567.1497802734375,1522.518798828125,1668.0400390625,41.47008956855984,-132.03908361070035,-126.69086171334874,1596.685791015625
2025-04-13,1596.685791015625,1648.2867431640625,1564.8388671875,1643.5010986328125,13909890792,-0.028501344272703122,1575.1024344308037,1830.797224934896,67.73047334337446,1643.528564453125,1567.1497802734375,1522.518798828125,39.56964375462305,-128.00364420816027,-126.95341821231105,1622.7698974609375
2025-04-14,1622.7698974609375,1689.8575439453125,1596.0865478515625,1596.8818359375,16518325094,0.016336405441875312,1584.7494245256696,1820.3097330729167,69.22278084300011,1596.685791015625,1643.528564453125,1567.1497802734375,41.185935511523255,-121.30246075232003,-125.82322672031285,1588.6324462890625
2025-04-15,1588.6324462890625,1659.836181640625,1585.2291259765625,1622.7718505859375,13175452875,-0.021036532181973544,1601.3321881975446,1810.3496459960938,48.73894185910879,1622.7698974609375,1596.685791015625,1643.528564453125,39.68975885253637,-117.39309704704124,-124.13720078565854,1578.1053466796875
2025-04-16,1578.1053466796875,1610.7821044921875,1540.0338134765625,1589.031005859375,15339621551,-0.00662651680945181,1588.484375,1798.7197265625,39.130106468537804,1588.6324462890625,1622.7698974609375,1596.685791015625,39.21664388424461,-113.83216081320256,-122.07619279116734,1582.54833984375
2025-04-17,1582.54833984375,1615.306884765625,1564.1956787109375,1578.01416015625,11312160796,0.002815397066748826,1597.060023716518,1787.05322265625,26.944320399544605,1578.1053466796875,1588.6324462890625,1622.7698974609375,39.544194061930085,-109.39059410051823,-119.53907305303753,1588.9246826171875
2025-04-18,1588.9246826171875,1599.4168701171875,1573.9039306640625,1582.397216796875,7123507323,0.004029161456178265,1600.1707240513392,1771.4257446289062,24.01320583459133,1582.54833984375,1578.1053466796875,1588.6324462890625,40.043549486025476,-104.15546355907532,-116.46235115424508,1612.9228515625
2025-04-19,1612.9228515625,1629.051513671875,1585.4730224609375,1588.9697265625,7168138700,0.015103402450633574,1595.7984793526787,1759.1198445638022,16.374284170338505,1588.9246826171875,1582.54833984375,1578.1053466796875,41.98576518108084,-96.95252485935475,-112.56038589526703,1587.5142822265625
2025-04-20,1587.5142822265625,1618.436767578125,1566.6915283203125,1612.966064453125,7642784469,-0.01575312130479345,1594.4882638113838,1746.5420694986979,16.655965093776203,1612.9228515625,1588.9246826171875,1582.54833984375,40.4902235436598,-92.23121916005448,-108.49455254822452,1579.7344970703125
2025-04-21,1579.7344970703125,1656.11962890625,1566.1474609375,1587.4609375,15403785611,-0.004900607977736393,1588.3403494698662,1733.198624674479,11.674558629331997,1587.5142822265625,1612.9228515625,1588.9246826171875,40.020169883122435,-88.10173209574486,-104.41598845772859,1757.3316650390625
2025-04-22,1757.3316650390625,1773.63916015625,1542.0003662109375,1579.815185546875,23747917555,0.11242216226721125,1612.4402378627233,1724.9330403645833,64.94885037288664,1579.7344970703125,1587.5142822265625,1612.9228515625,53.337529050807525,-69.6950751892116,-97.4718058040252,1796.104248046875
2025-04-23,1796.104248046875,1829.7099609375,1746.924072265625,1757.196533203125,22904644756,0.022063326905880754,1643.5829380580358,1715.5538818359375,92.26287484207471,1757.3316650390625,1579.7344970703125,1587.5142822265625,55.65254995174766,-51.386689792424704,-88.2547826017051,1769.8316650390625
2025-04-24,1769.8316650390625,1801.69140625,1724.74072265625,1795.9794921875,15207402759,-0.014627537926254486,1670.3376988002233,1705.6227986653646,98.55406872481679,1796.104248046875,1757.3316650390625,1579.7344970703125,53.7081305689411,-38.55272848454047,-78.31437177827219,1786.634521484375
2025-04-25,1786.634521484375,1826.696044921875,1740.3319091796875,1770.003662109375,17459399281,0.009494042160750782,1698.5819614955358,1698.2043050130208,99.6578562794502,1769.8316650390625,1796.104248046875,1757.3316650390625,54.79592660634337,-26.717884455836383,-67.99507431378503,1821.881103515625
2025-04-26,1821.881103515625,1839.363037109375,1781.473876953125,1786.532958984375,11926379867,0.019727919508667258,1728.433140345982,1692.188427734375,101.00963243369007,1786.634521484375,1769.8316650390625,1796.104248046875,57.0745680991339,-14.329400288907664,-57.261939508809554,1792.864990234375
2025-04-27,1792.864990234375,1856.44384765625,1785.902099609375,1822.175537109375,11321944113,-0.015926458222360718,1757.7689557756696,1688.7671630859375,81.1242702116351,1821.881103515625,1786.634521484375,1769.8316650390625,54.63304547198643,-6.774700644503355,-47.16449173594832,1798.851806640625
2025-04-28,1798.851806640625,1827.4822998046875,1747.726806640625,1792.4461669921875,17043640437,0.0033392455309573243,1789.0714285714287,1687.818212890625,20.894583951354743,1792.864990234375,1821.881103515625,1786.634521484375,55.060205481510124,-0.3009910599896557,-37.79179160075658,1799.1756591796875
2025-04-29,1799.1756591796875,1842.0330810546875,1782.28125,1798.9122314453125,14734257744,0.00018003291759050022,1795.0491420200892,1687.583447265625,15.620783759549846,1798.851806640625,1792.864990234375,1821.881103515625,55.08484203442679,4.800268116862071,-29.273379657232855,1793.775390625
2025-04-30,1793.775390625,1816.68994140625,1736.1429443359375,1799.2091064453125,14810431362,-0.0030015237962643937,1794.7164481026787,1686.5932942708334,15.619366764616538,1799.1756591796875,1798.851806640625,1792.864990234375,54.54783605513133,8.311486583060287,-21.75640640917423,1839.2215576171875
2025-05-01,1839.2215576171875,1872.9395751953125,1793.151123046875,1794.041015625,15861442721,0.025335483600515296,1804.6292898995537,1684.384297688802,18.87409612013256,1793.775390625,1799.1756591796875,1798.851806640625,58.23760362642656,14.593058684637299,-14.486513390411925,1842.7078857421875
2025-05-02,1842.7078857421875,1869.530029296875,1814.73046875,1839.1748046875,13570171872,0.0018955454880142941,1812.6397705078125,1685.9641194661458,21.657878474571874,1839.2215576171875,1793.775390625,1799.1756591796875,58.51581996977927,19.62632729060624,-7.663945254208292,1833.8397216796875
2025-05-03,1833.8397216796875,1848.246826171875,1812.815673828125,1842.7181396484373,8344452620,-0.004812571830357215,1814.34814453125,1686.570869954427,22.941912523504868,1842.7078857421875,1839.2215576171875,1793.775390625,57.467083129369435,22.63867761462052,-1.6034206804425297,1808.59423828125
2025-05-04,1808.59423828125,1849.99853515625,1804.4951171875,1833.647216796875,8918979887,-0.013766461212495806,1816.595179966518,1686.346171061198,21.19050668843624,1833.8397216796875,1842.7078857421875,1839.2215576171875,54.47401063566139,22.72690580119911,3.2626446158857982,1819.697509765625
2025-05-05,1819.697509765625,1832.05078125,1783.3148193359375,1808.7049560546875,11389336489,0.006139172208646793,1819.5731375558037,1686.8036458333333,19.693251702259936,1808.59423828125,1833.8397216796875,1842.7078857421875,55.57004927412146,23.422765429879973,7.294668778684633,1815.0875244140625
2025-05-06,1815.0875244140625,1820.796630859375,1753.3154296875,1819.7340087890625,13206516310,-0.0025333800408158247,1821.8462611607142,1694.7489624023438,17.770945108717367,1819.697509765625,1808.59423828125,1833.8397216796875,54.97822812501467,23.33328037667161,10.502391098282029,1811.606689453125
2025-05-07,1811.606689453125,1849.658447265625,1788.6873779296875,1815.0189208984373,50540755039,-0.0019177229274721652,1824.393589564732,1703.2944864908854,13.942093473118048,1815.0875244140625,1819.697509765625,1808.59423828125,54.506203988441364,22.719591231243612,12.945831124874346,2206.5146484375
2025-05-08,2206.5146484375,2222.20556640625,1809.4569091796875,1811.54638671875,37777245241,0.2179876908621854,1876.8640311104912,1727.759871419271,145.88288463005344,1811.606689453125,1815.0875244140625,1819.697509765625,77.79694588414799,53.48249713336554,21.053164326572585,2345.50732421875
2025-05-09,2345.50732421875,2486.0068359375,2186.054443359375,2206.128173828125,43766026875,0.0629919569669184,1948.6925223214287,1750.3421142578125,227.31603002185082,2206.5146484375,1811.606689453125,1815.0875244140625,81.40524352350577,88.06273661036016,34.4550787833301,2582.422607421875
2025-05-10,2582.422607421875,2597.54345703125,2320.235107421875,2345.760498046875,30265913403,0.10100811912068441,2055.6329345703125,1785.6722412109375,321.0411078485672,2345.50732421875,2206.5146484375,1811.606689453125,85.67778032866737,133.0511777483075,54.17429857632558,2510.23779296875
2025-05-11,2510.23779296875,2603.264404296875,2441.730712890625,2582.71044921875,26496368543,-0.027952363120453683,2155.8677280970983,1817.1085083007813,340.0276264642765,2582.422607421875,2345.50732421875,2206.5146484375,79.6711120705918,161.02394640145508,75.54422814135148,2496.397705078125
2025-05-12,2496.397705078125,2620.897216796875,2411.594482421875,2510.289306640625,32121858921,-0.005513456904119418,2252.5391845703125,1845.537479654948,324.3571531009916,2510.23779296875,2582.422607421875,2345.50732421875,78.53426431917785,180.00084991448148,96.43555249597748,2680.129638671875
2025-05-13,2680.129638671875,2736.89013671875,2418.32568359375,2496.33740234375,33528741590,0.0735988233044782,2376.116629464286,1881.652274576823,293.2050829102231,2496.397705078125,2510.23779296875,2582.422607421875,82.17132799196393,207.4741809886964,118.64327819452126,2610.063232421875
2025-05-14,2610.063232421875,2721.949951171875,2549.68505859375,2680.26220703125,26602676588,-0.02614291683469505,2490.1818498883927,1914.5620524088542,163.7064155521192,2680.129638671875,2496.397705078125,2510.23779296875,76.82543759940415,221.04514949711302,139.12365245503963,2546.85693359375
2025-05-15,2546.85693359375,2645.07421875,2482.212890625,2610.02783203125,26637688883,-0.02421638604114429,2538.802176339286,1946.5028686523438,105.66943257333871,2610.063232421875,2680.129638671875,2496.397705078125,72.25851177753347,224.1165437268528,156.12223070940226,2536.297607421875
2025-05-16,2536.297607421875,2645.60791015625,2532.027099609375,2547.058349609375,21298907763,-0.004146022508211833,2566.057931082589,1978.4426106770834,63.82190549359651,2546.85693359375,2610.063232421875,2680.129638671875,71.49388702462463,223.12653263129278,169.52309109378035,2475.75439453125
2025-05-17,2475.75439453125,2537.78173828125,2449.0693359375,2536.297607421875,18830706230,-0.023870705359441913,2550.8196149553573,2008.2161458333333,71.53192277838406,2536.297607421875,2546.85693359375,2610.063232421875,67.10904130283227,214.97847239556177,178.61416735413664,2498.233642578125
2025-05-18,2498.233642578125,2585.697021484375,2344.668212890625,2475.76953125,25005164865,0.009079756900171487,2549.104736328125,2038.5264444986979,72.79962272383874,2475.75439453125,2536.297607421875,2546.85693359375,67.89634251445975,207.93798376565928,184.4789306364412,2529.166748046875
2025-05-19,2529.166748046875,2545.461181640625,2353.427001953125,2498.800048828125,27351331811,0.01238199059589462,2553.7860281808034,2069.067907714844,69.83886357423634,2498.233642578125,2475.75439453125,2536.297607421875,68.99612497980932,202.51986594468826,188.08711769809062,2524.173095703125
2025-05-20,2524.173095703125,2585.619873046875,2446.44677734375,2529.135009765625,23453322578,-0.001974425904344268,2531.506522042411,2100.2898681640627,42.23818235841702,2529.166748046875,2498.233642578125,2475.75439453125,68.58763858788197,195.56862910659447,189.5834199797914,2552.34716796875
2025-05-21,2552.34716796875,2614.060791015625,2454.537841796875,2524.1591796875,31952904125,0.011161703733228778,2523.2613699776784,2132.7102905273437,27.360806343646782,2524.173095703125,2529.166748046875,2498.233642578125,69.67837877687083,190.14130539302005,189.69499706243712,2664.156982421875
2025-05-22,2664.156982421875,2691.102294921875,2546.434814453125,2552.766845703125,26596978352,0.04380666386466037,2540.0185198102677,2162.9378011067706,60.30601245969001,2552.34716796875,2524.173095703125,2529.166748046875,73.59665199357087,192.64157764909578,190.28431317976887,2526.44189453125
2025-05-23,2526.44189453125,2731.220703125,2504.87353515625,2664.08203125,30536501878,-0.051691806751355096,2538.6105608258927,2187.2823893229165,60.522026235884695,2664.156982421875,2552.34716796875,2524.173095703125,62.827566683999144,181.41931582256257,188.51131370832763,2530.646240234375
2025-05-24,2530.646240234375,2575.13134765625,2516.01806640625,2526.387939453125,11380899856,0.001664137106111907,2546.4522530691966,2212.6428751627604,54.25185366838736,2526.44189453125,2664.156982421875,2552.34716796875,63.005541687550576,170.89487825589777,184.98802661784168,2551.763916015625
2025-05-25,2551.763916015625,2553.869140625,2467.880126953125,2530.89013671875,14556431364,0.008344775909608915,2554.099434988839,2238.147188313802,49.92228190751239,2530.646240234375,2526.44189453125,2664.156982421875,63.93944687076194,162.3863172246115,180.46768473919565,2564.138427734375
2025-05-26,2564.138427734375,2598.566650390625,2530.321533203125,2551.380859375,14936610009,0.004849395212889407,2559.095389229911,2262.8890991210938,48.747360562505854,2551.763916015625,2530.646240234375,2526.44189453125,64.50490582120791,154.85664991869362,175.34547777509528,2663.06982421875
2025-05-27,2663.06982421875,2712.28515625,2512.588623046875,2564.140869140625,26264200536,0.03858270497969518,2578.9377790178573,2291.895926920573,59.291517787771774,2564.138427734375,2551.763916015625,2530.646240234375,68.72700923865705,155.0845530319707,171.29329282647035,2682.212890625
2025-05-28,2682.212890625,2688.7421875,2611.160888671875,2663.01025390625,19087366068,0.007188345657390238,2597.4900251116073,2321.3412963867186,69.09207832680947,2663.06982421875,2564.138427734375,2551.763916015625,69.48342126697042,155.02284648894602,168.03920355896548,2632.65478515625
2025-05-29,2632.65478515625,2784.75244140625,2620.982666015625,2681.84326171875,27567479811,-0.01847657419064974,2592.9897112165177,2349.1239339192707,64.9263673980195,2682.212890625,2663.06982421875,2564.138427734375,65.09389983210617,149.25450563876802,164.282263974926,2529.943603515625
2025-05-30,2529.943603515625,2648.2607421875,2510.163818359375,2632.8359375,24599403943,-0.039014299261621144,2593.4899553571427,2373.662874348958,64.3390073261297,2632.65478515625,2682.212890625,2663.06982421875,57.049794033567245,134.8407596493339,158.3939631098076,2529.08740234375
2025-05-31,2529.08740234375,2550.483642578125,2484.215576171875,2529.833984375,13992843765,-0.00033842697943353706,2593.267264229911,2396.6584025065104,64.59496413177895,2529.943603515625,2632.65478515625,2682.212890625,56.98657427853166,121.94299093564632,151.10376867497536,2536.266357421875
2025-06-01,2536.266357421875,2547.77294921875,2472.540771484375,2529.0966796875,13287852482,0.002838555548326349,2591.0533272879466,2419.7770182291665,66.49225668398783,2529.08740234375,2529.943603515625,2632.65478515625,57.412710867581666,111.02091795040633,143.08719853006156,2607.097412109375
2025-06-02,2607.097412109375,2615.515625,2477.292724609375,2536.184814453125,16744168824,0.027927293393387842,2597.1903250558034,2445.552274576823,65.57016959224637,2536.266357421875,2529.08740234375,2529.943603515625,61.4687745967061,106.84888315982926,135.8395354560151,2593.2802734375
2025-06-03,2593.2802734375,2652.418701171875,2582.25048828125,2607.197509765625,18291179016,-0.005299816803046031,2587.220389229911,2471.7084757486978,58.844520550947855,2607.097412109375,2536.266357421875,2529.08740234375,60.26303134853207,101.26032195509833,128.92369275583175,2608.64306640625
2025-06-04,2608.64306640625,2677.970458984375,2585.73779296875,2593.482666015625,18621211035,0.005924077364914293,2576.7104143415177,2498.006660970052,43.661967363385855,2593.2802734375,2607.097412109375,2536.266357421875,61.17493554389075,96.95337774998097,122.52962975466161,2416.28564453125
2025-06-05,2416.28564453125,2640.60400390625,2395.753662109375,2608.607177734375,26194462737,-0.07373849813037003,2545.800537109375,2518.046598307292,67.52356987690182,2608.64306640625,2593.2802734375,2607.097412109375,46.718357660692035,77.12935786420485,113.44957537657027,2477.19482421875
2025-06-06,2477.19482421875,2530.391845703125,2387.608642578125,2416.455078125,19407449565,0.02520777285804554,2538.2649972098216,2540.232869466146,72.35837419943718,2416.28564453125,2608.64306640625,2593.2802734375,50.69182285902708,65.57760325225263,103.87518095170674,2526.50537109375
2025-06-07,2526.50537109375,2543.048828125,2459.13720703125,2477.183349609375,11664303387,0.019905800865118284,2537.8961356026784,2550.8992268880206,72.41951169790975,2477.19482421875,2416.28564453125,2608.64306640625,53.702024338249224,59.71336502206486,95.04281776577838,2510.787109375
2025-06-08,2510.787109375,2547.467041015625,2493.920166015625,2526.193359375,12097170203,-0.006221345063654238,2534.2562430245534,2556.408553059896,73.15168652375043,2526.50537109375,2477.19482421875,2416.28564453125,52.59970032758853,53.184503764187866,86.67115496546029,2681.51708984375
2025-06-09,2681.51708984375,2693.806640625,2479.867919921875,2510.838134765625,20605172560,0.06799858890117094,2544.887625558036,2559.711702473958,89.15880259202814,2510.787109375,2526.50537109375,2477.19482421875,61.77731398018682,61.082693485418986,81.55346266945205,2813.517578125
2025-06-10,2813.517578125,2824.80810546875,2658.67724609375,2681.285400390625,35555755055,0.049226047740363876,2576.35009765625,2569.8210286458334,135.76127667803152,2681.51708984375,2510.787109375,2526.50537109375,67.08381875591505,77.10458827536695,80.66368779063504,2773.529296875
2025-06-11,2773.529296875,2877.62939453125,2746.4599609375,2813.73974609375,30705408054,-0.01421291324458307,2599.9052734375,2579.0587483723957,155.2093328931152,2813.517578125,2681.51708984375,2510.787109375,64.17705956050686,85.58872172019392,81.64869457654682,2651.795166015625
2025-06-12,2651.795166015625,2784.2626953125,2619.966552734375,2773.597900390625,25924959613,-0.04389141697422694,2633.549490792411,2578.114265950521,132.66026873489395,2773.529296875,2813.517578125,2681.51708984375,56.194383692330334,81.54947997200043,81.62885165563753,2579.486083984375
2025-06-13,2579.486083984375,2651.91552734375,2443.962646484375,2651.91552734375,37986747138,-0.02726797414745119,2648.162527901786,2577.0950276692706,117.31280523050118,2651.795166015625,2773.529296875,2813.517578125,52.05269835552884,71.68724721554372,79.64053076761877,2533.444091796875
2025-06-14,2533.444091796875,2580.158203125,2491.49072265625,2579.721435546875,14285000473,-0.017849288846087386,2649.1537737165177,2576.6479329427084,116.13694748599032,2579.486083984375,2651.795166015625,2773.529296875,49.5485443737327,59.47061251999503,75.60654711809403,2546.837158203125
2025-06-15,2546.837158203125,2558.677734375,2493.20458984375,2533.183349609375,13961893828,0.005286505610925474,2654.303780691964,2576.9992513020834,109.59352279702286,2533.444091796875,2579.486083984375,2651.795166015625,50.297585848014066,50.289840064208875,70.543205707317,2540.60498046875
2025-06-16,2540.60498046875,2680.087646484375,2517.145263671875,2547.226806640625,22792449577,-0.0024470263889081467,2634.1734793526784,2579.1609375,116.4865451368406,2546.837158203125,2533.444091796875,2579.486083984375,49.92613224225245,42.02666980164304,64.83989852618221,2510.761474609375
2025-06-17,2510.761474609375,2617.9013671875,2456.64892578125,2540.314453125,25653232897,-0.011746613932036243,2590.922607421875,2579.5785319010415,92.5440821792359,2540.60498046875,2546.837158203125,2533.444091796875,48.09446235574082,32.69306106809745,58.41053103456527,2524.301513671875
2025-06-18,2524.301513671875,2546.62744140625,2469.05029296875,2510.81689453125,19873957905,0.005392801825034654,2555.3186383928573,2579.416357421875,47.62021927616963,2510.761474609375,2540.60498046875,2546.837158203125,49.00851602032069,26.087951232634623,51.946015074179144,2521.653564453125
2025-06-19,2521.653564453125,2546.76953125,2486.101806640625,2524.404052734375,12782730709,-0.0010489829382142046,2536.726981026786,2579.332373046875,22.40602768364368,2524.301513671875,2510.761474609375,2540.60498046875,48.827425280662005,20.40447662349561,45.637707384042436,2407.30419921875
2025-06-20,2407.30419921875,2569.0146484375,2371.474365234375,2521.5263671875,22592586688,-0.04534697662134013,2512.129568917411,2574.497607421875,47.782261784062136,2521.653564453125,2524.301513671875,2510.761474609375,41.66718437892271,6.597195567741437,37.82960502078223,2300.49560546875
2025-06-21,2300.49560546875,2448.41162109375,2222.8125,2407.34765625,16108791762,-0.04436854876282892,2478.8512137276784,2562.3755615234377,91.5435692058472,2407.30419921875,2521.653564453125,2524.301513671875,36.310961057443585,-12.816000151926346,27.70048398624052,2228.213134765625
2025-06-22,2228.213134765625,2313.85302734375,2116.681396484375,2298.8427734375,28458151601,-0.031420390689421374,2433.33349609375,2552.434602864583,125.15035625666971,2300.49560546875,2407.30419921875,2521.653564453125,33.20052715932532,-33.645840613431574,15.431219066306102,2421.824951171875
2025-06-23,2421.824951171875,2434.23974609375,2191.418212890625,2228.484619140625,26247439429,0.0868910668308287,2416.364920479911,2548.8072265625,115.89177233140997,2228.213134765625,2300.49560546875,2407.30419921875,46.436007982723055,-34.13727054244919,5.517521144555045,2448.0087890625
2025-06-24,2448.0087890625,2481.222900390625,2379.5693359375,2421.83056640625,19539047009,0.01081161455453472,2407.4002511160716,2545.3487223307293,109.63080868261616,2421.824951171875,2228.213134765625,2300.49560546875,47.938356488830784,-32.04452606202949,-1.9948882967618617,2419.310302734375
2025-06-25,2419.310302734375,2468.677978515625,2394.607421875,2448.7373046875,17158118625,-0.011723195789307361,2392.4015066964284,2540.5211181640625,97.48050495498656,2448.0087890625,2421.824951171875,2228.213134765625,46.40216153142373,-32.32906959714046,-8.061724556837582,2416.146728515625
2025-06-26,2416.146728515625,2519.619873046875,2399.533935546875,2419.15478515625,18300413888,-0.0013076347482894324,2377.3291015625,2532.290348307292,80.91373227799241,2419.310302734375,2448.0087890625,2421.824951171875,46.22630597131186,-32.43594501563621,-12.936568648597309,2423.866943359375
2025-06-27,2423.866943359375,2463.15478515625,2386.324951171875,2416.023193359375,15309834970,0.0031952591093227234,2379.6952078683034,2523.678816731771,82.16879725417327,2416.146728515625,2419.310302734375,2448.0087890625,46.75660360115054,-31.534181324464498,-16.656091183770748,2437.109375
2025-06-28,2437.109375,2448.191650390625,2407.76171875,2423.92529296875,8273074809,0.00546334924732772,2399.2114606584823,2517.160636393229,76.2319794657218,2423.866943359375,2416.146728515625,2419.310302734375,47.709176738972324,-29.411931107063992,-19.2072591684294,2500.9599609375
2025-06-29,2500.9599609375,2523.320556640625,2417.625244140625,2437.11474609375,12500580479,0.02619931078698512,2438.17529296875,2516.194514973958,29.869037514695936,2437.109375,2423.866943359375,2416.146728515625,52.15405196278766,-22.32052671827978,-19.829912678399477,2486.46435546875
2025-06-30,2486.46435546875,2521.720458984375,2438.054931640625,2500.60546875,16859727663,-0.005796016607685361,2447.409493582589,2514.773746744792,33.71587921080156,2500.9599609375,2437.109375,2423.866943359375,51.09224579440019,-17.666562727784367,-19.397242688276457,2405.792724609375
2025-07-01,2405.792724609375,2500.591796875,2389.81591796875,2486.428466796875,15025451796,-0.032444314225516746,2441.3786272321427,2510.424625651042,37.18772182652698,2486.46435546875,2500.9599609375,2437.109375,45.53600253861088,-20.2543100661469,-19.568656163850545,2571.33544921875
2025-07-02,2571.33544921875,2616.78369140625,2378.3935546875,2405.857421875,22792512025,0.06881005288444131,2463.096505301339,2509.232560221354,59.7183123335498,2405.792724609375,2486.46435546875,2500.9599609375,56.0889548957206,-8.845241657948463,-17.42397326267013,2591.00732421875
2025-07-03,2591.00732421875,2635.192138671875,2558.58251953125,2570.796630859375,20873559425,0.007650450666005781,2488.076590401786,2509.1567952473956,72.09545115368589,2571.33544921875,2405.792724609375,2486.46435546875,57.15143566832209,1.7635540083938395,-13.586467808457337,2508.518310546875
2025-07-04,2508.518310546875,2601.11962890625,2475.7548828125,2590.845703125,17222740209,-0.03183665785149692,2500.1696428571427,2505.819303385417,66.40509040187193,2591.00732421875,2571.33544921875,2405.792724609375,51.52188084659888,3.4748708442857605,-10.174200077908718,2517.280029296875
2025-07-05,2517.280029296875,2529.84228515625,2489.00244140625,2508.095947265625,9289382302,0.003492786444157847,2511.6225934709823,2509.185782877604,60.3542232508026,2508.518310546875,2591.00732421875,2571.33544921875,52.06201859746074,5.474987002386115,-7.044362661849752,2571.236572265625
2025-07-06,2571.236572265625,2603.064697265625,2505.370849609375,2517.280029296875,13190436110,0.021434461935417204,2521.662109375,2512.3205078125,64.01872794128514,2517.280029296875,2508.518310546875,2591.00732421875,55.36052505817208,11.283862212053009,-3.3787176870692,2543.01318359375
2025-07-07,2543.01318359375,2589.324951171875,2517.903564453125,2571.395263671875,18440266947,-0.010976581842489175,2529.7405133928573,2512.8707682291665,62.38395543359104,2571.236572265625,2517.280029296875,2508.518310546875,53.29480165251882,13.454945833128477,-0.011984983029664775,2615.505859375
2025-07-08,2615.505859375,2626.66455078125,2525.437744140625,2542.97265625,17537487206,0.028506606355380493,2559.699532645089,2516.361393229167,38.859550002704125,2543.01318359375,2571.236572265625,2517.280029296875,57.66445314806466,20.785496073408012,4.147511228257871,2770.777587890625
2025-07-09,2770.777587890625,2794.5185546875,2591.947021484375,2615.505859375,27229452849,0.05936584999764771,2588.1912667410716,2519.3367431640627,89.25290492717195,2615.505859375,2543.01318359375,2571.236572265625,65.1790421752137,38.67828162959313,11.053665308524923,2954.84521484375
2025-07-10,2954.84521484375,2995.152099609375,2757.2666015625,2770.7373046875,33929201261,0.06643175827521208,2640.1681082589284,2524.0476643880206,164.98107433278147,2770.777587890625,2615.505859375,2543.01318359375,71.61192587203365,66.93952509432302,22.230837265684542,2957.88623046875
2025-07-11,2957.88623046875,3038.14111328125,2916.95654296875,2954.832763671875,36226558863,0.0010291624108509367,2704.363525390625,2530.1928955078124,190.64727649331851,2954.84521484375,2770.777587890625,2615.505859375,71.70492988384235,88.56126951005854,35.496923714559344,2942.91162109375
2025-07-12,2942.91162109375,2979.780029296875,2907.193603515625,2958.333740234375,16317198254,-0.005062604917237423,2765.168038504464,2539.89677734375,188.90162428883994,2957.88623046875,2954.84521484375,2770.777587890625,70.48043808444966,103.29758168609033,49.05705530886554,2973.35888671875
2025-07-13,2973.35888671875,3016.3935546875,2938.736572265625,2942.853515625,17361753131,0.010345966697322684,2822.614083426339,2553.025870768229,181.07853779334292,2942.91162109375,2957.88623046875,2954.84521484375,71.54446141955658,116.09478669795499,62.464601586683436,3013.350830078125
2025-07-14,3013.350830078125,3079.985595703125,2965.32373046875,2973.22509765625,36349290556,0.013450089573111779,2889.80517578125,2569.0227620442706,143.3747793892203,2973.35888671875,2942.91162109375,2957.88623046875,72.92490944024652,127.98830990460283,75.56934325026732,3139.8896484375
2025-07-15,3139.8896484375,3142.42724609375,2934.371337890625,3013.29345703125,39013656112,0.04199272686615596,2964.7171456473216,2588.7911783854165,109.0546270359966,3013.350830078125,2973.35888671875,2942.91162109375,76.76568607314239,145.94230579141777,89.64393575849742,3371.5068359375
2025-07-16,3371.5068359375,3422.60302734375,3102.477783203125,3139.8896484375,46771354461,0.07376602792880305,3050.5356096540177,2616.4879069010417,156.8805855738702,3139.8896484375,3013.350830078125,2973.35888671875,81.84291688428075,176.82225136323723,107.07959887944538,3476.784423828125
2025-07-17,3476.784423828125,3521.685302734375,3315.9990234375,3371.5068359375,47532846793,0.03122567831346279,3125.0983537946427,2648.688671875,216.51916351269847,3371.5068359375,3139.8896484375,3013.350830078125,83.5974378837505,207.39908466162706,127.14349603588172,3549.016357421875
2025-07-18,3549.016357421875,3674.855224609375,3463.38623046875,3476.1240234375,59198465810,0.020775499653849394,3209.5455147879466,2682.8458333333333,252.6890736401749,3476.784423828125,3371.5068359375,3139.8896484375,84.6905156258691,234.7538623226974,148.66556929324486,3595.273681640625
2025-07-19,3595.273681640625,3608.275634765625,3512.97314453125,3548.926025390625,26031719746,0.013033843623181607,3302.7400948660716,2718.6331705729167,258.2010149632185,3549.016357421875,3476.784423828125,3371.5068359375,85.36321496980244,257.2004534498442,170.37254612456474,3759.471435546875
2025-07-20,3759.471435546875,3819.398681640625,3582.349609375,3595.240478515625,44600451066,0.04567044638207407,3415.0418875558034,2763.7054117838543,261.99118100883516,3595.273681640625,3549.016357421875,3476.784423828125,87.46818452967165,284.9541510439781,193.28886710844742,3763.371337890625
2025-07-21,3763.371337890625,3856.76708984375,3705.353759765625,3758.920654296875,42611467663,0.0010373538968471152,3522.187674386161,2812.4679361979165,220.39828962697646,3759.471435546875,3595.273681640625,3549.016357421875,87.5141139217365,303.7622635791231,215.38354640258257,3749.1455078125
2025-07-22,3749.1455078125,3798.100341796875,3624.140380859375,3762.882080078125,45248868820,-0.0037800761075303946,3609.2242257254466,2863.1656819661457,154.80255437657033,3763.371337890625,3759.471435546875,3595.273681640625,86.2720177326876,313.90146201405423,235.08712952487693,3629.70361328125
2025-07-23,3629.70361328125,3765.0263671875,3532.8564453125,3749.238525390625,41283228953,-0.03185843128317001,3646.1094796316966,2903.4283040364585,114.14112556103122,3749.1455078125,3763.371337890625,3759.471435546875,76.45966263134916,308.7399254746665,249.81768871483487,3708.005615234375
2025-07-24,3708.005615234375,3771.381591796875,3514.999267578125,3629.731689453125,40377960354,0.021572560819185016,3679.1410784040177,2945.4281982421876,87.26562011421353,3629.70361328125,3749.1455078125,3763.371337890625,78.20940182223183,307.4238964275364,261.3389302573752,3727.266845703125
2025-07-25,3727.266845703125,3744.820068359375,3579.962890625,3708.005615234375,42264509577,0.005194498732584263,3704.6054338727677,2989.026749674479,66.50356305603212,3708.005615234375,3629.70361328125,3749.1455078125,78.63018393137997,304.42592172512605,269.9563285509254,3741.39599609375
2025-07-26,3741.39599609375,3789.789794921875,3702.774169921875,3727.2373046875,24635287361,0.0037907536475187964,3725.480050223214,3033.201725260417,46.34330149874926,3727.266845703125,3708.005615234375,3629.70361328125,78.9512767374384,299.7349515851665,275.9120531577736,3875.24658203125
2025-07-27,3875.24658203125,3876.93359375,3733.681640625,3741.25732421875,28897450394,0.03577557309550983,3742.019356863839,3081.581046549479,73.30980912918155,3741.39599609375,3727.266845703125,3708.005615234375,81.74900343378009,303.3214467743983,281.3939318810985,3787.42578125
2025-07-28,3787.42578125,3940.652099609375,3756.515869140625,3875.255859375,35831336149,-0.022661990384936437,3745.4557059151784,3126.591593424479,75.0212697678596,3875.24658203125,3741.39599609375,3727.266845703125,74.73057830501635,295.6690763130482,284.2489607674885,3793.454833984375
2025-07-29,3793.454833984375,3883.997802734375,3716.88330078125,3788.319580078125,35540435995,0.0015918602984175134,3751.7856096540177,3169.674755859375,77.22151405043908,3787.42578125,3875.24658203125,3741.39599609375,74.88996092653585,286.78513128296026,284.7561948705829,3808.20166015625
2025-07-30,3808.20166015625,3832.884033203125,3683.14453125,3793.58251953125,34392494235,0.0038874395023140718,3777.285330636161,3213.732666015625,57.01765796399427,3793.454833984375,3787.42578125,3875.24658203125,75.30032660923864,277.7329538596168,283.3515466683897,3696.707763671875
2025-07-31,3696.707763671875,3877.47021484375,3685.004150390625,3808.24609375,32839839444,-0.029277308933214563,3775.6713518415177,3256.7631673177084,59.415080517040955,3808.20166015625,3793.454833984375,3787.42578125,66.45725285169576,258.5816441490174,278.39756616451524,3488.365966796875
2025-08-01,3488.365966796875,3722.585693359375,3432.3798828125,3696.144287109375,46261558200,-0.05635874139752328,3741.542654854911,3287.330851236979,124.6521313577644,3696.707763671875,3808.20166015625,3793.454833984375,53.753710711347296,224.01039896522525,267.52013272465723,3392.7412109375
2025-08-02,3392.7412109375,3535.558837890625,3370.943115234375,3487.956787109375,30165065282,-0.027412478154400954,3691.7348284040177,3314.055314127604,181.44127234082276,3488.365966796875,3696.707763671875,3808.20166015625,49.11326328859399,186.74365484708824,251.36483714914345,3497.379150390625
2025-08-03,3497.379150390625,3520.831298828125,3357.93896484375,3392.744384765625,19363593865,0.030841709681774132,3637.7537667410716,3347.017342122396,173.793695983115,3392.7412109375,3488.365966796875,3696.707763671875,53.812029227060734,163.76511653600937,233.84489302651667,3718.986083984375
2025-08-04,3718.986083984375,3734.9775390625,3491.554931640625,3497.613037109375,30905749658,0.06336371438852972,3627.9766671316966,3387.074210611979,165.70723595193525,3497.379150390625,3392.7412109375,3488.365966796875,61.847037455224985,161.57376507998242,219.39066743720986,3611.8994140625
2025-08-05,3611.8994140625,3720.656494140625,3547.62109375,3719.81787109375,32778742296,-0.028794587423448093,3602.0401785714284,3421.762972005208,148.8398874464605,3718.986083984375,3497.379150390625,3392.7412109375,56.7128072093613,149.47307143741818,205.40714823725153,3683.920654296875
2025-08-06,3683.920654296875,3698.124755859375,3567.095947265625,3612.038818359375,26924415763,0.01993999056395901,3584.2857491629466,3459.793221028646,125.77439461252337,3611.8994140625,3718.986083984375,3497.379150390625,59.16790058960549,144.0343583009726,193.13259024999576,3914.325927734375
2025-08-07,3914.325927734375,3926.204345703125,3650.365966796875,3684.06201171875,38627826066,0.06254349511267532,3615.3740583147323,3503.087223307292,175.3271320535216,3683.920654296875,3611.8994140625,3718.986083984375,65.84231958012134,156.51174892924473,185.80842198584557,4009.848876953125
2025-08-08,4009.848876953125,4068.84765625,3882.443115234375,3914.110595703125,45460293892,0.02440342244929994,3689.8716169084823,3544.389599609375,217.970847813212,3914.325927734375,3683.920654296875,3611.8994140625,68.16563382285702,172.12393697819925,183.07152498431634,4263.59912109375
2025-08-09,4263.59912109375,4323.76123046875,4007.709228515625,4009.150634765625,45279715746,0.06328174749903215,3814.2798897879466,3588.0147298177085,263.8189358122623,4009.848876953125,3914.325927734375,3683.920654296875,73.35104497412283,202.636366612066,186.98449330986628,4254.2177734375
2025-08-10,4254.2177734375,4332.21044921875,4163.9404296875,4263.552734375,36173931367,-0.0022003353011864624,3922.3996930803573,3631.22578125,267.36136755031447,4263.59912109375,4009.848876953125,3914.325927734375,72.87840624971551,223.4845003684477,194.28449472158258,4226.966796875
2025-08-11,4226.966796875,4362.0927734375,4168.875,4254.2314453125,49989853803,-0.006405637420032861,3994.9683663504466,3674.027620442708,271.8495733297452,4254.2177734375,4263.59912109375,4009.848876953125,71.43842645150583,235.09780930799525,202.44715763886512,4590.9248046875
2025-08-12,4590.9248046875,4634.05517578125,4222.3623046875,4227.20703125,57237189036,0.08610382463415012,4134.829136439732,3727.946484375,292.9471375055063,4226.966796875,4254.2177734375,4263.59912109375,77.7591047833082,270.5510655470084,216.0679392204938,4756.27587890625
2025-08-13,4756.27587890625,4784.6689453125,4566.23876953125,4590.65771484375,62550014642,0.036016942392504525,4288.022739955357,3786.043986002604,298.19115389941356,4590.9248046875,4226.966796875,4254.2177734375,79.93194263064535,308.4350293124371,234.54135723888248,4548.16650390625
2025-08-14,4548.16650390625,4788.5517578125,4461.28173828125,4756.04345703125,75681632806,-0.04375468965602913,4378.571393694197,3832.9865478515626,259.53157970472745,4756.27587890625,4590.9248046875,4226.966796875,70.58524321101146,317.99995073193304,251.2330759374926,4439.98876953125
2025-08-15,4439.98876953125,4667.72998046875,4375.54541015625,4549.07568359375,55445715824,-0.023784910750758614,4440.019949776785,3868.6026123046877,202.28864261025006,4548.16650390625,4756.27587890625,4590.9248046875,66.24867647008307,313.24034111636,263.6345289732661,4426.18017578125
2025-08-16,4426.18017578125,4493.1494140625,4379.16455078125,4439.998046875,26816931514,-0.0031100515039045318,4463.245814732143,3900.2491373697917,187.44568746935425,4439.98876953125,4548.16650390625,4756.27587890625,65.6938551739315,304.8400715045427,271.8756374795214,4473.271484375
2025-08-17,4473.271484375,4575.87646484375,4400.71337890625,4426.259765625,31348101438,0.010639266076744924,4494.539202008928,3931.0576416015624,163.48709118188455,4426.18017578125,4439.98876953125,4548.16650390625,66.7175424210879,298.54127438590194,277.2087648607975,4312.5048828125
2025-08-18,4312.5048828125,4484.009765625,4229.3798828125,4473.33056640625,53518423360,-0.03593937951766457,4506.758928571428,3954.9653483072916,141.92980850523722,4473.271484375,4426.18017578125,4439.98876953125,60.12175320159406,277.3794534488079,277.2429025783996,4073.464111328125
2025-08-19,4073.464111328125,4355.0751953125,4070.535400390625,4312.5302734375,50440367102,-0.055429681352263005,4432.835972377232,3965.4317708333333,209.47263267313866,4312.5048828125,4473.271484375,4426.18017578125,51.9050569306633,238.5698803061914,269.50829812395796,4334.50048828125
2025-08-20,4334.50048828125,4376.78955078125,4064.965087890625,4073.168212890625,49577862965,0.06408215951312646,4372.58234514509,3984.4694091796873,154.33497128463353,4073.464111328125,4312.5048828125,4473.271484375,58.56468501889866,226.26818919292418,260.8602763377512,4223.2099609375
2025-08-21,4223.2099609375,4338.826171875,4205.77685546875,4334.5673828125,33618359942,-0.025675513855549226,4326.15998186384,4000.2715576171877,141.01581580107126,4334.50048828125,4073.464111328125,4312.5048828125,55.06394594360995,205.17368042213957,249.7229571546289,4831.3486328125
2025-08-22,4831.3486328125,4884.22802734375,4209.47216796875,4223.73095703125,75965521535,0.14399915644733907,4382.06853376116,4040.3263916015626,237.9394106192303,4223.2099609375,4334.50048828125,4073.464111328125,66.75750367575532,234.8209686809596,246.74255945989506,4776.09033203125
2025-08-23,4776.09033203125,4831.61083984375,4669.72509765625,4831.08837890625,36503623278,-0.011437448418844975,4432.055698939732,4075.9292154947916,281.5159268813284,4831.3486328125,4223.2099609375,4334.50048828125,65.09978484016187,250.96480906436864,247.5870093807898,4779.6474609375
2025-08-24,4779.6474609375,4953.73291015625,4714.47265625,4776.70458984375,52405003873,0.0007447783980119027,4475.823695591518,4111.008569335938,311.2392252085243,4776.09033203125,4831.3486328125,4223.2099609375,65.15976100209903,261.0368788038422,250.2769832654003,4372.98779296875
2025-08-25,4372.98779296875,4796.35009765625,4343.947265625,4779.76953125,63936163545,-0.08508151935728459,4484.464111328125,4132.061629231771,306.7568859923651,4779.6474609375,4776.09033203125,4831.3486328125,53.780986054185306,233.51323481528016,246.9242335753763,4600.4267578125
2025-08-26,4600.4267578125,4632.0732421875,4316.30078125,4372.88037109375,53829747706,0.05200997021062914,4559.744489397322,4156.234301757812,248.14482019792865,4372.98779296875,4779.6474609375,4776.09033203125,58.17966243228634,227.43128603895366,243.0256440680918,4503.39306640625
2025-08-27,4503.39306640625,4659.9873046875,4489.2978515625,4600.51025390625,43509902322,-0.021092323933093016,4583.872000558035,4180.099877929688,230.15240458481878,4600.4267578125,4372.98779296875,4779.6474609375,55.74225443833429,212.33383755741397,236.88728276595626,4507.177734375
2025-08-28,4507.177734375,4629.03125,4435.109375,4503.63134765625,36045274078,0.0008404036496352241,4624.438825334822,4203.890641276042,174.21538812241582,4503.39306640625,4600.4267578125,4372.98779296875,55.819999473689144,198.38750428240382,229.18732706924578,4360.15283203125
2025-08-29,4360.15283203125,4513.859375,4272.45947265625,4507.63134765625,46899991962,-0.032620169651272346,4557.125139508928,4222.289013671875,171.96099387244536,4507.177734375,4503.39306640625,4600.4267578125,51.99859682320029,173.47158139527528,218.04417793445168,4374.1533203125
2025-08-30,4374.1533203125,4413.27490234375,4264.1953125,4360.0888671875,25883112278,0.0032110086092389523,4499.70556640625,4244.870532226562,152.68561378327195,4360.15283203125,4507.177734375,4503.39306640625,52.333242752581924,153.09052313981556,205.05344697552445,4390.01904296875
2025-08-31,4390.01904296875,4497.1767578125,4373.5966796875,4374.8935546875,26683044984,0.0036271528440883216,4444.044363839285,4274.925634765625,92.9640277651325,4374.1533203125,4360.15283203125,4507.177734375,52.73537526486445,136.6434779021065,191.37145316084087,4314.47021484375
2025-09-01,4314.47021484375,4490.3466796875,4221.24755859375,4389.6259765625,37530746508,-0.017209225605980594,4435.684709821428,4305.649934895833,102.55494451499905,4390.01904296875,4374.1533203125,4360.15283203125,50.54854635187554,116.17373847339331,176.33191022335137,4325.36572265625
2025-09-02,4325.36572265625,4414.93408203125,4260.45947265625,4314.39111328125,39884692334,0.002525340834435452,4396.390276227678,4333.249487304687,78.87444541751908,4314.47021484375,4390.01904296875,4374.1533203125,50.86499858663305,99.6814334077535,161.0018148602318,4450.38916015625
2025-09-03,4450.38916015625,4489.19873046875,4286.2060546875,4324.6962890625,35260873497,0.028904708992612438,4388.818289620535,4357.62958984375,68.78954175697459,4325.36572265625,4314.47021484375,4390.01904296875,54.46577147461617,95.59752065367411,147.92095601892026,4298.744140625
2025-09-04,4298.744140625,4483.451171875,4268.5888671875,4450.2158203125,34919798552,-0.03407455260068215,4359.042061941965,4380.5244140625,52.10571680427981,4450.38916015625,4325.36572265625,4314.47021484375,49.70751138819597,79.21140487913908,134.17904579096404,4306.98876953125
2025-09-05,4306.98876953125,4484.361328125,4258.0498046875,4298.8369140625,44163736676,0.00191791570666755,4351.447195870535,4401.293351236979,55.669518661816056,4298.744140625,4450.38916015625,4325.36572265625,49.96345217503232,66.12827710666443,120.56889205410413,4274.2421875
2025-09-06,4274.2421875,4327.43994140625,4244.7548828125,4306.97314453125,18108246446,-0.007603126867408605,4337.174176897322,4413.290559895833,61.39161667019482,4306.98876953125,4298.744140625,4450.38916015625,48.8990245970488,52.51210177124449,106.95753399753221,4305.34765625
2025-09-07,4305.34765625,4334.2744140625,4271.5341796875,4274.1669921875,17426783536,0.007277423081211376,4325.078264508928,4423.140519205729,57.45977354511186,4274.2421875,4306.98876953125,4298.744140625,49.98892135053413,43.72707755664214,94.31144270935421,4308.072265625
2025-09-08,4308.072265625,4381.27490234375,4279.97216796875,4305.38134765625,32277142378,0.0006328430576436617,4324.164271763393,4424.622957356771,57.706988392946805,4305.34765625,4274.2421875,4306.98876953125,50.08933706600368,36.563257309513574,82.76180562938609,4309.04150390625
2025-09-09,4309.04150390625,4381.2265625,4277.85302734375,4308.283203125,30703320925,0.00022498189944109015,4321.832240513393,4426.450415039062,57.97954393786691,4308.072265625,4305.34765625,4274.2421875,50.12769947426438,30.61122048523066,72.33168860055501,4349.14599609375
2025-09-10,4349.14599609375,4450.41796875,4286.0625,4309.091796875,39521365146,0.009307056372314992,4307.368931361607,4430.523055013021,22.077943616346996,4309.04150390625,4308.072265625,4305.34765625,51.7792564969483,28.7983167035527,63.62501422115455,4461.2333984375
2025-09-11,4461.2333984375,4471.69873046875,4339.716796875,4349.2001953125,35959212991,0.025772278613875654,4330.581682477678,4426.200008138021,61.58013489026975,4349.14599609375,4309.04150390625,4308.072265625,56.149971759989604,35.99120974870766,58.09825332666517,4715.24609375
2025-09-12,4715.24609375,4734.27392578125,4453.28466796875,4461.4794921875,43839753626,0.05693777317310178,4388.904157366072,4424.832348632813,156.17948237901408,4461.2333984375,4349.14599609375,4309.04150390625,64.09292405620032,61.47963201985567,58.77452906530328,4668.1796875
2025-09-13,4668.1796875,4763.361328125,4609.12548828125,4714.70361328125,34843845977,-0.009981749693273922,4445.180943080357,4428.832788085938,177.49652692506533,4715.24609375,4461.2333984375,4349.14599609375,61.857078598377726,76.99398592722355,62.41842043768733,4609.59765625
2025-09-14,4609.59765625,4690.64208984375,4581.84716796875,4668.17138671875,28394160275,-0.012549223717087221,4488.645228794643,4434.486417643229,174.7787176965598,4668.1796875,4715.24609375,4461.2333984375,59.09387895031211,83.59847169878321,66.65443068990652,4526.8203125
2025-09-15,4526.8203125,4670.5302734375,4469.861328125,4609.72314453125,40224062009,-0.0179576071325368,4519.894949776785,4437.841088867188,155.6173338222848,4609.59765625,4668.1796875,4715.24609375,55.332598887507515,81.21691635799561,69.56692782352434,4503.564453125
2025-09-16,4503.564453125,4537.599609375,4428.330078125,4526.078125,32761501436,-0.005137349788500112,4547.683942522322,4438.850854492188,126.29491951808394,4526.8203125,4609.59765625,4668.1796875,54.28716652936364,76.57030824788671,70.96760390839681,4592.7333984375
2025-09-17,4592.7333984375,4617.23486328125,4429.64453125,4503.6357421875,44120899417,0.019799637873646025,4582.482142857143,4448.191805013021,91.13924717784057,4503.564453125,4526.8203125,4609.59765625,57.59538310888918,79.17039943158488,72.60816301303443,4589.9189453125
2025-09-18,4589.9189453125,4643.97265625,4556.27001953125,4592.44287109375,33497259158,-0.0006128056825500661,4600.865792410715,4465.406966145833,73.96678564049641,4592.7333984375,4503.564453125,4526.8203125,57.45405077862539,80.0807663554906,74.10268368152566,4470.9169921875
2025-09-19,4470.9169921875,4620.79296875,4443.2646484375,4589.505859375,30352619653,-0.025926809284188335,4565.961635044643,4469.954182942708,68.43762147978144,4589.9189453125,4592.7333984375,4503.564453125,51.67951555341401,70.38838217073953,73.35982337936844,4482.265625
2025-09-20,4482.265625,4509.81201171875,4459.1591796875,4470.978515625,18056494322,0.002538323308692858,4539.402483258928,4478.589371744792,57.33094023219863,4470.9169921875,4589.9189453125,4592.7333984375,52.17319144742345,62.89779111450025,71.2674169263948,4451.3291015625
2025-09-21,4451.3291015625,4499.38916015625,4447.119140625,4482.583984375,19330306133,-0.006901983511407805,4516.792689732143,4465.922054036459,56.23189954165562,4482.265625,4470.9169921875,4589.9189453125,50.65391669924762,53.844439658165356,67.78282147274892,4202.87744140625
2025-09-22,4202.87744140625,4457.08251953125,4092.396728515625,4451.58056640625,58221334533,-0.055815163176552995,4470.51513671875,4446.814957682292,130.65419095150554,4451.3291015625,4482.265625,4470.9169921875,40.46320951417635,26.318240531385527,59.48990528447625,4165.50390625
2025-09-23,4165.50390625,4227.7314453125,4120.8154296875,4203.021484375,32460075911,-0.008892368544476281,4422.220772879465,4426.343505859375,172.25769456727875,4202.87744140625,4451.3291015625,4482.265625,39.18609386799069,1.4708425075541527,47.886092729091835,4153.46923828125
2025-09-24,4153.46923828125,4206.90185546875,4081.34765625,4165.41259765625,33538388785,-0.0028891265593804505,4359.46875,4419.026220703125,179.6405657935435,4165.50390625,4202.87744140625,4451.3291015625,38.76183701571223,-18.973284357713965,34.514217311730675,3868.333984375
2025-09-25,3868.333984375,4162.0625,3829.0107421875,4153.52099609375,68963092031,-0.0686499014554498,4256.385184151785,4394.623128255208,226.32826893762595,4153.46923828125,4165.50390625,4202.87744140625,30.37172382156612,-57.52037512663901,16.10729882405674,4035.887939453125
2025-09-26,4035.887939453125,4069.168701171875,3868.43359375,3868.69091796875,47873508328,0.043314242191835106,4194.238176618303,4379.039624023438,217.14292388688497,3868.333984375,4153.46923828125,4165.50390625,38.76024430085196,-73.69945694646867,-1.8540523300483418,4018.658203125
2025-09-27,4018.658203125,4038.45166015625,3975.758056640625,4035.91455078125,20382555776,-0.004269131498844225,4128.008544921875,4362.755639648438,182.60625383275575,4035.887939453125,3868.333984375,4153.46923828125,38.24992853596419,-86.90994780075653,-18.865231424189982,4141.4765625
2025-09-28,4141.4765625,4143.00390625,3969.79296875,4018.65966796875,24631307054,0.03056203169493088,4083.743896484375,4355.4664306640625,116.90448742100543,4018.658203125,4035.887939453125,3868.333984375,43.91811851915092,-86.47214475581677,-32.38661409051534,4217.341796875
2025-09-29,4217.341796875,4234.78271484375,4087.92724609375,4141.3564453125,38560429932,0.018318402441761972,4085.810232979911,4350.2393798828125,119.46105663391566,4141.4765625,4018.658203125,4035.887939453125,47.145519577892806,-79.09177159660976,-41.72764559173422,4145.95751953125
2025-09-30,4145.95751953125,4238.67138671875,4095.443603515625,4217.05517578125,37679153330,-0.016926367551390986,4083.017892020089,4342.103995768229,117.50014089105555,4217.341796875,4141.4765625,4018.658203125,44.54775024916263,-78.10256948964798,-49.002630371316975,4351.1123046875
2025-10-01,4351.1123046875,4351.1123046875,4125.5419921875,4146.03369140625,46161664723,0.04948308905476795,4111.25261579241,4343.3253987630205,155.0099583814362,4145.95751953125,4217.341796875,4141.4765625,52.6267422314088,-60.07187193481059,-51.2164786840157,4487.923828125
2025-10-02,4487.923828125,4517.6650390625,4336.5263671875,4352.24072265625,48074066058,0.03144288491246505,4199.76545061384,4348.744002278646,169.41005991282782,4351.1123046875,4145.95751953125,4217.341796875,57.11398354523577,-34.346937542874,-47.84257045578737,4514.87060546875
2025-10-03,4514.87060546875,4591.44384765625,4431.47900390625,4486.9345703125,49603450230,0.006004285806920251,4268.191545758928,4350.893383789063,187.9091610647212,4487.923828125,4351.1123046875,4145.95751953125,57.9586622385435,-11.651055851766614,-40.604267534983215,4489.197265625
2025-10-04,4489.197265625,4519.52685546875,4444.0126953125,4514.9091796875,21832270764,-0.005686395488865736,4335.411411830357,4357.2418212890625,166.7364103593453,4514.87060546875,4487.923828125,4351.1123046875,56.810600015070975,4.215377689079105,-31.640338490170755,4515.4228515625
2025-10-05,4515.4228515625,4616.533203125,4472.138671875,4489.05322265625,44880806324,0.005841932173111797,4388.832310267857,4364.189624023437,153.63540670349235,4489.197265625,4514.87060546875,4487.923828125,57.731663870983446,18.690375179751754,-21.574195756186253,4687.771484375
2025-10-06,4687.771484375,4736.208984375,4492.8701171875,4515.30078125,44992456374,0.0381688799649984,4456.036551339285,4377.973933919271,168.30715604904032,4515.4228515625,4489.197265625,4514.87060546875,63.27467270170588,43.566798336350985,-8.545996937678805,4451.15185546875
2025-10-07,4451.15185546875,4755.22021484375,4443.5712890625,4687.7099609375,54879425294,-0.05047593076900958,4499.6357421875,4382.834073893229,100.44270410894603,4687.771484375,4515.4228515625,4489.197265625,52.99869399855339,43.68474581596365,1.9001516130496876,4527.64794921875
2025-10-08,4527.64794921875,4556.2216796875,4417.76806640625,4451.10791015625,40456628235,0.017185685016793073,4524.855119977678,4390.153263346354,76.16404881940034,4451.15185546875,4687.771484375,4515.4228515625,55.51399447268995,49.381575441689165,11.396436378777583,4369.1435546875
2025-10-09,4369.1435546875,4531.716796875,4273.5595703125,4526.9609375,47903074596,-0.03500810935589638,4507.886509486607,4392.156665039062,96.32618980025539,4527.64794921875,4451.15185546875,4687.771484375,49.59187447089161,40.637925294773595,17.244734161976787,3843.0087890625
2025-10-10,3843.0087890625,4395.57080078125,3460.222412109375,4369.0654296875,97736621123,-0.12042057191289324,4411.90625,4375.285424804688,268.7007452819516,4369.1435546875,4527.64794921875,4451.15185546875,35.90121775084039,-8.646487608590178,12.066489807863395,3750.611572265625
2025-10-11,3750.611572265625,3882.241455078125,3652.7900390625,3840.96044921875,62475475938,-0.02404293663335999,4306.394008091518,4351.598030598959,362.0790568476354,3843.0087890625,4369.1435546875,4527.64794921875,34.119795979108616,-54.53181429891265,-1.253171013491814,4164.427734375
2025-10-12,4164.427734375,4195.3974609375,3701.478271484375,3750.946044921875,61216174681,0.11033298280456205,4256.251848493303,4333.237418619791,352.48384661143547,3750.611572265625,3843.0087890625,4369.1435546875,46.84193133996225,-56.8494355056946,-12.372423911932373,4245.4677734375
2025-10-13,4245.4677734375,4292.845703125,4061.224609375,4164.04931640625,50253782420,0.01946006611990403,4193.06560407366,4319.147021484375,297.609577149965,4164.427734375,3750.611572265625,3843.0087890625,48.922175652846846,-51.55264632077251,-20.2084683937004,4125.412109375
2025-10-14,4125.412109375,4265.10546875,3895.9736328125,4245.37255859375,67094148347,-0.028278547964407763,4146.531354631697,4303.007503255209,275.1481994780773,4245.4677734375,4164.427734375,3750.611572265625,46.04731276659902,-56.392335729927254,-27.445241860945774,3987.45947265625
2025-10-15,3987.45947265625,4213.85595703125,3935.161376953125,4125.361328125,50462889453,-0.03343972264134598,4069.361572265625,4285.02880859375,220.83439038064702,4125.412109375,4245.4677734375,4164.427734375,42.92582217337092,-70.54623622201598,-36.06544073315982,3894.75439453125
2025-10-16,3894.75439453125,4079.648193359375,3829.654052734375,3987.14892578125,49147390731,-0.023249158708877005,4001.5916922433034,4264.735139973958,183.06469754007875,3987.45947265625,4125.412109375,4245.4677734375,40.918418204412106,-88.2268056748253,-46.497713721492914,3832.558837890625
2025-10-17,3832.558837890625,3950.56689453125,3678.620361328125,3894.377685546875,57404271888,-0.015969057439913503,4000.0988420758927,4239.395987955729,184.60952908352644,3894.75439453125,3987.45947265625,4125.412109375,39.581070875779076,-106.03513890206386,-58.4051987576071,3890.34619140625
2025-10-18,3890.34619140625,3927.24560546875,3822.266357421875,3833.009521484375,23815676385,0.015078008181977465,4020.0609305245534,4216.076896158854,158.90060891201554,3832.558837890625,3894.75439453125,3987.45947265625,41.49436272758916,-114.16934170390141,-69.55802734686597,3984.649658203125
2025-10-19,3984.649658203125,4029.35546875,3843.77294921875,3890.58349609375,32870655221,0.024240379173758653,3994.378348214286,4199.867985026041,145.65452275288118,3890.34619140625,3832.558837890625,3894.75439453125,44.578717367125385,-111.71843382178486,-77.99010864184976,3980.76025390625
2025-10-20,3980.76025390625,4084.15966796875,3911.726318359375,3984.6962890625,40224612563,-0.0009760969295927735,3956.56298828125,4183.151139322917,95.2374076504063,3984.649658203125,3890.34619140625,3832.558837890625,44.474577136491874,-108.83532817347532,-84.15915254817487,3876.76416015625
2025-10-21,3876.76416015625,4109.533203125,3843.227783203125,3980.740478515625,49960290350,-0.02612468149719649,3921.0418526785716,4163.998974609375,62.51206903508024,3980.76025390625,3984.649658203125,3890.34619140625,41.671417319974935,-113.63218076327848,-90.0537581911956,3808.122314453125
2025-10-22,3808.122314453125,3890.63232421875,3718.0771484375,3877.363037109375,46173305673,-0.017705963754152787,3895.4222586495534,4150.840470377604,67.31954809259214,3876.76416015625,3980.76025390625,3984.649658203125,39.88453018801315,-121.57114776849357,-96.3572361066552,3856.0263671875
2025-10-23,3856.0263671875,3930.974853515625,3801.241455078125,3808.0849609375,36361652714,0.01257944172448533,3889.8896833147323,4140.524552408854,68.95512287604842,3808.122314453125,3876.76416015625,3980.76025390625,41.76141513189491,-122.58430406136404,-101.60264969759697,3934.5673828125
2025-10-24,3934.5673828125,4002.561767578125,3849.724853515625,3856.033203125,34090708715,0.0203683813713873,3904.462332589286,4133.2278238932295,65.51283598441182,3856.0263671875,3808.122314453125,3876.76416015625,44.804167655384205,-115.71573519183084,-104.42526679644375,3953.470947265625
2025-10-25,3953.470947265625,3967.6455078125,3914.640625,3934.489990234375,15245229017,0.004804483597282472,3913.480154854911,4136.06572265625,67.55851921854742,3934.5673828125,3856.0263671875,3808.122314453125,45.54165090746278,-107.50770332694083,-105.04175410254317,4157.9892578125
2025-10-26,4157.9892578125,4177.310546875,3923.192626953125,3953.437255859375,29120786315,0.051731330083082616,3938.2429547991073,4140.135766601563,113.88016399471441,3953.470947265625,3934.5673828125,3856.0263671875,52.87745596377583,-83.53689913473272,-100.74078310898109,4120.1220703125
2025-10-27,4120.1220703125,4250.669921875,4099.56982421875,4158.0107421875,40271333201,-0.009107091228975794,3958.151785714286,4143.517895507813,133.11017467151254,4157.9892578125,3953.470947265625,3934.5673828125,51.49434077723004,-66.82511138716518,-93.95764876461791,3982.262451171875
2025-10-28,3982.262451171875,4173.50537109375,3940.834228515625,4120.27490234375,39684155177,-0.03346008122768285,3973.222970145089,4138.210758463541,128.24280746581613,4120.1220703125,4157.9892578125,3953.470947265625,46.70465849315469,-63.967639192885144,-87.95964685027137,3903.35302734375
2025-10-29,3903.35302734375,4036.35302734375,3849.538818359375,3980.759033203125,35255876156,-0.01981522433432381,3986.8273577008927,4127.744466145833,111.80737369247589,3982.262451171875,4120.1220703125,4157.9892578125,44.17203245647327,-67.29467183387987,-83.82665184699307,3804.375244140625
2025-10-30,3804.375244140625,3948.22265625,3681.909423828125,3903.322509765625,39981939289,-0.025357117972616416,3979.4486258370534,4116.358390299479,123.02038293710265,3903.35302734375,3982.262451171875,4120.1220703125,41.15728382915702,-77.03009410916638,-82.46734029942775,3847.080322265625
2025-10-31,3847.080322265625,3900.580322265625,3797.669189453125,3805.082763671875,37800100395,0.01122525392067275,3966.9504743303573,4099.55732421875,132.42463453181324,3804.375244140625,3903.35302734375,3982.262451171875,42.96597422462539,-80.37305297459943,-82.04848283446209,3874.18798828125
2025-11-01,3874.18798828125,3906.7802734375,3832.634765625,3847.17138671875,17490279524,0.007046295825625215,3955.624337332589,4079.099462890625,137.07839271646807,3847.080322265625,3804.375244140625,3903.35302734375,44.13971437751236,-79.91381316735806,-81.62154890104128,3911.063232421875
2025-11-02,3911.063232421875,3914.87548828125,3839.997314453125,3873.894287109375,20479611654,0.009518186585722344,3920.349190848214,4058.972550455729,104.13668406789807,3874.18798828125,3847.080322265625,3804.375244140625,45.77452978600786,-75.70169625682183,-80.4375783721974,3602.30810546875
2025-11-03,3602.30810546875,3912.63330078125,3560.263671875,3911.747802734375,53091469560,-0.0789440386423853,3846.3757672991073,4029.4095784505207,121.10818214225141,3911.063232421875,3874.18798828125,3847.080322265625,36.217063723511174,-96.1689458843507,-83.58385187462807,3292.574462890625
2025-11-04,3292.574462890625,3652.687255859375,3063.0869140625,3602.040771484375,76827517773,-0.08598199640611282,3747.8489118303573,3988.6479654947916,226.67195675008568,3602.30810546875,3911.063232421875,3874.18798828125,29.551244474646893,-135.8166947624718,-94.03042045219681,3425.171142578125
2025-11-05,3425.171142578125,3479.8095703125,3170.513916015625,3292.148193359375,46955882330,0.040271429297028094,3679.5372140066966,3946.561287434896,243.4320754928732,3292.574462890625,3602.30810546875,3911.063232421875,35.061497221148386,-154.75446436698257,-106.17522923515396,3312.2578125
2025-11-06,3312.2578125,3454.3359375,3245.28173828125,3425.361083984375,36731850433,-0.03296574838976807,3609.2347237723216,3908.598152669271,270.8836147203934,3425.171142578125,3292.574462890625,3602.30810546875,32.71488745028958,-176.83549577997474,-120.30728254411812,3435.301025390625
2025-11-07,3435.301025390625,3471.804931640625,3195.896728515625,3312.029296875,42609994022,0.037147836870148554,3550.409109933036,3872.186588541667,254.8616713529879,3312.2578125,3425.171142578125,3292.574462890625,37.61480826245501,-182.30481684696997,-132.7067894046885,3400.3759765625
2025-11-08,3400.3759765625,3482.268310546875,3357.713134765625,3435.1474609375,23613870398,-0.01016651774327515,3482.7216796875,3839.8943359375,214.21674798393212,3435.301025390625,3312.2578125,3425.171142578125,36.7957186650263,-187.29839346584004,-143.6251102169188,3582.621337890625
2025-11-09,3582.621337890625,3616.43701171875,3359.717529296875,3400.0986328125,28821543888,0.053595650182295396,3435.8014090401784,3831.2147542317707,120.01789035233197,3400.3759765625,3435.301025390625,3312.2578125,43.68679340356133,-174.53819369130497,-149.80772691179604,3568.4599609375
2025-11-10,3568.4599609375,3656.14892578125,3508.98583984375,3583.44482421875,35638045619,-0.003952797579624412,3430.9659598214284,3825.143033854167,112.64687041048089,3582.621337890625,3400.3759765625,3435.301025390625,43.291809060865695,-163.6815294232856,-152.58248741409395,3415.2822265625
2025-11-11,3415.2822265625,3644.5283203125,3404.86181640625,3568.47265625,39734688531,-0.04292544572498369,3448.4956403459823,3800.1715169270833,95.81114205455917,3568.4599609375,3582.621337890625,3400.3759765625,39.16681944667823,-165.5295857512101,-155.1719070815172,3413.09423828125
2025-11-12,3413.09423828125,3586.013916015625,3373.711669921875,3415.7958984375,34898956623,-0.0006406464052173266,3446.7703683035716,3772.425732421875,96.4080224682894,3415.2822265625,3568.4599609375,3582.621337890625,39.10949585733503,-165.26565646075323,-157.1906569573644,3232.757080078125
2025-11-13,3232.757080078125,3561.86083984375,3156.03076171875,3412.994873046875,50283416669,-0.05283685290035778,3435.4131208147323,3742.6705647786457,117.31168679496251,3413.09423828125,3415.2822265625,3568.4599609375,34.61295392411738,-177.56137511878387,-161.2648005896483,3103.78564453125
2025-11-14,3103.78564453125,3252.660888671875,3071.970703125,3232.295166015625,47003809463,-0.039895183075048135,3388.053780691964,3713.2147705078123,171.68217337801485,3232.757080078125,3413.09423828125,3415.2822265625,31.797297641048104,-195.45960111820204,-168.10376069535906,3166.63134765625
2025-11-15,3166.63134765625,3227.690185546875,3104.230224609375,3104.230224609375,19932940649,0.02024808099609965,3354.661690848214,3688.9440022786457,190.5778264586598,3103.78564453125,3232.757080078125,3413.09423828125,34.58955112879575,-202.24163547109947,-174.93133565050715,3092.847412109375
2025-11-16,3092.847412109375,3244.837646484375,3007.07275390625,3166.79345703125,30987886524,-0.023300450051277788,3284.6939871651784,3664.2869547526043,182.68014241077964,3166.63134765625,3103.78564453125,3232.757080078125,32.88719282289412,-211.13634515906278,-182.1723375522183,3024.538818359375
2025-11-17,3024.538818359375,3218.13037109375,2957.3095703125,3092.941650390625,41026793235,-0.02208598894421776,3206.990966796875,3635.426708984375,155.52356464121155,3092.847412109375,3166.63134765625,3103.78564453125,31.348942027206164,-221.14814119482753,-189.96749828074016,3122.97900390625
2025-11-18,3122.97900390625,3167.9326171875,2948.329345703125,3024.4140625,41581494270,0.03254717213392322,3165.2333635602677,3606.704353841146,126.88075370846919,3024.538818359375,3092.847412109375,3166.63134765625,35.99511353837235,-218.61915586646137,-195.6978297978844,3023.07080078125
2025-11-19,3023.07080078125,3122.64599609375,2871.22802734375,3122.64599609375,40229739844,-0.031991314382848524,3109.5157296316966,3574.7813720703125,74.87361784370529,3122.97900390625,3024.538818359375,3092.847412109375,33.51590870613154,-222.11625586285345,-200.98151501087824,2831.777587890625
2025-11-20,2831.777587890625,3057.78857421875,2790.597900390625,3022.885498046875,43917885207,-0.0632777812683677,3052.2329450334823,3539.948486328125,110.01301054320321,3023.07080078125,3122.97900390625,3024.538818359375,29.347896875666663,-237.5847670779358,-208.30216542428977,2765.69921875
2025-11-21,2765.69921875,2880.60302734375,2626.87158203125,2829.2646484375,51476486049,-0.023334590055091975,3003.934884207589,3505.2010498046875,150.40620091841794,2831.777587890625,3023.07080078125,3122.97900390625,28.050242595565834,-252.26766124253209,-217.09526458793823,2767.607421875
2025-11-22,2767.607421875,2795.4267578125,2704.502197265625,2766.090576171875,15408928941,0.0006899532357182991,2946.931466238839,3468.920418294271,154.0383903778995,2765.69921875,2831.777587890625,3023.07080078125,28.1490443231625,-260.7442867775576,-225.82506902586212,2801.676025390625
2025-11-23,2801.676025390625,2856.446533203125,2767.472900390625,2767.594970703125,20358404499,0.012309767363083646,2905.3355538504466,3431.157373046875,147.2317303923977,2767.607421875,2765.69921875,2831.777587890625,29.997309783169683,-261.6963493889084,-232.9993250984714,2952.71337890625
2025-11-24,2952.71337890625,2982.822021484375,2763.3779296875,2801.204345703125,32491657389,0.05390964270915899,2895.074776785714,3397.798787434896,139.85787418046056,2801.676025390625,2767.607421875,2765.69921875,37.654220396383366,-247.4114089961122,-235.88174187799956,2957.936279296875
2025-11-25,2957.936279296875,2978.704345703125,2857.8359375,2952.58447265625,23336017779,0.0017688477411781367,2871.497244698661,3357.797021484375,104.46792286391327,2952.71337890625,2801.676025390625,2767.607421875,37.90714584509526,-232.98335926693562,-235.3020653557868,3027.81201171875
2025-11-26,3027.81201171875,3043.927001953125,2889.890625,2958.32958984375,21433162961,0.023623136478952533,2872.174560546875,3321.386686197917,105.62341409674792,2957.936279296875,2952.71337890625,2801.676025390625,41.33605550840466,-213.4501181831647,-230.9316759212624,3014.542236328125
2025-11-27,3014.542236328125,3070.73193359375,2987.19775390625,3027.799072265625,16972780500,-0.0043826285579375845,2898.2837960379466,3289.129345703125,116.04785513944115,3027.81201171875,2957.936279296875,2952.71337890625,40.87443187816114,-196.77237442295882,-224.0998156216017,3032.304443359375
2025-11-28,3032.304443359375,3095.033203125,2995.76513671875,3014.543701171875,20659958964,0.0058921738820569836,2936.3702566964284,3260.0943929036457,108.80521010058295,3014.542236328125,3027.81201171875,2957.936279296875,41.81116675147981,-180.0464176462533,-215.28913602653202,2991.685302734375
2025-11-29,2991.685302734375,3051.962890625,2966.850830078125,3032.29541015625,12775481230,-0.013395469150188521,2968.3813825334823,3233.0047281901043,80.03886257096228,3032.304443359375,3014.542236328125,3027.81201171875,40.24105972390382,-168.13049785514522,-205.85740839225468,2992.112548828125
2025-11-30,2992.112548828125,3051.597900390625,2978.826171875,2991.375244140625,11530446514,0.0001428111751458072,2995.586600167411,3204.5058024088544,31.698954288570174,2991.685302734375,3032.304443359375,3014.542236328125,40.266468702873446,-156.84456388192484,-196.05483949018873,2800.18896484375
2025-12-01,2800.18896484375,2996.8818359375,2720.4365234375,2991.923095703125,36679598313,-0.06414317003534598,2973.7973981584823,3168.7058349609374,80.67184529251799,2992.112548828125,2991.685302734375,3032.304443359375,33.39695327725073,-161.52504893434434,-189.14888137901988,2997.939697265625
2025-12-02,2997.939697265625,3032.76123046875,2784.390625,2800.22314453125,26593645111,0.07062049558248629,2979.5121721540177,3138.2683837890627,80.77782777397998,2800.18896484375,2992.112548828125,2991.685302734375,43.99824191089095,-147.57636712769363,-180.83437852875466,3191.57177734375
2025-12-03,3191.57177734375,3212.559814453125,2988.14208984375,2997.801513671875,29949301036,0.06458838390069488,3002.906424386161,3124.5771728515624,113.98516654082466,2997.939697265625,2800.18896484375,2992.112548828125,52.04692643026721,-119.51969702077895,-168.57144222715954,3134.31640625
2025-12-04,3134.31640625,3238.555419921875,3071.31005859375,3188.343505859375,27434991113,-0.01793955301277983,3020.017020089286,3119.301904296875,124.52542776794228,3191.57177734375,2997.939697265625,2800.18896484375,49.769170166846976,-100.74330762801628,-155.00581530733092,3024.432861328125
2025-12-05,3024.432861328125,3192.45703125,2989.83154296875,3134.357421875,28000268228,-0.03505821706537382,3018.892508370536,3105.9439615885417,124.43148058384247,3134.31640625,3191.57177734375,2997.939697265625,45.640905566264216,-93.6500282670213,-142.734657899269,3040.207763671875
2025-12-06,3040.207763671875,3067.661376953125,3013.98193359375,3024.487548828125,10962819760,0.005215821632364781,3025.824288504464,3096.875626627604,124.01405914988074,3024.432861328125,3134.31640625,3191.57177734375,46.32918378667016,-85.7669821047225,-131.3411227403597,3061.3017578125
2025-12-07,3061.3017578125,3148.7734375,2930.645263671875,3040.17919921875,20383496376,0.0069383396729270075,3035.7084612165177,3084.408984375,123.63603341129092,3040.207763671875,3024.432861328125,3134.31640625,47.29026366065894,-76.9306930477751,-120.45903680184279,3125.197998046875
2025-12-08,3125.197998046875,3177.86767578125,3043.703857421875,3061.013671875,25262165670,0.02087224497595197,3082.1383231026784,3075.2363850911456,69.71851984124608,3061.3017578125,3040.207763671875,3024.432861328125,50.19935537727077,-64.03383552807645,-109.17399654708953,3321.114990234375
2025-12-09,3321.114990234375,3395.838623046875,3092.87646484375,3124.942626953125,32012553374,0.0626894655346446,3128.306222098214,3066.5195068359376,103.49246881619078,3125.197998046875,3061.3017578125,3040.207763671875,57.87609302225469,-37.57102372955933,-94.8534019835835,3325.39013671875
2025-12-10,3325.39013671875,3446.622802734375,3290.14697265625,3321.2041015625,30694387989,0.0012872624094455443,3147.4231305803573,3058.4171793619794,126.84997188427592,3321.114990234375,3125.197998046875,3061.3017578125,58.028135024496514,-16.06885438177369,-79.09649246322154,3237.056884765625
2025-12-11,3237.056884765625,3327.344482421875,3149.034423828125,3324.38671875,29066243707,-0.026563274780229462,3162.100341796875,3052.4763346354166,130.95799082483416,3325.39013671875,3321.114990234375,3125.197998046875,53.71412322428051,-6.085831779264481,-64.49436032643013,3084.172607421875
2025-12-12,3084.172607421875,3265.37255859375,3050.267333984375,3237.025634765625,24391003174,-0.0472294070775402,3170.634591238839,3041.5122802734377,122.14099426257904,3237.056884765625,3325.39013671875,3321.114990234375,47.17687237137928,-10.390917884158625,-53.67367183797583,3116.6953125
2025-12-13,3116.6953125,3134.849365234375,3080.07861328125,3084.129638671875,9916869400,0.01054503402301843,3181.5613839285716,3037.6435546875,111.4847222186387,3084.172607421875,3237.056884765625,3325.39013671875,48.609707653571405,-11.051029750602993,-45.14914342050126,3060.5947265625
2025-12-14,3060.5947265625,3128.622802734375,3034.692626953125,3116.743896484375,15619543350,-0.018000022559953033,3181.460379464286,3036.203857421875,111.61208330376,3116.6953125,3084.172607421875,3237.056884765625,46.27780546040904,-15.917534168037946,-39.3028215700086,2964.18310546875
2025-12-15,2964.18310546875,3175.1181640625,2899.685791015625,3060.4814453125,28765976892,-0.03150094334836495,3158.458251953125,3029.4555826822916,138.49417314958626,3060.5947265625,3116.6953125,3084.172607421875,42.504125398082415,-27.239881657346814,-36.890233587476246,2964.180908203125
2025-12-16,2964.180908203125,2978.92138671875,2890.01171875,2964.379638671875,22709189818,-7.412718940891239e-07,3107.4676688058034,3025.16669921875,134.2696359175904,2964.18310546875,3060.5947265625,3116.6953125,42.504040331223706,-35.8004160059736,-36.67227007117572,2831.403564453125
2025-12-17,2831.403564453125,3025.8154296875,2791.333984375,2964.01953125,26159825528,-0.04479394067431908,3036.8981584821427,3018.728857421875,130.40373713725617,2964.180908203125,2964.18310546875,3060.5947265625,37.60609784257898,-52.69133027049975,-39.876082111040525,2827.069091796875
2025-12-18,2827.069091796875,2994.552734375,2777.11962890625,2831.48828125,29194181349,-0.001530856537254932,2978.3284737723216,3008.865193684896,116.89216804794893,2831.403564453125,2964.180908203125,2964.18310546875,37.45436385673211,-65.67025145579191,-45.03491597999081,2977.970703125
2025-12-19,2977.970703125,3014.6123046875,2811.3916015625,2827.410400390625,27870687989,0.05337740480626607,2963.1567731584823,3007.361857096354,107.36895701342009,2827.069091796875,2831.403564453125,2964.180908203125,45.67271822330197,-63.052807589537224,-48.638494301900096,2977.58251953125
2025-12-20,2977.58251953125,2992.31005859375,2967.838623046875,2977.869140625,7612418215,-0.00013035171680586544,2943.283517020089,3012.222021484375,84.69351855306033,2977.970703125,2827.069091796875,2831.403564453125,45.6560988504219,-60.314519404485964,-50.973699322417275,3001.61376953125
2025-12-21,3001.61376953125,3009.80712890625,2945.394775390625,2977.508544921875,11178096676,0.008070725107488519,2934.857666015625,3020.08583984375,73.23647341210416,2977.58251953125,2977.970703125,2827.069091796875,46.943228980433666,-55.564769180818985,-51.89191329409762,3006.07373046875
2025-12-22,3006.07373046875,3073.353759765625,2965.175048828125,3001.61279296875,20342034264,0.0014858543703297755,2940.842041015625,3028.034716796875,77.6128677638143,3001.61376953125,2977.58251953125,2977.970703125,47.19320642258616,-50.85445780052896,-51.684422195383895,2963.3740234375
2025-12-23,2963.3740234375,3033.1962890625,2902.3330078125,3006.073974609375,21453213168,-0.014204477620910372,2940.7267717633927,3033.4246500651043,77.57301716920247,3006.07373046875,3001.61376953125,2977.58251953125,45.006868324306645,-49.99074935635008,-51.345687627577135,2945.590576171875
2025-12-24,2945.590576171875,2975.171142578125,2888.988037109375,2962.922607421875,13984770325,-0.006001080904730394,2957.0392020089284,3033.187223307292,60.98478393489326,2963.3740234375,3006.07373046875,3001.61376953125,44.09073038209849,-50.16298213088794,-51.1091465282393,2903.57958984375
2025-12-25,2903.57958984375,2968.705078125,2891.10888671875,2945.423095703125,11828871179,-0.014262330504439258,2967.9692731584823,3031.3753336588543,35.223804986809164,2945.590576171875,2963.3740234375,3006.07373046875,41.91986182891083,-53.077568175508986,-51.50283085769324,2925.74560546875
2025-12-26,2925.74560546875,2991.219970703125,2894.15380859375,2903.625,18562196049,0.007634030664264602,2960.508544921875,3027.9731201171876,38.16078021028498,2903.57958984375,2945.590576171875,2963.3740234375,43.50052766491215,-52.98797402185846,-51.79985949052629,2947.998291015625
2025-12-27,2947.998291015625,2957.300537109375,2917.271240234375,2925.7451171875,7378783299,0.0076058169600530245,2956.2822265625,3025.754988606771,37.58861608089031,2925.74560546875,2903.57958984375,2945.590576171875,45.1154152213227,-50.538784609739196,-51.54764451436887,2948.568115234375
2025-12-28,2948.568115234375,2957.138671875,2925.745361328125,2947.898193359375,9227601389,0.0001932919094582708,2948.704275948661,3022.9637776692707,31.832912031348005,2947.998291015625,2925.74560546875,2903.57958984375,45.158641640005946,-47.998507387811514,-50.8378170890574,2934.538330078125
2025-12-29,2934.538330078125,3051.94189453125,2908.748046875,2948.55908203125,25957694515,-0.004758168917232131,2938.484933035714,3021.058878580729,19.40094780262004,2948.568115234375,2947.998291015625,2925.74560546875,44.23488291174757,-46.580455304601855,-49.986344732166295,2971.416748046875
